<?xml version="1.0" encoding="UTF-8"?>
<oai_dc:dc xmlns:oai_dc="http://www.openarchives.org/OAI/2.0/oai_dc/"
    xmlns:dc="http://purl.org/dc/elements/1.1/"
    xmlns:xsi="http://www.w3.org/2001/XMLSchema-instance"
    xsi:schemaLocation="http://www.openarchives.org/OAI/2.0/oai_dc/ http://www.openarchives.org/OAI/2.0/oai_dc.xsd">
    <dc:title>Schlandersberger Accounts</dc:title>
    <dc:subject>Business Accounts</dc:subject>
    <dc:description/>
    <dc:publisher>Institute Centre for Information Modelling, University of Graz</dc:publisher>
    <dc:contributor>Alessandro Schick</dc:contributor>
    <dc:contributor>Felix Münzenmaier</dc:contributor>
    <dc:contributor>Buchholz-Hein</dc:contributor>
    <dc:date>1402</dc:date>
    <dc:coverage>Bolzano, Italy</dc:coverage>
    <dc:language>de</dc:language>
    <dc:source>Archiv Kasten, Codex 3,2, Südtiroler Landesarchiv</dc:source>
    <dc:rights>https://creativecommons.org/licenses/by/4.0/</dc:rights>
    <dc:relation>https://digital.tessmann.it/tessmannDigital/Buch/13134/</dc:relation>
    <dc:format>XML/TEI</dc:format>
    <dc:type>Collection</dc:type>
    <dc:identifier>https://gams.uni-graz.at/context:depcha.schlandersberger</dc:identifier>
</oai_dc:dc>
