<?xml version="1.0" encoding="UTF-8"?>
<?xml-model href="http://www.tei-c.org/release/xml/tei/custom/schema/relaxng/tei_all.rng" type="application/xml" schematypens="http://relaxng.org/ns/structure/1.0"?>
<?xml-model href="http://www.tei-c.org/release/xml/tei/custom/schema/relaxng/tei_all.rng" type="application/xml"
	schematypens="http://purl.oclc.org/dsdl/schematron"?>
<TEI xmlns="http://www.tei-c.org/ns/1.0">
   <teiHeader>
      <fileDesc>
         <titleStmt>
            <title>LMW Day Book, pp. 205-206</title>
            <author>L.M. Wheaton</author>
         </titleStmt>
         <publicationStmt>
            <p>Indication of work done and date, Wheaton College</p>
         </publicationStmt>
         <sourceDesc>
            <biblFull>
               <titleStmt>
                  <title>Account Books, pp.205-206</title>
                  <author>L.M. Wheaton</author>
                  <respStmt>
                     <resp> TEI-compatible XML markup by <name type="person">Alyssa Russell</name>
                        with corrections by <name type="person">Name</name>, <name type="person"
                           >Name</name>, and <name type="person">Name</name>.</resp>
                     <name type="person">Name</name>
                  </respStmt>
               </titleStmt>
               <publicationStmt>
                  <p>Indication of work done and date 06/30/15, Wheaton College</p>
               </publicationStmt>
               <sourceDesc>
                  <p> From the Marion B. Gebbie Archives and Special Collections at the Madeleine
                     Clark Wallace Library, Wheaton College </p>
               </sourceDesc>
            </biblFull>
         </sourceDesc>
      </fileDesc>
   </teiHeader>
   <text>
      <body>
         <pb n="205"/>
         <fw type="pageNum">205</fw>
         <table xml:id="p205" cols="6">
            <head>Wednesday <date when="1847-12-15">December 15th 1847</date></head>
            <row xml:id="p205_01">
               <cell/>
               <cell/>
               <cell/>
               <cell/>
               <cell/>
               <cell/>
            </row>
            <row xml:id="p205_02">
               <cell>532</cell>
               <cell><name type="person" ref="pers_WCDH705">Thomas Young</name>
                  <choice rend="align(right)">
                     <abbr>Dr</abbr>
                     <expan>debtor</expan>
                  </choice></cell>
               <cell/>
               <cell/>
               <cell/>
               <cell/>
            </row>
            <row xml:id="p205_03">
               <cell/>
               <cell>To <name type="account" ref="LMWcash">cash</name>
                  <measure commodity="currency" quantity="30" unit="dollars">thirty
                     dollars</measure></cell>
               <cell><measure commodity="currency" quantity="30" unit="dollars">30</measure></cell>
               <cell><measure commodity="currency" quantity="00" unit="cents">00</measure></cell>
               <cell/>
               <cell/>
            </row>
            <row xml:id="p205_04">
               <cell/>
               <cell/>
               <cell/>
               <cell/>
               <cell/>
               <cell/>
            </row>
            <row xml:id="p205_05">
               <cell>See Bill</cell>
               <cell><name type="person" ref="v">Sarah Putnam</name>
                  <choice rend="align(right)">
                     <abbr>D</abbr>
                     <expan>debtor</expan>
                  </choice></cell>
               <cell/>
               <cell/>
               <cell/>
               <cell/>
            </row>
            <row xml:id="p205_06">
               <cell/>
               <cell>To <measure commodity="potatoes" quantity="2" unit="bushels">2 buss.
                     potatoes</measure> 6/</cell>
               <cell><measure commodity="currency" quantity="2" unit="dollars">2</measure></cell>
               <cell><measure commodity="currency" quantity="00" unit="cents">00</measure></cell>
               <cell/>
               <cell/>
            </row>
            <row xml:id="p205_07">
               <cell/>
               <cell/>
               <cell/>
               <cell/>
               <cell/>
               <cell/>
            </row>
            <row xml:id="p205_08">
               <cell>532</cell>
               <cell><name type="person" ref="pers_WCDH705">Thomas Young</name>
                  <choice rend="align(right)">
                     <abbr>D</abbr>
                     <expan>debtor</expan>
                  </choice></cell>
               <cell/>
               <cell/>
               <cell/>
               <cell/>
            </row>
            <row xml:id="p205_09">
               <cell/>
               <cell>To <measure commodity="lumber" quantity="11.75" unit="feet">11ft 9in pine
                     wood</measure>
                  <measure commodity="currency" quantity="4.5" unit="dollars">4.50</measure></cell>
               <cell><measure commodity="currency" quantity="4" unit="dollars">4</measure></cell>
               <cell><measure commodity="currency" quantity="48" unit="cents">48</measure></cell>
               <cell/>
               <cell/>
            </row>
            <row xml:id="p205_10">
               <cell/>
               <cell>" <measure commodity="lumber" quantity="1" unit="count">drawing wood from
                     paines</measure></cell>
               <cell/>
               <cell><measure commodity="currency" quantity="25" unit="cents">25</measure></cell>
               <cell><measure commodity="currency" quantity="5" unit="dollars">5</measure></cell>
               <cell><measure commodity="currency" quantity="73" unit="cents">73</measure></cell>
            </row>
            <row xml:id="p205_11">
               <cell/>
               <cell><date when="1847-12-17">17</date></cell>
               <cell/>
               <cell/>
               <cell/>
               <cell/>
            </row>
            <row xml:id="p205_12">
               <cell>returned</cell>
               <cell><name type="person" ref="pers_WCDH702">William Wrigley</name>
                  <choice rend="align(right)">
                     <abbr>D</abbr>
                     <expan>debtor</expan>
                  </choice></cell>
               <cell/>
               <cell/>
               <cell/>
               <cell/>
            </row>
            <row xml:id="p205_13">
               <cell/>
               <cell>To <measure commodity="lumber" quantity="29" unit="feet">29 ft pine
                     boards</measure></cell>
               <cell/>
               <cell/>
               <cell/>
               <cell/>
            </row>
            <row xml:id="p205_14">
               <cell/>
               <cell>clean stuff</cell>
               <cell/>
               <cell/>
               <cell/>
               <cell/>
            </row>
            <row xml:id="p205_15">
               <cell/>
               <cell/>
               <cell/>
               <cell/>
               <cell/>
               <cell/>
            </row>
            <row xml:id="p205_16">
               <cell>529</cell>
               <cell><name type="person" ref="pers_WCDH269">Frank Dunahoe</name>
                  <choice rend="align(right)">
                     <abbr>D</abbr>
                     <expan>debtor</expan>
                  </choice></cell>
               <cell/>
               <cell/>
               <cell/>
               <cell/>
            </row>
            <row xml:id="p205_17">
               <cell/>
               <cell>To <measure commodity="lumber" quantity="1" unit="load">1 load of
                     pine</measure> x</cell>
               <cell><measure commodity="currency" quantity="1" unit="dollars">1</measure></cell>
               <cell><measure commodity="currency" quantity="25" unit="cents">25</measure></cell>
               <cell/>
               <cell/>
            </row>
            <row xml:id="p205_18">
               <cell/>
               <cell/>
               <cell/>
               <cell/>
               <cell/>
               <cell/>
            </row>
            <row xml:id="p205_19">
               <cell/>
               <cell/>
               <cell/>
               <cell/>
               <cell/>
               <cell/>
            </row>
            <row xml:id="p205_20">
               <cell>Settled</cell>
               <cell><name type="person" ref="pers_WCDH658">Geo. White Jr.</name>
                  <choice rend="align(right)">
                     <abbr>Cr</abbr>
                     <expan>credit</expan>
                  </choice></cell>
               <cell/>
               <cell/>
               <cell/>
               <cell/>
            </row>
            <row xml:id="p205_21">
               <cell/>
               <cell>By <measure commodity="labor" quantity="1" unit="hay">making
                  hay</measure></cell>
               <cell><measure commodity="currency" quantity="56" unit="dollars">56</measure></cell>
               <cell><measure commodity="currency" quantity="60" unit="cents">60</measure></cell>
               <cell/>
               <cell/>
            </row>
            <row xml:id="p205_22">
               <cell/>
               <cell><date when="1847-12-21">21</date></cell>
               <cell/>
               <cell/>
               <cell/>
               <cell/>
            </row>
            <row xml:id="p205_23">
               <cell>529</cell>
               <cell><name type="person" ref="pers_WCDH269">Frank Dunahoe</name>
                  <choice rend="align(right)">
                     <abbr>D</abbr>
                     <expan>debtor</expan>
                  </choice></cell>
               <cell/>
               <cell/>
               <cell/>
               <cell/>
            </row>
            <row xml:id="p205_24">
               <cell/>
               <cell>To <name type="account" ref="LMWcash">cash</name>
                  <measure commodity="currency" quantity="30" unit="dollars">thirty
                     dollars</measure></cell>
               <cell><measure commodity="currency" quantity="30" unit="dollars">30</measure></cell>
               <cell><measure commodity="currency" quantity="00" unit="cents">00</measure></cell>
               <cell/>
               <cell/>
            </row>
            <row xml:id="p205_25">
               <cell/>
               <cell/>
               <cell/>
               <cell/>
               <cell/>
               <cell/>
            </row>
            <row xml:id="p205_26">
               <cell>Settled</cell>
               <cell><name type="person" ref="v">Patrick</name>
                  <choice rend="align(right)">
                     <abbr>Cr</abbr>
                     <expan>credit</expan>
                  </choice></cell>
               <cell/>
               <cell/>
               <cell/>
               <cell/>
            </row>
            <row xml:id="p205_27">
               <cell/>
               <cell>By <measure commodity="labor" quantity="1" unit="months">1 months
                     work</measure></cell>
               <cell><measure commodity="currency" quantity="12" unit="dollars">12</measure></cell>
               <cell><measure commodity="currency" quantity="00" unit="cents">00</measure></cell>
               <cell/>
               <cell/>
            </row>
            <row xml:id="p205_28">
               <cell/>
               <cell><choice rend="align(right)">
                     <abbr>D</abbr>
                     <expan>debtor</expan>
                  </choice></cell>
               <cell/>
               <cell/>
               <cell/>
               <cell/>
            </row>
            <row xml:id="p205_29">
               <cell/>
               <cell>To <name type="account" ref="LMWcash">cash</name> -</cell>
               <cell><measure commodity="currency" quantity="12" unit="dollars">12</measure></cell>
               <cell><measure commodity="currency" quantity="00" unit="cents">00</measure></cell>
               <cell/>
               <cell/>
            </row>
            <row xml:id="p205_30">
               <cell/>
               <cell/>
               <cell/>
               <cell/>
               <cell/>
               <cell/>
            </row>
            <row xml:id="p205_31">
               <cell>529</cell>
               <cell><name type="person" ref="pers_WCDH269">Francis Dunahoe</name>
                  <choice rend="align(right)">
                     <abbr>D</abbr>
                     <expan>debtor</expan>
                  </choice></cell>
               <cell/>
               <cell/>
               <cell/>
               <cell/>
            </row>
            <row xml:id="p205_32">
               <cell/>
               <cell>To <measure commodity="beans" quantity="1" unit="peck">1 peck white
                     beens</measure>
                  <measure commodity="currency" quantity="2" unit="dollars">200</measure></cell>
               <cell/>
               <cell><measure commodity="currency" quantity="50" unit="cents">50</measure></cell>
               <cell/>
               <cell/>
            </row>
            <row xml:id="p205_33">
               <cell/>
               <cell>" <measure commodity="salt pork" quantity="5" unit="lbs">5 lbs. salt
                     pork</measure>
                  <measure commodity="currency" quantity="9" unit="cents">9c</measure></cell>
               <cell/>
               <cell><measure commodity="currency" quantity="63" unit="cents">63</measure></cell>
               <cell><measure commodity="currency" quantity="1" unit="dollars">1</measure></cell>
               <cell><measure commodity="currency" quantity="19" unit="cents">19</measure></cell>
            </row>
            <row xml:id="p205_34">
               <cell/>
               <cell/>
               <cell/>
               <cell/>
               <cell/>
               <cell/>
            </row>
            <row xml:id="p205_35">
               <cell>Settled</cell>
               <cell><name type="person" ref="pers_WCDH649">Wheaton Wheeler</name>
                  <choice rend="align(right)">
                     <abbr>D</abbr>
                     <expan>debtor</expan>
                  </choice></cell>
               <cell/>
               <cell/>
               <cell/>
               <cell/>
            </row>
            <row xml:id="p205_36">
               <cell/>
               <cell>To <measure commodity="beef" quantity="60" unit="lbs">60 lbs. fresh
                     beef</measure> in Dec. 6 1/2</cell>
               <cell><measure commodity="currency" quantity="3" unit="dollars">3</measure></cell>
               <cell><measure commodity="currency" quantity="90" unit="cents">90</measure></cell>
               <cell/>
               <cell/>
            </row>
            <row xml:id="p205_37">
               <cell/>
               <cell><date when="1848-01-11">Jaunuary 11th 1948</date></cell>
               <cell/>
               <cell/>
               <cell/>
               <cell/>
            </row>
            <row xml:id="p205_38">
               <cell/>
               <cell/>
               <cell/>
               <cell/>
               <cell/>
               <cell/>
            </row>
            <row xml:id="p205_39">
               <cell>532</cell>
               <cell><name type="person" ref="pers_WCDH705">Thomas Young</name>
                  <choice rend="align(right)">
                     <abbr>D</abbr>
                     <expan>debtor</expan>
                  </choice></cell>
               <cell/>
               <cell/>
               <cell/>
               <cell/>
            </row>
            <row xml:id="p205_40">
               <cell/>
               <cell>To <name type="account" ref="LMWcash">cash</name>
                  <measure commodity="currency" quantity="35" unit="dollars">thirty five
                     dollars</measure></cell>
               <cell><measure commodity="currency" quantity="35" unit="dollars">35</measure></cell>
               <cell><measure commodity="currency" quantity="00" unit="cents">00</measure></cell>
               <cell/>
               <cell/>
            </row>
            <row xml:id="p205_41">
               <cell/>
               <cell/>
               <cell/>
               <cell/>
               <cell/>
               <cell/>
            </row>
            <row xml:id="p205_42">
               <cell>See Bill</cell>
               <cell><name type="person" ref="v">Sarah Putnam</name>
                  <choice rend="align(right)">
                     <abbr>D</abbr>
                     <expan>debtor</expan>
                  </choice></cell>
               <cell/>
               <cell/>
               <cell/>
               <cell/>
            </row>
            <row xml:id="p205_43">
               <cell/>
               <cell>To <measure commodity="potatoes" quantity="2" unit="bushels">two bss.
                     potatoes</measure> 6/ pr buss.</cell>
               <cell><measure commodity="currency" quantity="2" unit="dollars">2</measure></cell>
               <cell><measure commodity="currency" quantity="00" unit="cents">00</measure></cell>
               <cell/>
               <cell/>
            </row>
            <row xml:id="p205_44">
               <cell/>
               <cell/>
               <cell/>
               <cell/>
               <cell/>
               <cell/>
            </row>
            <row xml:id="p205_45">
               <cell>529</cell>
               <cell><name type="person" ref="pers_WCDH269">Frank Dunahoe</name>
                  <choice rend="align(right)">
                     <abbr>D</abbr>
                     <expan>debtor</expan>
                  </choice></cell>
               <cell/>
               <cell/>
               <cell/>
               <cell/>
            </row>
            <row xml:id="p205_46">
               <cell/>
               <cell>To <measure commodity="corn" quantity=".5" unit="bushels">1/2 buss.
                     corn</measure> 6/</cell>
               <cell/>
               <cell><measure commodity="currency" quantity="50" unit="cents">50</measure></cell>
               <cell/>
               <cell/>
            </row>
            <row xml:id="p205_47">
               <cell/>
               <cell/>
               <cell/>
               <cell/>
               <cell/>
               <cell/>
            </row>
            <row xml:id="p205_48">
               <cell>Settled</cell>
               <cell><name type="person" ref="pers_WCDH032">Saml A. Chapin</name>
                  <choice rend="align(right)">
                     <abbr>D</abbr>
                     <expan>debtor</expan>
                  </choice></cell>
               <cell/>
               <cell/>
               <cell/>
               <cell/>
            </row>
            <row xml:id="p205_49">
               <cell/>
               <cell>To <measure commodity="potatoes" quantity="1" unit="bushels">1 buss. s.
                     potatoes</measure> 6/</cell>
               <cell><measure commodity="currency" quantity="1" unit="dollars">1</measure>
                  (smudge)</cell>
               <cell><measure commodity="currency" quantity="00" unit="cents">00</measure></cell>
               <cell/>
               <cell/>
            </row>
            <row xml:id="p205_50">
               <cell/>
               <cell/>
               <cell/>
               <cell/>
               <cell/>
               <cell/>
            </row>
            <row xml:id="p205_51">
               <cell>167</cell>
               <cell><name type="person" ref="pers_WCDH529">Chas Reed</name>
                  <choice rend="align(right)">
                     <abbr>D</abbr>
                     <expan>debtor</expan>
                  </choice></cell>
               <cell/>
               <cell/>
               <cell/>
               <cell/>
            </row>
            <row xml:id="p205_52">
               <cell/>
               <cell>To tax <measure commodity="currency" quantity="2.88" unit="dollars"
                     >288</measure> &amp; <measure commodity="currency" quantity="60" unit="cents"
                     >60</measure></cell>
               <cell><measure commodity="currency" quantity="3" unit="dollars">3</measure></cell>
               <cell><measure commodity="currency" quantity="48" unit="cents">48</measure></cell>
               <cell/>
               <cell/>
            </row>
            <row xml:id="p205_53">
               <cell/>
               <cell/>
               <cell/>
               <cell/>
               <cell/>
               <cell/>
            </row>
            <row xml:id="p205_54">
               <cell>See Bill</cell>
               <cell><name type="person" ref="v">Wm. g durst?</name>
                  <choice rend="align(right)">
                     <abbr>D</abbr>
                     <expan>debtor</expan>
                  </choice></cell>
               <cell/>
               <cell/>
               <cell/>
               <cell/>
            </row>
            <row xml:id="p205_55">
               <cell/>
               <cell>To tax <measure commodity="currency" quantity="1.8" unit="dollars"
                     >180</measure> &amp; <measure commodity="currency" quantity="37.5" unit="cents"
                     >37 1/2</measure></cell>
               <cell><measure commodity="currency" quantity="2" unit="dollars">2</measure></cell>
               <cell><measure commodity="currency" quantity="17.5" unit="cents">17
                  1/2</measure></cell>
               <cell/>
               <cell/>
            </row>
            <row xml:id="p205_56">
               <cell/>
               <cell/>
               <cell/>
               <cell/>
               <cell/>
               <cell/>
            </row>
            <row xml:id="p205_57">
               <cell>Settled</cell>
               <cell><name type="person" ref="pers_WCDH637">Wm. A. West</name>
                  <choice rend="align(right)">
                     <abbr>D</abbr>
                     <expan>debtor</expan>
                  </choice></cell>
               <cell/>
               <cell/>
               <cell/>
               <cell/>
            </row>
            <row xml:id="p205_58">
               <cell/>
               <cell>To tax <measure commodity="currency" quantity="3.6" unit="dollars"
                     >360</measure> on house</cell>
               <cell><measure commodity="currency" quantity="3" unit="dollars">3</measure></cell>
               <cell><measure commodity="currency" quantity="60" unit="cents">60</measure></cell>
               <cell/>
               <cell/>
            </row>
            <row xml:id="p205_59">
               <cell/>
               <cell/>
               <cell/>
               <cell/>
               <cell/>
               <cell/>
            </row>
            <row xml:id="p205_60">
               <cell>Cr on Center Milks book</cell>
               <cell/>
               <cell/>
               <cell/>
               <cell/>
               <cell/>
            </row>
            <row xml:id="p205_61">
               <cell/>
               <cell>Center Milks tax</cell>
               <cell><measure commodity="currency" quantity="28" unit="dollars">28</measure></cell>
               <cell><measure commodity="currency" quantity="80" unit="cents">80</measure></cell>
               <cell/>
               <cell/>
            </row>
            <row xml:id="p205_62">
               <cell/>
               <cell>on school</cell>
               <cell><measure commodity="currency" quantity="6" unit="dollars">6</measure></cell>
               <cell><measure commodity="currency" quantity="00" unit="cents">00</measure></cell>
               <cell><measure commodity="currency" quantity="34" unit="dollars">34</measure></cell>
               <cell><measure commodity="currency" quantity="80" unit="cents">80</measure></cell>
            </row>
            <row xml:id="p205_63">
               <cell>paid</cell>
               <cell><name type="person" ref="pers_WCDH498">Henry M. Paine</name>
                  <choice rend="align(right)">
                     <abbr>D</abbr>
                     <expan>debtor</expan>
                  </choice></cell>
               <cell/>
               <cell/>
               <cell/>
               <cell/>
            </row>
            <row xml:id="p205_64">
               <cell/>
               <cell>To tax c &amp; y &amp; school 3</cell>
               <cell><measure commodity="currency" quantity="3" unit="dollars">3</measure></cell>
               <cell><measure commodity="currency" quantity="51" unit="cents">51</measure></cell>
               <cell/>
               <cell/>
            </row>
         </table>
         <pb n="206"/>
         <fw type="pageNum">206</fw>
         <table xml:id="p206" cols="6">
            <head>Friday <date when="1848-01-14">Janry 14th 1848</date></head>
            <row xml:id="p206_01">
               <cell/>
               <cell/>
               <cell>$</cell>
               <cell>cts.</cell>
               <cell>$</cell>
               <cell>cts.</cell>
            </row>
            <row xml:id="p206_02">
               <cell>settled</cell>
               <cell><name type="person" ref="pers_WCDH373">Linus Howard</name>
                  <choice rend="align(right)">
                     <abbr>D</abbr>
                     <expan>Debtor</expan>
                  </choice></cell>
               <cell/>
               <cell/>
               <cell/>
               <cell/>
            </row>
            <row xml:id="p206_03">
               <cell/>
               <cell>To tax on house <measure commodity="currency" quantity="2.88" unit="dollars"
                     >$2.88</measure> &amp; ? shed <measure commodity="currency" quantity="1.44"
                     unit="dollars">1.44</measure></cell>
               <cell><measure commodity="currency" quantity="5" unit="dollars">5</measure></cell>
               <cell><measure commodity="currency" quantity="02" unit="cents">02</measure></cell>
               <cell/>
               <cell/>
            </row>
            <row xml:id="p206_04">
               <cell/>
               <cell/>
               <cell/>
               <cell/>
               <cell/>
               <cell/>
            </row>
            <row xml:id="p206_05">
               <cell>settled</cell>
               <cell><name type="person" ref="pers_WCDH345">Alcot Harden</name>
                  <choice rend="align(right)">
                     <abbr>D</abbr>
                     <expan>Debtor</expan>
                  </choice></cell>
               <cell/>
               <cell/>
               <cell/>
               <cell/>
            </row>
            <row xml:id="p206_06">
               <cell/>
               <cell>To tax on Tenement</cell>
               <cell><measure commodity="currency" quantity="1" unit="dollars">1</measure></cell>
               <cell><measure commodity="currency" quantity="44" unit="cents">44</measure></cell>
               <cell/>
               <cell/>
            </row>
            <row xml:id="p206_07">
               <cell/>
               <cell>" school 2? Mgmt.</cell>
               <cell/>
               <cell><measure commodity="currency" quantity="30" unit="cents">30</measure></cell>
               <cell><measure commodity="currency" quantity="1" unit="dollars">1</measure></cell>
               <cell><measure commodity="currency" quantity="74" unit="cents">74</measure></cell>
            </row>
            <row xml:id="p206_08">
               <cell/>
               <cell><date when="1848-01-17">17</date></cell>
               <cell/>
               <cell/>
               <cell/>
               <cell/>
            </row>
            <row xml:id="p206_09">
               <cell>settled</cell>
               <cell><name type="person" ref="pers_WCDH601">Wm. j. Sweet</name>
                  <choice rend="align(right)">
                     <abbr>Dr</abbr>
                     <expan>Debtor</expan>
                  </choice></cell>
               <cell/>
               <cell/>
               <cell/>
               <cell/>
            </row>
            <row xml:id="p206_10">
               <cell/>
               <cell>To <measure commodity="salt pork" quantity="13" unit="lbs">13 lbs. salt
                     pork</measure>
                  <measure commodity="currency" quantity="9" unit="cents">9x</measure></cell>
               <cell><measure commodity="currency" quantity="1" unit="dollars">1</measure></cell>
               <cell><measure commodity="currency" quantity="17" unit="cents">17</measure></cell>
               <cell/>
               <cell/>
            </row>
            <row xml:id="p206_11">
               <cell/>
               <cell/>
               <cell/>
               <cell/>
               <cell/>
               <cell/>
            </row>
            <row xml:id="p206_12">
               <cell>529</cell>
               <cell><name type="person" ref="pers_WCDH269">Frank Dunahoe</name>
                  <choice rend="align(right)">
                     <abbr>Dr</abbr>
                     <expan>Debtor</expan>
                  </choice></cell>
               <cell/>
               <cell/>
               <cell/>
               <cell/>
            </row>
            <row xml:id="p206_13">
               <cell/>
               <cell>To <measure commodity="potatoes" quantity="1" unit="bushels">1 buss. She.
                     Potatoes</measure> 6/</cell>
               <cell><measure commodity="currency" quantity="1" unit="dollars">1</measure></cell>
               <cell><measure commodity="currency" quantity="00" unit="cents">00</measure></cell>
               <cell/>
               <cell/>
            </row>
            <row xml:id="p206_14">
               <cell/>
               <cell><date when="1848-01-22">22</date></cell>
               <cell/>
               <cell/>
               <cell/>
               <cell/>
            </row>
            <row xml:id="p206_15">
               <cell>settled</cell>
               <cell><name type="person" ref="pers_WCDH190">Geo. W. Braman</name>
                  <choice rend="align(right)">
                     <abbr>D</abbr>
                     <expan>Debtor</expan>
                  </choice></cell>
               <cell/>
               <cell/>
               <cell/>
               <cell/>
            </row>
            <row xml:id="p206_16">
               <cell/>
               <cell>To <measure commodity="lumber" quantity="1" unit="count">oak post</measure>
                  1/8</cell>
               <cell/>
               <cell><measure commodity="currency" quantity="25" unit="cents">25</measure></cell>
               <cell/>
               <cell/>
            </row>
            <row xml:id="p206_17">
               <cell/>
               <cell/>
               <cell/>
               <cell/>
               <cell/>
               <cell/>
            </row>
            <row xml:id="p206_18">
               <cell/>
               <cell><name type="person" ref="pers_WCDH705">Thos Young</name>
                  <choice rend="align(right)">
                     <abbr>D</abbr>
                     <expan>Debtor</expan>
                  </choice></cell>
               <cell/>
               <cell/>
               <cell/>
               <cell/>
            </row>
            <row xml:id="p206_19">
               <cell/>
               <cell>To paying for John Rodgers <measure commodity="currency" quantity="20"
                     unit="cents">20(70)x</measure></cell>
               <cell/>
               <cell><measure commodity="currency" quantity="30" unit="cents">30</measure></cell>
               <cell/>
               <cell/>
            </row>
            <row xml:id="p206_20">
               <cell/>
               <cell><date when="1848-02-12">Febry 12</date></cell>
               <cell/>
               <cell/>
               <cell/>
               <cell/>
            </row>
            <row xml:id="p206_21">
               <cell>529</cell>
               <cell><name type="person" ref="pers_WCDH269">Frank Dunahoe</name>
                  <choice rend="align(right)">
                     <abbr>D</abbr>
                     <expan>Debtor</expan>
                  </choice></cell>
               <cell/>
               <cell/>
               <cell/>
               <cell/>
            </row>
            <row xml:id="p206_22">
               <cell/>
               <cell>To <name type="account" ref="LMWcash">cash</name>
                  <measure commodity="currency" quantity="5" unit="dollars">five
                  dollars</measure></cell>
               <cell><measure commodity="currency" quantity="1" unit="dollars">5</measure></cell>
               <cell><measure commodity="currency" quantity="00" unit="cents">00</measure></cell>
               <cell/>
               <cell/>
            </row>
            <row xml:id="p206_23">
               <cell/>
               <cell/>
               <cell/>
               <cell/>
               <cell/>
               <cell/>
            </row>
            <row xml:id="p206_24">
               <cell>settled</cell>
               <cell><name type="person" ref="pers_WCDH601">Wm. Sweet</name>
                  <choice rend="align(right)">
                     <abbr>Dr</abbr>
                     <expan>Debtor</expan>
                  </choice></cell>
               <cell/>
               <cell/>
               <cell/>
               <cell/>
            </row>
            <row xml:id="p206_25">
               <cell/>
               <cell>To <measure commodity="beans" quantity="1" unit="peck">1 peck of white
                     beans</measure> -</cell>
               <cell/>
               <cell><measure commodity="currency" quantity="50" unit="cents">50</measure></cell>
               <cell/>
               <cell/>
            </row>
            <row xml:id="p206_26">
               <cell/>
               <cell/>
               <cell/>
               <cell/>
               <cell/>
               <cell/>
            </row>
            <row xml:id="p206_27">
               <cell>settled</cell>
               <cell><name type="person" ref="pers_WCDH032">S. A. Chapin</name>
                  <choice rend="align(right)">
                     <abbr>Dr</abbr>
                     <expan>Debtor</expan>
                  </choice></cell>
               <cell/>
               <cell/>
               <cell/>
               <cell/>
            </row>
            <row xml:id="p206_28">
               <cell/>
               <cell>To <measure commodity="potatoes" quantity="1" unit="bushels">1 buss. small S.
                     Potatoes</measure></cell>
               <cell/>
               <cell/>
               <cell/>
               <cell/>
            </row>
            <row xml:id="p206_29">
               <cell/>
               <cell><date when="1848-02-15">15</date></cell>
               <cell/>
               <cell/>
               <cell/>
               <cell/>
            </row>
            <row xml:id="p206_30">
               <cell>settled</cell>
               <cell><name type="person" ref="pers_WCDH558">Alice Smith</name>
                  <choice rend="align(right)">
                     <abbr>Dr</abbr>
                     <expan>Debtor</expan>
                  </choice></cell>
               <cell/>
               <cell/>
               <cell/>
               <cell/>
            </row>
            <row xml:id="p206_31">
               <cell/>
               <cell>To <measure commodity="lumber" quantity="3.75" unit="feet">3ft 9in dry oak
                     wood</measure>
                  <measure commodity="currency" quantity="4.5" unit="dollars">4.50</measure> pr
                  ed?</cell>
               <cell><measure commodity="currency" quantity="2" unit="dollars">2</measure></cell>
               <cell><measure commodity="currency" quantity="11" unit="cents">11</measure></cell>
               <cell/>
               <cell/>
            </row>
            <row xml:id="p206_32">
               <cell/>
               <cell>" <measure commodity="lumber" quantity="2.91" unit="feet">2-11 "
                     sawed</measure>
                  <measure commodity="currency" quantity="4.5" unit="dollars">4.50</measure> pr
                  ed?</cell>
               <cell><measure commodity="currency" quantity="2" unit="dollars">2</measure></cell>
               <cell><measure commodity="currency" quantity="21" unit="cents">21</measure></cell>
               <cell>- <measure commodity="currency" quantity="4" unit="dollars">4</measure></cell>
               <cell><measure commodity="currency" quantity="32" unit="cents">32</measure></cell>
            </row>
            <row xml:id="p206_33">
               <cell/>
               <cell/>
               <cell/>
               <cell/>
               <cell/>
               <cell/>
            </row>
            <row xml:id="p206_34">
               <cell>settled</cell>
               <cell><name type="person" ref="pers_WCDH601">Wm. Sweet</name>
                  <choice rend="align(right)">
                     <abbr>D</abbr>
                     <expan>Debtor</expan>
                  </choice></cell>
               <cell/>
               <cell/>
               <cell/>
               <cell/>
            </row>
            <row xml:id="p206_35">
               <cell/>
               <cell>To <measure commodity="pipe" quantity="5" unit="inch">knee of 5inch pipe</measure> 1/5</cell>
               <cell/>
               <cell><measure commodity="currency" quantity="25" unit="cents">25</measure></cell>
               <cell/>
               <cell/>
            </row>
            <row xml:id="p206_36">
               <cell/>
               <cell><date when="1848-02-15">15</date></cell>
               <cell/>
               <cell/>
               <cell/>
               <cell/>
            </row>
            <row xml:id="p206_37">
               <cell>529</cell>
               <cell><name type="person" ref="pers_WCDH269">Frank Dunahoe</name>
                  <choice rend="align(right)">
                     <abbr>D</abbr>
                     <expan>Debtor</expan>
                  </choice></cell>
               <cell/>
               <cell/>
               <cell/>
               <cell/>
            </row>
            <row xml:id="p206_38">
               <cell/>
               <cell>To <measure commodity="potatoes" quantity="1" unit="bushels">1 buss. potatoes</measure> 6/</cell>
               <cell><measure commodity="currency" quantity="1" unit="dollars">1</measure></cell>
               <cell><measure commodity="currency" quantity="00" unit="cents">00</measure></cell>
               <cell/>
               <cell/>
            </row>
            <row xml:id="p206_39">
               <cell/>
               <cell/>
               <cell/>
               <cell/>
               <cell/>
               <cell/>
            </row>
            <row xml:id="p206_40">
               <cell>See Bill</cell>
               <cell><name type="person" ref="v">Sarah Putnam</name>
                  <choice rend="align(right)">
                     <abbr>D</abbr>
                     <expan>Debtor</expan>
                  </choice></cell>
               <cell/>
               <cell/>
               <cell/>
               <cell/>
            </row>
            <row xml:id="p206_41">
               <cell/>
               <cell>To <measure commodity="potatoes" quantity="2" unit="bushels">2 buss. potatoes</measure> 6/</cell>
               <cell><measure commodity="currency" quantity="2" unit="dollars">2</measure></cell>
               <cell><measure commodity="currency" quantity="00" unit="cents">00</measure></cell>
               <cell/>
               <cell/>
            </row>
            <row xml:id="p206_42">
               <cell/>
               <cell><date when="1848-02-19">19</date></cell>
               <cell/>
               <cell/>
               <cell/>
               <cell/>
            </row>
            <row xml:id="p206_43">
               <cell>529</cell>
               <cell><name type="person" ref="pers_WCDH269">Frank Dunahoe</name>
                  <choice rend="align(right)">
                     <abbr>Dr</abbr>
                     <expan>Debtor</expan>
                  </choice></cell>
               <cell/>
               <cell/>
               <cell/>
               <cell/>
            </row>
            <row xml:id="p206_44">
               <cell/>
               <cell>To <measure commodity="salt pork" quantity="8.5" unit="lbs">8 1/2 lbs salt pork</measure> 9?</cell>
               <cell><measure commodity="currency" quantity="1" unit="dollars">1</measure></cell>
               <cell><measure commodity="currency" quantity="06" unit="cents">06</measure></cell>
               <cell/>
               <cell/>
            </row>
            <row xml:id="p206_45">
               <cell/>
               <cell><date when="1848-03-02">2nd March</date></cell>
               <cell/>
               <cell/>
               <cell/>
               <cell/>
            </row>
            <row xml:id="p206_46">
               <cell>510</cell>
               <cell><name type="person" ref="pers_WCDH488">Caty Nolen</name>
                  <choice rend="align(right)">
                     <abbr>D</abbr>
                     <expan>Debtor</expan>
                  </choice></cell>
               <cell/>
               <cell/>
               <cell/>
               <cell/>
            </row>
            <row xml:id="p206_47">
               <cell/>
               <cell>To <name type="account" ref="LMWcash">cash</name>
                  <measure commodity="currency" quantity="15" unit="dollars">fifteen
                     dollars</measure></cell>
               <cell><measure commodity="currency" quantity="15" unit="dollars">15</measure></cell>
               <cell><measure commodity="currency" quantity="00" unit="cents">00</measure></cell>
               <cell/>
               <cell/>
            </row>
            <row xml:id="p206_48">
               <cell/>
               <cell><date when="1848-03-04">March 4</date></cell>
               <cell/>
               <cell/>
               <cell/>
               <cell/>
            </row>
            <row xml:id="p206_49">
               <cell>529</cell>
               <cell><name type="person" ref="pers_WCDH269">Frank Dunahoe</name>
                  <choice rend="align(right)">
                     <abbr>D</abbr>
                     <expan>Debtor</expan>
                  </choice></cell>
               <cell/>
               <cell/>
               <cell/>
               <cell/>
            </row>
            <row xml:id="p206_50">
               <cell/>
               <cell>To <name type="account" ref="LMWcash">cash</name>
                  <measure commodity="currency" quantity="5" unit="dollars">five
                  dollars</measure></cell>
               <cell><measure commodity="currency" quantity="5" unit="dollars">5</measure></cell>
               <cell><measure commodity="currency" quantity="00" unit="cents">00</measure></cell>
               <cell/>
               <cell/>
            </row>
            <row xml:id="p206_51">
               <cell/>
               <cell><date when="1848-03-06">6</date></cell>
               <cell/>
               <cell/>
               <cell/>
               <cell/>
            </row>
            <row xml:id="p206_52">
               <cell>settled</cell>
               <cell><name type="person" ref="pers_WCDH032">S. A. Chapin</name>
                  <choice rend="align(right)">
                     <abbr>Dr</abbr>
                     <expan>Debtor</expan>
                  </choice></cell>
               <cell/>
               <cell/>
               <cell/>
               <cell/>
            </row>
            <row xml:id="p206_53">
               <cell/>
               <cell>To <measure commodity="potatoes" quantity="1" unit="bushels">1 buss. potatoes snow</measure></cell>
               <cell/>
               <cell/>
               <cell/>
               <cell/>
            </row>
            <row xml:id="p206_54">
               <cell/>
               <cell><date when="1848-03-22">22</date></cell>
               <cell/>
               <cell/>
               <cell/>
               <cell/>
            </row>
            <row xml:id="p206_55">
               <cell>512</cell>
               <cell><name type="person" ref="pers_WCDH190">Geo. W. Braman</name>
                  <choice rend="align(right)">
                     <abbr>D</abbr>
                     <expan>Debtor</expan>
                  </choice></cell>
               <cell/>
               <cell/>
               <cell/>
               <cell/>
            </row>
            <row xml:id="p206_56">
               <cell/>
               <cell>To order upon A Williams &amp; Son</cell>
               <cell><measure commodity="currency" quantity="26" unit="dollars">26</measure></cell>
               <cell><measure commodity="currency" quantity="10" unit="cents">10</measure></cell>
               <cell/>
               <cell/>
            </row>
            <row xml:id="p206_57">
               <cell/>
               <cell>" <measure commodity="lumber" quantity="1" unit="count">clabboards</measure> planed? -</cell>
               <cell/>
               <cell/>
               <cell/>
               <cell/>
            </row>
            <row xml:id="p206_58">
               <cell/>
               <cell>" <measure commodity="lumber" quantity="17" unit="feet">17ft pine boards</measure> planed? -</cell>
               <cell/>
               <cell/>
               <cell/>
               <cell/>
            </row>
            <row xml:id="p206_59">
               <cell/>
               <cell/>
               <cell/>
               <cell/>
               <cell/>
               <cell/>
            </row>
            <row xml:id="p206_60">
               <cell>see bill</cell>
               <cell><name type="person" ref="v">Sarah Putnam</name>
                  <choice rend="align(right)">
                     <abbr>D</abbr>
                     <expan>Debtor</expan>
                  </choice></cell>
               <cell/>
               <cell/>
               <cell/>
               <cell/>
            </row>
            <row xml:id="p206_61">
               <cell/>
               <cell>To <measure commodity="potatoes" quantity="1" unit="bushels">1 buss. potatoes</measure> 6/</cell>
               <cell><measure commodity="currency" quantity="1" unit="dollars">1</measure></cell>
               <cell><measure commodity="currency" quantity="00" unit="cents">00</measure></cell>
               <cell/>
               <cell/>
            </row>
            <row xml:id="p206_62">
               <cell/>
               <cell><date when="1848-03-26">26</date></cell>
               <cell/>
               <cell/>
               <cell/>
               <cell/>
            </row>
            <row xml:id="p206_63">
               <cell>settled</cell>
               <cell><name type="person" ref="pers_WCDH649">Wheaton Wheeler</name>
                  <choice rend="align(right)">
                     <abbr>D</abbr>
                     <expan>Debtor</expan>
                  </choice></cell>
               <cell/>
               <cell/>
               <cell/>
               <cell/>
            </row>
            <row xml:id="p206_64">
               <cell/>
               <cell>1 buss. corn 6/</cell>
               <cell><measure commodity="currency" quantity="1" unit="dollars">1</measure></cell>
               <cell><measure commodity="currency" quantity="00" unit="cents">00</measure></cell>
               <cell/>
               <cell/>
            </row>
         </table>
      </body>
   </text>
</TEI>
