<?xml version="1.0" encoding="UTF-8"?>
<?oxygen RNGSchema="http://www.tei-c.org/release/xml/tei/custom/schema/relaxng/tei_all.rng" type="xml"?>
<TEI xmlns="http://www.tei-c.org/ns/1.0">
   <teiHeader>
      <fileDesc>
         <titleStmt>
            <title>LMW Day Book, pp. 193-194</title>
            <author>L.M. Wheaton</author>
         </titleStmt>
         <publicationStmt>
            <p>Indication of work done and date, Wheaton College</p>
         </publicationStmt>
         <sourceDesc>
            <biblFull>
               <titleStmt>
                  <title>Account Books, pp.193-193</title>
                  <author>L.M. Wheaton</author>
                  <respStmt>
                     <resp> TEI-compatible XML markup by <name type="person">Alyssa Russell</name>
                        with corrections by <name type="person">Name</name>, <name type="person"
                           >Name</name>, and <name type="person">Name</name>.</resp>
                     <name type="person">Name</name>
                  </respStmt>
               </titleStmt>
               <publicationStmt>
                  <p>Indication of work done and date, Wheaton College</p>
               </publicationStmt>
               <sourceDesc>
                  <p> From the Marion B. Gebbie Archives and Special Collections at the Madeleine
                     Clark Wallace Library, Wheaton College </p>
               </sourceDesc>
            </biblFull>
         </sourceDesc>
      </fileDesc>
   </teiHeader>
   <text>
      <body>
         <pb n="193"/>
         <fw type="pageNum">193</fw>
         <table xml:id="p193" cols="6">
            <head>Monday <date when="1846-01-26">January 26th 1846.</date></head>
            <row xml:id="p193_01">
               <cell/>
               <cell/>
               <cell>&#36;</cell>
               <cell>cts</cell>
               <cell>&#36;</cell>
               <cell>cts</cell>
            </row>
            <row xml:id="p193_02">
               <cell>settled</cell>
               <cell><name type="person" ref="pers_WCDH164">K Barrows</name>
                  <choice rend="align(right)">
                     <abbr>Cr</abbr>
                     <expan>credit</expan>
                  </choice></cell>
               <cell/>
               <cell/>
               <cell/>
               <cell/>
            </row>
            <row xml:id="p193_03">
               <cell/>
               <cell/>
               <cell><measure commodity="currency" quantity="1" unit="dollars">1</measure></cell>
               <cell><measure commodity="currency" quantity="75" unit="cents">75</measure></cell>
               <cell/>
               <cell/>
            </row>
            <row xml:id="p193_04">
               <cell/>
               <cell/>
               <cell><measure commodity="currency" quantity="2" unit="dollars">2</measure></cell>
               <cell><measure commodity="currency" quantity=".05" unit="cents">05</measure></cell>
               <cell><measure commodity="currency" quantity="3" unit="dollars">3</measure></cell>
               <cell><measure commodity="currency" quantity="80" unit="cents">80</measure></cell>
            </row>
            <row xml:id="p193_05">
               <cell/>
               <cell><date when="1846-03-03">Feb. 3rd.</date></cell>
               <cell/>
               <cell/>
               <cell/>
               <cell/>
            </row>
            <row xml:id="p193_06">
               <cell>529</cell>
               <cell><name type="person" ref="pers_WCDH269">Frank Dunahoe</name>
                  <choice rend="align(right)">
                     <abbr>Dr</abbr>
                     <expan>debtor</expan>
                  </choice></cell>
               <cell/>
               <cell/>
               <cell/>
               <cell/>
            </row>
            <row xml:id="p193_07">
               <cell/>
               <cell>To <name type="account" ref="LMWcash">cash</name> <measure commodity="currency" quantity="10" unit="dollars">ten
                     dollars</measure> fr. Wife</cell>
               <cell><measure commodity="currency" quantity="10" unit="dollars">10</measure></cell>
               <cell><measure commodity="currency" quantity="00" unit="cents">00</measure></cell>
               <cell><measure commodity="currency" quantity="10" unit="dollars">10</measure></cell>
               <cell><measure commodity="currency" quantity="00" unit="cents">00</measure></cell>
            </row>
            <row xml:id="p193_08">
               <cell/>
               <cell>?</cell>
               <cell/>
               <cell/>
               <cell/>
               <cell/>
            </row>
            <row xml:id="p193_09">
               <cell/>
               <cell><name type="person" ref="pers_WCDH270">Catherine Dunahoe (struck
                     through)</name>
                  <choice rend="align(right)">
                     <abbr>D</abbr>
                     <expan>debtor</expan>
                  </choice></cell>
               <cell/>
               <cell/>
               <cell/>
               <cell/>
            </row>
            <row xml:id="p193_10">
               <cell/>
               <cell><date when="1846-02-05">5</date></cell>
               <cell/>
               <cell/>
               <cell/>
               <cell/>
            </row>
            <row xml:id="p193_11">
               <cell>Paid</cell>
               <cell><name type="person" ref="v">Lydia Bradstreet</name>
                  <choice rend="align(right)">
                     <abbr>D</abbr>
                     <expan>debtor</expan>
                  </choice></cell>
               <cell/>
               <cell/>
               <cell/>
               <cell/>
            </row>
            <row xml:id="p193_12">
               <cell/>
               <cell>To <measure commodity="potatoes" quantity="10" unit="bushels">10 buss.
                     Potatoes</measure> 3/</cell>
               <cell><measure commodity="currency" quantity="5" unit="dollars">5</measure></cell>
               <cell><measure commodity="currency" quantity="00" unit="cents">00</measure></cell>
               <cell/>
               <cell/>
            </row>
            <row xml:id="p193_13">
               <cell/>
               <cell><date when="1846-02-10">10</date></cell>
               <cell/>
               <cell/>
               <cell/>
               <cell/>
            </row>
            <row xml:id="p193_14">
               <cell>167</cell>
               <cell><name type="person" ref="pers_WCDH529">Charles Reed</name>
                  <choice rend="align(right)">
                     <abbr>Dr</abbr>
                     <expan>debtor</expan>
                  </choice></cell>
               <cell/>
               <cell/>
               <cell/>
               <cell/>
            </row>
            <row xml:id="p193_15">
               <cell/>
               <cell>To <measure commodity="sausage meat" quantity="14.5" unit="lbs">14 1/2 lbs
                     sausage meat.</measure>
                  <measure commodity="currency" quantity="10" unit="cents">10x</measure></cell>
               <cell><measure commodity="currency" quantity="1" unit="dollars">1</measure></cell>
               <cell><measure commodity="currency" quantity="45" unit="cents">45</measure></cell>
               <cell/>
               <cell/>
            </row>
            <row xml:id="p193_16">
               <cell/>
               <cell><date when="1846-02-12">12</date></cell>
               <cell/>
               <cell/>
               <cell/>
               <cell/>
            </row>
            <row xml:id="p193_17">
               <cell>Paid</cell>
               <cell><name type="person" ref="v">Lydia Bradstreet</name>
                  <choice rend="align(right)">
                     <abbr>D</abbr>
                     <expan>debtor</expan>
                  </choice></cell>
               <cell/>
               <cell/>
               <cell/>
               <cell/>
            </row>
            <row xml:id="p193_18">
               <cell/>
               <cell><measure commodity="sausage meat" quantity="3.5" unit="lbs">3 1/2 lbs sausage
                     meat.</measure>
                  <measure commodity="currency" quantity="10" unit="cents">10x</measure></cell>
               <cell/>
               <cell><measure commodity="currency" quantity="35" unit="cents">35</measure></cell>
               <cell/>
               <cell/>
            </row>
            <row xml:id="p193_19">
               <cell/>
               <cell/>
               <cell/>
               <cell/>
               <cell/>
               <cell/>
            </row>
            <row xml:id="p193_20">
               <cell/>
               <cell><date when="1846-03-03">March 3rd</date></cell>
               <cell/>
               <cell/>
               <cell/>
               <cell/>
            </row>
            <row xml:id="p193_21">
               <cell>Paid</cell>
               <cell><name type="person" ref="pers_WCDH650">Wheaton Wheeler</name>
                  <choice rend="align(right)">
                     <abbr>Dr</abbr>
                     <expan>debtor</expan>
                  </choice></cell>
               <cell/>
               <cell/>
               <cell/>
               <cell/>
            </row>
            <row xml:id="p193_22">
               <cell/>
               <cell>To <measure commodity="rye" quantity=".5" unit="bushels">1/2 buss.
                     Rye</measure> 6/</cell>
               <cell/>
               <cell><measure commodity="currency" quantity="50" unit="cents">50</measure></cell>
               <cell/>
               <cell/>
            </row>
            <row xml:id="p193_23">
               <cell/>
               <cell>" <measure commodity="corn" quantity=".5" unit="bushels">1/2 " corn</measure>
                  6/</cell>
               <cell/>
               <cell><measure commodity="currency" quantity="50" unit="cents">50</measure></cell>
               <cell><measure commodity="currency" quantity="1" unit="dollars">1</measure></cell>
               <cell><measure commodity="currency" quantity="00" unit="cents">00</measure></cell>
            </row>
            <row xml:id="p193_24">
               <cell/>
               <cell><date when="1846-03-12">12</date></cell>
               <cell/>
               <cell/>
               <cell/>
               <cell/>
            </row>
            <row xml:id="p193_25">
               <cell>167</cell>
               <cell><name type="person" ref="pers_WCDH529">Charles Reed</name>
                  <choice rend="align(right)">
                     <abbr>Dr</abbr>
                     <expan>debtor</expan>
                  </choice></cell>
               <cell/>
               <cell/>
               <cell/>
               <cell/>
            </row>
            <row xml:id="p193_26">
               <cell/>
               <cell>To <measure commodity="sausage meat" quantity="5.8" unit="lbs">5 8oz lbs
                     sausage meat</measure>
                  <measure commodity="currency" quantity="10" unit="cents">10x</measure></cell>
               <cell/>
               <cell><measure commodity="currency" quantity="55" unit="cents">55</measure></cell>
               <cell/>
               <cell/>
            </row>
            <row xml:id="p193_27">
               <cell/>
               <cell><date when="1846-03-16">16</date></cell>
               <cell/>
               <cell/>
               <cell/>
               <cell/>
            </row>
            <row xml:id="p193_28">
               <cell>529</cell>
               <cell><name type="person" ref="pers_WCDH269">Frank Dunahoe</name>
                  <choice rend="align(right)">
                     <abbr>Dr</abbr>
                     <expan>debtor</expan>
                  </choice></cell>
               <cell/>
               <cell/>
               <cell/>
               <cell/>
            </row>
            <row xml:id="p193_29">
               <cell/>
               <cell>To <name type="account" ref="LMWcash">cash</name> fr. <measure commodity="feathers" quantity="70" unit="lbs">70 lbs
                     feathers</measure> 2/</cell>
               <cell><measure commodity="currency" quantity="23" unit="dollars">23</measure></cell>
               <cell><measure commodity="currency" quantity="33" unit="cents">33</measure></cell>
               <cell/>
               <cell/>
            </row>
            <row xml:id="p193_30">
               <cell/>
               <cell>? <measure commodity="currency" quantity="50" unit="cents">.50</measure> &amp;
                     <measure commodity="currency" quantity="30" unit="cents">30x</measure></cell>
               <cell/>
               <cell><measure commodity="currency" quantity="80" unit="cents">80</measure></cell>
               <cell/>
               <cell/>
            </row>
            <row xml:id="p193_31">
               <cell/>
               <cell>" " for <measure commodity="burlap" quantity="1" unit="count">burlap</measure>
                  at Taunton</cell>
               <cell/>
               <cell><measure commodity="currency" quantity="29" unit="cents">29</measure></cell>
               <cell><measure commodity="currency" quantity="24" unit="dollars">24</measure></cell>
               <cell><measure commodity="currency" quantity="42" unit="cents">42</measure></cell>
            </row>
            <row xml:id="p193_32">
               <cell/>
               <cell><date when="1846-03-16">16</date></cell>
               <cell/>
               <cell/>
               <cell/>
               <cell/>
            </row>
            <row xml:id="p193_33">
               <cell>529</cell>
               <cell><name type="person" ref="pers_WCDH269">Frank Dunahoe</name>
                  <choice rend="align(right)">
                     <abbr>Cr</abbr>
                     <expan>credit</expan>
                  </choice></cell>
               <cell/>
               <cell/>
               <cell/>
               <cell/>
            </row>
            <row xml:id="p193_34">
               <cell/>
               <cell>By <measure commodity="bed ticking" quantity="13" unit="yards">13 yds bed
                     ticking</measure>
                  <measure commodity="currency" quantity="20" unit="cents">.20x</measure></cell>
               <cell><measure commodity="currency" quantity="2" unit="dollars">2</measure></cell>
               <cell><measure commodity="currency" quantity="60" unit="cents">60</measure></cell>
               <cell/>
               <cell/>
            </row>
            <row xml:id="p193_35">
               <cell/>
               <cell>" <measure commodity="bed binding" quantity="1" unit="count">bed
                     binding</measure></cell>
               <cell/>
               <cell><measure commodity="currency" quantity="18" unit="cents">18</measure></cell>
               <cell/>
               <cell/>
            </row>
            <row xml:id="p193_36">
               <cell/>
               <cell>" <measure commodity="mohair" quantity="1" unit="count">mohair</measure> &amp;
                     <measure commodity="thread" quantity="1" unit="count">thread</measure> 6/6</cell>
               <cell><measure commodity="currency" quantity="1" unit="dollars">1</measure></cell>
               <cell><measure commodity="currency" quantity="08" unit="cents">08</measure></cell>
               <cell><measure commodity="currency" quantity="3" unit="dollars">3</measure></cell>
               <cell><measure commodity="currency" quantity="80" unit="cents">80</measure></cell>
            </row>
            <row xml:id="p193_37">
               <cell/>
               <cell><date when="1846-03-18">18</date></cell>
               <cell/>
               <cell/>
               <cell/>
               <cell/>
            </row>
            <row xml:id="p193_38">
               <cell>settled</cell>
               <cell><name type="person" ref="pers_WCDH373">Linus Howard</name>
                  <choice rend="align(right)">
                     <abbr>D</abbr>
                     <expan>debtor</expan>
                  </choice></cell>
               <cell/>
               <cell/>
               <cell/>
               <cell/>
            </row>
            <row xml:id="p193_39">
               <cell/>
               <cell>To <measure commodity="rye" quantity=".5" unit="bushels">1/2 buss.
                     Rye</measure> 6/</cell>
               <cell><measure commodity="currency" quantity="1" unit="dollars">1</measure></cell>
               <cell><measure commodity="currency" quantity="50" unit="cents">50</measure></cell>
               <cell/>
               <cell/>
            </row>
            <row xml:id="p193_40">
               <cell/>
               <cell/>
               <cell/>
               <cell/>
               <cell/>
               <cell/>
            </row>
            <row xml:id="p193_41">
               <cell>115</cell>
               <cell><name type="person" ref="persons.xml#WCDH633">William A West</name>
                  <choice rend="align(right)">
                     <abbr>D</abbr>
                     <expan>debtor</expan>
                  </choice></cell>
               <cell/>
               <cell/>
               <cell/>
               <cell/>
            </row>
            <row xml:id="p193_42">
               <cell/>
               <cell>To tax for <date when="1845">1845</date></cell>
               <cell><measure commodity="currency" quantity="3" unit="dollars">3</measure></cell>
               <cell><measure commodity="currency" quantity="00" unit="cents">00</measure></cell>
               <cell/>
               <cell/>
            </row>
            <row xml:id="p193_43">
               <cell/>
               <cell><date when="1846-04-10">Apr. 10</date></cell>
               <cell/>
               <cell/>
               <cell/>
               <cell/>
            </row>
            <row xml:id="p193_44">
               <cell>529</cell>
               <cell><name type="person" ref="pers_WCDH269">Frank Dunahoe</name>
                  <choice rend="align(right)">
                     <abbr>Dr</abbr>
                     <expan>debtor</expan>
                  </choice></cell>
               <cell/>
               <cell/>
               <cell/>
               <cell/>
            </row>
            <row xml:id="p193_45">
               <cell/>
               <cell>To <measure commodity="sheeting" quantity="31.25" unit="yards">31 1/4 yds
                     sheeting</measure> 9 3/4</cell>
               <cell><measure commodity="currency" quantity="3" unit="dollars">3</measure></cell>
               <cell><measure commodity="currency" quantity="05" unit="cents">05</measure></cell>
               <cell/>
               <cell/>
            </row>
            <row xml:id="p193_46">
               <cell/>
               <cell>" <measure commodity="patch" quantity="22.33" unit="yards">22 1/3 "
                     Patch</measure> 63</cell>
               <cell><measure commodity="currency" quantity="1" unit="dollars">1</measure></cell>
               <cell><measure commodity="currency" quantity="34" unit="cents">34</measure></cell>
               <cell/>
               <cell/>
            </row>
            <row xml:id="p193_47">
               <cell/>
               <cell>" <measure commodity="thread" quantity="1" unit="count">thread</measure> &amp;
                     <measure commodity="batting" quantity="1" unit="count">batting</measure></cell>
               <cell/>
               <cell><measure commodity="currency" quantity="37" unit="cents">37</measure></cell>
               <cell><measure commodity="currency" quantity="4" unit="dollars">4</measure></cell>
               <cell><measure commodity="currency" quantity="76" unit="cents">76</measure></cell>
            </row>
            <row xml:id="p193_48">
               <cell/>
               <cell/>
               <cell/>
               <cell/>
               <cell/>
               <cell/>
            </row>
            <row xml:id="p193_49">
               <cell>returned</cell>
               <cell><name type="person" ref="pers_WCDH164">Ka Barrows</name>
                  <choice rend="align(right)">
                     <abbr>D</abbr>
                     <expan>debtor</expan>
                  </choice></cell>
               <cell/>
               <cell/>
               <cell/>
               <cell/>
            </row>
            <row xml:id="p193_50">
               <cell/>
               <cell>To <measure commodity="lumber" quantity="1" unit="count">pine
                  limbs?</measure></cell>
               <cell/>
               <cell/>
               <cell/>
               <cell/>
            </row>
            <row xml:id="p193_51">
               <cell/>
               <cell><date when="1846-04-10">10</date></cell>
               <cell/>
               <cell/>
               <cell/>
               <cell/>
            </row>
            <row xml:id="p193_52">
               <cell>529</cell>
               <cell><name type="person" ref="pers_WCDH269">Frank Dunahoe</name>
                  <choice rend="align(right)">
                     <abbr>Dr</abbr>
                     <expan>debtor</expan>
                  </choice></cell>
               <cell/>
               <cell/>
               <cell/>
               <cell/>
            </row>
            <row xml:id="p193_53">
               <cell/>
               <cell>To <name type="account" ref="LMWcash">cash</name> fr. goods as pr. Bill</cell>
               <cell><measure commodity="currency" quantity="33" unit="dollars">33</measure></cell>
               <cell><measure commodity="currency" quantity="91" unit="cents">91</measure></cell>
               <cell/>
               <cell/>
            </row>
            <row xml:id="p193_54">
               <cell/>
               <cell/>
               <cell/>
               <cell/>
               <cell/>
               <cell/>
            </row>
            <row xml:id="p193_55">
               <cell>529</cell>
               <cell><name type="person" ref="pers_WCDH269">Frank Dunahoe</name>
                  <choice rend="align(right)">
                     <abbr>Cr</abbr>
                     <expan>credit</expan>
                  </choice></cell>
               <cell/>
               <cell/>
               <cell/>
               <cell/>
            </row>
            <row xml:id="p193_56">
               <cell/>
               <cell>By <measure commodity="labor">work</measure> of himself &amp; <measure
                     commodity="labor">wife</measure> from April 1st? to date -</cell>
               <cell><measure commodity="currency" quantity="5" unit="dollars">5</measure></cell>
               <cell><measure commodity="currency" quantity="95" unit="cents">95</measure></cell>
               <cell/>
               <cell/>
            </row>
            <row xml:id="p193_57">
               <cell/>
               <cell><date when="1846-04-28">28</date></cell>
               <cell/>
               <cell/>
               <cell/>
               <cell/>
            </row>
            <row xml:id="p193_58">
               <cell>514</cell>
               <cell><name type="person" ref="persons.xml#WCDH633">Henry M Paine</name> &amp; <name
                     type="person" ref="persons.xml#WCDH633">Otis Blandin</name>
                  <choice rend="align(right)">
                     <abbr>D</abbr>
                     <expan>debtor</expan>
                  </choice></cell>
               <cell/>
               <cell/>
               <cell/>
               <cell/>
            </row>
            <row xml:id="p193_59">
               <cell/>
               <cell>To <measure commodity="chimney" quantity="1" unit="count">old
                     chimney.</measure> Otis b. ? half</cell>
               <cell><measure commodity="currency" quantity="15" unit="dollars">15</measure></cell>
               <cell><measure commodity="currency" quantity="00" unit="cents">00</measure></cell>
               <cell><measure commodity="currency" quantity="7" unit="dollars">7</measure></cell>
               <cell><measure commodity="currency" quantity="50" unit="cents">50</measure></cell>
            </row>
            <row xml:id="p193_60">
               <cell/>
               <cell/>
               <cell/>
               <cell/>
               <cell/>
               <cell/>
            </row>
            <row xml:id="p193_61">
               <cell>Settled</cell>
               <cell><name type="person" ref="persons.xml#WCDH633">George Braman</name>
                  <choice rend="align(right)">
                     <abbr>D</abbr>
                     <expan>debtor</expan>
                  </choice></cell>
               <cell/>
               <cell/>
               <cell/>
               <cell/>
            </row>
            <row xml:id="p193_62">
               <cell/>
               <cell>To ? p. in Williams' Bill</cell>
               <cell/>
               <cell><measure commodity="currency" quantity="85" unit="cents">85</measure></cell>
               <cell/>
               <cell/>
            </row>
            <row xml:id="p193_63">
               <cell/>
               <cell>" Order on Williams</cell>
               <cell><measure commodity="currency" quantity="100" unit="dollars"
                  >100</measure></cell>
               <cell>-</cell>
               <cell/>
               <cell/>
            </row>
            <row xml:id="p193_64">
               <cell/>
               <cell/>
               <cell/>
               <cell/>
               <cell/>
               <cell/>
            </row>
         </table>
         <pb n="194"/>
         <fw type="pageNum">194</fw>
         <table xml:id="p194" cols="6">
            <head>Thursday <date when="1846-05-07">May 7, 1846</date></head>
            <row xml:id="p194_01">
               <cell/>
               <cell/>
               <cell>&#36;</cell>
               <cell>cts</cell>
               <cell>&#36;</cell>
               <cell>cts</cell>
            </row>
            <row xml:id="p194_02">
               <cell>529</cell>
               <cell><name type="person" ref="pers_WCDH269">Frank Dunahoe</name>
                  <choice rend="align(right)">
                     <abbr>Dr</abbr>
                     <expan>debtor</expan>
                  </choice></cell>
               <cell/>
               <cell/>
               <cell/>
               <cell/>
            </row>
            <row xml:id="p194_03">
               <cell/>
               <cell>To <measure commodity="potatoes" quantity="2.5" unit="bushels">2 1/2 buss. of
                     potatoes</measure> 2/6</cell>
               <cell><measure commodity="currency" quantity="1" unit="dollars">1</measure></cell>
               <cell><measure commodity="currency" quantity="04" unit="cents">04</measure></cell>
               <cell/>
               <cell/>
            </row>
            <row xml:id="p194_04">
               <cell/>
               <cell>" <measure commodity="salt beef" quantity="7" unit="lbs">7 lbs (ie or) of salt
                     beef</measure>
                  <measure commodity="currency" quantity="5" unit="cents">5x</measure></cell>
               <cell/>
               <cell><measure commodity="currency" quantity="39" unit="cents">39</measure></cell>
               <cell><measure commodity="currency" quantity="1" unit="dollars">1</measure></cell>
               <cell><measure commodity="currency" quantity="43" unit="cents">43</measure></cell>
            </row>
            <row xml:id="p194_05">
               <cell/>
               <cell><date when="1846-05-19">19</date></cell>
               <cell/>
               <cell/>
               <cell/>
               <cell/>
            </row>
            <row xml:id="p194_06">
               <cell>76</cell>
               <cell><name type="person" ref="persons.xml#WCDH633">Jas. 0. Mussinger</name>
                  <choice rend="align(right)">
                     <abbr>D</abbr>
                     <expan>debtor</expan>
                  </choice></cell>
               <cell/>
               <cell/>
               <cell/>
               <cell/>
            </row>
            <row xml:id="p194_07">
               <cell/>
               <cell>To paying Brown, Chapin &amp; Co.</cell>
               <cell><measure commodity="currency" quantity="9" unit="dollars">9</measure></cell>
               <cell><measure commodity="currency" quantity="41" unit="cents">41</measure></cell>
               <cell/>
               <cell/>
            </row>
            <row xml:id="p194_08">
               <cell/>
               <cell>" <name type="account" ref="LMWcash">cash</name></cell>
               <cell><measure commodity="currency" quantity="13" unit="dollars">13</measure></cell>
               <cell/>
               <cell><measure commodity="currency" quantity="22" unit="dollars">22</measure></cell>
               <cell><measure commodity="currency" quantity="41" unit="cents">41</measure></cell>
            </row>
            <row xml:id="p194_09">
               <cell/>
               <cell/>
               <cell/>
               <cell/>
               <cell/>
               <cell/>
            </row>
            <row xml:id="p194_10">
               <cell>settled</cell>
               <cell><name type="person" ref="persons.xml#WCDH633">William H. Wrigley</name>
                  <choice rend="align(right)">
                     <abbr>D</abbr>
                     <expan>debtor</expan>
                  </choice></cell>
               <cell/>
               <cell/>
               <cell/>
               <cell/>
            </row>
            <row xml:id="p194_11">
               <cell/>
               <cell>To <name type="account" ref="LMWcash">cash</name> lent as of receipt <date when="1846-05-15">May 15th</date></cell>
               <cell><measure commodity="currency" quantity="15" unit="dollars">15</measure></cell>
               <cell><measure commodity="currency" quantity="00" unit="cents">00</measure></cell>
               <cell/>
               <cell/>
            </row>
            <row xml:id="p194_12">
               <cell/>
               <cell/>
               <cell/>
               <cell/>
               <cell/>
               <cell/>
            </row>
            <row xml:id="p194_13">
               <cell>settled</cell>
               <cell><name type="person" ref="persons.xml#WCDH633">Sumner Blandin</name>
                  <choice rend="align(right)">
                     <abbr>D</abbr>
                     <expan>debtor</expan>
                  </choice></cell>
               <cell/>
               <cell/>
               <cell/>
               <cell/>
            </row>
            <row xml:id="p194_14">
               <cell/>
               <cell>To <name type="account" ref="LMWcash">cash</name> lent as of receipt <date when="1846-05-16">May 16th</date></cell>
               <cell><measure commodity="currency" quantity="12" unit="dollars">12</measure></cell>
               <cell><measure commodity="currency" quantity="00" unit="cents">00</measure></cell>
               <cell/>
               <cell/>
            </row>
            <row xml:id="p194_15">
               <cell/>
               <cell/>
               <cell/>
               <cell/>
               <cell/>
               <cell/>
            </row>
            <row xml:id="p194_16">
               <cell>76</cell>
               <cell><name type="person" ref="persons.xml#WCDH633">James O Mussinger</name>
                  <choice rend="align(right)">
                     <abbr>D</abbr>
                     <expan>debtor</expan>
                  </choice></cell>
               <cell/>
               <cell/>
               <cell/>
               <cell/>
            </row>
            <row xml:id="p194_17">
               <cell/>
               <cell>To pay Brown &amp; Chapin &amp; co. for <measure commodity="oil" quantity="1"
                     unit="barrel">1 bll. Oil</measure></cell>
               <cell><measure commodity="currency" quantity="31" unit="dollars">31</measure></cell>
               <cell><measure commodity="currency" quantity="45" unit="cents">45</measure></cell>
               <cell/>
               <cell/>
            </row>
            <row xml:id="p194_18">
               <cell/>
               <cell>To (?) to cars?</cell>
               <cell/>
               <cell><measure commodity="currency" quantity="25" unit="cents">25</measure></cell>
               <cell><measure commodity="currency" quantity="31" unit="dollars">31</measure></cell>
               <cell><measure commodity="currency" quantity="70" unit="cents">70</measure></cell>
            </row>
            <row xml:id="p194_19">
               <cell/>
               <cell><date when="1846-05-23">23</date></cell>
               <cell/>
               <cell/>
               <cell/>
               <cell/>
            </row>
            <row xml:id="p194_20">
               <cell>510</cell>
               <cell><name type="person" ref="persons.xml#WCDH633">Caty Nolen</name>
                  <choice rend="align(right)">
                     <abbr>Dr</abbr>
                     <expan>debtor</expan>
                  </choice></cell>
               <cell/>
               <cell/>
               <cell/>
               <cell/>
            </row>
            <row xml:id="p194_21">
               <cell/>
               <cell>To <name type="account" ref="LMWcash">cash</name> fr. (?ing) <measure commodity="bonnet" quantity="1" unit="count"
                  />Bonnet</cell>
               <cell><measure commodity="currency" quantity="2" unit="dollars">2</measure></cell>
               <cell><measure commodity="currency" quantity="33" unit="cents">33</measure></cell>
               <cell/>
               <cell/>
            </row>
            <row xml:id="p194_22">
               <cell/>
               <cell>" " (?) <measure commodity="sock rounds" quantity="1" unit="count"/>sock
                  rounds</cell>
               <cell/>
               <cell><measure commodity="currency" quantity="25" unit="cents">5</measure></cell>
               <cell><measure commodity="currency" quantity="2" unit="dollars">2</measure></cell>
               <cell><measure commodity="currency" quantity="58" unit="cents">58</measure></cell>
            </row>
            <row xml:id="p194_23">
               <cell/>
               <cell><date when="1846-06-01">June 1st</date></cell>
               <cell/>
               <cell/>
               <cell/>
               <cell/>
            </row>
            <row xml:id="p194_24">
               <cell>529</cell>
               <cell><name type="person" ref="pers_WCDH269">Frank Dunahoe</name>
                  <choice rend="align(right)">
                     <abbr>Dr</abbr>
                     <expan>debtor</expan>
                  </choice></cell>
               <cell/>
               <cell/>
               <cell/>
               <cell/>
            </row>
            <row xml:id="p194_25">
               <cell/>
               <cell>To <measure commodity="butter" quantity="3.5" unit="lbs">3 1/2 lbs
                     butter</measure>
                  <measure commodity="currency" quantity="17" unit="cents">.17</measure></cell>
               <cell/>
               <cell><measure commodity="currency" quantity="59" unit="cents">59</measure></cell>
               <cell/>
               <cell/>
            </row>
            <row xml:id="p194_26">
               <cell/>
               <cell>" <measure commodity="corn" quantity="1" unit="bushels">1 bush corn</measure>
                  6/</cell>
               <cell><measure commodity="currency" quantity="1" unit="dollars">1</measure></cell>
               <cell><measure commodity="currency" quantity="00" unit="cents">00</measure></cell>
               <cell><measure commodity="currency" quantity="1" unit="dollars">1</measure></cell>
               <cell><measure commodity="currency" quantity="59" unit="cents">59</measure></cell>
            </row>
            <row xml:id="p194_27">
               <cell/>
               <cell/>
               <cell/>
               <cell/>
               <cell/>
               <cell/>
            </row>
            <row xml:id="p194_28">
               <cell>76</cell>
               <cell><name type="person" ref="persons.xml#WCDH633">James O Mussinger</name>
                  <choice rend="align(right)">
                     <abbr>D</abbr>
                     <expan>debtor</expan>
                  </choice></cell>
               <cell/>
               <cell/>
               <cell/>
               <cell/>
            </row>
            <row xml:id="p194_29">
               <cell/>
               <cell>To frieght(?) of <measure commodity="oil" quantity="1" unit="barrel">1 bll.
                     Oil</measure> on R.R. <measure commodity="currency" quantity="50" unit="cents"
                     >50x</measure> (to?)</cell>
               <cell/>
               <cell/>
               <cell/>
               <cell/>
            </row>
            <row xml:id="p194_30">
               <cell/>
               <cell><date when="1846-06-04">4</date></cell>
               <cell/>
               <cell/>
               <cell/>
               <cell/>
            </row>
            <row xml:id="p194_31">
               <cell>159</cell>
               <cell><name type="person" ref="persons.xml#WCDH633">M. Couper</name>
                  <choice rend="align(right)">
                     <abbr>Dr</abbr>
                     <expan>debtor</expan>
                  </choice></cell>
               <cell/>
               <cell/>
               <cell/>
               <cell/>
            </row>
            <row xml:id="p194_32">
               <cell/>
               <cell>To <measure commodity="butter" quantity="10" unit="lbs">10 lbs Butter</measure>
                  <measure commodity="currency" quantity="16" unit="cents">.16x</measure></cell>
               <cell><measure commodity="currency" quantity="1" unit="dollars">1</measure></cell>
               <cell><measure commodity="currency" quantity="60" unit="cents">60</measure></cell>
               <cell/>
               <cell/>
            </row>
            <row xml:id="p194_33">
               <cell/>
               <cell><date when="1846-06-08">8</date></cell>
               <cell/>
               <cell/>
               <cell/>
               <cell/>
            </row>
            <row xml:id="p194_34">
               <cell>settled</cell>
               <cell/>
               <cell/>
               <cell/>
               <cell/>
               <cell/>
            </row>
            <row xml:id="p194_35">
               <cell/>
               <cell><name type="person" ref="persons.xml#WCDH633">George W. Braman</name>
                  <choice rend="align(right)">
                     <abbr>D</abbr>
                     <expan>debtor</expan>
                  </choice></cell>
               <cell/>
               <cell/>
               <cell/>
               <cell/>
            </row>
            <row xml:id="p194_36">
               <cell/>
               <cell>To <name type="account" ref="LMWcash">cash</name> to (?) house</cell>
               <cell><measure commodity="currency" quantity="400" unit="dollars"
                  >400</measure></cell>
               <cell><measure commodity="currency" quantity="00" unit="cents">00</measure></cell>
               <cell/>
               <cell/>
            </row>
            <row xml:id="p194_37">
               <cell/>
               <cell>" <measure commodity="covered wagon" quantity="1" unit="count">covered
                     wagon</measure></cell>
               <cell><measure commodity="currency" quantity="85" unit="dollars">85</measure></cell>
               <cell><measure commodity="currency" quantity="00" unit="cents">00</measure></cell>
               <cell/>
               <cell/>
            </row>
            <row xml:id="p194_38">
               <cell/>
               <cell><date when="1846-06-10">10</date></cell>
               <cell/>
               <cell/>
               <cell/>
               <cell/>
            </row>
            <row xml:id="p194_39">
               <cell>settled</cell>
               <cell><name type="person" ref="persons.xml#WCDH633">Otis Blandin</name>
                  <choice rend="align(right)">
                     <abbr>D</abbr>
                     <expan>debtor</expan>
                  </choice></cell>
               <cell/>
               <cell/>
               <cell/>
               <cell/>
            </row>
            <row xml:id="p194_40">
               <cell/>
               <cell>To <name type="account" ref="LMWcash">cash</name> as p. receipt</cell>
               <cell><measure commodity="currency" quantity="25" unit="dollars">25</measure></cell>
               <cell><measure commodity="currency" quantity="0" unit="cents">00</measure></cell>
               <cell/>
               <cell/>
            </row>
            <row xml:id="p194_41">
               <cell/>
               <cell><date when="1846-06-15">15</date></cell>
               <cell/>
               <cell/>
               <cell/>
               <cell/>
            </row>
            <row xml:id="p194_42">
               <cell>529</cell>
               <cell><name type="person" ref="pers_WCDH269">Frank Dunahoe</name>
                  <choice rend="align(right)">
                     <abbr>Dr</abbr>
                     <expan>debtor</expan>
                  </choice></cell>
               <cell/>
               <cell/>
               <cell/>
               <cell/>
            </row>
            <row xml:id="p194_43">
               <cell/>
               <cell>To <measure commodity="salt beef" quantity="4.6" unit="lbs">4lbs 6.oz salt
                     beef</measure>
                  <measure commodity="currency" quantity="5" unit="cents">5x</measure></cell>
               <cell/>
               <cell><measure commodity="currency" quantity="24" unit="cents">24</measure></cell>
               <cell/>
               <cell/>
            </row>
            <row xml:id="p194_44">
               <cell/>
               <cell><date when="1846-06-18">18</date></cell>
               <cell/>
               <cell/>
               <cell/>
               <cell/>
            </row>
            <row xml:id="p194_45">
               <cell>529</cell>
               <cell>" <name type="account" ref="LMWcash">cash</name> <measure commodity="currency" quantity="10" unit="dollars">ten
                     dollars</measure></cell>
               <cell><measure commodity="currency" quantity="10" unit="dollars">10</measure></cell>
               <cell><measure commodity="currency" quantity="00" unit="cents">00</measure></cell>
               <cell/>
               <cell/>
            </row>
            <row xml:id="p194_46">
               <cell/>
               <cell><date when="1846-06-18">18</date></cell>
               <cell/>
               <cell/>
               <cell/>
               <cell/>
            </row>
            <row xml:id="p194_47">
               <cell>159</cell>
               <cell><name type="person" ref="persons.xml#WCDH633">M. Couper</name>
                  <choice rend="align(right)">
                     <abbr>Dr</abbr>
                     <expan>debtor</expan>
                  </choice></cell>
               <cell/>
               <cell/>
               <cell/>
               <cell/>
            </row>
            <row xml:id="p194_48">
               <cell/>
               <cell>To <name type="account" ref="LMWcash">cash</name> <measure commodity="currency" quantity="15" unit="dollars">fifteen
                     dollars</measure></cell>
               <cell><measure commodity="currency" quantity="15" unit="dollars">15</measure></cell>
               <cell><measure commodity="currency" quantity="00" unit="cents">00</measure></cell>
               <cell/>
               <cell/>
            </row>
            <row xml:id="p194_49">
               <cell/>
               <cell><date when="1846-06-19">19</date></cell>
               <cell/>
               <cell/>
               <cell/>
               <cell/>
            </row>
            <row xml:id="p194_50">
               <cell>paid</cell>
               <cell><name type="person" ref="pers_WCDH650">Wheaton Wheeler</name>
                  <choice rend="align(right)">
                     <abbr>Dr</abbr>
                     <expan>debtor</expan>
                  </choice></cell>
               <cell/>
               <cell/>
               <cell/>
               <cell/>
            </row>
            <row xml:id="p194_51">
               <cell/>
               <cell>To <measure commodity="butter" quantity="3.5" unit="lbs">3lbs-5oz
                     butter</measure>
                  <measure commodity="currency" quantity="16" unit="cents">.16 cts</measure> p.
                  lb</cell>
               <cell/>
               <cell><measure commodity="currency" quantity="53" unit="cents">53</measure></cell>
               <cell/>
               <cell/>
            </row>
            <row xml:id="p194_52">
               <cell/>
               <cell><date when="1846-06-23">23</date></cell>
               <cell/>
               <cell/>
               <cell/>
               <cell/>
            </row>
            <row xml:id="p194_53">
               <cell>529 (something struck through)</cell>
               <cell><name type="person" ref="pers_WCDH269">Frank Dunahoe</name>
                  <choice rend="align(right)">
                     <abbr>Dr</abbr>
                     <expan>debtor</expan>
                  </choice></cell>
               <cell/>
               <cell/>
               <cell/>
               <cell/>
            </row>
            <row xml:id="p194_54">
               <cell/>
               <cell>To <measure commodity="beef" quantity="5.11" unit="lbs">5lbs 11oz
                     Beef</measure></cell>
               <cell/>
               <cell>(struck through)</cell>
               <cell/>
               <cell/>
            </row>
            <row xml:id="p194_55">
               <cell/>
               <cell/>
               <cell/>
               <cell/>
               <cell/>
               <cell/>
            </row>
            <row xml:id="p194_56">
               <cell>settled</cell>
               <cell><name type="person" ref="persons.xml#WCDH633">George W. Braman</name>
                  <choice rend="align(right)">
                     <abbr>Dr</abbr>
                     <expan>debtor</expan>
                  </choice></cell>
               <cell/>
               <cell/>
               <cell/>
               <cell/>
            </row>
            <row xml:id="p194_57">
               <cell/>
               <cell>To <measure commodity="butter" quantity="4.14" unit="lbs">4lbs 14oz
                     butter</measure>
                  <measure commodity="currency" quantity=".16" unit="cents">16</measure></cell>
               <cell/>
               <cell><measure commodity="currency" quantity="78" unit="cents">78</measure></cell>
               <cell/>
               <cell/>
            </row>
            <row xml:id="p194_58">
               <cell/>
               <cell>" <name type="account" ref="LMWcash">cash</name> <measure commodity="currency" quantity="65" unit="dollars">sixty five
                     dollars</measure></cell>
               <cell><measure commodity="currency" quantity="65" unit="dollars">65</measure></cell>
               <cell/>
               <cell><measure commodity="currency" quantity="65" unit="dollars">65</measure></cell>
               <cell><measure commodity="currency" quantity="78" unit="cents">78</measure></cell>
            </row>
            <row xml:id="p194_59">
               <cell/>
               <cell><date when="1846-06-27">27</date></cell>
               <cell/>
               <cell/>
               <cell/>
               <cell/>
            </row>
            <row xml:id="p194_60">
               <cell>529</cell>
               <cell><name type="person" ref="pers_WCDH269">Frank Dunahoe</name>
                  <choice rend="align(right)">
                     <abbr>Dr</abbr>
                     <expan>debtor</expan>
                  </choice></cell>
               <cell/>
               <cell/>
               <cell/>
               <cell/>
            </row>
            <row xml:id="p194_61">
               <cell/>
               <cell>To <name type="account" ref="LMWcash">cash</name> fr. Bill at Uxbridge</cell>
               <cell><measure commodity="currency" quantity="7" unit="dollars">7</measure></cell>
               <cell><measure commodity="currency" quantity="41" unit="cents">41</measure></cell>
               <cell/>
               <cell/>
            </row>
            <row xml:id="p194_62">
               <cell/>
               <cell><date when="1846-07-11">July 11.</date></cell>
               <cell/>
               <cell/>
               <cell/>
               <cell/>
            </row>
            <row xml:id="p194_63">
               <cell>Paid</cell>
               <cell><name type="person" ref="pers_WCDH650">Wheaton Wheeler</name>
                  <choice rend="align(right)">
                     <abbr>Dr</abbr>
                     <expan>debtor</expan>
                  </choice></cell>
               <cell/>
               <cell/>
               <cell/>
               <cell/>
            </row>
            <row xml:id="p194_64">
               <cell/>
               <cell>To <measure commodity="butter" quantity="3.5" unit="lbs">3 1/2 lbs
                     butter</measure>
                  <measure commodity="currency" quantity="16" unit="cents">16</measure></cell>
               <cell/>
               <cell/>
               <cell/>
               <cell/>
            </row>
         </table>
      </body>
   </text>
</TEI>
