<?xml version="1.0" encoding="UTF-8"?>
<?xml-model href="http://www.tei-c.org/release/xml/tei/custom/schema/relaxng/tei_all.rng" type="application/xml" schematypens="http://relaxng.org/ns/structure/1.0"?>
<?xml-model href="http://www.tei-c.org/release/xml/tei/custom/schema/relaxng/tei_all.rng" type="application/xml"
	schematypens="http://purl.oclc.org/dsdl/schematron"?>
<TEI xmlns="http://www.tei-c.org/ns/1.0">
   <teiHeader>
      <fileDesc>
         <titleStmt>
            <title>LMW Day Book, pp. 201-202</title>
            <author>L.M. Wheaton</author>
         </titleStmt>
         <publicationStmt>
            <p>Indication of work done and date, Wheaton College</p>
         </publicationStmt>
         <sourceDesc>
            <biblFull>
               <titleStmt>
                  <title>Account Books, pp.201-202</title>
                  <author>L.M. Wheaton</author>
                  <respStmt>
                     <resp> TEI-compatible XML markup by <name type="person">Alyssa Russell</name>
                        with corrections by <name type="person">Name</name>, <name type="person"
                           >Name</name>, and <name type="person">Name</name>.</resp>
                     <name type="person">Name</name>
                  </respStmt>
               </titleStmt>
               <publicationStmt>
                  <p>Indication of work done and date, Wheaton College</p>
               </publicationStmt>
               <sourceDesc>
                  <p> From the Marion B. Gebbie Archives and Special Collections at the Madeleine
                     Clark Wallace Library, Wheaton College </p>
               </sourceDesc>
            </biblFull>
         </sourceDesc>
      </fileDesc>
   </teiHeader>
   <text>
      <body>
         <pb n="201"/>
         <fw type="pageNum">201</fw>
         <table xml:id="p201" cols="6">
            <head>Monday <date when="1847-08-01">August 1st 1847</date></head>
            <row xml:id="p201_01">
               <cell>512</cell>
               <cell>
                  <name type="person" ref="pers_WCDH190">Geo. W. Braman</name>
                  <choice rend="align(right)">
                     <abbr>Dr</abbr>
                     <expan>Debtor</expan>
                  </choice>
               </cell>
               <cell/>
               <cell/>
               <cell/>
               <cell/>
            </row>
            <row xml:id="p201_02">
               <cell/>
               <cell>To a <measure commodity="hat" quantity="1" unit="count">white hat</measure>
                  12/</cell>
               <cell><measure commodity="currency" quantity="2" unit="dollars">2</measure></cell>
               <cell><measure commodity="currency" quantity="00" unit="cents">00</measure></cell>
               <cell/>
               <cell/>
            </row>
            <row xml:id="p201_03">
               <cell/>
               <cell/>
               <cell/>
               <cell/>
               <cell/>
               <cell/>
            </row>
            <row xml:id="p201_04">
               <cell>settled</cell>
               <cell><name type="person" ref="pers_WCDH118">Wheaton Wheeler</name>
                  <choice rend="align(right)">
                     <abbr>Dr</abbr>
                     <expan>Debtor</expan>
                  </choice></cell>
               <cell/>
               <cell/>
               <cell/>
               <cell/>
            </row>
            <row xml:id="p201_05">
               <cell/>
               <cell>To <name type="account" ref="LMWcash">cash</name></cell>
               <cell><measure commodity="currency" quantity="21" unit="dollars">21</measure></cell>
               <cell><measure commodity="currency" quantity="37" unit="cents">37</measure></cell>
               <cell/>
               <cell/>
            </row>
            <row xml:id="p201_06">
               <cell/>
               <cell><date when="1847-08-02">2</date></cell>
               <cell/>
               <cell/>
               <cell/>
               <cell/>
            </row>
            <row xml:id="p201_07">
               <cell>settled</cell>
               <cell><name type="person" ref="pers_WCDH118">Wheaton Wheeler</name>
                  <choice rend="align(right)">
                     <abbr>D</abbr>
                     <expan>Debtor</expan>
                  </choice></cell>
               <cell/>
               <cell/>
               <cell/>
               <cell/>
            </row>
            <row xml:id="p201_08">
               <cell/>
               <cell>To <measure commodity="corn" quantity="1" unit="bushels">1 buss. corn</measure>
                  6/</cell>
               <cell><measure commodity="currency" quantity="1" unit="dollars">1</measure></cell>
               <cell><measure commodity="currency" quantity="00" unit="cents">00</measure></cell>
               <cell/>
               <cell/>
            </row>
            <row xml:id="p201_09">
               <cell/>
               <cell><date when="1847-08-04">4</date></cell>
               <cell/>
               <cell/>
               <cell/>
               <cell/>
            </row>
            <row xml:id="p201_10">
               <cell>529</cell>
               <cell><name type="person" ref="pers_WCDH269">Frank Dunaho</name>
                  <choice rend="align(right)">
                     <abbr>Dr</abbr>
                     <expan>Debtor</expan>
                  </choice></cell>
               <cell/>
               <cell/>
               <cell/>
               <cell/>
            </row>
            <row xml:id="p201_11">
               <cell/>
               <cell>To goods at store <measure commodity="currency" quantity="63" unit="cents"
                     >.63</measure></cell>
               <cell/>
               <cell><measure commodity="currency" quantity="63" unit="cents">63</measure></cell>
               <cell/>
               <cell/>
            </row>
            <row xml:id="p201_12">
               <cell/>
               <cell>To <measure commodity="garments" quantity="2" unit="count">making two
                     garments</measure>
                  <measure commodity="currency" quantity="20" unit="cents">.20</measure></cell>
               <cell/>
               <cell><measure commodity="currency" quantity="40" unit="cents">40</measure></cell>
               <cell><measure commodity="currency" quantity="1" unit="dollars">1</measure></cell>
               <cell><measure commodity="currency" quantity="03" unit="cents">03</measure></cell>
            </row>
            <row xml:id="p201_13">
               <cell/>
               <cell><date when="1847-08-04">4</date></cell>
               <cell/>
               <cell/>
               <cell/>
               <cell/>
            </row>
            <row xml:id="p201_14">
               <cell>512</cell>
               <cell><name type="person" ref="pers_WCDH190">Geo. W. Braman</name>
                  <choice rend="align(right)">
                     <abbr>Dr</abbr>
                     <expan>Debtor</expan>
                  </choice></cell>
               <cell/>
               <cell/>
               <cell/>
               <cell/>
            </row>
            <row xml:id="p201_15">
               <cell/>
               <cell>To <name type="account" ref="LMWcash">cash</name>
                  <measure commodity="currency" quantity="10" unit="dollars">ten
                  dollars</measure></cell>
               <cell><measure commodity="currency" quantity="10" unit="dollars">10</measure></cell>
               <cell><measure commodity="currency" quantity="00" unit="cents">00</measure></cell>
               <cell/>
               <cell/>
            </row>
            <row xml:id="p201_16">
               <cell/>
               <cell/>
               <cell/>
               <cell/>
               <cell/>
               <cell/>
            </row>
            <row xml:id="p201_17">
               <cell>510</cell>
               <cell><name type="person" ref="pers_WCDH488">Caty Nolen</name>
                  <choice rend="align(right)">
                     <abbr>Dr</abbr>
                     <expan>Debtor</expan>
                  </choice></cell>
               <cell/>
               <cell/>
               <cell/>
               <cell/>
            </row>
            <row xml:id="p201_18">
               <cell/>
               <cell>To <name type="account" ref="LMWcash">cash</name>
                  <measure commodity="currency" quantity="25" unit="dollars">twenty five
                     dollars</measure></cell>
               <cell><measure commodity="currency" quantity="25" unit="dollars">25</measure></cell>
               <cell><measure commodity="currency" quantity="00" unit="cents">00</measure></cell>
               <cell/>
               <cell/>
            </row>
            <row xml:id="p201_19">
               <cell/>
               <cell><date when="1847-08-05">5</date></cell>
               <cell/>
               <cell/>
               <cell/>
               <cell/>
            </row>
            <row xml:id="p201_20">
               <cell>settled</cell>
               <cell><name type="person" ref="pers_WCDH352">John Hill</name>
                  <choice rend="align(right)">
                     <abbr>D</abbr>
                     <expan>Debtor</expan>
                  </choice></cell>
               <cell/>
               <cell/>
               <cell/>
               <cell/>
            </row>
            <row xml:id="p201_21">
               <cell/>
               <cell>To <name type="account" ref="LMWcash">cash</name>
                  <measure commodity="currency" quantity="30" unit="dollars">thirty
                     dollars</measure></cell>
               <cell><measure commodity="currency" quantity="30" unit="dollars">30</measure></cell>
               <cell><measure commodity="currency" quantity="00" unit="cents">00</measure></cell>
               <cell/>
               <cell/>
            </row>
            <row xml:id="p201_22">
               <cell/>
               <cell><date when="1847-08-20">20</date></cell>
               <cell/>
               <cell/>
               <cell/>
               <cell/>
            </row>
            <row xml:id="p201_23">
               <cell>529</cell>
               <cell><name type="person" ref="pers_WCDH269">Frank Dunaho</name>
                  <choice rend="align(right)">
                     <abbr>Dr</abbr>
                     <expan>Debtor</expan>
                  </choice></cell>
               <cell/>
               <cell/>
               <cell/>
               <cell/>
            </row>
            <row xml:id="p201_24">
               <cell/>
               <cell>To <measure commodity="butter" quantity="2" unit="lbs">2 lbs butter</measure>
                  <measure commodity="currency" quantity="25" unit="cents">.25</measure></cell>
               <cell/>
               <cell><measure commodity="currency" quantity="50" unit="cents">50</measure></cell>
               <cell/>
               <cell/>
            </row>
            <row xml:id="p201_25">
               <cell/>
               <cell><date when="1847-08-23">23</date></cell>
               <cell/>
               <cell/>
               <cell/>
               <cell/>
            </row>
            <row xml:id="p201_26">
               <cell>settled</cell>
               <cell><name type="person" ref="pers_WCDH702">William Wrigley</name>
                  <choice rend="align(right)">
                     <abbr>Dr</abbr>
                     <expan>Debtor</expan>
                  </choice></cell>
               <cell/>
               <cell/>
               <cell/>
               <cell/>
            </row>
            <row xml:id="p201_27">
               <cell/>
               <cell>To <name type="account" ref="LMWcash">cash</name> towards <measure
                     commodity="labor">work</measure></cell>
               <cell><measure commodity="currency" quantity="20" unit="dollars">20</measure></cell>
               <cell><measure commodity="currency" quantity="00" unit="cents">00</measure></cell>
               <cell/>
               <cell/>
            </row>
            <row xml:id="p201_28">
               <cell/>
               <cell/>
               <cell/>
               <cell/>
               <cell/>
               <cell/>
            </row>
            <row xml:id="p201_29">
               <cell>chg.? before</cell>
               <cell><name type="person" ref="pers_WCDH164">Ka Barrows</name>
                  <choice rend="align(right)">
                     <abbr>Dr</abbr>
                     <expan>Debtor</expan>
                  </choice></cell>
               <cell/>
               <cell/>
               <cell/>
               <cell/>
            </row>
            <row xml:id="p201_30">
               <cell/>
               <cell>To <measure commodity="rent" quantity="1" unit="house">house rent for
                     Harrington</measure> at <measure commodity="currency" quantity="55"
                     unit="dollars">$55.</measure></cell>
               <cell/>
               <cell/>
               <cell/>
               <cell/>
            </row>
            <row xml:id="p201_31">
               <cell>settled</cell>
               <cell><name type="person" ref="pers_WCDH373">Linus Howard</name>
                  <choice rend="align(right)">
                     <abbr>D</abbr>
                     <expan>Debtor</expan>
                  </choice></cell>
               <cell/>
               <cell/>
               <cell/>
               <cell/>
            </row>
            <row xml:id="p201_32">
               <cell/>
               <cell>To <measure commodity="tax">tax</measure> for school, (house and store)</cell>
               <cell><measure commodity="currency" quantity="2" unit="dollars">2</measure></cell>
               <cell><measure commodity="currency" quantity="16" unit="cents">16</measure></cell>
               <cell/>
               <cell/>
            </row>
            <row xml:id="p201_33">
               <cell/>
               <cell/>
               <cell/>
               <cell/>
               <cell/>
               <cell/>
            </row>
            <row xml:id="p201_34">
               <cell>settled</cell>
               <cell><name type="person" ref="pers_WCDH345">Alcot Harden</name>
                  <choice rend="align(right)">
                     <abbr>D</abbr>
                     <expan>Debtor</expan>
                  </choice></cell>
               <cell/>
               <cell/>
               <cell/>
               <cell/>
            </row>
            <row xml:id="p201_35">
               <cell/>
               <cell>To <measure commodity="tax">tax</measure> for school house</cell>
               <cell><measure commodity="currency" quantity="1" unit="dollars">1</measure></cell>
               <cell><measure commodity="currency" quantity="08" unit="cents">08</measure></cell>
               <cell/>
               <cell/>
            </row>
            <row xml:id="p201_36">
               <cell/>
               <cell/>
               <cell/>
               <cell/>
               <cell/>
               <cell/>
            </row>
            <row xml:id="p201_37">
               <cell/>
               <cell><name type="person" ref="pers_WCDH615">Oliver Titus</name>
                  <choice rend="align(right)">
                     <abbr>D</abbr>
                     <expan>Debtor</expan>
                  </choice></cell>
               <cell/>
               <cell/>
               <cell/>
               <cell/>
            </row>
            <row xml:id="p201_38">
               <cell/>
               <cell>To <measure commodity="tax">tax</measure> for school house</cell>
               <cell><measure commodity="currency" quantity="1" unit="dollars">1</measure></cell>
               <cell><measure commodity="currency" quantity="35" unit="cents">35</measure></cell>
               <cell/>
               <cell/>
            </row>
            <row xml:id="p201_39">
               <cell/>
               <cell/>
               <cell/>
               <cell/>
               <cell/>
               <cell/>
            </row>
            <row xml:id="p201_40">
               <cell>235</cell>
               <cell><name type="person" ref="pers_WCDH705">Thomas Young</name>
                  <choice rend="align(right)">
                     <abbr>Dr</abbr>
                     <expan>Debtor</expan>
                  </choice></cell>
               <cell/>
               <cell/>
               <cell/>
               <cell/>
            </row>
            <row xml:id="p201_41">
               <cell/>
               <cell>To <measure commodity="pork" quantity="8" unit="lbs">8 lbs salt pork</measure>
                  <measure commodity="currency" quantity="12" unit="cents">12x</measure></cell>
               <cell><measure commodity="currency" quantity="1" unit="dollars">1</measure></cell>
               <cell><measure commodity="currency" quantity="04" unit="cents">04</measure></cell>
               <cell/>
               <cell/>
            </row>
            <row xml:id="p201_42">
               <cell/>
               <cell/>
               <cell/>
               <cell/>
               <cell/>
               <cell/>
            </row>
            <row xml:id="p201_43">
               <cell/>
               <cell><name type="person" ref="pers_WCDH601">Mm. g. Sweet.</name>
                  <choice rend="align(right)">
                     <abbr>D</abbr>
                     <expan>Debtor</expan>
                  </choice></cell>
               <cell/>
               <cell/>
               <cell/>
               <cell/>
            </row>
            <row xml:id="p201_44">
               <cell/>
               <cell>To <measure commodity="pork" quantity="8.75" unit="lbs">8 3/4 lbs salt
                     pork</measure>
                  <measure commodity="currency" quantity="12" unit="cents">12x</measure></cell>
               <cell><measure commodity="currency" quantity="1" unit="dollars">1</measure></cell>
               <cell><measure commodity="currency" quantity="04" unit="cents">04</measure></cell>
               <cell/>
               <cell/>
            </row>
            <row xml:id="p201_45">
               <cell/>
               <cell><date when="1847-08-30">August 30th</date></cell>
               <cell/>
               <cell/>
               <cell/>
               <cell/>
            </row>
            <row xml:id="p201_46">
               <cell>see bill</cell>
               <cell><name type="person" ref="v">Sarah Putnam</name>
                  <choice rend="align(right)">
                     <abbr>D</abbr>
                     <expan>Debtor</expan>
                  </choice></cell>
               <cell/>
               <cell/>
               <cell/>
               <cell/>
            </row>
            <row xml:id="p201_47">
               <cell/>
               <cell>To <measure commodity="lumber" quantity="8.16" unit="ft">8ft-2inches sawed pine
                  wood</measure> <measure commodity="currency" quantity="4" unit="dollars">400</measure></cell>
               <cell><measure commodity="currency" quantity="4" unit="dollars">4</measure></cell>
               <cell><measure commodity="currency" quantity="05" unit="cents">05</measure></cell>
               <cell/>
               <cell/>
            </row>
            <row xml:id="p201_48">
               <cell/>
               <cell><date when="1847-09-02">Sept. 2nd</date></cell>
               <cell/>
               <cell/>
               <cell/>
               <cell/>
            </row>
            <row xml:id="p201_49">
               <cell>settled</cell>
               <cell><name type="person" ref="pers_WCDH269">Frank Dunahoe</name>
                  <choice rend="align(right)">
                     <abbr>D</abbr>
                     <expan>Debtor</expan>
                  </choice></cell>
               <cell/>
               <cell/>
               <cell/>
               <cell/>
            </row>
            <row xml:id="p201_50">
               <cell/>
               <cell>To <measure commodity="boots" quantity="1" unit="pair">1/2 trench calf
                     boots</measure></cell>
               <cell><measure commodity="currency" quantity="3" unit="dollars">3</measure></cell>
               <cell><measure commodity="currency" quantity="00" unit="cents">00</measure></cell>
               <cell/>
               <cell/>
            </row>
            <row xml:id="p201_51">
               <cell/>
               <cell><date when="1847-09-03">3</date></cell>
               <cell/>
               <cell/>
               <cell/>
               <cell/>
            </row>
            <row xml:id="p201_52">
               <cell>529</cell>
               <cell><name type="person" ref="pers_WCDH269">Frank Dunahoe</name>
                  <choice rend="align(right)">
                     <abbr>Dr</abbr>
                     <expan>Debtor</expan>
                  </choice></cell>
               <cell/>
               <cell/>
               <cell/>
               <cell/>
            </row>
            <row xml:id="p201_53">
               <cell/>
               <cell>To <measure commodity="coat" quantity="1" unit="count">coat</measure> and
                     <measure commodity="pants" quantity="1" unit="count">pants</measure>
                  <measure commodity="currency" quantity="2.75" unit="dollars">2.75</measure></cell>
               <cell><measure commodity="currency" quantity="2" unit="dollars">2</measure></cell>
               <cell><measure commodity="currency" quantity="75" unit="cents">75</measure></cell>
               <cell/>
               <cell/>
            </row>
            <row xml:id="p201_54">
               <cell/>
               <cell/>
               <cell/>
               <cell/>
               <cell/>
               <cell/>
            </row>
            <row xml:id="p201_55">
               <cell/>
               <cell/>
               <cell/>
               <cell/>
               <cell/>
               <cell/>
            </row>
            <row xml:id="p201_56">
               <cell/>
               <cell/>
               <cell/>
               <cell/>
               <cell/>
               <cell/>
            </row>
            <row xml:id="p201_57">
               <cell/>
               <cell><date when="1847-09-10">10</date></cell>
               <cell/>
               <cell/>
               <cell/>
               <cell/>
            </row>
            <row xml:id="p201_58">
               <cell>510</cell>
               <cell><name type="person" ref="pers_WCDH488">Caty Nolen</name>
                  <choice rend="align(right)">
                     <abbr>Dr</abbr>
                     <expan>Debtor</expan>
                  </choice></cell>
               <cell/>
               <cell/>
               <cell/>
               <cell/>
            </row>
            <row xml:id="p201_59">
               <cell/>
               <cell>To <name type="account" ref="LMWcash">cash</name> fr. <measure
                     commodity="labor" quantity="1" unit="dress">making dress</measure></cell>
               <cell><measure commodity="currency" quantity="1" unit="dollars">1</measure></cell>
               <cell><measure commodity="currency" quantity="10" unit="cents">10</measure></cell>
               <cell/>
               <cell/>
            </row>
            <row xml:id="p201_60">
               <cell>settled</cell>
               <cell><name type="person" ref="pers_WCDH118">Wheaton Wheeler</name>
                  <choice rend="align(right)">
                     <abbr>D</abbr>
                     <expan>Debtor</expan>
                  </choice></cell>
               <cell/>
               <cell/>
               <cell/>
               <cell/>
            </row>
            <row xml:id="p201_61">
               <cell/>
               <cell>To <measure commodity="corn" quantity="1" unit="bushels">1 buss corn.</measure>
                  -</cell>
               <cell><measure commodity="currency" quantity="1" unit="dollars">1</measure></cell>
               <cell><measure commodity="currency" quantity="00" unit="cents">00</measure></cell>
               <cell/>
               <cell/>
            </row>
            <row xml:id="p201_62">
               <cell/>
               <cell/>
               <cell/>
               <cell/>
               <cell/>
               <cell/>
            </row>
            <row xml:id="p201_63">
               <cell/>
               <cell/>
               <cell/>
               <cell/>
               <cell/>
               <cell/>
            </row>
            <row xml:id="p201_64">
               <cell/>
               <cell/>
               <cell/>
               <cell/>
               <cell/>
               <cell/>
            </row>
         </table>
         <pb n="202"/>
         <fw type="pageNum">202</fw>
         <table xml:id="p202" cols="6">
            <head>Saturday <date when="1847-09-11">September 11. 1847</date></head>
            <row xml:id="p202_01">
               <cell>see bill</cell>
               <cell>
                  <name type="person" ref="x">Sarah Putnam</name>
                  <choice rend="align(right)">
                     <abbr>Dr</abbr>
                     <expan>Debtor</expan>
                  </choice>
               </cell>
               <cell/>
               <cell/>
               <cell/>
               <cell/>
            </row>
            <row xml:id="p202_02">
               <cell/>
               <cell>To <measure commodity="beans" quantity=".5" unit="bushels">1/2 bush. white
                     beans</measure> 10/6</cell>
               <cell/>
               <cell><measure commodity="currency" quantity="83" unit="cents">83</measure></cell>
               <cell/>
               <cell/>
            </row>
            <row xml:id="p202_03">
               <cell/>
               <cell/>
               <cell/>
               <cell/>
               <cell/>
               <cell/>
            </row>
            <row xml:id="p202_04">
               <cell>167</cell>
               <cell><name type="person" ref="pers_WCDH529">Chas. Reed</name>
                  <choice rend="align(right)">
                     <abbr>Dr</abbr>
                     <expan>Debtor</expan>
                  </choice></cell>
               <cell/>
               <cell/>
               <cell/>
               <cell/>
            </row>
            <row xml:id="p202_05">
               <cell/>
               <cell>To <measure commodity="pasturing" quantity="1" unit="horse">pasturing
                     horse</measure>, <measure commodity="corn">corn</measure> etc</cell>
               <cell><measure commodity="currency" quantity="2" unit="dollars">2</measure></cell>
               <cell><measure commodity="currency" quantity="00" unit="cents">00</measure></cell>
               <cell/>
               <cell/>
            </row>
            <row xml:id="p202_06">
               <cell/>
               <cell>" <measure commodity="rent" quantity="1" unit="field">house rent to
                     field</measure> 30"</cell>
               <cell><measure commodity="currency" quantity="32" unit="dollars">32</measure></cell>
               <cell><measure commodity="currency" quantity="50" unit="cents">50</measure></cell>
               <cell/>
               <cell/>
            </row>
            <row xml:id="p202_07">
               <cell/>
               <cell>" <measure commodity="tax">taxes</measure> ? house <measure
                     commodity="currency" quantity="1.65" unit="dollars">1.65</measure>, school
                     <measure commodity="currency" quantity="2.70" unit="dollars">2.70</measure>
                  country? &amp; lower? <measure commodity="currency" quantity="2.70" unit="dollars"
                     >2.70</measure></cell>
               <cell><measure commodity="currency" quantity="7" unit="dollars">7</measure></cell>
               <cell><measure commodity="currency" quantity="05" unit="cents">05</measure></cell>
               <cell><measure commodity="currency" quantity="41" unit="dollars">41</measure></cell>
               <cell><measure commodity="currency" quantity="55" unit="cents">55</measure></cell>
            </row>
            <row xml:id="p202_08">
               <cell/>
               <cell><date when="1847-09-14">14</date></cell>
               <cell/>
               <cell/>
               <cell/>
               <cell/>
            </row>
            <row xml:id="p202_09">
               <cell>settled</cell>
               <cell><name type="person" ref="pers_WCDH475">Jas. O Messenger</name>
                  <choice rend="align(right)">
                     <abbr>D</abbr>
                     <expan>Debtor</expan>
                  </choice></cell>
               <cell/>
               <cell/>
               <cell/>
               <cell/>
            </row>
            <row xml:id="p202_10">
               <cell/>
               <cell>To chk on bank</cell>
               <cell><measure commodity="currency" quantity="50" unit="dollars">50</measure></cell>
               <cell><measure commodity="currency" quantity="00" unit="cents">00</measure></cell>
               <cell/>
               <cell/>
            </row>
            <row xml:id="p202_11">
               <cell/>
               <cell><date when="1847-09-15">15</date></cell>
               <cell/>
               <cell/>
               <cell/>
               <cell/>
            </row>
            <row xml:id="p202_12">
               <cell>settled</cell>
               <cell><name type="person" ref="pers_WCDH118">Wheaton Wheeler</name>
                  <choice rend="align(right)">
                     <abbr>D</abbr>
                     <expan>Debtor</expan>
                  </choice></cell>
               <cell/>
               <cell/>
               <cell/>
               <cell/>
            </row>
            <row xml:id="p202_13">
               <cell/>
               <cell>To <name type="account" ref="LMWcash">cash</name></cell>
               <cell><measure commodity="currency" quantity="3" unit="dollars">3</measure></cell>
               <cell><measure commodity="currency" quantity="00" unit="cents">00</measure></cell>
               <cell/>
               <cell/>
            </row>
            <row xml:id="p202_14">
               <cell/>
               <cell/>
               <cell/>
               <cell/>
               <cell/>
               <cell/>
            </row>
            <row xml:id="p202_15">
               <cell>settled</cell>
               <cell><name type="person" ref="pers_WCDH702">William Wrigley</name>
                  <choice rend="align(right)">
                     <abbr>D</abbr>
                     <expan>Debtor</expan>
                  </choice></cell>
               <cell/>
               <cell/>
               <cell/>
               <cell/>
            </row>
            <row xml:id="p202_16">
               <cell/>
               <cell>To <name type="account" ref="LMWcash">cash</name> over pd. on bill -</cell>
               <cell><measure commodity="currency" quantity="3" unit="dollars">3</measure></cell>
               <cell><measure commodity="currency" quantity="45" unit="cents">45</measure></cell>
               <cell/>
               <cell/>
            </row>
            <row xml:id="p202_17">
               <cell/>
               <cell/>
               <cell/>
               <cell/>
               <cell/>
               <cell/>
            </row>
            <row xml:id="p202_18">
               <cell>167</cell>
               <cell><name type="person" ref="pers_WCDH529">Charles Reed</name>
                  <choice rend="align(right)">
                     <abbr>D</abbr>
                     <expan>Debtor</expan>
                  </choice></cell>
               <cell/>
               <cell/>
               <cell/>
               <cell/>
            </row>
            <row xml:id="p202_19">
               <cell/>
               <cell>To <measure commodity="rent" quantity="1" unit="house">rent of house</measure>
                  &amp; to <date when="1847-09-30">Sept. 30th</date></cell>
               <cell><measure commodity="currency" quantity="32" unit="dollars">32</measure></cell>
               <cell><measure commodity="currency" quantity="50" unit="cents">50</measure></cell>
               <cell/>
               <cell/>
            </row>
            <row xml:id="p202_20">
               <cell/>
               <cell><date when="1847-09-22">22</date></cell>
               <cell/>
               <cell/>
               <cell/>
               <cell/>
            </row>
            <row xml:id="p202_21">
               <cell>510</cell>
               <cell><name type="person" ref="pers_WCDH488">Caty Nolen</name>
                  <choice rend="align(right)">
                     <abbr>Dr</abbr>
                     <expan>Debtor</expan>
                  </choice></cell>
               <cell/>
               <cell/>
               <cell/>
               <cell/>
            </row>
            <row xml:id="p202_22">
               <cell/>
               <cell>To <name type="account" ref="LMWcash">cash</name>
                  <measure commodity="currency" quantity="25" unit="dollars">twenty five
                     dollars</measure></cell>
               <cell><measure commodity="currency" quantity="25" unit="dollars">25</measure></cell>
               <cell><measure commodity="currency" quantity="00" unit="cents">00</measure></cell>
               <cell/>
               <cell/>
            </row>
            <row xml:id="p202_23">
               <cell/>
               <cell><date when="1847-09-25">25</date></cell>
               <cell/>
               <cell/>
               <cell/>
               <cell/>
            </row>
            <row xml:id="p202_24">
               <cell>510</cell>
               <cell><name type="person" ref="pers_WCDH488">Caty Nolen</name>
                  <choice rend="align(right)">
                     <abbr>Cr</abbr>
                     <expan>Credit</expan>
                  </choice></cell>
               <cell/>
               <cell/>
               <cell/>
               <cell/>
            </row>
            <row xml:id="p202_25">
               <cell/>
               <cell>By <measure commodity="currency" quantity="15" unit="dollars">fifteen
                     dollars</measure> returned</cell>
               <cell><measure commodity="currency" quantity="15" unit="dollars">15</measure></cell>
               <cell><measure commodity="currency" quantity="00" unit="cents">00</measure></cell>
               <cell/>
               <cell/>
            </row>
            <row xml:id="p202_26">
               <cell/>
               <cell>5?</cell>
               <cell/>
               <cell/>
               <cell/>
               <cell/>
            </row>
            <row xml:id="p202_27">
               <cell>512</cell>
               <cell><name type="person" ref="pers_WCDH190">Geo. W. Braman</name>
                  <choice rend="align(right)">
                     <abbr>D</abbr>
                     <expan>Debtor</expan>
                  </choice></cell>
               <cell/>
               <cell/>
               <cell/>
               <cell/>
            </row>
            <row xml:id="p202_28">
               <cell/>
               <cell>To <name type="account" ref="LMWcash">cash</name></cell>
               <cell><measure commodity="currency" quantity="5" unit="dollars">5</measure></cell>
               <cell><measure commodity="currency" quantity="00" unit="cents">00</measure></cell>
               <cell/>
               <cell/>
            </row>
            <row xml:id="p202_29">
               <cell/>
               <cell><date when="1847-09-27">27</date></cell>
               <cell/>
               <cell/>
               <cell/>
               <cell/>
            </row>
            <row xml:id="p202_30">
               <cell>529</cell>
               <cell><name type="person" ref="pers_WCDH269">Frank Dunaho</name>
                  <choice rend="align(right)">
                     <abbr>Dr</abbr>
                     <expan>Debtor</expan>
                  </choice></cell>
               <cell/>
               <cell/>
               <cell/>
               <cell/>
            </row>
            <row xml:id="p202_31">
               <cell/>
               <cell>To <measure commodity="butter" quantity="13" unit="ounces">13oz.
                     butter</measure>
                  <measure commodity="currency" quantity="25" unit="cents">25x</measure> pr. lb
                  -</cell>
               <cell/>
               <cell><measure commodity="currency" quantity="20" unit="cents">20</measure></cell>
               <cell/>
               <cell/>
            </row>
            <row xml:id="p202_32">
               <cell/>
               <cell/>
               <cell/>
               <cell/>
               <cell/>
               <cell/>
            </row>
            <row xml:id="p202_33">
               <cell>511</cell>
               <cell><name type="person" ref="pers_WCDH180">Otis Blandin</name>
                  <choice rend="align(right)">
                     <abbr>Dr</abbr>
                     <expan>Debtor</expan>
                  </choice></cell>
               <cell/>
               <cell/>
               <cell/>
               <cell/>
            </row>
            <row xml:id="p202_34">
               <cell/>
               <cell>To <name type="account" ref="LMWcash">cash</name></cell>
               <cell><measure commodity="currency" quantity="25" unit="dollars">25</measure></cell>
               <cell><measure commodity="currency" quantity="00" unit="cents">00</measure></cell>
               <cell/>
               <cell/>
            </row>
            <row xml:id="p202_35">
               <cell/>
               <cell>" Note from <name type="person" ref="pers_WCDH529">C. A. Reed</name></cell>
               <cell><measure commodity="currency" quantity="9" unit="dollars">9</measure></cell>
               <cell><measure commodity="currency" quantity="87" unit="cents">87</measure></cell>
               <cell><measure commodity="currency" quantity="34" unit="dollars">34</measure></cell>
               <cell><measure commodity="currency" quantity="87" unit="cents">87</measure></cell>
            </row>
            <row xml:id="p202_36">
               <cell>settled</cell>
               <cell><name type="person" ref="pers_WCDH373">Linus Howard</name>
                  <choice rend="align(right)">
                     <abbr>Dr</abbr>
                     <expan>Debtor</expan>
                  </choice></cell>
               <cell/>
               <cell/>
               <cell/>
               <cell/>
            </row>
            <row xml:id="p202_37">
               <cell/>
               <cell>To highway <measure commodity="tax">tax</measure> for house? <measure
                     commodity="currency" quantity="66" unit="cents">66x</measure> stoves? 32</cell>
               <cell><measure commodity="currency" quantity="1" unit="dollars">1</measure></cell>
               <cell><measure commodity="currency" quantity="98" unit="cents">98</measure></cell>
               <cell/>
               <cell/>
            </row>
            <row xml:id="p202_38">
               <cell/>
               <cell/>
               <cell/>
               <cell/>
               <cell/>
               <cell/>
            </row>
            <row xml:id="p202_39">
               <cell>512</cell>
               <cell><name type="person" ref="pers_WCDH190">Geo W. Braman</name>
                  <choice rend="align(right)">
                     <abbr>D</abbr>
                     <expan>Debtor</expan>
                  </choice></cell>
               <cell/>
               <cell/>
               <cell/>
               <cell/>
            </row>
            <row xml:id="p202_40">
               <cell/>
               <cell>To highway <measure commodity="tax">tax</measure></cell>
               <cell><measure commodity="currency" quantity="1" unit="dollars">1</measure></cell>
               <cell><measure commodity="currency" quantity="57" unit="cents">57</measure></cell>
               <cell/>
               <cell/>
            </row>
            <row xml:id="p202_41">
               <cell/>
               <cell/>
               <cell/>
               <cell/>
               <cell/>
               <cell/>
            </row>
            <row xml:id="p202_42">
               <cell>settled</cell>
               <cell><name type="person" ref="pers_WCDH118">Wheaton Wheeler</name>
                  <choice rend="align(right)">
                     <abbr>D</abbr>
                     <expan>Debtor</expan>
                  </choice></cell>
               <cell/>
               <cell/>
               <cell/>
               <cell/>
            </row>
            <row xml:id="p202_43">
               <cell/>
               <cell>To <measure commodity="corn" quantity="1" unit="bushels">1 buss. corn</measure>
                  6/</cell>
               <cell><measure commodity="currency" quantity="1" unit="dollars">1</measure></cell>
               <cell><measure commodity="currency" quantity="00" unit="cents">00</measure></cell>
               <cell/>
               <cell/>
            </row>
            <row xml:id="p202_44">
               <cell/>
               <cell><date when="1847-10-11">Oct. 11</date></cell>
               <cell/>
               <cell/>
               <cell/>
               <cell/>
            </row>
            <row xml:id="p202_45">
               <cell>529</cell>
               <cell><name type="person" ref="pers_WCDH269">Frank Dunaho</name>
                  <choice rend="align(right)">
                     <abbr>Dr</abbr>
                     <expan>Debtor</expan>
                  </choice></cell>
               <cell/>
               <cell/>
               <cell/>
               <cell/>
            </row>
            <row xml:id="p202_46">
               <cell/>
               <cell>To <measure commodity="milk" quantity="104" unit="quarts">105qts milk</measure>
                  <measure commodity="currency" quantity="4" unit="cents">4</measure></cell>
               <cell><measure commodity="currency" quantity="4" unit="dollars">4</measure></cell>
               <cell><measure commodity="currency" quantity="20" unit="cents">.20</measure></cell>
               <cell/>
               <cell/>
            </row>
            <row xml:id="p202_47">
               <cell/>
               <cell/>
               <cell/>
               <cell/>
               <cell/>
               <cell/>
            </row>
            <row xml:id="p202_48">
               <cell>settled</cell>
               <cell><name type="person" ref="pers_WCDH637">Wm. A West.</name>
                  <choice rend="align(right)">
                     <abbr>Dr</abbr>
                     <expan>Debtor</expan>
                  </choice></cell>
               <cell/>
               <cell/>
               <cell/>
               <cell/>
            </row>
            <row xml:id="p202_49">
               <cell/>
               <cell>To <measure commodity="milk" quantity="52" unit="quarts">52qts milk</measure>
                  clld. up to <date when="1847-05-06">May 6</date> 4</cell>
               <cell><measure commodity="currency" quantity="2" unit="dollars">2</measure></cell>
               <cell><measure commodity="currency" quantity="08" unit="cents">08</measure></cell>
               <cell/>
               <cell/>
            </row>
            <row xml:id="p202_50">
               <cell/>
               <cell>To <measure commodity="milk">milk</measure> from <date when="1847-05-06">May
                     6</date> to</cell>
               <cell/>
               <cell/>
               <cell/>
               <cell/>
            </row>
            <row xml:id="p202_51">
               <cell/>
               <cell/>
               <cell/>
               <cell/>
               <cell/>
               <cell/>
            </row>
            <row xml:id="p202_52">
               <cell>529</cell>
               <cell><name type="person" ref="pers_WCDH269">Frank Dunaho</name>
                  <choice rend="align(right)">
                     <abbr>D</abbr>
                     <expan>Debtor</expan>
                  </choice></cell>
               <cell/>
               <cell/>
               <cell/>
               <cell/>
            </row>
            <row xml:id="p202_53">
               <cell/>
               <cell>To <name type="account" ref="LMWcash">cash</name> pd. by wife 30/</cell>
               <cell><measure commodity="currency" quantity="5" unit="dollars">5</measure></cell>
               <cell><measure commodity="currency" quantity="00" unit="cents">00</measure></cell>
               <cell/>
               <cell/>
            </row>
            <row xml:id="p202_54">
               <cell/>
               <cell>" <name type="account" ref="LMWcash">cash</name>
                  <measure commodity="currency" quantity="10" unit="dollars">ten
                  dollars</measure></cell>
               <cell><measure commodity="currency" quantity="10" unit="dollars">10</measure></cell>
               <cell><measure commodity="currency" quantity="00" unit="cents">00</measure></cell>
               <cell><measure commodity="currency" quantity="15" unit="dollars">15</measure></cell>
               <cell><measure commodity="currency" quantity="00" unit="cents">00</measure></cell>
            </row>
            <row xml:id="p202_55">
               <cell/>
               <cell><date when="1847-10-15">15</date></cell>
               <cell/>
               <cell/>
               <cell/>
               <cell/>
            </row>
            <row xml:id="p202_56">
               <cell>532</cell>
               <cell><name type="person" ref="pers_WCDH705">Thas. Young</name>
                  <choice rend="align(right)">
                     <abbr>Dr</abbr>
                     <expan>Debtor</expan>
                  </choice></cell>
               <cell/>
               <cell/>
               <cell/>
               <cell/>
            </row>
            <row xml:id="p202_57">
               <cell/>
               <cell>To <name type="account" ref="LMWcash">cash</name>
                  <measure commodity="currency" quantity="50" unit="dollars">fifty dollars</measure>
                  as pr. receipt</cell>
               <cell><measure commodity="currency" quantity="50" unit="dollars">50</measure></cell>
               <cell><measure commodity="currency" quantity="00" unit="cents">00</measure></cell>
               <cell/>
               <cell/>
            </row>
            <row xml:id="p202_58">
               <cell/>
               <cell/>
               <cell/>
               <cell/>
               <cell/>
               <cell/>
            </row>
            <row xml:id="p202_59">
               <cell>512</cell>
               <cell><name type="person" ref="pers_WCDH190">Geo. W. Braman</name>
                  <choice rend="align(right)">
                     <abbr>Dr</abbr>
                     <expan>Debtor</expan>
                  </choice></cell>
               <cell/>
               <cell/>
               <cell/>
               <cell/>
            </row>
            <row xml:id="p202_60">
               <cell/>
               <cell>To paying <name type="person" ref="pers_WCDH529">Chas. A Reed.</name></cell>
               <cell/>
               <cell/>
               <cell/>
               <cell/>
            </row>
            <row xml:id="p202_61">
               <cell/>
               <cell/>
               <cell/>
               <cell/>
               <cell/>
               <cell/>
            </row>
            <row xml:id="p202_62">
               <cell>settled</cell>
               <cell><name type="person" ref="pers_WCDH579">Amos Starkey's heir</name>
                  <choice rend="align(right)">
                     <abbr>Dr</abbr>
                     <expan>Debtor</expan>
                  </choice></cell>
               <cell/>
               <cell/>
               <cell/>
               <cell/>
            </row>
            <row xml:id="p202_63">
               <cell/>
               <cell>To paying <name type="person" ref="pers_WCDH529">Chas. Reed</name></cell>
               <cell><measure commodity="currency" quantity="61" unit="dollars">61</measure></cell>
               <cell><measure commodity="currency" quantity="00" unit="cents">00</measure></cell>
               <cell/>
               <cell/>
            </row>
            <row xml:id="p202_64">
               <cell/>
               <cell/>
               <cell/>
               <cell/>
               <cell/>
               <cell/>
            </row>
         </table>
      </body>
   </text>
</TEI>
