<?xml version="1.0" encoding="UTF-8"?>
<?xml-model href="http://www.tei-c.org/release/xml/tei/custom/schema/relaxng/tei_all.rng" type="application/xml" schematypens="http://relaxng.org/ns/structure/1.0"?>
<?xml-model href="http://www.tei-c.org/release/xml/tei/custom/schema/relaxng/tei_all.rng" type="application/xml"
	schematypens="http://purl.oclc.org/dsdl/schematron"?>
<TEI xmlns="http://www.tei-c.org/ns/1.0">
   <teiHeader>
      <fileDesc>
         <titleStmt>
            <title>LMW Day Book, pp. 217-218</title>
            <author>L.M. Wheaton</author>
         </titleStmt>
         <publicationStmt>
            <p>Indication of work done and date, Wheaton College</p>
         </publicationStmt>
         <sourceDesc>
            <biblFull>
               <titleStmt>
                  <title>Account Books, pp.217-218</title>
                  <author>L.M. Wheaton</author>
                  <respStmt>
                     <resp> TEI-compatible XML markup by <name type="person">Alyssa Russell</name> with
                        corrections by <name type="person">Name</name>, <name type="person"
                           >Name</name>, and <name type="person">Name</name>.</resp>
                     <name type="person">Name</name>
                  </respStmt>
               </titleStmt>
               <publicationStmt>
                  <p>Indication of work done and date, Wheaton College</p>
               </publicationStmt>
               <sourceDesc>
                  <p> From the Marion B. Gebbie Archives and Special Collections at the Madeleine
                     Clark Wallace Library, Wheaton College </p>
               </sourceDesc>
            </biblFull>
         </sourceDesc>
      </fileDesc>
   </teiHeader>
   <text>
      <body>
         <pb n="217"/>
         <fw type="pageNum">217</fw>
         <table xml:id="p217" cols="6">
            <head>Wednesday <date when="1849-09-19">Sept. 19. 1849</date></head>
            <row xml:id="p217_01">
               <cell/>
               <cell/>
               <cell>$</cell>
               <cell>cts.</cell>
               <cell>$</cell>
               <cell>cts.</cell>
            </row>
            <row xml:id="p217_02">
               <cell>settled</cell>
               <cell><name type="person" ref="pers_WCDH359">Hiram Hodges</name>
                  <choice rend="align(right)">
                     <abbr>Dr</abbr>
                     <expan>debtor</expan>
                  </choice></cell>
               <cell/>
               <cell/>
               <cell/>
               <cell/>
            </row>
            <row xml:id="p217_03">
               <cell/>
               <cell>To <name type="account" ref="LMWcash">cash</name>
                  <measure commodity="currency" quantity="15" unit="dollars">fifteen
                     dollars</measure></cell>
               <cell><measure commodity="currency" quantity="15" unit="dollars">15</measure></cell>
               <cell><measure commodity="currency" quantity="00" unit="cents">00</measure></cell>
               <cell/>
               <cell/>
            </row>
            <row xml:id="p217_04">
               <cell/>
               <cell>" <measure commodity="lumber" quantity="1" unit="count">old wood
                  6/</measure></cell>
               <cell><measure commodity="currency" quantity="1" unit="dollars">1</measure></cell>
               <cell><measure commodity="currency" quantity="00" unit="cents">00</measure></cell>
               <cell/>
               <cell/>
            </row>
            <row xml:id="p217_05">
               <cell/>
               <cell><date when="1849-09-25">25</date></cell>
               <cell/>
               <cell/>
               <cell/>
               <cell/>
            </row>
            <row xml:id="p217_06">
               <cell>see bill</cell>
               <cell><name type="person" ref="pers_WCDH33">S. A. Chapin</name>
                  <choice rend="align(right)">
                     <abbr>Dr</abbr>
                     <expan>debtor</expan>
                  </choice></cell>
               <cell/>
               <cell/>
               <cell/>
               <cell/>
            </row>
            <row xml:id="p217_07">
               <cell/>
               <cell>To <measure commodity="pork" quantity="6.5" unit="lbs">6 1/2 lbs. salt
                     pork</measure></cell>
               <cell/>
               <cell/>
               <cell/>
               <cell/>
            </row>
            <row xml:id="p217_08">
               <cell/>
               <cell/>
               <cell/>
               <cell/>
               <cell/>
               <cell/>
            </row>
            <row xml:id="p217_09">
               <cell>79</cell>
               <cell><name type="person" ref="pers_WCDH293">Thos. Elms</name>
                  <choice rend="align(right)">
                     <abbr>Dr</abbr>
                     <expan>debtor</expan>
                  </choice></cell>
               <cell/>
               <cell/>
               <cell/>
               <cell/>
            </row>
            <row xml:id="p217_10">
               <cell/>
               <cell>To <measure commodity="potatoes" quantity="8" unit="bushels">eight buss.
                     potatoes</measure> 4/6</cell>
               <cell><measure commodity="currency" quantity="6" unit="dollars">6</measure></cell>
               <cell><measure commodity="currency" quantity="00" unit="cents">00</measure></cell>
               <cell/>
               <cell/>
            </row>
            <row xml:id="p217_11">
               <cell/>
               <cell/>
               <cell/>
               <cell/>
               <cell/>
               <cell/>
            </row>
            <row xml:id="p217_12">
               <cell>settled</cell>
               <cell><name type="person" ref="pers_WCDH369">George L. Hovey</name>
                  <choice rend="align(right)">
                     <abbr>Dr</abbr>
                     <expan>debtor</expan>
                  </choice></cell>
               <cell/>
               <cell/>
               <cell/>
               <cell/>
            </row>
            <row xml:id="p217_13">
               <cell/>
               <cell>To <measure commodity="lumber" quantity="3" unit="cords">3 cords hard
                     wood</measure>
                  <measure commodity="currency" quantity="4.24" unit="dollars">425</measure></cell>
               <cell><measure commodity="currency" quantity="12" unit="dollars">12</measure></cell>
               <cell><measure commodity="currency" quantity="75" unit="cents">75</measure></cell>
               <cell/>
               <cell/>
            </row>
            <row xml:id="p217_14">
               <cell/>
               <cell>" <measure commodity="lumber" quantity=".5" unit="cords">1/2 "</measure> Day
                  6/</cell>
               <cell><measure commodity="currency" quantity="1" unit="dollars">1</measure></cell>
               <cell><measure commodity="currency" quantity="00" unit="cents">00</measure></cell>
               <cell><measure commodity="currency" quantity="13" unit="dollars">13</measure></cell>
               <cell><measure commodity="currency" quantity="75" unit="cents">75</measure></cell>
            </row>
            <row xml:id="p217_15">
               <cell/>
               <cell><date when="1849-10-02">Oct. 2</date></cell>
               <cell/>
               <cell/>
               <cell/>
               <cell/>
            </row>
            <row xml:id="p217_16">
               <cell><date when="1849-10-02">Oct. 2</date> 512</cell>
               <cell><name type="person" ref="pers_WCDH190">Geo. W. Braman</name>
                  <choice rend="align(right)">
                     <abbr>D</abbr>
                     <expan>debtor</expan>
                  </choice></cell>
               <cell/>
               <cell/>
               <cell/>
               <cell/>
            </row>
            <row xml:id="p217_17">
               <cell/>
               <cell>To <measure commodity="lumber" quantity="3" unit="cords">three cords
                     hardwood</measure>
                  <measure commodity="currency" quantity="4.25" unit="dollars">425x</measure></cell>
               <cell><measure commodity="currency" quantity="12" unit="dollars">12</measure></cell>
               <cell><measure commodity="currency" quantity="75" unit="cents">75</measure></cell>
               <cell/>
               <cell/>
            </row>
            <row xml:id="p217_18">
               <cell/>
               <cell>" <measure commodity="lumber" quantity="1" unit="cord">1 cord small</measure>
                  dox - <measure commodity="currency" quantity="2" unit="dollars"
                  >200</measure></cell>
               <cell><measure commodity="currency" quantity="2" unit="dollars">2</measure></cell>
               <cell/>
               <cell><measure commodity="currency" quantity="14" unit="dollars">14</measure></cell>
               <cell><measure commodity="currency" quantity="75" unit="cents">75</measure></cell>
            </row>
            <row xml:id="p217_19">
               <cell>355 "</cell>
               <cell><name type="person" ref="pers_WCDH118">Wheaton Wheeler</name>
                  <choice rend="align(right)">
                     <abbr>D</abbr>
                     <expan>debtor</expan>
                  </choice></cell>
               <cell/>
               <cell/>
               <cell/>
               <cell/>
            </row>
            <row xml:id="p217_20">
               <cell/>
               <cell>To <name type="account" ref="LMWcash">cash</name>
                  <measure commodity="currency" quantity="15" unit="dollars">fifteen
                     dollars</measure></cell>
               <cell><measure commodity="currency" quantity="15" unit="dollars">15</measure></cell>
               <cell><measure commodity="currency" quantity="00" unit="cents">00</measure></cell>
               <cell/>
               <cell/>
            </row>
            <row xml:id="p217_21">
               <cell/>
               <cell><date when="1849-11-03">3</date></cell>
               <cell/>
               <cell/>
               <cell/>
               <cell/>
            </row>
            <row xml:id="p217_22">
               <cell>528</cell>
               <cell><name type="person" ref="pers_WCDH601">William J. Sweet</name>
                  <choice rend="align(right)">
                     <abbr>D</abbr>
                     <expan>debtor</expan>
                  </choice></cell>
               <cell/>
               <cell/>
               <cell/>
               <cell/>
            </row>
            <row xml:id="p217_23">
               <cell/>
               <cell>To <measure commodity="apples" quantity="1" unit="bushels">1 buss. windfall
                     apples</measure></cell>
               <cell/>
               <cell><measure commodity="currency" quantity="25" unit="cents">25</measure></cell>
               <cell/>
               <cell/>
            </row>
            <row xml:id="p217_24">
               <cell/>
               <cell>" 1 do. - -</cell>
               <cell/>
               <cell><measure commodity="currency" quantity="25" unit="cents">25</measure></cell>
               <cell/>
               <cell><measure commodity="currency" quantity="50" unit="cents">50</measure></cell>
            </row>
            <row xml:id="p217_25">
               <cell/>
               <cell><date when="1849-11-06">6</date></cell>
               <cell/>
               <cell/>
               <cell/>
               <cell/>
            </row>
            <row xml:id="p217_26">
               <cell>534</cell>
               <cell><name type="person" ref="pers_WCDH156">Stephen Bailey</name>
                  <choice rend="align(right)">
                     <abbr>D</abbr>
                     <expan>debtor</expan>
                  </choice></cell>
               <cell/>
               <cell/>
               <cell/>
               <cell/>
            </row>
            <row xml:id="p217_27">
               <cell/>
               <cell>To <name type="account" ref="LMWcash">cash</name> p. peer treasurer</cell>
               <cell><measure commodity="currency" quantity="2" unit="dollars">2</measure></cell>
               <cell><measure commodity="currency" quantity="44" unit="cents">44</measure></cell>
               <cell/>
               <cell/>
            </row>
            <row xml:id="p217_28">
               <cell/>
               <cell/>
               <cell/>
               <cell/>
               <cell/>
               <cell/>
            </row>
            <row xml:id="p217_29">
               <cell>settled</cell>
               <cell><name type="person" ref="pers_WCDH468">Patrick McDaniels at Harvard</name>
                  <choice rend="align(right)">
                     <abbr>Dr</abbr>
                     <expan>debtor</expan>
                  </choice></cell>
               <cell/>
               <cell/>
               <cell/>
               <cell/>
            </row>
            <row xml:id="p217_30">
               <cell/>
               <cell>To <measure commodity="rent" quantity="1" unit="chamber">rent of chamber from
                     date</measure></cell>
               <cell/>
               <cell/>
               <cell/>
               <cell/>
            </row>
            <row xml:id="p217_31">
               <cell/>
               <cell>" <measure commodity="lumber" quantity=".5" unit="cord">1/2 cord wood</measure>
                  <measure commodity="currency" quantity="4" unit="dollars">$4.00</measure> pr
                  cord</cell>
               <cell><measure commodity="currency" quantity="2" unit="dollars">2</measure></cell>
               <cell><measure commodity="currency" quantity="00" unit="cents">00</measure></cell>
               <cell/>
               <cell/>
            </row>
            <row xml:id="p217_32">
               <cell/>
               <cell/>
               <cell/>
               <cell/>
               <cell/>
               <cell/>
            </row>
            <row xml:id="p217_33">
               <cell>settled</cell>
               <cell><name type="person" ref="pers_WCDH369">Geo. L. Hovey</name>
                  <choice rend="align(right)">
                     <abbr>Dr</abbr>
                     <expan>debtor</expan>
                  </choice></cell>
               <cell/>
               <cell/>
               <cell/>
               <cell/>
            </row>
            <row xml:id="p217_34">
               <cell/>
               <cell>To <measure commodity="apples" quantity="2" unit="barrels">2 bll. winter
                     apples</measure>
                  <measure commodity="currency" quantity="2" unit="dollars">2.00</measure></cell>
               <cell><measure commodity="currency" quantity="4" unit="dollars">4</measure></cell>
               <cell><measure commodity="currency" quantity="00" unit="cents">00</measure></cell>
               <cell/>
               <cell/>
            </row>
            <row xml:id="p217_35">
               <cell/>
               <cell>" <measure commodity="apples" quantity="2.5" unit="bushels">2 1/2 bush. fall
                     "</measure>
                  <measure commodity="currency" quantity="40" unit="cents">40x</measure>-</cell>
               <cell><measure commodity="currency" quantity="1" unit="dollars">1</measure></cell>
               <cell><measure commodity="currency" quantity="00" unit="cents">00</measure></cell>
               <cell><measure commodity="currency" quantity="5" unit="dollars">5</measure></cell>
               <cell><measure commodity="currency" quantity="00" unit="cents">00</measure></cell>
            </row>
            <row xml:id="p217_36">
               <cell/>
               <cell/>
               <cell/>
               <cell/>
               <cell/>
               <cell/>
            </row>
            <row xml:id="p217_37">
               <cell>79</cell>
               <cell><name type="person" ref="pers_WCDH293">Thom. Elms</name>
                  <choice rend="align(right)">
                     <abbr>Dr</abbr>
                     <expan>debtor</expan>
                  </choice></cell>
               <cell/>
               <cell/>
               <cell/>
               <cell/>
            </row>
            <row xml:id="p217_38">
               <cell/>
               <cell>To <measure commodity="apples" quantity="2" unit="bushels">2 bush. fall
                     apples</measure> 1/6</cell>
               <cell/>
               <cell><measure commodity="currency" quantity="50" unit="cents">50</measure></cell>
               <cell/>
               <cell/>
            </row>
            <row xml:id="p217_39">
               <cell/>
               <cell>" <measure commodity="apples" quantity="2.5" unit="windfulls">2 1/2 wind fulls
                     "</measure> 40</cell>
               <cell><measure commodity="currency" quantity="1" unit="dollars">1</measure></cell>
               <cell><measure commodity="currency" quantity="00" unit="cents">00</measure></cell>
               <cell><measure commodity="currency" quantity="1" unit="dollars">1</measure></cell>
               <cell><measure commodity="currency" quantity="50" unit="cents">50</measure></cell>
            </row>
            <row xml:id="p217_40">
               <cell/>
               <cell><date when="1849-11-07">7</date></cell>
               <cell/>
               <cell/>
               <cell/>
               <cell/>
            </row>
            <row xml:id="p217_41">
               <cell>355</cell>
               <cell><name type="person" ref="pers_WCDH118">Wheaton Wheeler</name>
                  <choice rend="align(right)">
                     <abbr>Dr</abbr>
                     <expan>debtor</expan>
                  </choice></cell>
               <cell/>
               <cell/>
               <cell/>
               <cell/>
            </row>
            <row xml:id="p217_42">
               <cell/>
               <cell>To <measure commodity="hat" quantity="1" unit="count">1 hat</measure>
                  4/6</cell>
               <cell/>
               <cell><measure commodity="currency" quantity="75" unit="cents">75</measure></cell>
               <cell/>
               <cell/>
            </row>
            <row xml:id="p217_43">
               <cell/>
               <cell>" <measure commodity="lumber" quantity="1" unit="cord">1 cord
                  wood</measure></cell>
               <cell><measure commodity="currency" quantity="4" unit="dollars">4</measure></cell>
               <cell/>
               <cell/>
               <cell/>
            </row>
            <row xml:id="p217_44">
               <cell/>
               <cell>" <name type="account" ref="LMWcash">cash</name></cell>
               <cell><measure commodity="currency" quantity="16" unit="dollars">16</measure></cell>
               <cell><measure commodity="currency" quantity="32" unit="cents">32</measure></cell>
               <cell/>
               <cell/>
            </row>
            <row xml:id="p217_45">
               <cell/>
               <cell>70</cell>
               <cell/>
               <cell/>
               <cell/>
               <cell/>
            </row>
            <row xml:id="p217_46">
               <cell>534</cell>
               <cell><name type="person" ref="pers_WCDH156">Stephen Bailey</name>
                  <choice rend="align(right)">
                     <abbr>Dr</abbr>
                     <expan>debtor</expan>
                  </choice></cell>
               <cell/>
               <cell/>
               <cell/>
               <cell/>
            </row>
            <row xml:id="p217_47">
               <cell/>
               <cell>To <measure commodity="milk" quantity="88" unit="qts">milk to <date when="1849-10-07">Oct. 7"</date> 88
                     qts</measure>
                  <measure commodity="currency" quantity="03" unit="cents">3x</measure></cell>
               <cell><measure commodity="currency" quantity="2" unit="dollars">2</measure></cell>
               <cell><measure commodity="currency" quantity="64" unit="cents">64</measure></cell>
               <cell/>
               <cell/>
            </row>
            <row xml:id="p217_48">
               <cell/>
               <cell>" <measure commodity="potatoes" quantity="1" unit="bushels">1 buss
                     potatoes</measure> (struck through) " <measure commodity="rent" quantity="1"
                     unit="quarter">house rent 1 quarter </measure><measure commodity="currency"
                     quantity="12.5" unit="dollars">1250</measure></cell>
               <cell><measure commodity="currency" quantity="12" unit="dollars">12</measure></cell>
               <cell><measure commodity="currency" quantity="50" unit="cents">50</measure></cell>
               <cell/>
               <cell/>
            </row>
            <row xml:id="p217_49">
               <cell/>
               <cell/>
               <cell/>
               <cell/>
               <cell/>
               <cell/>
            </row>
            <row xml:id="p217_50">
               <cell>see bill</cell>
               <cell><name type="person" ref="pers_WCDH33">S. A. Chapin</name>
                  <choice rend="align(right)">
                     <abbr>Dr</abbr>
                     <expan>debtor</expan>
                  </choice></cell>
               <cell/>
               <cell/>
               <cell/>
               <cell/>
            </row>
            <row xml:id="p217_51">
               <cell/>
               <cell>To <measure commodity="milk" quantity="46" unit="qts">milk pr. <date when="1849-07-28">July 28th</date> to <date when="1849-10-07">Oct
                     7</date> 46qts</measure>
                  <measure commodity="currency" quantity="03" unit="cents">3x</measure></cell>
               <cell><measure commodity="currency" quantity="1" unit="dollars">1</measure></cell>
               <cell><measure commodity="currency" quantity="38" unit="cents">38</measure></cell>
               <cell/>
               <cell/>
            </row>
            <row xml:id="p217_52">
               <cell/>
               <cell>" <measure commodity="butter" quantity="2" unit="lbs">2 lbs butter
                  md.</measure> in <date when="1849-09-24">Sept. 24</date></cell>
               <cell/>
               <cell><measure commodity="currency" quantity="48" unit="cents">48</measure></cell>
               <cell/>
               <cell/>
            </row>
            <row xml:id="p217_53">
               <cell/>
               <cell><date when="1849-11-11">11</date></cell>
               <cell/>
               <cell/>
               <cell/>
               <cell/>
            </row>
            <row xml:id="p217_54">
               <cell>350</cell>
               <cell><name type="person" ref="pers_WCDH130">Geo. White</name>
                  <choice rend="align(right)">
                     <abbr>Dr</abbr>
                     <expan>debtor</expan>
                  </choice></cell>
               <cell/>
               <cell/>
               <cell/>
               <cell/>
            </row>
            <row xml:id="p217_55">
               <cell/>
               <cell>To <measure commodity="rails" quantity="215" unit="ft">215ft. as marked of
                     rails</measure></cell>
               <cell><measure commodity="currency" quantity="2" unit="dollars">2</measure></cell>
               <cell><measure commodity="currency" quantity="58" unit="cents">58</measure></cell>
               <cell/>
               <cell/>
            </row>
            <row xml:id="p217_56">
               <cell/>
               <cell/>
               <cell/>
               <cell/>
               <cell/>
               <cell/>
            </row>
            <row xml:id="p217_57">
               <cell>534</cell>
               <cell><name type="person" ref="pers_WCDH156">Stephen Bailey</name>
                  <choice rend="align(right)">
                     <abbr>Dr</abbr>
                     <expan>debtor</expan>
                  </choice></cell>
               <cell/>
               <cell/>
               <cell/>
               <cell/>
            </row>
            <row xml:id="p217_58">
               <cell/>
               <cell>To <measure commodity="potatoes" quantity="1" unit="bushels">1 buss.
                     potatoes</measure> 3/</cell>
               <cell/>
               <cell><measure commodity="currency" quantity="50" unit="cents">50</measure></cell>
               <cell/>
               <cell/>
            </row>
            <row xml:id="p217_59">
               <cell/>
               <cell/>
               <cell/>
               <cell/>
               <cell/>
               <cell/>
            </row>
            <row xml:id="p217_60">
               <cell>512</cell>
               <cell><name type="person" ref="pers_WCDH190">George W. Braman</name>
                  <choice rend="align(right)">
                     <abbr>D</abbr>
                     <expan>debtor</expan>
                  </choice></cell>
               <cell/>
               <cell/>
               <cell/>
               <cell/>
            </row>
            <row xml:id="p217_61">
               <cell/>
               <cell>To <name type="account" ref="LMWcash">cash</name>
                  <measure commodity="currency" quantity="3" unit="dollars">three dollars</measure>
                  on the <date when="1849-10-03">3d oct.</date></cell>
               <cell><measure commodity="currency" quantity="3" unit="dollars">3</measure></cell>
               <cell><measure commodity="currency" quantity="00" unit="cents">00</measure></cell>
               <cell/>
               <cell/>
            </row>
            <row xml:id="p217_62">
               <cell/>
               <cell/>
               <cell/>
               <cell/>
               <cell/>
               <cell/>
            </row>
            <row xml:id="p217_63">
               <cell/>
               <cell><name type="person" ref="v">Fishman, Barret</name>
                  <choice rend="align(right)">
                     <abbr>Dr</abbr>
                     <expan>debtor</expan>
                  </choice></cell>
               <cell/>
               <cell/>
               <cell/>
               <cell/>
            </row>
            <row xml:id="p217_64">
               <cell/>
               <cell>To <measure commodity="wood" quantity=".5" unit="cord">1/2 cord wood</measure>
                  <measure commodity="currency" quantity="4" unit="dollars">$4.00</measure></cell>
               <cell><measure commodity="currency" quantity="2" unit="dollars">2</measure></cell>
               <cell><measure commodity="currency" quantity="00" unit="cents">00</measure></cell>
               <cell/>
               <cell/>
            </row>
         </table>
         <pb n="218"/>
         <fw type="pageNum">218</fw>
         <table xml:id="p218" cols="6">
            <head>Thursday <date when="1849-10-11">October 11th 1849</date></head>
            <row xml:id="p218_01">
               <cell/>
               <cell/>
               <cell>$</cell>
               <cell>cts.</cell>
               <cell>$</cell>
               <cell>cts.</cell>
            </row>
            <row xml:id="p218_02">
               <cell/>
               <cell><name type="person" ref="pers_WCDH373">Linus Howard</name>
                  <choice rend="align(right)">
                     <abbr>D</abbr>
                     <expan>debtor</expan>
                  </choice></cell>
               <cell/>
               <cell/>
               <cell/>
               <cell/>
            </row>
            <row xml:id="p218_03">
               <cell/>
               <cell>To <name type="account" ref="LMWcash">cash</name> to pay Fishman with</cell>
               <cell><measure commodity="currency" quantity="15" unit="dollars">15</measure></cell>
               <cell><measure commodity="currency" quantity="00" unit="cents">00</measure></cell>
               <cell/>
               <cell/>
            </row>
            <row xml:id="p218_04">
               <cell/>
               <cell/>
               <cell/>
               <cell/>
               <cell/>
               <cell/>
            </row>
            <row xml:id="p218_05">
               <cell>534</cell>
               <cell><name type="person" ref="pers_WCDH156">Stephen Bailey</name>
                  <choice rend="align(right)">
                     <abbr>D</abbr>
                     <expan>debtor</expan>
                  </choice></cell>
               <cell/>
               <cell/>
               <cell/>
               <cell/>
            </row>
            <row xml:id="p218_06">
               <cell/>
               <cell>To <measure commodity="apples" quantity="1" unit="bushels">1 buss
                     apples</measure> 6/</cell>
               <cell><measure commodity="currency" quantity="1" unit="dollars">1</measure></cell>
               <cell><measure commodity="currency" quantity="00" unit="cents">00</measure></cell>
               <cell/>
               <cell/>
            </row>
            <row xml:id="p218_07">
               <cell/>
               <cell/>
               <cell/>
               <cell/>
               <cell/>
               <cell/>
            </row>
            <row xml:id="p218_08">
               <cell>255</cell>
               <cell><name type="person" ref="pers_WCDH118">Wheaton Wheeler</name>
                  <choice rend="align(right)">
                     <abbr>D</abbr>
                     <expan>debtor</expan>
                  </choice></cell>
               <cell/>
               <cell/>
               <cell/>
               <cell/>
            </row>
            <row xml:id="p218_09">
               <cell/>
               <cell>To <measure commodity="apples" quantity="2.5" unit="bushels">2 1/2 bushels of
                     apples</measure>-1/6</cell>
               <cell/>
               <cell><measure commodity="currency" quantity="62.5" unit="cents">62
                  1/2</measure></cell>
               <cell/>
               <cell/>
            </row>
            <row xml:id="p218_10">
               <cell/>
               <cell/>
               <cell/>
               <cell/>
               <cell/>
               <cell/>
            </row>
            <row xml:id="p218_11">
               <cell>528</cell>
               <cell><name type="person" ref="pers_WCDH601">William J. Sweet</name>
                  <choice rend="align(right)">
                     <abbr>D</abbr>
                     <expan>debtor</expan>
                  </choice></cell>
               <cell/>
               <cell/>
               <cell/>
               <cell/>
            </row>
            <row xml:id="p218_12">
               <cell/>
               <cell>To <measure commodity="milk" quantity="51" unit="qts">51 qts. milk</measure>
                  <measure commodity="currency" quantity="03" unit="cents">3x</measure> to
                  <date when="1849-09">Sept.</date></cell>
               <cell><measure commodity="currency" quantity="1" unit="dollars">1</measure></cell>
               <cell><measure commodity="currency" quantity="53" unit="cents">53</measure></cell>
               <cell/>
               <cell/>
            </row>
            <row xml:id="p218_13">
               <cell/>
               <cell>" <measure commodity="apples">apples</measure></cell>
               <cell><measure commodity="currency" quantity="1" unit="dollars">1</measure></cell>
               <cell><measure commodity="currency" quantity="40" unit="cents">40</measure></cell>
               <cell><measure commodity="currency" quantity="2" unit="dollars">2</measure></cell>
               <cell><measure commodity="currency" quantity="93" unit="cents">93</measure></cell>
            </row>
            <row xml:id="p218_14">
               <cell/>
               <cell><date when="1849-11-12">12</date></cell>
               <cell/>
               <cell/>
               <cell/>
               <cell/>
            </row>
            <row xml:id="p218_15">
               <cell>360</cell>
               <cell><name type="person" ref="pers_WCDH658">Geo. White jr</name>
                  <choice rend="align(right)">
                     <abbr>D</abbr>
                     <expan>debtor</expan>
                  </choice></cell>
               <cell/>
               <cell/>
               <cell/>
               <cell/>
            </row>
            <row xml:id="p218_16">
               <cell/>
               <cell>To paying Anthonys bill</cell>
               <cell><measure commodity="currency" quantity="6" unit="dollars">6</measure></cell>
               <cell><measure commodity="currency" quantity="70" unit="cents">70</measure></cell>
               <cell/>
               <cell/>
            </row>
            <row xml:id="p218_17">
               <cell/>
               <cell>" pt. <measure commodity="rails" quantity="2" unit="count">fence
                     rails</measure> at <measure commodity="currency" quantity="12" unit="dollars">$
                     12.00</measure> (struck through)</cell>
               <cell/>
               <cell/>
               <cell/>
               <cell/>
            </row>
            <row xml:id="p218_18">
               <cell/>
               <cell>" carting same &amp; rails</cell>
               <cell/>
               <cell><measure commodity="currency" quantity="25" unit="cents">25</measure></cell>
               <cell><measure commodity="currency" quantity="6" unit="dollars">6</measure></cell>
               <cell><measure commodity="currency" quantity="95" unit="cents">95</measure></cell>
            </row>
            <row xml:id="p218_19">
               <cell/>
               <cell/>
               <cell/>
               <cell/>
               <cell/>
               <cell/>
            </row>
            <row xml:id="p218_20">
               <cell>537</cell>
               <cell><name type="person" ref="pers_WCDH352">John Hill</name>
                  <choice rend="align(right)">
                     <abbr>D</abbr>
                     <expan>debtor</expan>
                  </choice></cell>
               <cell/>
               <cell/>
               <cell/>
               <cell/>
            </row>
            <row xml:id="p218_21">
               <cell/>
               <cell>To difference between trunk &amp; chest</cell>
               <cell><measure commodity="currency" quantity="10" unit="dollars">10</measure></cell>
               <cell><measure commodity="currency" quantity="50" unit="cents">50</measure></cell>
               <cell/>
               <cell/>
            </row>
            <row xml:id="p218_22">
               <cell/>
               <cell/>
               <cell/>
               <cell/>
               <cell/>
               <cell/>
            </row>
            <row xml:id="p218_23">
               <cell>535</cell>
               <cell><name type="person" ref="pers_WCDH457">L. Markomber</name>
                  <choice rend="align(right)">
                     <abbr>D</abbr>
                     <expan>debtor</expan>
                  </choice></cell>
               <cell/>
               <cell/>
               <cell/>
               <cell/>
            </row>
            <row xml:id="p218_24">
               <cell/>
               <cell>To <measure commodity="pasturing" quantity="1" unit="cow">pasturing
                     cow</measure></cell>
               <cell><measure commodity="currency" quantity="6" unit="dollars">6</measure></cell>
               <cell><measure commodity="currency" quantity="00" unit="cents">00</measure></cell>
               <cell/>
               <cell/>
            </row>
            <row xml:id="p218_25">
               <cell/>
               <cell/>
               <cell/>
               <cell/>
               <cell/>
               <cell/>
            </row>
            <row xml:id="p218_26">
               <cell>512</cell>
               <cell><name type="person" ref="pers_WCDH190">Geo. W. Braman</name>
                  <choice rend="align(right)">
                     <abbr>D</abbr>
                     <expan>debtor</expan>
                  </choice></cell>
               <cell/>
               <cell/>
               <cell/>
               <cell/>
            </row>
            <row xml:id="p218_27">
               <cell/>
               <cell>To <measure commodity="lumber" quantity="1" unit="count">lumber for
                     patio</measure></cell>
               <cell/>
               <cell><measure commodity="currency" quantity="89" unit="cents">89</measure></cell>
               <cell/>
               <cell/>
            </row>
            <row xml:id="p218_28">
               <cell/>
               <cell>" do. brot up Anthony</cell>
               <cell><measure commodity="currency" quantity="4" unit="dollars">4</measure></cell>
               <cell><measure commodity="currency" quantity="45" unit="cents">45</measure></cell>
               <cell><measure commodity="currency" quantity="5" unit="dollars">5</measure></cell>
               <cell><measure commodity="currency" quantity="84" unit="cents">84</measure></cell>
            </row>
            <row xml:id="p218_29">
               <cell/>
               <cell/>
               <cell/>
               <cell/>
               <cell/>
               <cell/>
            </row>
            <row xml:id="p218_30">
               <cell>526</cell>
               <cell><name type="person" ref="pers_WCDH163">Ka Barrows</name>
                  <choice rend="align(right)">
                     <abbr>D</abbr>
                     <expan>debtor</expan>
                  </choice></cell>
               <cell/>
               <cell/>
               <cell/>
               <cell/>
            </row>
            <row xml:id="p218_31">
               <cell/>
               <cell>To <measure commodity="labor" quantity="1" unit="gardener">tenement for
                     gardener from 8th unt.</measure></cell>
               <cell/>
               <cell/>
               <cell/>
               <cell/>
            </row>
            <row xml:id="p218_32">
               <cell/>
               <cell>at 35/pr year &amp; taxes -</cell>
               <cell/>
               <cell/>
               <cell/>
               <cell/>
            </row>
            <row xml:id="p218_33">
               <cell/>
               <cell/>
               <cell/>
               <cell/>
               <cell/>
               <cell/>
            </row>
            <row xml:id="p218_34">
               <cell>355</cell>
               <cell><name type="person" ref="pers_WCDH118">Wheaton Wheeler</name>
                  <choice rend="align(right)">
                     <abbr>D</abbr>
                     <expan>debtor</expan>
                  </choice></cell>
               <cell/>
               <cell/>
               <cell/>
               <cell/>
            </row>
            <row xml:id="p218_35">
               <cell/>
               <cell>To <measure commodity="squash" quantity="10" unit="lbs">10 lbs.
                     squash</measure>
                  <measure commodity="currency" quantity="1" unit="cents">1</measure></cell>
               <cell/>
               <cell><measure commodity="currency" quantity="10" unit="cents">10</measure></cell>
               <cell/>
               <cell/>
            </row>
            <row xml:id="p218_36">
               <cell/>
               <cell/>
               <cell/>
               <cell/>
               <cell/>
               <cell/>
            </row>
            <row xml:id="p218_37">
               <cell>settled</cell>
               <cell><name type="person" ref="v">Eli Wood</name>
                  <choice rend="align(right)">
                     <abbr>D</abbr>
                     <expan>debtor</expan>
                  </choice></cell>
               <cell/>
               <cell/>
               <cell/>
               <cell/>
            </row>
            <row xml:id="p218_38">
               <cell/>
               <cell>To <measure commodity="apples" quantity="11" unit="lbs">11 lbs. No. 1
                     apples</measure>
                  <measure commodity="currency" quantity="2" unit="dollars">2.00</measure></cell>
               <cell><measure commodity="currency" quantity="22" unit="dollars">22</measure></cell>
               <cell><measure commodity="currency" quantity="00" unit="cents">00</measure></cell>
               <cell/>
               <cell/>
            </row>
            <row xml:id="p218_39">
               <cell/>
               <cell>" <measure commodity="apples" quantity="3" unit="lbs">3 " " 2 </measure>9/ pr
                  bl.</cell>
               <cell><measure commodity="currency" quantity="4" unit="dollars">4</measure></cell>
               <cell><measure commodity="currency" quantity="00" unit="cents">50</measure></cell>
               <cell/>
               <cell/>
            </row>
            <row xml:id="p218_40">
               <cell/>
               <cell><choice rend="align(right)">
                     <abbr>Cr</abbr>
                     <expan>credit</expan>
                  </choice></cell>
               <cell/>
               <cell/>
               <cell/>
               <cell/>
            </row>
            <row xml:id="p218_41">
               <cell/>
               <cell>By <measure commodity="barrels" quantity="13" unit="barrels">13
                     barrells</measure> 12/2</cell>
               <cell><measure commodity="currency" quantity="1" unit="dollars">1</measure></cell>
               <cell><measure commodity="currency" quantity="62.5" unit="cents">62
                  1/2</measure></cell>
               <cell/>
               <cell/>
            </row>
            <row xml:id="p218_42">
               <cell/>
               <cell/>
               <cell/>
               <cell/>
               <cell/>
               <cell/>
            </row>
            <row xml:id="p218_43">
               <cell>512</cell>
               <cell><name type="person" ref="pers_WCDH190">George W Braman</name>
                  <choice rend="align(right)">
                     <abbr>D</abbr>
                     <expan>debtor</expan>
                  </choice></cell>
               <cell/>
               <cell/>
               <cell/>
               <cell/>
            </row>
            <row xml:id="p218_44">
               <cell/>
               <cell>To paying yr order to <name type="person" ref="pers_WCDH33">S. A. Chapin</name></cell>
               <cell><measure commodity="currency" quantity="15" unit="dollars">15</measure></cell>
               <cell><measure commodity="currency" quantity="80" unit="cents">80</measure></cell>
               <cell/>
               <cell/>
            </row>
            <row xml:id="p218_45">
               <cell/>
               <cell>do <measure commodity="currency" quantity="1" unit="dollar">one
                     dollar</measure> &amp; <measure commodity="currency" quantity="70"
                     unit="dollars">70x</measure></cell>
               <cell><measure commodity="currency" quantity="1" unit="dollars">1</measure></cell>
               <cell><measure commodity="currency" quantity="70" unit="cents">70</measure></cell>
               <cell><measure commodity="currency" quantity="17" unit="dollars">17</measure></cell>
               <cell><measure commodity="currency" quantity="50" unit="cents">50</measure></cell>
            </row>
            <row xml:id="p218_46">
               <cell>settled</cell>
               <cell><name type="person" ref="pers_WCDH205">Wertley Brown</name>
                  <choice rend="align(right)">
                     <abbr>D</abbr>
                     <expan>debtor</expan>
                  </choice></cell>
               <cell/>
               <cell/>
               <cell/>
               <cell/>
            </row>
            <row xml:id="p218_47">
               <cell/>
               <cell>To <name type="account" ref="LMWcash">cash</name>
                  <measure commodity="currency" quantity="1" unit="dollars">three
                  dollars</measure></cell>
               <cell><measure commodity="currency" quantity="3" unit="dollars">3</measure></cell>
               <cell><measure commodity="currency" quantity="00" unit="cents">00</measure></cell>
               <cell/>
               <cell/>
            </row>
            <row xml:id="p218_48">
               <cell/>
               <cell><date when="1849-11-19">19</date></cell>
               <cell/>
               <cell/>
               <cell/>
               <cell/>
            </row>
            <row xml:id="p218_49">
               <cell>528</cell>
               <cell><name type="person" ref="pers_WCDH601">Wm. g. Sweet</name>
                  <choice rend="align(right)">
                     <abbr>Dr</abbr>
                     <expan>debtor</expan>
                  </choice></cell>
               <cell/>
               <cell/>
               <cell/>
               <cell/>
            </row>
            <row xml:id="p218_50">
               <cell/>
               <cell>To <measure commodity="squash" quantity="28.5" unit="lbs">28 1/2 lbs. winter
                     squash</measure></cell>
               <cell/>
               <cell><measure commodity="currency" quantity="29" unit="cents">29</measure></cell>
               <cell/>
               <cell/>
            </row>
            <row xml:id="p218_51">
               <cell/>
               <cell><date when="1849-11-22">22</date></cell>
               <cell/>
               <cell/>
               <cell/>
               <cell/>
            </row>
            <row xml:id="p218_52">
               <cell>534</cell>
               <cell><name type="person" ref="pers_WCDH156">Stephen Bailey</name>
                  <choice rend="align(right)">
                     <abbr>Dr</abbr>
                     <expan>debtor</expan>
                  </choice></cell>
               <cell/>
               <cell/>
               <cell/>
               <cell/>
            </row>
            <row xml:id="p218_53">
               <cell/>
               <cell>To <measure commodity="squash" quantity="22" unit="lbs">22 lbs squash</measure>
                  <measure commodity="currency" quantity="01" unit="cents">1x</measure></cell>
               <cell/>
               <cell><measure commodity="currency" quantity="22" unit="cents">22</measure></cell>
               <cell/>
               <cell/>
            </row>
            <row xml:id="p218_54">
               <cell/>
               <cell/>
               <cell/>
               <cell/>
               <cell/>
               <cell/>
            </row>
            <row xml:id="p218_55">
               <cell>537</cell>
               <cell><name type="person" ref="pers_WCDH637">Wm A. West</name>
                  <choice rend="align(right)">
                     <abbr>D</abbr>
                     <expan>debtor</expan>
                  </choice></cell>
               <cell/>
               <cell/>
               <cell/>
               <cell/>
            </row>
            <row xml:id="p218_56">
               <cell/>
               <cell>To <measure commodity="rails" quantity="2" unit="count">1289 in length fence
                     rails</measure>
                  <measure commodity="currency" quantity="02" unit="cents">2x</measure></cell>
               <cell/>
               <cell/>
               <cell/>
               <cell/>
            </row>
            <row xml:id="p218_57">
               <cell/>
               <cell>carting same <measure commodity="currency" quantity="13" unit="dollars"
                     >$13.00</measure></cell>
               <cell><measure commodity="currency" quantity="16" unit="dollars">16</measure></cell>
               <cell><measure commodity="currency" quantity="75" unit="cents">75</measure></cell>
               <cell/>
               <cell/>
            </row>
            <row xml:id="p218_58">
               <cell>79</cell>
               <cell><name type="person" ref="pers_WCDH293">Thomas Elms</name>
                  <choice rend="align(right)">
                     <abbr>Dr</abbr>
                     <expan>debtor</expan>
                  </choice></cell>
               <cell/>
               <cell/>
               <cell/>
               <cell/>
            </row>
            <row xml:id="p218_59">
               <cell/>
               <cell>To <measure commodity="squash" quantity="160" unit="lbs">160 lbs
                     squash</measure>
                  <measure commodity="currency" quantity="01" unit="cents">1x</measure></cell>
               <cell><measure commodity="currency" quantity="1" unit="dollars">1</measure></cell>
               <cell><measure commodity="currency" quantity="60" unit="cents">60</measure></cell>
               <cell/>
               <cell/>
            </row>
            <row xml:id="p218_60">
               <cell/>
               <cell><date when="1849-11-24">24</date></cell>
               <cell/>
               <cell/>
               <cell/>
               <cell/>
            </row>
            <row xml:id="p218_61">
               <cell>534</cell>
               <cell><name type="person" ref="pers_WCDH156">Stephen Bailey</name>
                  <choice rend="align(right)">
                     <abbr>Dr</abbr>
                     <expan>debtor</expan>
                  </choice></cell>
               <cell/>
               <cell/>
               <cell/>
               <cell/>
            </row>
            <row xml:id="p218_62">
               <cell/>
               <cell>To <measure commodity="pork" quantity="12" unit="lbs">12 lbs. salt
                     pork</measure>
                  <measure commodity="currency" quantity="10" unit="cents">10x</measure></cell>
               <cell><measure commodity="currency" quantity="1" unit="dollars">1</measure></cell>
               <cell><measure commodity="currency" quantity="20" unit="cents">20</measure></cell>
               <cell/>
               <cell/>
            </row>
            <row xml:id="p218_63">
               <cell/>
               <cell/>
               <cell/>
               <cell/>
               <cell/>
               <cell/>
            </row>
            <row xml:id="p218_64">
               <cell/>
               <cell/>
               <cell/>
               <cell/>
               <cell/>
               <cell/>
            </row>
         </table>
      </body>
   </text>
</TEI>
