<?xml version="1.0" encoding="UTF-8"?>
<?xml-model href="http://www.tei-c.org/release/xml/tei/custom/schema/relaxng/tei_all.rng" type="application/xml" schematypens="http://relaxng.org/ns/structure/1.0"?>
<?xml-model href="http://www.tei-c.org/release/xml/tei/custom/schema/relaxng/tei_all.rng" type="application/xml"
	schematypens="http://purl.oclc.org/dsdl/schematron"?>
<TEI xmlns="http://www.tei-c.org/ns/1.0">
   <teiHeader>
      <fileDesc>
         <titleStmt>
            <title>LMW Day Book, pp. 203-204</title>
            <author>L.M. Wheaton</author>
         </titleStmt>
         <publicationStmt>
            <p>Indication of work done and date, Wheaton College</p>
         </publicationStmt>
         <sourceDesc>
            <biblFull>
               <titleStmt>
                  <title>Account Books, pp.203-204</title>
                  <author>L.M. Wheaton</author>
                  <respStmt>
                     <resp> TEI-compatible XML markup by <name type="person">Alyssa Russell</name>
                        with corrections by <name type="person">Name</name>, <name type="person"
                           >Name</name>, and <name type="person">Name</name>.</resp>
                     <name type="person">Name</name>
                  </respStmt>
               </titleStmt>
               <publicationStmt>
                  <p>Indication of work done and date 6/24/15, Wheaton College</p>
               </publicationStmt>
               <sourceDesc>
                  <p> From the Marion B. Gebbie Archives and Special Collections at the Madeleine
                     Clark Wallace Library, Wheaton College </p>
               </sourceDesc>
            </biblFull>
         </sourceDesc>
      </fileDesc>
   </teiHeader>
   <text>
      <body>
         <pb n="203"/>
         <fw type="pageNum">203</fw>
         <table xml:id="p203" cols="6">
            <head>Friday <date when="1847-10-22">October 22nd 1847</date></head>
            <row xml:id="p203_01">
               <cell/>
               <cell/>
               <cell>$</cell>
               <cell>cts.</cell>
               <cell>$</cell>
               <cell>cts.</cell>
            </row>
            <row xml:id="p203_02">
               <cell>settled</cell>
               <cell><name type="person" ref="pers_WCDH118">Wheaton Wheeler</name>
                  <choice rend="align(right)">
                     <abbr>D</abbr>
                     <expan>Debtor</expan>
                  </choice></cell>
               <cell/>
               <cell/>
               <cell/>
               <cell/>
            </row>
            <row xml:id="p203_03">
               <cell/>
               <cell>To <measure commodity="corn" quantity="1" unit="bushels">1 buss. corn</measure>
                  6/</cell>
               <cell><measure commodity="currency" quantity="1" unit="dollars">1</measure></cell>
               <cell><measure commodity="currency" quantity="00" unit="cents">00</measure></cell>
               <cell/>
               <cell/>
            </row>
            <row xml:id="p203_04">
               <cell/>
               <cell><date when="1847-10-25">25</date></cell>
               <cell/>
               <cell/>
               <cell/>
               <cell/>
            </row>
            <row xml:id="p203_05">
               <cell>529</cell>
               <cell><name type="person" ref="pers_WCDH269">Frank Dunahoe</name>
                  <choice rend="align(right)">
                     <abbr>D</abbr>
                     <expan>Debtor</expan>
                  </choice></cell>
               <cell/>
               <cell/>
               <cell/>
               <cell/>
            </row>
            <row xml:id="p203_06">
               <cell/>
               <cell>To <name type="account" ref="LMWcash">cash</name> <measure commodity="currency" quantity="15" unit="dollars">fifteen
                     dollars</measure></cell>
               <cell><measure commodity="currency" quantity="15" unit="dollars">15</measure></cell>
               <cell><measure commodity="currency" quantity="00" unit="cents">00</measure></cell>
               <cell/>
               <cell/>
            </row>
            <row xml:id="p203_07">
               <cell/>
               <cell><date when="1847-10-27">27</date></cell>
               <cell/>
               <cell/>
               <cell/>
               <cell/>
            </row>
            <row xml:id="p203_08">
               <cell>returned</cell>
               <cell><name type="person" ref="pers_WCDH488">Caty Nolen</name>
                  <choice rend="align(right)">
                     <abbr>Dr</abbr>
                     <expan>Debtor</expan>
                  </choice></cell>
               <cell/>
               <cell/>
               <cell/>
               <cell/>
            </row>
            <row xml:id="p203_09">
               <cell/>
               <cell>To <measure commodity="shoes" quantity="1" unit="pair">1 pr. shoes</measure>
                  3/4</cell>
               <cell/>
               <cell><measure commodity="currency" quantity="62.5" unit="cents">62 1/2 (struck
                     through)</measure></cell>
               <cell/>
               <cell/>
            </row>
            <row xml:id="p203_10">
               <cell/>
               <cell><date when="1847-10-30">30</date></cell>
               <cell/>
               <cell/>
               <cell/>
               <cell/>
            </row>
            <row xml:id="p203_11">
               <cell>512</cell>
               <cell><name type="person" ref="pers_WCDH190">Geo. W Braman</name>
                  <choice rend="align(right)">
                     <abbr>D</abbr>
                     <expan>Debtor</expan>
                  </choice></cell>
               <cell/>
               <cell/>
               <cell/>
               <cell/>
            </row>
            <row xml:id="p203_12">
               <cell/>
               <cell>To <measure commodity="apples" quantity="2" unit="barrels">2 blls.
                     Apples</measure> 10/6</cell>
               <cell><measure commodity="currency" quantity="3" unit="dollars">3</measure></cell>
               <cell><measure commodity="currency" quantity="50" unit="cents">50</measure></cell>
               <cell/>
               <cell/>
            </row>
            <row xml:id="p203_13">
               <cell/>
               <cell/>
               <cell/>
               <cell/>
               <cell/>
               <cell/>
            </row>
            <row xml:id="p203_14">
               <cell>settled</cell>
               <cell><name type="person" ref="pers_WCDH637">Wm. A. West</name>
                  <choice rend="align(right)">
                     <abbr>D</abbr>
                     <expan>Debtor</expan>
                  </choice></cell>
               <cell/>
               <cell/>
               <cell/>
               <cell/>
            </row>
            <row xml:id="p203_15">
               <cell/>
               <cell>To <measure commodity="hert?" quantity="4" unit="barrels">four blls. hert?
                     gre?</measure></cell>
               <cell><measure commodity="currency" quantity="8" unit="dollars">8</measure></cell>
               <cell><measure commodity="currency" quantity="00" unit="cents">00</measure></cell>
               <cell/>
               <cell/>
            </row>
            <row xml:id="p203_16">
               <cell/>
               <cell/>
               <cell/>
               <cell/>
               <cell/>
               <cell/>
            </row>
            <row xml:id="p203_17">
               <cell>529</cell>
               <cell><name type="person" ref="pers_WCDH269">Frank Dunahoe</name>
                  <choice rend="align(right)">
                     <abbr>D</abbr>
                     <expan>Debtor</expan>
                  </choice></cell>
               <cell/>
               <cell/>
               <cell/>
               <cell/>
            </row>
            <row xml:id="p203_18">
               <cell/>
               <cell>To <measure commodity="apples" quantity="1" unit="barrels">1 bl.
                     Apples</measure> 10/6</cell>
               <cell><measure commodity="currency" quantity="1" unit="dollars">1</measure></cell>
               <cell><measure commodity="currency" quantity="75" unit="cents">75</measure></cell>
               <cell/>
               <cell/>
            </row>
            <row xml:id="p203_19">
               <cell/>
               <cell/>
               <cell/>
               <cell/>
               <cell/>
               <cell/>
            </row>
            <row xml:id="p203_20">
               <cell>61</cell>
               <cell><name type="person" ref="pers_WCDH456">Lawrence Lynch</name>
                  <choice rend="align(right)">
                     <abbr>D</abbr>
                     <expan>Dr</expan>
                  </choice></cell>
               <cell/>
               <cell/>
               <cell/>
               <cell/>
            </row>
            <row xml:id="p203_21">
               <cell/>
               <cell>To <measure commodity="red pairs?" quantity="1" unit="barrels">1 bll. Red
                     Pairs?</measure></cell>
               <cell><measure commodity="currency" quantity="2" unit="dollars">2</measure></cell>
               <cell><measure commodity="currency" quantity="00" unit="cents">00</measure></cell>
               <cell/>
               <cell/>
            </row>
            <row xml:id="p203_22">
               <cell/>
               <cell/>
               <cell/>
               <cell/>
               <cell/>
               <cell/>
            </row>
            <row xml:id="p203_23">
               <cell/>
               <cell><name type="person" ref="pers_WCDH032">Saml. A. Chapin</name>
                  <choice rend="align(right)">
                     <abbr>D</abbr>
                     <expan>Debtor</expan>
                  </choice></cell>
               <cell/>
               <cell/>
               <cell/>
               <cell/>
            </row>
            <row xml:id="p203_24">
               <cell/>
               <cell>To <measure commodity="apples" quantity="2" unit="barrels">2 bll.
                     ?apples</measure> No. 1 <measure commodity="currency" quantity="2"
                     unit="dollars">$2.00</measure></cell>
               <cell><measure commodity="currency" quantity="4" unit="dollars">4</measure></cell>
               <cell><measure commodity="currency" quantity="50" unit="cents">50</measure></cell>
               <cell/>
               <cell/>
            </row>
            <row xml:id="p203_25">
               <cell/>
               <cell>" <measure commodity="?" quantity="2" unit="do">2 do.?</measure> No. 2
                  11/</cell>
               <cell><measure commodity="currency" quantity="3" unit="dollars">3</measure></cell>
               <cell><measure commodity="currency" quantity="17" unit="cents">17</measure></cell>
               <cell><measure commodity="currency" quantity="7" unit="dollars">7</measure></cell>
               <cell><measure commodity="currency" quantity="67" unit="cents">67</measure></cell>
            </row>
            <row xml:id="p203_26">
               <cell/>
               <cell><date when="1847-11-02">Nov. 2.</date></cell>
               <cell/>
               <cell/>
               <cell/>
               <cell/>
            </row>
            <row xml:id="p203_27">
               <cell>510</cell>
               <cell><name type="person" ref="pers_WCDH488">Caty Nolen</name>
                  <choice rend="align(right)">
                     <abbr>Dr</abbr>
                     <expan/>
                  </choice></cell>
               <cell/>
               <cell/>
               <cell/>
               <cell/>
            </row>
            <row xml:id="p203_28">
               <cell/>
               <cell>To <measure commodity="slippers" quantity="1" unit="pair">1 pr.
                     Slippers</measure> 3/9 -</cell>
               <cell/>
               <cell><measure commodity="currency" quantity="62" unit="cents">62</measure></cell>
               <cell/>
               <cell/>
            </row>
            <row xml:id="p203_29">
               <cell/>
               <cell>" <measure commodity="huck" quantity="3" unit="yards">3 yds. e huck</measure>
                  <measure commodity="currency" quantity="15" unit="cents">15</measure>-</cell>
               <cell/>
               <cell><measure commodity="currency" quantity="45" unit="cents">45</measure></cell>
               <cell><measure commodity="currency" quantity="1" unit="dollars">1</measure></cell>
               <cell><measure commodity="currency" quantity="07" unit="cents">07</measure></cell>
            </row>
            <row xml:id="p203_30">
               <cell/>
               <cell/>
               <cell/>
               <cell/>
               <cell/>
               <cell/>
            </row>
            <row xml:id="p203_31">
               <cell>settled</cell>
               <cell><name type="person" ref="pers_WCDH658">Geo. White Jr</name>
                  <choice rend="align(right)">
                     <abbr>Dr</abbr>
                     <expan>Debtor</expan>
                  </choice></cell>
               <cell/>
               <cell/>
               <cell/>
               <cell/>
            </row>
            <row xml:id="p203_32">
               <cell/>
               <cell>To <measure commodity="apples" quantity="2" unit="barrels">2 blls
                     apples</measure> 200x175</cell>
               <cell><measure commodity="currency" quantity="3" unit="dollars">3</measure></cell>
               <cell><measure commodity="currency" quantity="75" unit="cents">75</measure></cell>
               <cell/>
               <cell/>
            </row>
            <row xml:id="p203_33">
               <cell/>
               <cell/>
               <cell/>
               <cell/>
               <cell/>
               <cell/>
            </row>
            <row xml:id="p203_34">
               <cell>532</cell>
               <cell><name type="person" ref="pers_WCDH705">Thas. Young</name>
                  <choice rend="align(right)">
                     <abbr>D</abbr>
                     <expan>Debtor</expan>
                  </choice></cell>
               <cell/>
               <cell/>
               <cell/>
               <cell/>
            </row>
            <row xml:id="p203_35">
               <cell/>
               <cell>To <measure commodity="apples" quantity="1" unit="barrels">1 bll.
                     apples</measure> $(struck through) 10/6</cell>
               <cell><measure commodity="currency" quantity="1" unit="dollars">1</measure></cell>
               <cell><measure commodity="currency" quantity="75" unit="cents">75</measure></cell>
               <cell/>
               <cell/>
            </row>
            <row xml:id="p203_36">
               <cell/>
               <cell/>
               <cell/>
               <cell/>
               <cell/>
               <cell/>
            </row>
            <row xml:id="p203_37">
               <cell>settled</cell>
               <cell><name type="person" ref="pers_WCDH601">Wm. Sweet</name>
                  <choice rend="align(right)">
                     <abbr>Dr</abbr>
                     <expan>Debtor</expan>
                  </choice></cell>
               <cell/>
               <cell/>
               <cell/>
               <cell/>
            </row>
            <row xml:id="p203_38">
               <cell/>
               <cell>To <measure commodity="apples" quantity="1" unit="barrel">1 bll.
                     apples</measure> /12</cell>
               <cell><measure commodity="currency" quantity="2" unit="dollars">2</measure></cell>
               <cell><measure commodity="currency" quantity="00" unit="cents">00</measure></cell>
               <cell/>
               <cell/>
            </row>
            <row xml:id="p203_39">
               <cell/>
               <cell><date when="1847-11-05">5</date></cell>
               <cell/>
               <cell/>
               <cell/>
               <cell/>
            </row>
            <row xml:id="p203_40">
               <cell>512</cell>
               <cell><name type="person" ref="pers_WCDH190">Geo. W. Braman</name>
                  <choice rend="align(right)">
                     <abbr>D</abbr>
                     <expan>Debtor</expan>
                  </choice></cell>
               <cell/>
               <cell/>
               <cell/>
               <cell/>
            </row>
            <row xml:id="p203_41">
               <cell/>
               <cell>To <name type="account" ref="LMWcash">cash</name> 30/</cell>
               <cell><measure commodity="currency" quantity="5" unit="dollars">5</measure></cell>
               <cell><measure commodity="currency" quantity="00" unit="cents">00</measure></cell>
               <cell/>
               <cell/>
            </row>
            <row xml:id="p203_42">
               <cell/>
               <cell/>
               <cell/>
               <cell/>
               <cell/>
               <cell/>
            </row>
            <row xml:id="p203_43">
               <cell>settled</cell>
               <cell><name type="person" ref="pers_WCDH703">William H. Wrigley</name>
                  <choice rend="align(right)">
                     <abbr>D</abbr>
                     <expan>Debtor</expan>
                  </choice></cell>
               <cell/>
               <cell/>
               <cell/>
               <cell/>
            </row>
            <row xml:id="p203_44">
               <cell/>
               <cell>To <name type="account" ref="LMWcash">cash</name> <measure commodity="currency" quantity="8" unit="dollars">eight
                     dollars</measure></cell>
               <cell><measure commodity="currency" quantity="8" unit="dollars">8</measure></cell>
               <cell><measure commodity="currency" quantity="00" unit="cents">00</measure></cell>
               <cell/>
               <cell/>
            </row>
            <row xml:id="p203_45">
               <cell/>
               <cell><date when="1847-11-08">8</date></cell>
               <cell/>
               <cell/>
               <cell/>
               <cell/>
            </row>
            <row xml:id="p203_46">
               <cell>511</cell>
               <cell><name type="person" ref="pers_WCDH180">Otis Blandin</name>
                  <choice rend="align(right)">
                     <abbr>D</abbr>
                     <expan>Debtor</expan>
                  </choice></cell>
               <cell/>
               <cell/>
               <cell/>
               <cell/>
            </row>
            <row xml:id="p203_47">
               <cell/>
               <cell>To paying <name type="person" ref="pers_WCDH373">L. Howard</name> pr. order</cell>
               <cell><measure commodity="currency" quantity="33" unit="dollars">33</measure></cell>
               <cell><measure commodity="currency" quantity="71" unit="cents">71</measure></cell>
               <cell/>
               <cell/>
            </row>
            <row xml:id="p203_48">
               <cell/>
               <cell><date when="1847-11-09">9</date></cell>
               <cell/>
               <cell/>
               <cell/>
               <cell/>
            </row>
            <row xml:id="p203_49">
               <cell>See Bill</cell>
               <cell><name type="person" ref="v">Sarah Putnam</name>
                  <choice rend="align(right)">
                     <abbr>Dr</abbr>
                     <expan>Debtor</expan>
                  </choice></cell>
               <cell/>
               <cell/>
               <cell/>
               <cell/>
            </row>
            <row xml:id="p203_50">
               <cell/>
               <cell>To <measure commodity="potatoes" quantity="1" unit="bushels">1 buss.</measure>
                  &amp; <measure commodity="potatoes" quantity="1" unit="peck">1 peck
                     potatoes</measure></cell>
               <cell/>
               <cell/>
               <cell/>
               <cell/>
            </row>
            <row xml:id="p203_51">
               <cell/>
               <cell>some time since?</cell>
               <cell/>
               <cell/>
               <cell/>
               <cell/>
            </row>
            <row xml:id="p203_52">
               <cell/>
               <cell>" <measure commodity="potatoes" quantity="1" unit="bushels">1 buss.
                     potatoes</measure></cell>
               <cell/>
               <cell/>
               <cell/>
               <cell/>
            </row>
            <row xml:id="p203_53">
               <cell/>
               <cell>" <measure commodity="beans" quantity="1" unit="do">1 do. beens</measure>
                  10/6</cell>
               <cell/>
               <cell/>
               <cell/>
               <cell/>
            </row>
            <row xml:id="p203_54">
               <cell/>
               <cell><date when="1847-11-11">11</date></cell>
               <cell/>
               <cell/>
               <cell/>
               <cell/>
            </row>
            <row xml:id="p203_55">
               <cell>532</cell>
               <cell><name type="person" ref="pers_WCDH705">Thomas Young</name>
                  <choice rend="align(right)">
                     <abbr>Dr</abbr>
                     <expan>Debtor</expan>
                  </choice></cell>
               <cell/>
               <cell/>
               <cell/>
               <cell/>
            </row>
            <row xml:id="p203_56">
               <cell/>
               <cell>To <measure commodity="apples" quantity="1" unit="parcel">parcel of
                     apples</measure> 3/</cell>
               <cell/>
               <cell><measure commodity="currency" quantity="50" unit="cents">50</measure></cell>
               <cell/>
               <cell/>
            </row>
            <row xml:id="p203_57">
               <cell/>
               <cell/>
               <cell/>
               <cell/>
               <cell/>
               <cell/>
            </row>
            <row xml:id="p203_58">
               <cell>settled</cell>
               <cell><name type="person" ref="pers_WCDH118">Wheaton Wheeler</name>
                  <choice rend="align(right)">
                     <abbr>Dr</abbr>
                     <expan>Debtor</expan>
                  </choice></cell>
               <cell/>
               <cell/>
               <cell/>
               <cell/>
            </row>
            <row xml:id="p203_59">
               <cell/>
               <cell>To <measure commodity="apples" quantity="2.25" unit="bushels">2 1/4 bushels
                     apples</measure> 2/</cell>
               <cell/>
               <cell><measure commodity="currency" quantity="75" unit="cents">75</measure></cell>
               <cell/>
               <cell/>
            </row>
            <row xml:id="p203_60">
               <cell/>
               <cell><date when="1847-11-15">15</date></cell>
               <cell/>
               <cell/>
               <cell/>
               <cell/>
            </row>
            <row xml:id="p203_61">
               <cell>settled</cell>
               <cell><name type="person" ref="pers_WCDH118">Wheaton Wheeler</name>
                  <choice rend="align(right)">
                     <abbr>Dr</abbr>
                     <expan>Debtor</expan>
                  </choice></cell>
               <cell/>
               <cell/>
               <cell/>
               <cell/>
            </row>
            <row xml:id="p203_62">
               <cell/>
               <cell>To <measure commodity="apples" quantity="1" unit="bushels">1 buss.</measure>
                  &amp; <measure commodity="apples" quantity="3" unit="peck">3 pecks
                     apples</measure> 4/6</cell>
               <cell><measure commodity="currency" quantity="1" unit="dollars">1</measure></cell>
               <cell><measure commodity="currency" quantity="30" unit="cents">30</measure></cell>
               <cell/>
               <cell/>
            </row>
            <row xml:id="p203_63">
               <cell/>
               <cell/>
               <cell/>
               <cell/>
               <cell/>
               <cell/>
            </row>
            <row xml:id="p203_64">
               <cell/>
               <cell/>
               <cell/>
               <cell/>
               <cell/>
               <cell/>
            </row>
         </table>
         <pb n="203"/>
         <fw type="pageNum">204</fw>
         <table xml:id="p204" cols="6">
            <head><date when="1847-11-16">November 16th 1847</date></head>
            <row xml:id="p204_01">
               <cell/>
               <cell/>
               <cell/>
               <cell/>
               <cell/>
               <cell/>
            </row>
            <row xml:id="p204_02">
               <cell>settled</cell>
               <cell><name type="person" ref="pers_WCDH118">Wheaton Wheeler</name>
                  <choice rend="align(right)">
                     <abbr>Dr</abbr>
                     <expan>Debtor</expan>
                  </choice></cell>
               <cell/>
               <cell/>
               <cell/>
               <cell/>
            </row>
            <row xml:id="p204_03">
               <cell/>
               <cell>To <measure commodity="potatoes" quantity="1" unit="bushels">1 bush. Chi.
                     Potatoes</measure> 6/</cell>
               <cell/>
               <cell><measure commodity="currency" quantity="50" unit="cents">50</measure></cell>
               <cell/>
               <cell/>
            </row>
            <row xml:id="p204_04">
               <cell/>
               <cell/>
               <cell/>
               <cell/>
               <cell/>
               <cell/>
            </row>
            <row xml:id="p204_05">
               <cell>See Bill</cell>
               <cell><name type="person" ref="v">Sarah Putnam</name>
                  <choice rend="align(right)">
                     <abbr>Dr</abbr>
                     <expan>Debtor</expan>
                  </choice></cell>
               <cell/>
               <cell/>
               <cell/>
               <cell/>
            </row>
            <row xml:id="p204_06">
               <cell/>
               <cell>To <measure commodity="potatoes" quantity="1" unit="bushels">1 bush. Chi.
                     potatoes</measure></cell>
               <cell/>
               <cell/>
               <cell/>
               <cell/>
            </row>
            <row xml:id="p204_07">
               <cell/>
               <cell/>
               <cell/>
               <cell/>
               <cell/>
               <cell/>
            </row>
            <row xml:id="p204_08">
               <cell/>
               <cell><date when="1847-11-17">17</date></cell>
               <cell/>
               <cell/>
               <cell/>
               <cell/>
            </row>
            <row xml:id="p204_09">
               <cell>529</cell>
               <cell><name type="person" ref="pers_WCDH269">Frank Dunaho</name>
                  <choice rend="align(right)">
                     <abbr>Dr</abbr>
                     <expan>Debtor</expan>
                  </choice></cell>
               <cell/>
               <cell/>
               <cell/>
               <cell/>
            </row>
            <row xml:id="p204_10">
               <cell/>
               <cell>To <measure commodity="corn" quantity=".5" unit="bushels">1/2 bush.
                     corn</measure> 6/-</cell>
               <cell/>
               <cell><measure commodity="currency" quantity="50" unit="cents">50</measure></cell>
               <cell/>
               <cell/>
            </row>
            <row xml:id="p204_11">
               <cell/>
               <cell>To <measure commodity="milk" quantity="34" unit="quarts">34 qts milk</measure>
                  <measure commodity="currency" quantity="4" unit="cents">4x</measure>-</cell>
               <cell><measure commodity="currency" quantity="1" unit="dollars">1</measure></cell>
               <cell><measure commodity="currency" quantity="36" unit="cents">36</measure></cell>
               <cell><measure commodity="currency" quantity="1" unit="dollars">1</measure></cell>
               <cell><measure commodity="currency" quantity="86" unit="cents">86</measure></cell>
            </row>
            <row xml:id="p204_12">
               <cell/>
               <cell/>
               <cell/>
               <cell/>
               <cell/>
               <cell/>
            </row>
            <row xml:id="p204_13">
               <cell>settled</cell>
               <cell><name type="person" ref="v">Rev. Wm. Burrows</name>
                  <choice rend="align(right)">
                     <abbr>D</abbr>
                     <expan>Debtor</expan>
                  </choice></cell>
               <cell/>
               <cell/>
               <cell/>
               <cell/>
            </row>
            <row xml:id="p204_14">
               <cell/>
               <cell>To <measure commodity="milk" quantity="39.5" unit="quarts">39 1/2 qts
                     milk</measure>
                  <measure commodity="currency" quantity="4" unit="cents">3(4)x</measure></cell>
               <cell><measure commodity="currency" quantity="1" unit="dollars">1</measure></cell>
               <cell><measure commodity="currency" quantity="19" unit="cents">19</measure></cell>
               <cell/>
               <cell/>
            </row>
            <row xml:id="p204_15">
               <cell/>
               <cell/>
               <cell/>
               <cell/>
               <cell/>
               <cell/>
            </row>
            <row xml:id="p204_16">
               <cell>529</cell>
               <cell><name type="person" ref="pers_WCDH269">Frank Dunaho</name>
                  <choice rend="align(right)">
                     <abbr>Cr</abbr>
                     <expan>Credit</expan>
                  </choice></cell>
               <cell/>
               <cell/>
               <cell/>
               <cell/>
            </row>
            <row xml:id="p204_17">
               <cell/>
               <cell>By overcharge on <measure commodity="milk" quantity="33.5" unit="quarts"
                     >milk</measure>
                  <measure commodity="currency" quantity="1.34" unit="dollars">1.34</measure></cell>
               <cell><measure commodity="currency" quantity="1" unit="dollars">1</measure></cell>
               <cell><measure commodity="currency" quantity="34" unit="cents">34</measure></cell>
               <cell/>
               <cell/>
            </row>
            <row xml:id="p204_18">
               <cell/>
               <cell><date when="1847-11-18">18</date></cell>
               <cell/>
               <cell/>
               <cell/>
               <cell/>
            </row>
            <row xml:id="p204_19">
               <cell>settled</cell>
               <cell><name type="person" ref="pers_WCDH601">Wm. Sweet</name>
                  <choice rend="align(right)">
                     <abbr>D</abbr>
                     <expan>Debtor</expan>
                  </choice></cell>
               <cell/>
               <cell/>
               <cell/>
               <cell/>
            </row>
            <row xml:id="p204_20">
               <cell/>
               <cell>To <measure commodity="beans" quantity="1" unit="peck">1 peck white beens</measure></cell>
               <cell/>
               <cell><measure commodity="currency" quantity="44" unit="cents">44</measure></cell>
               <cell/>
               <cell/>
            </row>
            <row xml:id="p204_21">
               <cell/>
               <cell><date when="1847-11-19">19</date></cell>
               <cell/>
               <cell/>
               <cell/>
               <cell/>
            </row>
            <row xml:id="p204_22">
               <cell>settled</cell>
               <cell><name type="person" ref="pers_WCDH118">Wheaton Wheeler</name>
                  <choice rend="align(right)">
                     <abbr>D</abbr>
                     <expan>Debtor</expan>
                  </choice></cell>
               <cell/>
               <cell/>
               <cell/>
               <cell/>
            </row>
            <row xml:id="p204_23">
               <cell/>
               <cell>To <name type="account" ref="LMWcash">cash</name> <measure commodity="currency" quantity="5" unit="dollars">five
                     dollars</measure></cell>
               <cell><measure commodity="currency" quantity="5" unit="dollars">5</measure></cell>
               <cell><measure commodity="currency" quantity="00" unit="cents">00</measure></cell>
               <cell/>
               <cell/>
            </row>
            <row xml:id="p204_24">
               <cell/>
               <cell><date when="1847-11-26">26</date></cell>
               <cell/>
               <cell/>
               <cell/>
               <cell/>
            </row>
            <row xml:id="p204_25">
               <cell>See Bill</cell>
               <cell><name type="person" ref="v">Sarah Putnam</name>
                  <choice rend="align(right)">
                     <abbr>D</abbr>
                     <expan>Debtor</expan>
                  </choice></cell>
               <cell/>
               <cell/>
               <cell/>
               <cell/>
            </row>
            <row xml:id="p204_26">
               <cell/>
               <cell>To <measure commodity="potatoes" quantity="1" unit="peck">1 peck potatoes</measure> 6/</cell>
               <cell/>
               <cell><measure commodity="currency" quantity="25" unit="cents">25</measure></cell>
               <cell/>
               <cell/>
            </row>
            <row xml:id="p204_27">
               <cell/>
               <cell><date when="1847-11-27">27</date></cell>
               <cell/>
               <cell/>
               <cell/>
               <cell/>
            </row>
            <row xml:id="p204_28">
               <cell>512</cell>
               <cell><name type="person" ref="pers_WCDH190">Geo. W. Braman</name>
                  <choice rend="align(right)">
                     <abbr>Dr</abbr>
                     <expan>Debtor</expan>
                  </choice></cell>
               <cell/>
               <cell/>
               <cell/>
               <cell/>
            </row>
            <row xml:id="p204_29">
               <cell/>
               <cell>To <measure commodity="lumber" quantity="22.5" unit="feet">22 1/2 ft oak wood</measure> <measure commodity="currency" quantity="4.5"
                     unit="dollars">4.50x</measure></cell>
               <cell><measure commodity="currency" quantity="12" unit="dollars">12</measure></cell>
               <cell><measure commodity="currency" quantity="65" unit="cents">65</measure></cell>
               <cell/>
               <cell/>
            </row>
            <row xml:id="p204_30">
               <cell/>
               <cell/>
               <cell/>
               <cell/>
               <cell/>
               <cell/>
            </row>
            <row xml:id="p204_31">
               <cell>529</cell>
               <cell><name type="person" ref="pers_WCDH269">Frank Dunaho</name>
                  <choice rend="align(right)">
                     <abbr/>
                     <expan/>
                  </choice></cell>
               <cell/>
               <cell/>
               <cell/>
               <cell/>
            </row>
            <row xml:id="p204_32">
               <cell/>
               <cell>To <measure commodity="lumber" quantity="1" unit="load">1 load hardwood</measure></cell>
               <cell><measure commodity="currency" quantity="4" unit="dollars">4</measure></cell>
               <cell><measure commodity="currency" quantity="25" unit="cents">25</measure></cell>
               <cell/>
               <cell/>
            </row>
            <row xml:id="p204_33">
               <cell/>
               <cell/>
               <cell/>
               <cell/>
               <cell/>
               <cell/>
            </row>
            <row xml:id="p204_34">
               <cell>settled</cell>
               <cell><name type="person" ref="pers_WCDH118">Wheaton Wheeler</name>
                  <choice rend="align(right)">
                     <abbr>D</abbr>
                     <expan>debtor</expan>
                  </choice></cell>
               <cell/>
               <cell/>
               <cell/>
               <cell/>
            </row>
            <row xml:id="p204_35">
               <cell/>
               <cell>To <measure commodity="lumber" quantity="2" unit="load">2 load pine ?ss</measure></cell>
               <cell><measure commodity="currency" quantity="1" unit="dollars">1</measure></cell>
               <cell><measure commodity="currency" quantity="50" unit="cents">50</measure></cell>
               <cell/>
               <cell/>
            </row>
            <row xml:id="p204_36">
               <cell/>
               <cell/>
               <cell/>
               <cell/>
               <cell/>
               <cell/>
            </row>
            <row xml:id="p204_37">
               <cell>529</cell>
               <cell><name type="person" ref="pers_WCDH269">Frank Dunaho</name>
                  <choice rend="align(right)">
                     <abbr>D</abbr>
                     <expan>debtor</expan>
                  </choice></cell>
               <cell/>
               <cell/>
               <cell/>
               <cell/>
            </row>
            <row xml:id="p204_38">
               <cell/>
               <cell>To <name type="account" ref="LMWcash">cash</name> <measure commodity="currency" quantity="15" unit="dollars">fifteen
                     dollars</measure></cell>
               <cell><measure commodity="currency" quantity="15" unit="dollars">15</measure></cell>
               <cell><measure commodity="currency" quantity="00" unit="cents">00</measure></cell>
               <cell/>
               <cell/>
            </row>
            <row xml:id="p204_39">
               <cell/>
               <cell/>
               <cell/>
               <cell/>
               <cell/>
               <cell/>
            </row>
            <row xml:id="p204_40">
               <cell/>
               <cell><date when="1847-12-06">December 6.</date></cell>
               <cell/>
               <cell/>
               <cell/>
               <cell/>
            </row>
            <row xml:id="p204_41">
               <cell>See Bill</cell>
               <cell><name type="person" ref="v">Sarah Putnam</name>
                  <choice rend="align(right)">
                     <abbr>D</abbr>
                     <expan>debtor</expan>
                  </choice></cell>
               <cell/>
               <cell/>
               <cell/>
               <cell/>
            </row>
            <row xml:id="p204_42">
               <cell/>
               <cell>To <measure commodity="potatoes" quantity="1" unit="peck">1 peck potatoes</measure> 6/</cell>
               <cell/>
               <cell><measure commodity="currency" quantity="25" unit="cents">25</measure></cell>
               <cell/>
               <cell/>
            </row>
            <row xml:id="p204_43">
               <cell/>
               <cell/>
               <cell/>
               <cell/>
               <cell/>
               <cell/>
            </row>
            <row xml:id="p204_44">
               <cell>529</cell>
               <cell><name type="person" ref="pers_WCDH269">Frank Dunaho</name>
                  <choice rend="align(right)">
                     <abbr>D</abbr>
                     <expan>debtor</expan>
                  </choice></cell>
               <cell/>
               <cell/>
               <cell/>
               <cell/>
            </row>
            <row xml:id="p204_45">
               <cell/>
               <cell>To paying ? mts milk</cell>
               <cell><measure commodity="currency" quantity="16" unit="dollars">16</measure></cell>
               <cell><measure commodity="currency" quantity="28" unit="cents">28</measure></cell>
               <cell/>
               <cell/>
            </row>
            <row xml:id="p204_46">
               <cell/>
               <cell><date when="1847-12-13">13</date></cell>
               <cell/>
               <cell/>
               <cell/>
               <cell/>
            </row>
            <row xml:id="p204_47">
               <cell>510</cell>
               <cell><name type="person" ref="pers_WCDH488">Caty Nolen</name>
                  <choice rend="align(right)">
                     <abbr>Dr</abbr>
                     <expan>debtor</expan>
                  </choice></cell>
               <cell/>
               <cell/>
               <cell/>
               <cell/>
            </row>
            <row xml:id="p204_48">
               <cell/>
               <cell>To <measure commodity="cotton" quantity="12" unit="yards">12 yds fine cotton</measure> <measure commodity="currency" quantity="10" unit="cents"
                     >10x</measure></cell>
               <cell><measure commodity="currency" quantity="1" unit="dollars">1</measure></cell>
               <cell><measure commodity="currency" quantity="20" unit="cents">20</measure></cell>
               <cell/>
               <cell/>
            </row>
            <row xml:id="p204_49">
               <cell/>
               <cell/>
               <cell/>
               <cell/>
               <cell/>
               <cell/>
            </row>
            <row xml:id="p204_50">
               <cell>See Bill (covered by) settled</cell>
               <cell><name type="person" ref="v">Sarah Putnam</name>
                  <choice rend="align(right)">
                     <abbr>Dr</abbr>
                     <expan>debtor</expan>
                  </choice></cell>
               <cell/>
               <cell/>
               <cell/>
               <cell/>
            </row>
            <row xml:id="p204_51">
               <cell/>
               <cell>To <measure commodity="beef" quantity="64" unit="lbs">64 lbs beef</measure> <measure commodity="currency" quantity="7" unit="dollars"
                     >$7.00</measure></cell>
               <cell><measure commodity="currency" quantity="4" unit="dollars">4</measure></cell>
               <cell><measure commodity="currency" quantity="48" unit="cents">48</measure></cell>
               <cell/>
               <cell/>
            </row>
            <row xml:id="p204_52">
               <cell/>
               <cell/>
               <cell/>
               <cell/>
               <cell/>
               <cell/>
            </row>
            <row xml:id="p204_53">
               <cell>532</cell>
               <cell><name type="person" ref="pers_WCDH705">Thomas Young</name>
                  <choice rend="align(right)">
                     <abbr>Dr</abbr>
                     <expan>debtor</expan>
                  </choice></cell>
               <cell/>
               <cell/>
               <cell/>
               <cell/>
            </row>
            <row xml:id="p204_54">
               <cell/>
               <cell>To <measure commodity="beef" quantity="64" unit="lbs">64 lbs beef</measure> <measure commodity="currency" quantity="7" unit="dollars"
                     >$7.00</measure></cell>
               <cell><measure commodity="currency" quantity="4" unit="dollars">4</measure></cell>
               <cell><measure commodity="currency" quantity="48" unit="cents">48</measure></cell>
               <cell/>
               <cell/>
            </row>
            <row xml:id="p204_55">
               <cell/>
               <cell/>
               <cell/>
               <cell/>
               <cell/>
               <cell/>
            </row>
            <row xml:id="p204_56">
               <cell>settled</cell>
               <cell><name type="person" ref="pers_WCDH514">Lm. Perry</name>
                  <choice rend="align(right)">
                     <abbr>Dr</abbr>
                     <expan>debtor</expan>
                  </choice></cell>
               <cell/>
               <cell/>
               <cell/>
               <cell/>
            </row>
            <row xml:id="p204_57">
               <cell/>
               <cell>To <measure commodity="beef" quantity="78" unit="lbs">78 lbs beef</measure> 6 1/2</cell>
               <cell><measure commodity="currency" quantity="5" unit="dollars">5</measure></cell>
               <cell><measure commodity="currency" quantity="07" unit="cents">07</measure></cell>
               <cell/>
               <cell/>
            </row>
            <row xml:id="p204_58">
               <cell/>
               <cell/>
               <cell><measure commodity="currency" quantity="1" unit="dollars">1</measure></cell>
               <cell><measure commodity="currency" quantity="35" unit="cents">35</measure></cell>
               <cell/>
               <cell/>
            </row>
            <row xml:id="p204_59">
               <cell>settled</cell>
               <cell><name type="person" ref="pers_WCDH601">Wm. Sweet</name>
                  <choice rend="align(right)">
                     <abbr>Dr</abbr>
                     <expan>debtor</expan>
                  </choice></cell>
               <cell/>
               <cell/>
               <cell/>
               <cell/>
            </row>
            <row xml:id="p204_60">
               <cell/>
               <cell>To taxes</cell>
               <cell><measure commodity="currency" quantity="2" unit="dollars">2</measure></cell>
               <cell><measure commodity="currency" quantity="16" unit="cents">16</measure></cell>
               <cell><measure commodity="currency" quantity="3" unit="dollars">3</measure></cell>
               <cell><measure commodity="currency" quantity="51" unit="cents">51</measure></cell>
            </row>
            <row xml:id="p204_61">
               <cell/>
               <cell><date when="1847-12-14">14</date></cell>
               <cell/>
               <cell/>
               <cell/>
               <cell/>
            </row>
            <row xml:id="p204_62">
               <cell>settled</cell>
               <cell><name type="person" ref="pers_WCDH702">Wm. Wrigley</name>
                  <choice rend="align(right)">
                     <abbr>D</abbr>
                     <expan>debtor</expan>
                  </choice></cell>
               <cell/>
               <cell/>
               <cell/>
               <cell/>
            </row>
            <row xml:id="p204_63">
               <cell/>
               <cell>To <name type="account" ref="LMWcash">cash</name> <measure commodity="currency" quantity="20" unit="dollars">twenty
                     dollars</measure></cell>
               <cell><measure commodity="currency" quantity="20" unit="dollars">20</measure></cell>
               <cell><measure commodity="currency" quantity="00" unit="cents">00</measure></cell>
               <cell/>
               <cell/>
            </row>
            <row xml:id="p204_64">
               <cell/>
               <cell/>
               <cell/>
               <cell/>
               <cell/>
               <cell/>
            </row>
         </table>
      </body>
   </text>
</TEI>
