<TEI xmlns="http://www.tei-c.org/ns/1.0">
   <teiHeader>
      <fileDesc>
         <titleStmt>
            <title>LMW Day Book, pp. 195-196</title>
            <author>L.M. Wheaton</author>
         </titleStmt>
         <publicationStmt>
            <p>Indication of work done and date, Wheaton College</p>
         </publicationStmt>
         <sourceDesc>
            <biblFull>
               <titleStmt>
                  <title>Account Books, pp.195-196</title>
                  <author>L.M. Wheaton</author>
                  <respStmt>
                     <resp> TEI-compatible XML markup by <name type="person">Alyssa Russell</name>
                        with corrections by <name type="person">Name</name>, <name type="person"
                           >Name</name>, and <name type="person">Name</name>.</resp>
                     <name type="person">Name</name>
                  </respStmt>
               </titleStmt>
               <publicationStmt>
                  <p>Indication of work done and date, Wheaton College</p>
               </publicationStmt>
               <sourceDesc>
                  <p> From the Marion B. Gebbie Archives and Special Collections at the Madeleine
                     Clark Wallace Library, Wheaton College </p>
               </sourceDesc>
            </biblFull>
         </sourceDesc>
      </fileDesc>
   </teiHeader>
   <text>
      <body>
         <pb n="195"/>
         <fw type="pageNum">195</fw>
         <table xml:id="p195" cols="6">
            <head>Wednesday <date when="1846-07-15">July 15th 1846</date></head>
            <row xml:id="p195_01">
               <cell/>
               <cell/>
               <cell>&#36;</cell>
               <cell>cts</cell>
               <cell/>
               <cell/>
            </row>
            <row xml:id="p195_02">
               <cell>Paid</cell>
               <cell><name type="person" ref="pers_WCDH181">Sumner Blandin
               </name>
               </cell>
               <cell/>
               <cell/>
               <cell/>
               <cell/>
            </row>
            <row xml:id="p195_03">
               <cell/>
               <cell>To ? ? of a farm when done</cell>
               <cell><measure commodity="currency" quantity="130" unit="dollars">130</measure></cell>
               <cell><measure commodity="currency" quantity="00" unit="cents">00-</measure></cell>
               <cell/>
               <cell/>
            </row>
            <row xml:id="p195_04">
               <cell/>
               <cell><measure commodity="currency" quantity="130" unit="dollars">One hundred and
                     thirty dollars</measure></cell>
               <cell/>
               <cell/>
               <cell/>
               <cell/>
            </row>
            <row xml:id="p195_05">
               <cell/>
               <cell><choice rend="align(right)">
                     <abbr>Dr</abbr>
                     <expan>debtor</expan>
                  </choice></cell>
               <cell/>
               <cell/>
               <cell/>
               <cell/>
            </row>
            <row xml:id="p195_06">
               <cell>settled</cell>
               <cell>To <name type="account" ref="LMWcash">cash</name> <measure commodity="currency" quantity="10" unit="dollars">ten
                     dollars</measure></cell>
               <cell><measure commodity="currency" quantity="10" unit="dollars">10</measure></cell>
               <cell><measure commodity="currency" quantity="00" unit="cents">00</measure></cell>
               <cell/>
               <cell/>
            </row>
            <row xml:id="p195_07">
               <cell/>
               <cell><date when="1846-07-16">16</date></cell>
               <cell/>
               <cell/>
               <cell/>
               <cell/>
            </row>
            <row xml:id="p195_08">
               <cell>529</cell>
               <cell><name type="person" ref="pers_WCDH269">Frank Dunahoe</name>
                  <choice rend="align(right)">
                     <abbr>Dr</abbr>
                     <expan>debtor</expan>
                  </choice></cell>
               <cell/>
               <cell/>
               <cell/>
               <cell/>
            </row>
            <row xml:id="p195_09">
               <cell/>
               <cell>To <measure commodity="butter" quantity="2.10" unit="lbs">2lbs 10oz.
                     butter</measure>
                  <measure commodity="currency" quantity="16" unit="cents">16x-</measure></cell>
               <cell/>
               <cell><measure commodity="currency" quantity="41" unit="cents">41</measure></cell>
               <cell/>
               <cell/>
            </row>
            <row xml:id="p195_10">
               <cell/>
               <cell><date when="1846-08-03">August. 3rd</date></cell>
               <cell/>
               <cell/>
               <cell/>
               <cell/>
            </row>
            <row xml:id="p195_11">
               <cell>529</cell>
               <cell><name type="person" ref="pers_WCDH269">Frank Dunahoe</name>
                  <choice rend="align(right)">
                     <abbr>D</abbr>
                     <expan>debtor</expan>
                  </choice></cell>
               <cell/>
               <cell/>
               <cell/>
               <cell/>
            </row>
            <row xml:id="p195_12">
               <cell/>
               <cell>To <name type="account" ref="LMWcash">cash</name> <measure commodity="currency" quantity="10" unit="dollars">ten
                     dollars</measure></cell>
               <cell><measure commodity="currency" quantity="10" unit="dollars">10</measure></cell>
               <cell><measure commodity="currency" quantity="00" unit="cents">00</measure></cell>
               <cell/>
               <cell/>
            </row>
            <row xml:id="p195_13">
               <cell/>
               <cell><date when="1846-08-03">"</date></cell>
               <cell/>
               <cell/>
               <cell/>
               <cell/>
            </row>
            <row xml:id="p195_14">
               <cell>Settled</cell>
               <cell/>
               <cell/>
               <cell/>
               <cell/>
               <cell/>
            </row>
            <row xml:id="p195_15">
               <cell/>
               <cell><name type="person" ref="pers_WCDH658">George White Jr.</name>
                  <choice rend="align(right)">
                     <abbr>Dr</abbr>
                     <expan>debtor</expan>
                  </choice></cell>
               <cell/>
               <cell/>
               <cell/>
               <cell/>
            </row>
            <row xml:id="p195_16">
               <cell/>
               <cell>To <measure commodity="cheese" quantity="6.5" unit="lbs">6 1/2 lbs sage
                     cheese</measure>
                  <measure commodity="currency" quantity="8" unit="cents">8cts</measure></cell>
               <cell/>
               <cell><measure commodity="currency" quantity="50" unit="cents">50</measure></cell>
               <cell/>
               <cell/>
            </row>
            <row xml:id="p195_17">
               <cell/>
               <cell><date when="1846-08-03">3</date></cell>
               <cell/>
               <cell/>
               <cell/>
               <cell/>
            </row>
            <row xml:id="p195_18">
               <cell/>
               <cell><name type="person" ref="pers_WCDH190">Geo. W Braman</name>
                  <choice rend="align(right)">
                     <abbr>D</abbr>
                     <expan>debtor</expan>
                  </choice></cell>
               <cell/>
               <cell/>
               <cell/>
               <cell/>
            </row>
            <row xml:id="p195_19">
               <cell/>
               <cell>To <name type="account" ref="LMWcash">cash</name> as pr. receipt</cell>
               <cell><measure commodity="currency" quantity="300" unit="dollars"
                  >300</measure></cell>
               <cell><measure commodity="currency" quantity="00" unit="cents">00</measure></cell>
               <cell/>
               <cell/>
            </row>
            <row xml:id="p195_20">
               <cell/>
               <cell/>
               <cell/>
               <cell/>
               <cell/>
               <cell/>
            </row>
            <row xml:id="p195_21">
               <cell>Paid</cell>
               <cell><name type="person" ref="pers_WCDH118">Wheaton Wheeler</name>
                  <choice rend="align(right)">
                     <abbr>D</abbr>
                     <expan>debtor</expan>
                  </choice></cell>
               <cell/>
               <cell/>
               <cell/>
               <cell/>
            </row>
            <row xml:id="p195_22">
               <cell/>
               <cell>To <measure commodity="corn" quantity="1" unit="bushels">1 buss. corn</measure>
                  6/</cell>
               <cell><measure commodity="currency" quantity="1" unit="dollars">1</measure></cell>
               <cell><measure commodity="currency" quantity="00" unit="cents">00</measure></cell>
               <cell/>
               <cell/>
            </row>
            <row xml:id="p195_23">
               <cell/>
               <cell>" <name type="account" ref="LMWcash">cash</name> <measure commodity="currency" quantity="10" unit="dollars">ten
                     dollars</measure></cell>
               <cell><measure commodity="currency" quantity="10" unit="dollars">10</measure></cell>
               <cell><measure commodity="currency" quantity="00" unit="cents">00</measure></cell>
               <cell/>
               <cell/>
            </row>
            <row xml:id="p195_24">
               <cell/>
               <cell><date when="1846-08-25">25</date></cell>
               <cell/>
               <cell/>
               <cell/>
               <cell/>
            </row>
            <row xml:id="p195_25">
               <cell>76</cell>
               <cell><name type="person" ref="pers_WCDH475">James O. Messenger</name>
                  <choice rend="align(right)">
                     <abbr>D</abbr>
                     <expan>debtor</expan>
                  </choice></cell>
               <cell/>
               <cell/>
               <cell/>
               <cell/>
            </row>
            <row xml:id="p195_26">
               <cell/>
               <cell>To <name type="account" ref="LMWcash">cash</name></cell>
               <cell><measure commodity="currency" quantity="50" unit="dollars">50</measure></cell>
               <cell><measure commodity="currency" quantity="00" unit="cents">00</measure></cell>
               <cell/>
               <cell/>
            </row>
            <row xml:id="p195_27">
               <cell/>
               <cell><date when="1846-08-27">27</date></cell>
               <cell/>
               <cell/>
               <cell/>
               <cell/>
            </row>
            <row xml:id="p195_28">
               <cell/>
               <cell/>
               <cell/>
               <cell/>
               <cell/>
               <cell/>
            </row>
            <row xml:id="p195_29">
               <cell>159</cell>
               <cell><name type="person" ref="pers_WCDH244">William Cooper</name>
                  <choice rend="align(right)">
                     <abbr>D</abbr>
                     <expan>debtor</expan>
                  </choice></cell>
               <cell/>
               <cell/>
               <cell/>
               <cell/>
            </row>
            <row xml:id="p195_30">
               <cell/>
               <cell>To <name type="account" ref="LMWcash">cash</name> <measure commodity="currency" quantity="20" unit="dollars">twenty
                     dollars</measure></cell>
               <cell><measure commodity="currency" quantity="20" unit="dollars">20</measure></cell>
               <cell><measure commodity="currency" quantity="00" unit="cents">00</measure></cell>
               <cell/>
               <cell/>
            </row>
            <row xml:id="p195_31">
               <cell/>
               <cell><date when="1846-09-03">Sept. 3</date></cell>
               <cell/>
               <cell/>
               <cell/>
               <cell/>
            </row>
            <row xml:id="p195_32">
               <cell>Settled</cell>
               <cell><name type="person" ref="pers_WCDH181">Sumner Blandin</name>
                  <choice rend="align(right)">
                     <abbr>D</abbr>
                     <expan>debtor</expan>
                  </choice></cell>
               <cell/>
               <cell/>
               <cell/>
               <cell/>
            </row>
            <row xml:id="p195_33">
               <cell/>
               <cell>To check on bank</cell>
               <cell><measure commodity="currency" quantity="50" unit="dollars">50</measure></cell>
               <cell><measure commodity="currency" quantity="00" unit="cents">00</measure></cell>
               <cell/>
               <cell/>
            </row>
            <row xml:id="p195_34">
               <cell/>
               <cell><date when="1846-09-23">23</date></cell>
               <cell/>
               <cell/>
               <cell/>
               <cell/>
            </row>
            <row xml:id="p195_35">
               <cell>529</cell>
               <cell><name type="person" ref="pers_WCDH269">Frank Dunahoe</name>
                  <choice rend="align(right)">
                     <abbr>Dr</abbr>
                     <expan>debtor</expan>
                  </choice></cell>
               <cell/>
               <cell/>
               <cell/>
               <cell/>
            </row>
            <row xml:id="p195_36">
               <cell/>
               <cell>To <name type="account" ref="LMWcash">cash</name> 18/</cell>
               <cell><measure commodity="currency" quantity="3" unit="dollars">3</measure></cell>
               <cell><measure commodity="currency" quantity="00" unit="cents">00</measure></cell>
               <cell/>
               <cell/>
            </row>
            <row xml:id="p195_37">
               <cell/>
               <cell><date when="1846-09-28">28</date></cell>
               <cell/>
               <cell/>
               <cell/>
               <cell/>
            </row>
            <row xml:id="p195_38">
               <cell>527</cell>
               <cell><name type="person" ref="pers_WCDH619">Geo. W. Townsend</name>
                  <choice rend="align(right)">
                     <abbr>D</abbr>
                     <expan>debtor</expan>
                  </choice></cell>
               <cell/>
               <cell/>
               <cell/>
               <cell/>
            </row>
            <row xml:id="p195_39">
               <cell/>
               <cell>To <measure commodity="corn" quantity="1" unit="bushels">1 buss. corn</measure>
                  6/</cell>
               <cell><measure commodity="currency" quantity="1" unit="dollars">1</measure></cell>
               <cell><measure commodity="currency" quantity="00" unit="cents">00</measure></cell>
               <cell/>
               <cell/>
            </row>
            <row xml:id="p195_40">
               <cell/>
               <cell><date when="1846-09-29">29</date></cell>
               <cell/>
               <cell/>
               <cell/>
               <cell/>
            </row>
            <row xml:id="p195_41">
               <cell>159</cell>
               <cell><name type="person" ref="pers_WCDH244">William Cooper</name>
                  <choice rend="align(right)">
                     <abbr>D</abbr>
                     <expan>debtor</expan>
                  </choice></cell>
               <cell/>
               <cell/>
               <cell/>
               <cell/>
            </row>
            <row xml:id="p195_42">
               <cell/>
               <cell>To Frankiln Store <measure commodity="currency" quantity="150" unit="dollars"
                     >&#36; 150</measure></cell>
               <cell><measure commodity="currency" quantity="150" unit="dollars"
                  >150</measure></cell>
               <cell><measure commodity="currency" quantity="00" unit="cents">00</measure></cell>
               <cell/>
               <cell/>
            </row>
            <row xml:id="p195_43">
               <cell/>
               <cell/>
               <cell/>
               <cell/>
               <cell/>
               <cell/>
            </row>
            <row xml:id="p195_44">
               <cell>See Bill</cell>
               <cell><name type="person" ref="pers_WCDH181">S(struck through) Blandin</name>
                  <choice rend="align(right)">
                     <abbr>D</abbr>
                     <expan>debtor</expan>
                  </choice></cell>
               <cell/>
               <cell/>
               <cell/>
               <cell/>
            </row>
            <row xml:id="p195_45">
               <cell/>
               <cell>To Franklin Store</cell>
               <cell><measure commodity="currency" quantity="1" unit="dollars">1</measure></cell>
               <cell><measure commodity="currency" quantity="00" unit="cents">00</measure></cell>
               <cell/>
               <cell/>
            </row>
            <row xml:id="p195_46">
               <cell/>
               <cell><date when="1846-10-02">Oct. 2</date></cell>
               <cell/>
               <cell/>
               <cell/>
               <cell/>
            </row>
            <row xml:id="p195_47">
               <cell>527</cell>
               <cell><name type="person" ref="pers_WCDH619">George W. Townsend</name>
                  <choice rend="align(right)">
                     <abbr>D</abbr>
                     <expan>debtor</expan>
                  </choice></cell>
               <cell/>
               <cell/>
               <cell/>
               <cell/>
            </row>
            <row xml:id="p195_48">
               <cell/>
               <cell>To <measure commodity="coal" quantity="1" unit="count">coal</measure>
                  <measure commodity="rod" quantity="1" unit="count">rod</measure>
                  <measure commodity="shovel" quantity="1" unit="count">shovel</measure>, &amp;
                     <measure commodity="stove knee" quantity="1" unit="count">stove
                  knee</measure></cell>
               <cell/>
               <cell><measure commodity="currency" quantity="75" unit="cents">75</measure></cell>
               <cell/>
               <cell/>
            </row>
            <row xml:id="p195_49">
               <cell/>
               <cell/>
               <cell/>
               <cell/>
               <cell/>
               <cell/>
            </row>
            <row xml:id="p195_50">
               <cell>Paid</cell>
               <cell><name type="person" ref="pers_WCDH498">Henry M. Paine</name>
                  <choice rend="align(right)">
                     <abbr>D</abbr>
                     <expan>debtor</expan>
                  </choice></cell>
               <cell/>
               <cell/>
               <cell/>
               <cell/>
            </row>
            <row xml:id="p195_51">
               <cell/>
               <cell>To <name type="account" ref="LMWcash">cash</name> lent on a note given up to him</cell>
               <cell><measure commodity="currency" quantity="20" unit="dollars">20</measure></cell>
               <cell><measure commodity="currency" quantity="00" unit="cents">00</measure></cell>
               <cell/>
               <cell/>
            </row>
            <row xml:id="p195_52">
               <cell/>
               <cell><date when="1846-10-10">10</date></cell>
               <cell/>
               <cell/>
               <cell/>
               <cell/>
            </row>
            <row xml:id="p195_53">
               <cell>529</cell>
               <cell><name type="person" ref="pers_WCDH269">Frank Dunahoe</name>
                  <choice rend="align(right)">
                     <abbr>D</abbr>
                     <expan>debtor</expan>
                  </choice></cell>
               <cell/>
               <cell/>
               <cell/>
               <cell/>
            </row>
            <row xml:id="p195_54">
               <cell/>
               <cell>To <name type="account" ref="LMWcash">cash</name> <measure commodity="currency" quantity="6" unit="dollars">six
                     dollars-</measure></cell>
               <cell><measure commodity="currency" quantity="6" unit="dollars">6</measure></cell>
               <cell><measure commodity="currency" quantity="00" unit="cents">00</measure></cell>
               <cell/>
               <cell/>
            </row>
            <row xml:id="p195_55">
               <cell/>
               <cell><date when="1846-10-16">16</date></cell>
               <cell/>
               <cell/>
               <cell/>
               <cell/>
            </row>
            <row xml:id="p195_56">
               <cell>Paid</cell>
               <cell><name type="person" ref="persons.xml#WCDH633">Lydia Bradstreet</name>
                  <choice rend="align(right)">
                     <abbr>Dr</abbr>
                     <expan>debtor</expan>
                  </choice></cell>
               <cell/>
               <cell/>
               <cell/>
               <cell/>
            </row>
            <row xml:id="p195_57">
               <cell/>
               <cell>To <measure commodity="potatoes" quantity="20" unit="bushels">twenty buss.
                     potatoes</measure> 2/6</cell>
               <cell><measure commodity="currency" quantity="8" unit="dollars">8</measure></cell>
               <cell><measure commodity="currency" quantity="33" unit="cents">33</measure></cell>
               <cell/>
               <cell/>
            </row>
            <row xml:id="p195_58">
               <cell/>
               <cell/>
               <cell/>
               <cell/>
               <cell/>
               <cell/>
            </row>
            <row xml:id="p195_59">
               <cell>159</cell>
               <cell><name type="person" ref="pers_WCDH244">William Cooper</name>
                  <choice rend="align(right)">
                     <abbr>Dr</abbr>
                     <expan>debtor</expan>
                  </choice></cell>
               <cell/>
               <cell/>
               <cell/>
               <cell/>
            </row>
            <row xml:id="p195_60">
               <cell/>
               <cell>To <measure commodity="potatoes" quantity="10" unit="bushels">ten buss.
                     potatoes</measure> 2/6</cell>
               <cell><measure commodity="currency" quantity="4" unit="dollars">4</measure></cell>
               <cell><measure commodity="currency" quantity="17" unit="cents">17</measure></cell>
               <cell/>
               <cell/>
            </row>
            <row xml:id="p195_61">
               <cell/>
               <cell><date when="1846-10-27">27</date></cell>
               <cell/>
               <cell/>
               <cell/>
               <cell/>
            </row>
            <row xml:id="p195_62">
               <cell>159</cell>
               <cell><name type="person" ref="pers_WCDH244">William Cooper</name>
                  <choice rend="align(right)">
                     <abbr>D</abbr>
                     <expan>debtor</expan>
                  </choice></cell>
               <cell/>
               <cell/>
               <cell/>
               <cell/>
            </row>
            <row xml:id="p195_63">
               <cell/>
               <cell>To <name type="account" ref="LMWcash">cash</name></cell>
               <cell><measure commodity="currency" quantity="20" unit="dollars">20</measure></cell>
               <cell><measure commodity="currency" quantity="00" unit="cents">00</measure></cell>
               <cell/>
               <cell/>
            </row>
            <row xml:id="p195_64">
               <cell/>
               <cell>" order on to Howard</cell>
               <cell><measure commodity="currency" quantity="20" unit="dollars">20</measure></cell>
               <cell><measure commodity="currency" quantity="00" unit="cents">00</measure></cell>
               <cell><measure commodity="currency" quantity="40" unit="dollars">40</measure></cell>
               <cell><measure commodity="currency" quantity="00" unit="cents">00</measure></cell>
            </row>
         </table>
         <pb n="196"/>
         <fw type="pageNum">196</fw>
         <table xml:id="p196" cols="6">
            <head>Wednesday <date when="1846-10-28">Oct. 28th 1846</date></head>
            <row xml:id="p196_01">
               <cell/>
               <cell/>
               <cell>&#36;</cell>
               <cell>cts</cell>
               <cell>&#36;</cell>
               <cell>cts</cell>
            </row>
            <row xml:id="p196_02">
               <cell/>
               <cell><name type="person" ref="pers_WCDH118">Wheaton Wheeler</name>
                  <choice rend="align(right)">
                     <abbr>Dr</abbr>
                     <expan>debtor</expan>
                  </choice></cell>
               <cell/>
               <cell/>
               <cell/>
               <cell/>
            </row>
            <row xml:id="p196_03">
               <cell/>
               <cell>To <measure commodity="potatoes" quantity="3" unit="bushels">three buss.
                     potatoes</measure> 2/6</cell>
               <cell><measure commodity="currency" quantity="1" unit="dollars">1</measure></cell>
               <cell><measure commodity="currency" quantity="25" unit="cents">25</measure></cell>
               <cell/>
               <cell/>
            </row>
            <row xml:id="p196_04">
               <cell/>
               <cell/>
               <cell/>
               <cell/>
               <cell/>
               <cell/>
            </row>
            <row xml:id="p196_05">
               <cell>529</cell>
               <cell><name type="person" ref="pers_WCDH269">Frank Dunahoe</name>
                  <choice rend="align(right)">
                     <abbr>D</abbr>
                     <expan>debtor</expan>
                  </choice></cell>
               <cell/>
               <cell/>
               <cell/>
               <cell/>
            </row>
            <row xml:id="p196_06">
               <cell/>
               <cell>To <measure commodity="potatoes" quantity="10" unit="bushels">ten buss.
                     potatoes</measure> 2/6</cell>
               <cell><measure commodity="currency" quantity="4" unit="dollars">4</measure></cell>
               <cell><measure commodity="currency" quantity="17" unit="cents">17</measure></cell>
               <cell/>
               <cell/>
            </row>
            <row xml:id="p196_07">
               <cell/>
               <cell><date when="1846-10-29">29</date></cell>
               <cell/>
               <cell/>
               <cell/>
               <cell/>
            </row>
            <row xml:id="p196_08">
               <cell>lent ???</cell>
               <cell><name type="person" ref="pers_WCDH374">Martin Hubbard</name>
                  <choice rend="align(right)">
                     <abbr>Dr</abbr>
                     <expan>debtor</expan>
                  </choice></cell>
               <cell/>
               <cell/>
               <cell/>
               <cell/>
            </row>
            <row xml:id="p196_09">
               <cell/>
               <cell>To <measure commodity="stove" quantity="1" unit="count">cylinder stove
                     -</measure></cell>
               <cell/>
               <cell/>
               <cell/>
               <cell/>
            </row>
            <row xml:id="p196_10">
               <cell>529</cell>
               <cell><name type="person" ref="pers_WCDH269">Frank Dunahoe</name>
                  <choice rend="align(right)">
                     <abbr>Dr</abbr>
                     <expan>debtor</expan>
                  </choice></cell>
               <cell/>
               <cell/>
               <cell/>
               <cell/>
            </row>
            <row xml:id="p196_11">
               <cell/>
               <cell>To <measure commodity="stove" quantity="1" unit="count">cook stove
                  uc</measure></cell>
               <cell><measure commodity="currency" quantity="12" unit="dollars">12</measure></cell>
               <cell><measure commodity="currency" quantity="00" unit="cents">00</measure></cell>
               <cell/>
               <cell/>
            </row>
            <row xml:id="p196_12">
               <cell/>
               <cell/>
               <cell/>
               <cell/>
               <cell/>
               <cell/>
            </row>
            <row xml:id="p196_13">
               <cell>510</cell>
               <cell><name type="person" ref="pers_WCDH488">Caty Nolen</name>
                  <choice rend="align(right)">
                     <abbr>Dr</abbr>
                     <expan>debtor</expan>
                  </choice></cell>
               <cell/>
               <cell/>
               <cell/>
               <cell/>
            </row>
            <row xml:id="p196_14">
               <cell/>
               <cell>To <measure commodity="slippers" quantity="1" unit="pair">1 pr.
                     Slippers</measure> 3/ <measure commodity="currency" quantity="50" unit="cents"
                     >.50</measure></cell>
               <cell/>
               <cell/>
               <cell/>
               <cell/>
            </row>
            <row xml:id="p196_15">
               <cell/>
               <cell>" <measure commodity="cloth" quantity="2" unit="yards">2 yds cloth</measure>
                  /9 <measure commodity="currency" quantity="25" unit="cents">.25</measure></cell>
               <cell/>
               <cell><measure commodity="currency" quantity="75" unit="cents">75</measure></cell>
               <cell/>
               <cell/>
            </row>
            <row xml:id="p196_16">
               <cell/>
               <cell><date when="1846-11-13">Nov. 13</date></cell>
               <cell/>
               <cell/>
               <cell/>
               <cell/>
            </row>
            <row xml:id="p196_17">
               <cell>settled</cell>
               <cell><name type="person" ref="pers_WCDH032">Samuel A. Chapin</name>
                  <choice rend="align(right)">
                     <abbr>D</abbr>
                     <expan>debtor</expan>
                  </choice></cell>
               <cell/>
               <cell/>
               <cell/>
               <cell/>
            </row>
            <row xml:id="p196_18">
               <cell/>
               <cell>To <measure commodity="potatoes" quantity="2" unit="bushels">two buss. snowball
                     potatoes</measure></cell>
               <cell/>
               <cell/>
               <cell/>
               <cell/>
            </row>
            <row xml:id="p196_19">
               <cell/>
               <cell/>
               <cell/>
               <cell/>
               <cell/>
               <cell/>
            </row>
            <row xml:id="p196_20">
               <cell>159</cell>
               <cell><name type="person" ref="pers_WCDH244">William Cooper</name>
                  <choice rend="align(right)">
                     <abbr>Dr</abbr>
                     <expan>debtor</expan>
                  </choice></cell>
               <cell/>
               <cell/>
               <cell/>
               <cell/>
            </row>
            <row xml:id="p196_21">
               <cell/>
               <cell>To <measure commodity="potatoes" quantity="8" unit="bushels">eight buss. ?
                     potatoes</measure> 3/</cell>
               <cell><measure commodity="currency" quantity="4" unit="dollars">4</measure></cell>
               <cell><measure commodity="currency" quantity="00" unit="cents">00</measure></cell>
               <cell/>
               <cell/>
            </row>
            <row xml:id="p196_22">
               <cell/>
               <cell><date when="1846-11-14">14</date></cell>
               <cell/>
               <cell/>
               <cell/>
               <cell/>
            </row>
            <row xml:id="p196_23">
               <cell>529</cell>
               <cell><name type="person" ref="pers_WCDH269">Frank Dunahoe</name>
                  <choice rend="align(right)">
                     <abbr>D</abbr>
                     <expan>debtor</expan>
                  </choice></cell>
               <cell/>
               <cell/>
               <cell/>
               <cell/>
            </row>
            <row xml:id="p196_24">
               <cell/>
               <cell>To <name type="account" ref="LMWcash">cash</name> <measure commodity="currency" quantity="12" unit="dollars">twelve
                     dollars-</measure></cell>
               <cell><measure commodity="currency" quantity="12" unit="dollars">12</measure></cell>
               <cell><measure commodity="currency" quantity="00" unit="cents">00</measure></cell>
               <cell/>
               <cell/>
            </row>
            <row xml:id="p196_25">
               <cell/>
               <cell>" <measure commodity="cabages" quantity="30" unit="count">30 cabages</measure>
                  at <measure commodity="currency" quantity="25" unit="cents">25x</measure></cell>
               <cell/>
               <cell><measure commodity="currency" quantity="25" unit="cents">25</measure></cell>
               <cell><measure commodity="currency" quantity="12" unit="dollars">12</measure></cell>
               <cell><measure commodity="currency" quantity="95" unit="cents">95</measure></cell>
            </row>
            <row xml:id="p196_26">
               <cell/>
               <cell/>
               <cell/>
               <cell/>
               <cell/>
               <cell/>
            </row>
            <row xml:id="p196_27">
               <cell>Paid</cell>
               <cell><name type="person" ref="pers_WCDH269">Frank Dunahoe</name>
                  <choice rend="align(right)">
                     <abbr>D</abbr>
                     <expan>debtor</expan>
                  </choice></cell>
               <cell/>
               <cell/>
               <cell/>
               <cell/>
            </row>
            <row xml:id="p196_28">
               <cell/>
               <cell>To <name type="account" ref="LMWcash">cash</name></cell>
               <cell><measure commodity="currency" quantity="14" unit="dollars">14</measure></cell>
               <cell><measure commodity="currency" quantity="08" unit="cents">08</measure></cell>
               <cell/>
               <cell/>
            </row>
            <row xml:id="p196_29">
               <cell/>
               <cell>" <measure commodity="lumber" quantity="350" unit="ft">wood 350 pr.
                     ???</measure></cell>
               <cell/>
               <cell/>
               <cell/>
               <cell/>
            </row>
            <row xml:id="p196_30">
               <cell/>
               <cell>" <measure commodity="turkey" quantity="6.5" unit="lbs">6 1/2 lbs
                     turkey</measure></cell>
               <cell>(struck through)</cell>
               <cell><measure commodity="currency" quantity="81" unit="cents">81</measure></cell>
               <cell><measure commodity="currency" quantity="14" unit="dollars">14</measure></cell>
               <cell><measure commodity="currency" quantity="84" unit="cents">84</measure></cell>
            </row>
            <row xml:id="p196_31">
               <cell/>
               <cell/>
               <cell/>
               <cell/>
               <cell/>
               <cell/>
            </row>
            <row xml:id="p196_32">
               <cell>103</cell>
               <cell><name type="person" ref="pers_WCDH634">Nathaniel Webber</name>
                  <choice rend="align(right)">
                     <abbr>Dr</abbr>
                     <expan>debtor</expan>
                  </choice></cell>
               <cell/>
               <cell/>
               <cell/>
               <cell/>
            </row>
            <row xml:id="p196_33">
               <cell/>
               <cell>To <measure commodity="stove" quantity="1" unit="count">cylinder stove
                     lent -</measure></cell>
               <cell><measure commodity="currency" quantity="3" unit="dollars">3</measure></cell>
               <cell><measure commodity="currency" quantity="50" unit="cents">50</measure></cell>
               <cell/>
               <cell/>
            </row>
            <row xml:id="p196_34">
               <cell/>
               <cell><date when="1846-12-03">Dec. 3.</date></cell>
               <cell/>
               <cell/>
               <cell/>
               <cell/>
            </row>
            <row xml:id="p196_35">
               <cell>529</cell>
               <cell><name type="person" ref="pers_WCDH269">Frank Dunahoe</name>
                  <choice rend="align(right)">
                     <abbr>Dr</abbr>
                     <expan>debtor</expan>
                  </choice></cell>
               <cell/>
               <cell/>
               <cell/>
               <cell/>
            </row>
            <row xml:id="p196_36">
               <cell/>
               <cell>To <measure commodity="shoes" quantity="1" unit="pair">shoes fr Wife</measure>
                  3/</cell>
               <cell/>
               <cell><measure commodity="currency" quantity="50" unit="cents">50</measure></cell>
               <cell/>
               <cell/>
            </row>
            <row xml:id="p196_37">
               <cell/>
               <cell>To paying <name type="person" ref="pers_WCDH373">Linus Howard</name> for</cell>
               <cell/>
               <cell/>
               <cell/>
               <cell/>
            </row>
            <row xml:id="p196_38">
               <cell/>
               <cell>account ending <date when="1845-11-13">Nov. 13th</date></cell>
               <cell><measure commodity="currency" quantity="18" unit="dollars">18</measure></cell>
               <cell><measure commodity="currency" quantity="56" unit="cents">56</measure></cell>
               <cell><measure commodity="currency" quantity="19" unit="dollars">19</measure></cell>
               <cell><measure commodity="currency" quantity="06" unit="cents">06</measure></cell>
            </row>
            <row xml:id="p196_39">
               <cell/>
               <cell><date when="1846-12-08">8.</date></cell>
               <cell/>
               <cell/>
               <cell/>
               <cell/>
            </row>
            <row xml:id="p196_40">
               <cell>510</cell>
               <cell><name type="person" ref="pers_WCDH488">Caty Nolen</name>
                  <choice rend="align(right)">
                     <abbr>Dr</abbr>
                     <expan>debtor</expan>
                  </choice></cell>
               <cell/>
               <cell/>
               <cell/>
               <cell/>
            </row>
            <row xml:id="p196_41">
               <cell/>
               <cell>To <measure commodity="shoes" quantity="2" unit="pairs">two pairs
                     shoes</measure>
                  <measure commodity="currency" quantity="1.5" unit="dollars">1.50</measure></cell>
               <cell><measure commodity="currency" quantity="1" unit="dollars">1</measure></cell>
               <cell><measure commodity="currency" quantity="50" unit="cents">50</measure></cell>
               <cell/>
               <cell/>
            </row>
            <row xml:id="p196_42">
               <cell/>
               <cell/>
               <cell/>
               <cell/>
               <cell/>
               <cell/>
            </row>
            <row xml:id="p196_43">
               <cell>Settled</cell>
               <cell><name type="person" ref="pers_WCDH205">Wesley Brown</name>
                  <choice rend="align(right)">
                     <abbr>Cr</abbr>
                     <expan>credit</expan>
                  </choice></cell>
               <cell/>
               <cell/>
               <cell/>
               <cell/>
            </row>
            <row xml:id="p196_44">
               <cell/>
               <cell>By <measure commodity="labor" quantity="1" unit="days">1 days work</measure>
                  6/</cell>
               <cell><measure commodity="currency" quantity="1" unit="dollars">1</measure></cell>
               <cell><measure commodity="currency" quantity="00" unit="cents">00</measure></cell>
               <cell/>
               <cell/>
            </row>
            <row xml:id="p196_45">
               <cell/>
               <cell><choice rend="align(right)">
                     <abbr>D</abbr>
                     <expan>debtor</expan>
                  </choice></cell>
               <cell/>
               <cell/>
               <cell/>
               <cell/>
            </row>
            <row xml:id="p196_46">
               <cell/>
               <cell>To Franklin store</cell>
               <cell><measure commodity="currency" quantity="2" unit="dollars">2</measure></cell>
               <cell><measure commodity="currency" quantity="50" unit="cents">50</measure></cell>
               <cell/>
               <cell/>
            </row>
            <row xml:id="p196_47">
               <cell/>
               <cell>" <measure commodity="stove pipe" quantity="10.5" unit="lbs">10 1/2 lbs stove
                     pipe ? pr. lb.</measure></cell>
               <cell><measure commodity="currency" quantity="1" unit="dollars">1</measure></cell>
               <cell><measure commodity="currency" quantity="31" unit="cents">31</measure></cell>
               <cell><measure commodity="currency" quantity="3" unit="dollars">3</measure></cell>
               <cell><measure commodity="currency" quantity="81" unit="cents">81</measure></cell>
            </row>
            <row xml:id="p196_48">
               <cell/>
               <cell/>
               <cell/>
               <cell/>
               <cell/>
               <cell/>
            </row>
            <row xml:id="p196_49">
               <cell>387</cell>
               <cell><name type="person" ref="pers_WCDH118">Wheaton Wheeler</name>
                  <choice rend="align(right)">
                     <abbr>D</abbr>
                     <expan>debtor</expan>
                  </choice></cell>
               <cell/>
               <cell/>
               <cell/>
               <cell/>
            </row>
            <row xml:id="p196_50">
               <cell/>
               <cell>To <measure commodity="seats" quantity="2" unit="count">rent of two seats? in
                     pews?</measure></cell>
               <cell/>
               <cell/>
               <cell/>
               <cell/>
            </row>
            <row xml:id="p196_51">
               <cell/>
               <cell>from date at <measure commodity="currency" quantity="200" unit="dollars">&#36;
                     200</measure> pr. year-</cell>
               <cell><measure commodity="currency" quantity="2" unit="dollars">2</measure></cell>
               <cell><measure commodity="currency" quantity="00" unit="cents">00</measure></cell>
               <cell/>
               <cell/>
            </row>
            <row xml:id="p196_52">
               <cell/>
               <cell/>
               <cell/>
               <cell/>
               <cell/>
               <cell/>
            </row>
            <row xml:id="p196_53">
               <cell>159</cell>
               <cell><name type="person" ref="pers_WCDH244">William Cooper</name>
                  <choice rend="align(right)">
                     <abbr>D</abbr>
                     <expan>debtor</expan>
                  </choice></cell>
               <cell/>
               <cell/>
               <cell/>
               <cell/>
            </row>
            <row xml:id="p196_54">
               <cell/>
               <cell>To <measure commodity="seats" quantity="2" unit="count">two seats in per from
                     April? 1st</measure></cell>
               <cell><measure commodity="currency" quantity="2" unit="dollars">2</measure></cell>
               <cell><measure commodity="currency" quantity="00" unit="cents">00</measure></cell>
               <cell/>
               <cell/>
            </row>
            <row xml:id="p196_55">
               <cell/>
               <cell>" <measure commodity="beef" quantity="89" unit="lbs">89 lbs. beef</measure>
                  <measure commodity="currency" quantity="5" unit="cents">5x hind
                  quarts</measure></cell>
               <cell><measure commodity="currency" quantity="4" unit="dollars">4</measure></cell>
               <cell><measure commodity="currency" quantity="45" unit="cents">45</measure></cell>
               <cell/>
               <cell/>
            </row>
            <row xml:id="p196_56">
               <cell/>
               <cell>" <measure commodity="shut link" quantity="1" unit="count">1 shut
                     link??</measure></cell>
               <cell/>
               <cell><measure commodity="currency" quantity="17" unit="cents">17</measure></cell>
               <cell><measure commodity="currency" quantity="6" unit="dollars">6</measure></cell>
               <cell><measure commodity="currency" quantity="61" unit="cents">61</measure></cell>
            </row>
            <row xml:id="p196_57">
               <cell>529</cell>
               <cell><name type="person" ref="pers_WCDH269">Frank Dunahoe</name>
                  <choice rend="align(right)">
                     <abbr>Dr</abbr>
                     <expan>debtor</expan>
                  </choice></cell>
               <cell/>
               <cell/>
               <cell/>
               <cell/>
            </row>
            <row xml:id="p196_58">
               <cell/>
               <cell>To <measure commodity="beef" quantity="90" unit="lbs">90 lbs. beef</measure>
                  <measure commodity="currency" quantity="5" unit="cents">5x</measure> for
                  quarter</cell>
               <cell/>
               <cell><measure commodity="currency" quantity="45" unit="cents">45</measure></cell>
               <cell><measure commodity="currency" quantity="4" unit="dollars">4</measure></cell>
               <cell><measure commodity="currency" quantity="50" unit="cents">50</measure></cell>
            </row>
            <row xml:id="p196_59">
               <cell/>
               <cell/>
               <cell/>
               <cell/>
               <cell/>
               <cell/>
            </row>
            <row xml:id="p196_60">
               <cell>529</cell>
               <cell><name type="person" ref="pers_WCDH269">Frank Dunahoe</name>
                  <choice rend="align(right)">
                     <abbr>D</abbr>
                     <expan>debtor</expan>
                  </choice></cell>
               <cell/>
               <cell/>
               <cell/>
               <cell/>
            </row>
            <row xml:id="p196_61">
               <cell/>
               <cell>To paid center Milk?</cell>
               <cell><measure commodity="currency" quantity="2" unit="dollars">2</measure></cell>
               <cell><measure commodity="currency" quantity="05" unit="cents">05</measure></cell>
               <cell/>
               <cell/>
            </row>
            <row xml:id="p196_62">
               <cell>167</cell>
               <cell><name type="person" ref="persons.xml#WCDH633">Charles Reed</name>
                  <choice rend="align(right)">
                     <abbr>Dr</abbr>
                     <expan>debtor</expan>
                  </choice></cell>
               <cell/>
               <cell/>
               <cell/>
               <cell/>
            </row>
            <row xml:id="p196_63">
               <cell/>
               <cell>To <measure commodity="garden" quantity="1" unit="count">use of
                     garden</measure> at Fathers??</cell>
               <cell><measure commodity="currency" quantity="8" unit="dollars">8?</measure></cell>
               <cell><measure commodity="currency" quantity="00" unit="cents">00</measure></cell>
               <cell/>
               <cell/>
            </row>
            <row xml:id="p196_64">
               <cell/>
               <cell/>
               <cell/>
               <cell/>
               <cell/>
               <cell/>
            </row>
         </table>
      </body>
   </text>
</TEI>
