<?xml version="1.0" encoding="UTF-8"?>
<?xml-model href="http://www.tei-c.org/release/xml/tei/custom/schema/relaxng/tei_all.rng" type="application/xml" schematypens="http://relaxng.org/ns/structure/1.0"?>
<?xml-model href="http://www.tei-c.org/release/xml/tei/custom/schema/relaxng/tei_all.rng" type="application/xml"
	schematypens="http://purl.oclc.org/dsdl/schematron"?>
<TEI xmlns="http://www.tei-c.org/ns/1.0">
   <teiHeader>
      <fileDesc>
         <titleStmt>
            <title>LMW Day Book, pp. 219-220</title>
            <author>L.M. Wheaton</author>
         </titleStmt>
         <publicationStmt>
            <p>Indication of work done and date, Wheaton College</p>
         </publicationStmt>
         <sourceDesc>
            <biblFull>
               <titleStmt>
                  <title>Account Books, pp.219-220</title>
                  <author>L.M. Wheaton</author>
                  <respStmt>
                     <resp> TEI-compatible XML markup by <name type="person">Alyssa Russell</name>
                        with corrections by <name type="person">Name</name>, <name
                           type="person">Name</name>, and <name type="person">Name</name>.</resp>
                     <name type="person">Name</name>
                  </respStmt>
               </titleStmt>
               <publicationStmt>
                  <p>Indication of work done and date, Wheaton College</p>
               </publicationStmt>
               <sourceDesc>
                  <p> From the Marion B. Gebbie Archives and Special Collections at the Madeleine
                     Clark Wallace Library, Wheaton College </p>
               </sourceDesc>
            </biblFull>
         </sourceDesc>
      </fileDesc>
   </teiHeader>
   <text>
      <body>
         <pb n="219"/>
         <fw type="pageNum">219</fw>
         <table xml:id="p219" cols="6">
            <head>Wednesday <date when="1849-10-24">Oct. 24 1849</date></head>
            <row xml:id="p219_01">
               <cell/>
               <cell><name type="person" ref="pers_WCDH118">Wheaton Wheeler</name>
                  <choice rend="align(right)">
                     <abbr>Dr</abbr>
                     <expan>debtor</expan>
                  </choice></cell>
               <cell/>
               <cell/>
               <cell/>
               <cell/>
            </row>
            <row xml:id="p219_02">
               <cell/>
               <cell>To <measure commodity="pork" quantity="8.5" unit="lbs">8 1/2 lbs salt pork</measure> <measure commodity="currency" quantity="8" unit="cents">8x</measure></cell>
               <cell/>
               <cell><measure commodity="currency" quantity="68" unit="cents">68</measure></cell>
               <cell/>
               <cell/>
            </row>
            <row xml:id="p219_03">
               <cell/>
               <cell>" <measure commodity="pork" quantity="8.75" unit="lbs">8 3/4 "</measure> 1 " - <measure commodity="currency" quantity="10" unit="cents">10x</measure></cell>
               <cell/>
               <cell><measure commodity="currency" quantity="87" unit="cents">87</measure></cell>
               <cell><measure commodity="currency" quantity="1" unit="dollars">1</measure></cell>
               <cell><measure commodity="currency" quantity="55" unit="cents">55</measure></cell>
            </row>
            <row xml:id="p219_04">
               <cell/>
               <cell/>
               <cell/>
               <cell/>
               <cell/>
               <cell/>
            </row>
            <row xml:id="p219_05">
               <cell>512</cell>
               <cell><name type="person" ref="pers_WCDH190">Geo. W. Braman</name>
                  <choice rend="align(right)">
                     <abbr>D</abbr>
                     <expan>debtor</expan>
                  </choice></cell>
               <cell/>
               <cell/>
               <cell/>
               <cell/>
            </row>
            <row xml:id="p219_06">
               <cell/>
               <cell>To <measure commodity="insurance" quantity="1.41" unit="dollars">paying your insurance</measure></cell>
               <cell><measure commodity="currency" quantity="1" unit="dollars">1</measure></cell>
               <cell><measure commodity="currency" quantity="41" unit="cents">41</measure></cell>
               <cell/>
               <cell/>
            </row>
            <row xml:id="p219_07">
               <cell/>
               <cell>P?</cell>
               <cell><measure commodity="currency" quantity="1" unit="dollars">1</measure></cell>
               <cell><measure commodity="currency" quantity="00" unit="cents">00</measure></cell>
               <cell><measure commodity="currency" quantity="2" unit="dollars">2</measure></cell>
               <cell><measure commodity="currency" quantity="41" unit="cents">41</measure></cell>
            </row>
            <row xml:id="p219_08">
               <cell/>
               <cell/>
               <cell/>
               <cell/>
               <cell/>
               <cell/>
            </row>
            <row xml:id="p219_09">
               <cell>536</cell>
               <cell><name type="person" ref="pers_WCDH703">William H Wrigley</name>
                  <choice rend="align(right)">
                     <abbr>Dr</abbr>
                     <expan>debtor</expan>
                  </choice></cell>
               <cell/>
               <cell/>
               <cell/>
               <cell/>
            </row>
            <row xml:id="p219_10">
               <cell/>
               <cell>To <measure commodity="insurance" quantity="1.41" unit="dollars">paying insurance upon house</measure></cell>
               <cell><measure commodity="currency" quantity="1" unit="dollars">1</measure></cell>
               <cell><measure commodity="currency" quantity="41" unit="cents">41</measure></cell>
               <cell/>
               <cell/>
            </row>
            <row xml:id="p219_11">
               <cell></cell>
               <cell>" P? for same</cell>
               <cell><measure commodity="currency" quantity="1" unit="dollars">1</measure></cell>
               <cell><measure commodity="currency" quantity="00" unit="cents">00</measure></cell>
               <cell/>
               <cell/>
            </row>
            <row xml:id="p219_12">
               <cell/>
               <cell>" <measure commodity="insurance" quantity="41.90" unit="dollars">your life insurance</measure></cell>
               <cell><measure commodity="currency" quantity="41" unit="dollars">41</measure></cell>
               <cell><measure commodity="currency" quantity="90" unit="cents">90</measure></cell>
               <cell><measure commodity="currency" quantity="44" unit="dollars">44</measure></cell>
               <cell><measure commodity="currency" quantity="31" unit="cents">31</measure></cell>
            </row>
            <row xml:id="p219_13">
               <cell/>
               <cell><date when="1849-10-26">26</date></cell>
               <cell/>
               <cell/>
               <cell/>
               <cell/>
            </row>
            <row xml:id="p219_14">
               <cell>510</cell>
               <cell><name type="person" ref="pers_WCDH488">Caty Nolen</name>
                  <choice rend="align(right)">
                     <abbr>Dr</abbr>
                     <expan>debtor</expan>
                  </choice></cell>
               <cell/>
               <cell/>
               <cell/>
               <cell/>
            </row>
            <row xml:id="p219_15">
               <cell/>
               <cell>To <measure commodity="flannel" quantity="8" unit="yds">8 yds flannel</measure> 1/</cell>
               <cell><measure commodity="currency" quantity="1" unit="dollars">1</measure></cell>
               <cell><measure commodity="currency" quantity="33" unit="cents">33</measure></cell>
               <cell/>
               <cell/>
            </row>
            <row xml:id="p219_16">
               <cell/>
               <cell><date when="1849-10-29">29</date></cell>
               <cell/>
               <cell/>
               <cell/>
               <cell/>
            </row>
            <row xml:id="p219_17">
               <cell>settled</cell>
               <cell><name type="person" ref="v">Eli Wood</name>
                  <choice rend="align(right)">
                     <abbr>Dr</abbr>
                     <expan>debtor</expan>
                  </choice></cell>
               <cell/>
               <cell/>
               <cell/>
               <cell/>
            </row>
            <row xml:id="p219_18">
               <cell/>
               <cell>To <measure commodity="apples" quantity="3" unit="lbs">3 lbs No. 1 apples</measure> <measure commodity="currency" quantity="2" unit="dollars">2.00</measure></cell>
               <cell><measure commodity="currency" quantity="6" unit="dollars">6</measure></cell>
               <cell><measure commodity="currency" quantity="00" unit="cents">00</measure></cell>
               <cell/>
               <cell/>
            </row>
            <row xml:id="p219_19">
               <cell/>
               <cell>" <measure commodity="apples" quantity="2" unit="lbs">2 " " 2 "</measure> <measure commodity="currency" quantity="1.5" unit="dollars">1.50</measure></cell>
               <cell><measure commodity="currency" quantity="3" unit="dollars">3</measure></cell>
               <cell><measure commodity="currency" quantity="00" unit="cents">00</measure></cell>
               <cell/>
               <cell/>
            </row>
            <row xml:id="p219_20">
               <cell/>
               <cell><date when="1849-10-31">31</date></cell>
               <cell/>
               <cell/>
               <cell/>
               <cell/>
            </row>
            <row xml:id="p219_21">
               <cell>settled</cell>
               <cell><name type="person" ref="pers_WCDH181">Sumner Blandin</name>
                  <choice rend="align(right)">
                     <abbr>Dr</abbr>
                     <expan>debtor</expan>
                  </choice></cell>
               <cell/>
               <cell/>
               <cell/>
               <cell/>
            </row>
            <row xml:id="p219_22">
               <cell/>
               <cell>To <measure commodity="currency" quantity="20" unit="dollars">twenty dollars <name type="account" ref="LMWcash">cash</name></measure></cell>
               <cell><measure commodity="currency" quantity="20" unit="dollars">20</measure></cell>
               <cell><measure commodity="currency" quantity="00" unit="cents">00</measure></cell>
               <cell/>
               <cell/>
            </row>
            <row xml:id="p219_23">
               <cell/>
               <cell/>
               <cell/>
               <cell/>
               <cell/>
               <cell/>
            </row>
            <row xml:id="p219_24">
               <cell>see bill</cell>
               <cell><name type="person" ref="pers_WCDH33">S. A. Chapin</name>
                  <choice rend="align(right)">
                     <abbr>Dr</abbr>
                     <expan>debtor</expan>
                  </choice></cell>
               <cell/>
               <cell/>
               <cell/>
               <cell/>
            </row>
            <row xml:id="p219_25">
               <cell/>
               <cell>To milk from <date when="1849-10-08">Oct. 8th</date> to 22 thu 26 30 <measure commodity="currency" quantity="4" unit="cents">4x</measure></cell>
               <cell/>
               <cell><measure commodity="currency" quantity="88" unit="cents">88</measure></cell>
               <cell/>
               <cell/>
            </row>
            <row xml:id="p219_26">
               <cell/>
               <cell/>
               <cell/>
               <cell/>
               <cell/>
               <cell/>
            </row>
            <row xml:id="p219_27">
               <cell>534</cell>
               <cell><name type="person" ref="pers_WCDH156">Stephen Bailey</name>
                  <choice rend="align(right)">
                     <abbr>Dr</abbr>
                     <expan>debtor</expan>
                  </choice></cell>
               <cell/>
               <cell/>
               <cell/>
               <cell/>
            </row>
            <row xml:id="p219_28">
               <cell/>
               <cell>To <measure commodity="milk" quantity="11" unit="qts">11 qts milk</measure> fm <date when="1849-10-08">Oct 8th.</date> <measure commodity="currency" quantity="4" unit="cents">4x</measure></cell>
               <cell/>
               <cell><measure commodity="currency" quantity="44" unit="cents">44</measure></cell>
               <cell/>
               <cell/>
            </row>
            <row xml:id="p219_29">
               <cell/>
               <cell/>
               <cell/>
               <cell/>
               <cell/>
               <cell/>
            </row>
            <row xml:id="p219_30">
               <cell>see bill</cell>
               <cell><name type="person" ref="pers_WCDH33">S. A. Chapin</name>
                  <choice rend="align(right)">
                     <abbr>Cr</abbr>
                     <expan>credit</expan>
                  </choice></cell>
               <cell/>
               <cell/>
               <cell/>
               <cell/>
            </row>
            <row xml:id="p219_31">
               <cell/>
               <cell>By <measure commodity="butter" quantity="1.5" unit="lbs">1 1/2 lbs. gurhim? butter</measure></cell>
               <cell/>
               <cell/>
               <cell/>
               <cell/>
            </row>
            <row xml:id="p219_32">
               <cell/>
               <cell><date when="1849-11-03">Nov. 3</date></cell>
               <cell/>
               <cell/>
               <cell/>
               <cell/>
            </row>
            <row xml:id="p219_33">
               <cell>see bill</cell>
               <cell><name type="person" ref="pers_WCDH33">S. A. Chapin</name>
                  <choice rend="align(right)">
                     <abbr>Dr</abbr>
                     <expan>debtor</expan>
                  </choice></cell>
               <cell/>
               <cell/>
               <cell/>
               <cell/>
            </row>
            <row xml:id="p219_34">
               <cell/>
               <cell>To <measure commodity="pork" quantity="14.18" unit="lbs">14lbs 3oz salt pork</measure> <measure commodity="currency" quantity="10" unit="cents">10x</measure></cell>
               <cell><measure commodity="currency" quantity="1" unit="dollars">1</measure></cell>
               <cell><measure commodity="currency" quantity="42" unit="cents">42</measure></cell>
               <cell/>
               <cell/>
            </row>
            <row xml:id="p219_35">
               <cell/>
               <cell/>
               <cell/>
               <cell/>
               <cell/>
               <cell/>
            </row>
            <row xml:id="p219_36">
               <cell>355</cell>
               <cell><name type="person" ref="pers_WCDH118">Wheaton Wheeler</name>
                  <choice rend="align(right)">
                     <abbr>Dr</abbr>
                     <expan>debtor</expan>
                  </choice></cell>
               <cell/>
               <cell/>
               <cell/>
               <cell/>
            </row>
            <row xml:id="p219_37">
               <cell/>
               <cell>To <measure commodity="potatoes" quantity=".5" unit="bushels">1/2 bush. potatoes</measure> 3/</cell>
               <cell/>
               <cell><measure commodity="currency" quantity="25" unit="cents">25</measure></cell>
               <cell/>
               <cell/>
            </row>
            <row xml:id="p219_38">
               <cell/>
               <cell>" <measure commodity="iron" quantity="1" unit="sheet">1 sheet eng. iron</measure> - 1/</cell>
               <cell/>
               <cell><measure commodity="currency" quantity="17" unit="cents">17</measure></cell>
               <cell/>
               <cell/>
            </row>
            <row xml:id="p219_39">
               <cell/>
               <cell><date when="1849-10-09">9</date></cell>
               <cell/>
               <cell/>
               <cell/>
               <cell/>
            </row>
            <row xml:id="p219_40">
               <cell>settled</cell>
               <cell><name type="person" ref="pers_WCDH373">Linus Howard</name>
                  <choice rend="align(right)">
                     <abbr>D</abbr>
                     <expan>debtor</expan>
                  </choice></cell>
               <cell/>
               <cell/>
               <cell/>
               <cell/>
            </row>
            <row xml:id="p219_41">
               <cell/>
               <cell>To <name type="account" ref="LMWcash">cash</name> <measure commodity="currency" quantity="25" unit="dollars">twenty five dollars</measure></cell>
               <cell><measure commodity="currency" quantity="25" unit="dollars">25</measure></cell>
               <cell><measure commodity="currency" quantity="00" unit="cents">00</measure></cell>
               <cell/>
               <cell/>
            </row>
            <row xml:id="p219_42">
               <cell/>
               <cell>" <measure commodity="potatoes" quantity="8" unit="bushels">eight buss. potatoes</measure> 3/</cell>
               <cell><measure commodity="currency" quantity="4" unit="dollars">4</measure></cell>
               <cell/>
               <cell/>
               <cell/>
            </row>
            <row xml:id="p219_43">
               <cell/>
               <cell/>
               <cell/>
               <cell/>
               <cell/>
               <cell/>
            </row>
            <row xml:id="p219_44">
               <cell>355</cell>
               <cell><name type="person" ref="pers_WCDH293">Thomas Elms</name>
                  <choice rend="align(right)">
                     <abbr>Dr</abbr>
                     <expan>debtor</expan>
                  </choice></cell>
               <cell/>
               <cell/>
               <cell/>
               <cell/>
            </row>
            <row xml:id="p219_45">
               <cell/>
               <cell>To <measure commodity="potatoes" quantity="3" unit="bushels">three buss. potatoes</measure> 3/</cell>
               <cell><measure commodity="currency" quantity="1" unit="dollars">1</measure></cell>
               <cell><measure commodity="currency" quantity="50" unit="cents">50</measure></cell>
               <cell/>
               <cell/>
            </row>
            <row xml:id="p219_46">
               <cell/>
               <cell>" <measure commodity="wood" quantity="1" unit="cord">1 cord wood</measure> <measure commodity="currency" quantity="4" unit="dollars">$4.00</measure></cell>
               <cell><measure commodity="currency" quantity="4" unit="dollars">4</measure></cell>
               <cell><measure commodity="currency" quantity="00" unit="cents">00</measure></cell>
               <cell/>
               <cell/>
            </row>
            <row xml:id="p219_47">
               <cell/>
               <cell><date when="1849-11-13">13</date></cell>
               <cell/>
               <cell/>
               <cell/>
               <cell/>
            </row>
            <row xml:id="p219_48">
               <cell>360</cell>
               <cell><name type="person" ref="pers_WCDH130">Geo. White</name>
                  <choice rend="align(right)">
                     <abbr>D</abbr>
                     <expan>debtor</expan>
                  </choice></cell>
               <cell/>
               <cell/>
               <cell/>
               <cell/>
            </row>
            <row xml:id="p219_49">
               <cell/>
               <cell>To <measure commodity="pasturing" quantity="5" unit="weeks">pasturing horse 5 weeks</measure> 3/</cell>
               <cell><measure commodity="currency" quantity="2" unit="dollars">2</measure></cell>
               <cell><measure commodity="currency" quantity="50" unit="cents">50</measure></cell>
               <cell/>
               <cell/>
            </row>
            <row xml:id="p219_50">
               <cell/>
               <cell>" wood</cell>
               <cell><measure commodity="currency" quantity="10" unit="dollars">10</measure></cell>
               <cell><measure commodity="currency" quantity="00" unit="cents">00</measure></cell>
               <cell/>
               <cell/>
            </row>
            <row xml:id="p219_51">
               <cell/>
               <cell>" <measure commodity="wagon" quantity="1" unit="count">waggon use of</measure></cell>
               <cell/>
               <cell><measure commodity="currency" quantity="90" unit="cents">90</measure></cell>
               <cell/>
               <cell/>
            </row>
            <row xml:id="p219_52">
               <cell/>
               <cell/>
               <cell/>
               <cell/>
               <cell/>
               <cell/>
            </row>
            <row xml:id="p219_53">
               <cell>360</cell>
               <cell><name type="person" ref="pers_WCDH130">George White</name>
                  <choice rend="align(right)">
                     <abbr>Cr</abbr>
                     <expan>credit</expan>
                  </choice></cell>
               <cell/>
               <cell/>
               <cell/>
               <cell/>
            </row>
            <row xml:id="p219_54">
               <cell/>
               <cell>By <measure commodity="labor" quantity="92.53" unit="dollars">work to date</measure></cell>
               <cell><measure commodity="currency" quantity="92" unit="dollars">92</measure></cell>
               <cell><measure commodity="currency" quantity="53" unit="cents">53</measure></cell>
               <cell/>
               <cell/>
            </row>
            <row xml:id="p219_55">
               <cell/>
               <cell>use of <measure commodity="transportation" quantity="1" unit="count">horse &amp; cart</measure></cell>
               <cell><measure commodity="currency" quantity="30" unit="dollars">30</measure></cell>
               <cell><measure commodity="currency" quantity="00" unit="cents">00</measure></cell>
               <cell/>
               <cell/>
            </row>
            <row xml:id="p219_56">
               <cell/>
               <cell><measure commodity="labor" quantity="40" unit="dollars">making hay</measure></cell>
               <cell><measure commodity="currency" quantity="40" unit="dollars">40</measure></cell>
               <cell><measure commodity="currency" quantity="00" unit="cents">00</measure></cell>
               <cell/>
               <cell/>
            </row>
            <row xml:id="p219_57">
               <cell/>
               <cell><measure commodity="labor" quantity="25" unit="dollars">building shed</measure></cell>
               <cell><measure commodity="currency" quantity="25" unit="dollars">25</measure></cell>
               <cell><measure commodity="currency" quantity="00" unit="cents">00</measure></cell>
               <cell/>
               <cell/>
            </row>
            <row xml:id="p219_58">
               <cell/>
               <cell><measure commodity="labor" quantity="16.69" unit="dollars">work in shop</measure> -</cell>
               <cell><measure commodity="currency" quantity="16" unit="dollars">16</measure></cell>
               <cell><measure commodity="currency" quantity="69" unit="cents">69</measure></cell>
               <cell/>
               <cell/>
            </row>
            <row xml:id="p219_59">
               <cell/>
               <cell/>
               <cell/>
               <cell/>
               <cell/>
               <cell/>
            </row>
            <row xml:id="p219_60">
               <cell/>
               <cell/>
               <cell/>
               <cell/>
               <cell/>
               <cell/>
            </row>
            <row xml:id="p219_61">
               <cell/>
               <cell/>
               <cell/>
               <cell/>
               <cell/>
               <cell/>
            </row>
            <row xml:id="p219_62">
               <cell/>
               <cell/>
               <cell/>
               <cell/>
               <cell/>
               <cell/>
            </row>
            <row xml:id="p219_63">
               <cell/>
               <cell/>
               <cell/>
               <cell/>
               <cell/>
               <cell/>
            </row>
            <row xml:id="p219_64">
               <cell/>
               <cell/>
               <cell/>
               <cell/>
               <cell/>
               <cell/>
            </row>
         </table>
         <pb n="220"/>
         <fw type="pageNum">220</fw>
         <table xml:id="p220" cols="6">
            <head>Saturday <date when="1849-11-17">Nov. 17th 1849</date></head>
            <row xml:id="p220_01">
               <cell/>
               <cell/>
               <cell>$</cell>
               <cell>cts.</cell>
               <cell>$</cell>
               <cell>cts.</cell>
            </row>
            <row xml:id="p220_02">
               <cell>530</cell>
               <cell><name type="person" ref="pers_WCDH474">Walter McNaughton</name>
                  <choice rend="align(right)">
                     <abbr>D</abbr>
                     <expan>debtor</expan>
                  </choice></cell>
               <cell/>
               <cell/>
               <cell/>
               <cell/>
            </row>
            <row xml:id="p220_03">
               <cell/>
               <cell>To <name type="account" ref="LMWcash">cash</name> <measure commodity="currency" quantity="10" unit="dollars">ten dollars</measure></cell>
               <cell><measure commodity="currency" quantity="10" unit="dollars">10</measure></cell>
               <cell><measure commodity="currency" quantity="00" unit="cents">00</measure></cell>
               <cell/>
               <cell/>
            </row>
            <row xml:id="p220_04">
               <cell/>
               <cell><date when="1849-11-20">20</date></cell>
               <cell/>
               <cell/>
               <cell/>
               <cell/>
            </row>
            <row xml:id="p220_05">
               <cell>settled</cell>
               <cell><name type="person" ref="pers_WCDH122">Charles &amp; Oliver Lane</name>
                  <choice rend="align(right)">
                     <abbr>Dr</abbr>
                     <expan>debtor</expan>
                  </choice></cell>
               <cell/>
               <cell/>
               <cell/>
               <cell/>
            </row>
            <row xml:id="p220_06">
               <cell/>
               <cell>To <measure commodity="cow" quantity="1" unit="count">heiffer</measure> <measure commodity="currency" quantity="22" unit="dollars">twenty two dollars</measure></cell>
               <cell><measure commodity="currency" quantity="22" unit="dollars">22</measure></cell>
               <cell><measure commodity="currency" quantity="00" unit="cents">00</measure></cell>
               <cell/>
               <cell/>
            </row>
            <row xml:id="p220_07">
               <cell/>
               <cell>" <measure commodity="cow" quantity="1" unit="count">steer</measure> some time since</cell>
               <cell><measure commodity="currency" quantity="20" unit="dollars">20</measure></cell>
               <cell/>
               <cell><measure commodity="currency" quantity="42" unit="dollars">42</measure></cell>
               <cell><measure commodity="currency" quantity="00" unit="cents">00</measure></cell>
            </row>
            <row xml:id="p220_08">
               <cell/>
               <cell/>
               <cell/>
               <cell/>
               <cell/>
               <cell/>
            </row>
            <row xml:id="p220_09">
               <cell/>
               <cell><name type="person" ref="pers_WCDH293">Thomas Elms</name>
                  <choice rend="align(right)">
                     <abbr>D</abbr>
                     <expan>debtor</expan>
                  </choice></cell>
               <cell/>
               <cell/>
               <cell/>
               <cell/>
            </row>
            <row xml:id="p220_10">
               <cell/>
               <cell>To    <measure commodity="lumber" quantity="1" unit="cord">cord of hard wood</measure></cell>
               <cell/>
               <cell/>
               <cell/>
               <cell/>
            </row>
            <row xml:id="p220_11">
               <cell/>
               <cell><date when="1849-11-21">21</date></cell>
               <cell/>
               <cell/>
               <cell/>
               <cell/>
            </row>
            <row xml:id="p220_12">
               <cell>355</cell>
               <cell><name type="person" ref="pers_WCDH118">Wheaton Wheeler</name>
                  <choice rend="align(right)">
                     <abbr>Dr</abbr>
                     <expan>debtor</expan>
                  </choice></cell>
               <cell/>
               <cell/>
               <cell/>
               <cell/>
            </row>
            <row xml:id="p220_13">
               <cell/>
               <cell>To <measure commodity="lumber" quantity="6" unit="ft">6ft. brick wood</measure> <measure commodity="currency" quantity="3" unit="dollars">$3.00</measure> cord</cell>
               <cell><measure commodity="currency" quantity="2" unit="dollars">2</measure></cell>
               <cell><measure commodity="currency" quantity="25" unit="cents">25</measure></cell>
               <cell/>
               <cell/>
            </row>
            <row xml:id="p220_14">
               <cell/>
               <cell><date when="1849-11-26">26</date></cell>
               <cell/>
               <cell/>
               <cell/>
               <cell/>
            </row>
            <row xml:id="p220_15">
               <cell/>
               <cell><name type="person" ref="pers_WCDH118">Wheaton Wheeler</name>
                  <choice rend="align(right)">
                     <abbr>Dr</abbr>
                     <expan>debtor</expan>
                  </choice></cell>
               <cell/>
               <cell/>
               <cell/>
               <cell/>
            </row>
            <row xml:id="p220_16">
               <cell/>
               <cell>To <name type="account" ref="LMWcash">cash</name> <measure commodity="currency" quantity="10" unit="dollars">ten dollars</measure></cell>
               <cell><measure commodity="currency" quantity="10" unit="dollars">10</measure></cell>
               <cell><measure commodity="currency" quantity="00" unit="cents">00</measure></cell>
               <cell/>
               <cell/>
            </row>
            <row xml:id="p220_17">
               <cell/>
               <cell/>
               <cell/>
               <cell/>
               <cell/>
               <cell/>
            </row>
            <row xml:id="p220_18">
               <cell>settled</cell>
               <cell><name type="person" ref="pers_WCDH369">G. L. Hovey</name>
                  <choice rend="align(right)">
                     <abbr>D</abbr>
                     <expan>debtor</expan>
                  </choice></cell>
               <cell/>
               <cell/>
               <cell/>
               <cell/>
            </row>
            <row xml:id="p220_19">
               <cell/>
               <cell>To <measure commodity="rent" quantity="1" unit="year">rent</measure> from <date when="1849-10-01">Oct. 1st</date> at <measure commodity="currency" quantity="125" unit="dollars">125.00</measure> pr year</cell>
               <cell/>
               <cell/>
               <cell/>
               <cell/>
            </row>
            <row xml:id="p220_20">
               <cell/>
               <cell>to <date when="1850-03-31">March 31st 1850</date></cell>
               <cell><measure commodity="currency" quantity="62" unit="dollars">62</measure></cell>
               <cell><measure commodity="currency" quantity="50" unit="cents">50</measure></cell>
               <cell/>
               <cell/>
            </row>
            <row xml:id="p220_21">
               <cell>see bill</cell>
               <cell><name type="person" ref="pers_WCDH33">S. A. Chapin</name>
                  <choice rend="align(right)">
                     <abbr>Cr</abbr>
                     <expan>credit</expan>
                  </choice></cell>
               <cell/>
               <cell/>
               <cell/>
               <cell/>
            </row>
            <row xml:id="p220_22">
               <cell/>
               <cell>By <measure commodity="butter" quantity="6.63" unit="lbs">6lbs 10 oz salted? butter</measure></cell>
               <cell/>
               <cell/>
               <cell/>
               <cell/>
            </row>
            <row xml:id="p220_23">
               <cell/>
               <cell><date when="1849-11-30">30 th</date></cell>
               <cell/>
               <cell/>
               <cell/>
               <cell/>
            </row>
            <row xml:id="p220_24">
               <cell>534</cell>
               <cell><name type="person" ref="pers_WCDH156">Stephen Bailey</name>
                  <choice rend="align(right)">
                     <abbr>Dr</abbr>
                     <expan>debtor</expan>
                  </choice></cell>
               <cell/>
               <cell/>
               <cell/>
               <cell/>
            </row>
            <row xml:id="p220_25">
               <cell/>
               <cell>To lost? time at sundie times?</cell>
               <cell/>
               <cell/>
               <cell/>
               <cell/>
            </row>
            <row xml:id="p220_26">
               <cell/>
               <cell>To jaimtom &amp; elsewhere</cell>
               <cell/>
               <cell/>
               <cell/>
               <cell/>
            </row>
            <row xml:id="p220_27">
               <cell/>
               <cell>" lost time from <date when="1849-11-30">Nov. 30th</date> to <date when="1849-12-10">Dec. 10th</date> 9ys</cell>
               <cell><measure commodity="currency" quantity="9" unit="dollars">9</measure></cell>
               <cell><measure commodity="currency" quantity="00" unit="cents">00</measure></cell>
               <cell/>
               <cell/>
            </row>
            <row xml:id="p220_28">
               <cell/>
               <cell><date when="1849-12-11">11</date></cell>
               <cell/>
               <cell/>
               <cell/>
               <cell/>
            </row>
            <row xml:id="p220_29">
               <cell>355</cell>
               <cell><name type="person" ref="pers_WCDH118">Wheaton Wheeler</name>
                  <choice rend="align(right)">
                     <abbr>Dr</abbr>
                     <expan>debtor</expan>
                  </choice></cell>
               <cell/>
               <cell/>
               <cell/>
               <cell/>
            </row>
            <row xml:id="p220_30">
               <cell/>
               <cell>To <measure commodity="beef" quantity="41" unit="lbs">41 lbs hind quarter beef</measure> <measure commodity="currency" quantity="6" unit="dollars">600</measure></cell>
               <cell><measure commodity="currency" quantity="2" unit="dollars">2</measure></cell>
               <cell><measure commodity="currency" quantity="46" unit="cents">46</measure></cell>
               <cell/>
               <cell/>
            </row>
            <row xml:id="p220_31">
               <cell/>
               <cell>" 60 lbs from do <measure commodity="currency" quantity="6" unit="dollars">$6.00</measure></cell>
               <cell><measure commodity="currency" quantity="3" unit="dollars">3</measure></cell>
               <cell><measure commodity="currency" quantity="60" unit="cents">60</measure></cell>
               <cell><measure commodity="currency" quantity="6" unit="dollars">6</measure></cell>
               <cell><measure commodity="currency" quantity="06" unit="cents">06</measure></cell>
            </row>
            <row xml:id="p220_32">
               <cell/>
               <cell/>
               <cell/>
               <cell/>
               <cell/>
               <cell/>
            </row>
            <row xml:id="p220_33">
               <cell>see bill</cell>
               <cell><name type="person" ref="pers_WCDH33">S. A. Chapin</name>
                  <choice rend="align(right)">
                     <abbr>Cr</abbr>
                     <expan>credit</expan>
                  </choice></cell>
               <cell/>
               <cell/>
               <cell/>
               <cell/>
            </row>
            <row xml:id="p220_34">
               <cell/>
               <cell><measure commodity="butter" quantity="3.06" unit="lbs">3 lbs. 1 oz table butter</measure></cell>
               <cell/>
               <cell/>
               <cell/>
               <cell/>
            </row>
            <row xml:id="p220_35">
               <cell/>
               <cell><date when="1849-12-20">Dec. 20.</date></cell>
               <cell/>
               <cell/>
               <cell/>
               <cell/>
            </row>
            <row xml:id="p220_36">
               <cell>510</cell>
               <cell><name type="person" ref="pers_WCDH488">Caty Nolen</name>
                  <choice rend="align(right)">
                     <abbr>Dr</abbr>
                     <expan>debtor</expan>
                  </choice></cell>
               <cell/>
               <cell/>
               <cell/>
               <cell/>
            </row>
            <row xml:id="p220_37">
               <cell/>
               <cell>To <name type="account" ref="LMWcash">cash</name> <measure commodity="currency" quantity="3" unit="dollars">$3.00</measure></cell>
               <cell><measure commodity="currency" quantity="3" unit="dollars">3</measure></cell>
               <cell><measure commodity="currency" quantity="00" unit="cents">00</measure></cell>
               <cell/>
               <cell/>
            </row>
            <row xml:id="p220_38">
               <cell/>
               <cell><date when="1849-12-23">23</date></cell>
               <cell/>
               <cell/>
               <cell/>
               <cell/>
            </row>
            <row xml:id="p220_39">
               <cell>190</cell>
               <cell><name type="person" ref="pers_WCDH558">Alice Smith</name>
                  <choice rend="align(right)">
                     <abbr>Dr</abbr>
                     <expan>debtor</expan>
                  </choice></cell>
               <cell/>
               <cell/>
               <cell/>
               <cell/>
            </row>
            <row xml:id="p220_40">
               <cell/>
               <cell>To <measure commodity="corn" quantity=".5" unit="bushels">1/2 buss corn</measure> <measure commodity="rye" quantity=".5" unit="bushels">1/2 buss rye</measure> 6/</cell>
               <cell><measure commodity="currency" quantity="1" unit="dollars">1</measure></cell>
               <cell><measure commodity="currency" quantity="00" unit="cents">00</measure></cell>
               <cell/>
               <cell/>
            </row>
            <row xml:id="p220_41">
               <cell/>
               <cell/>
               <cell/>
               <cell/>
               <cell/>
               <cell/>
            </row>
            <row xml:id="p220_42">
               <cell>see bill</cell>
               <cell><name type="person" ref="pers_WCDH33">S. A. Chapin</name>
                  <choice rend="align(right)">
                     <abbr>Dr</abbr>
                     <expan>debtor</expan>
                  </choice></cell>
               <cell/>
               <cell/>
               <cell/>
               <cell/>
            </row>
            <row xml:id="p220_43">
               <cell/>
               <cell>To <measure commodity="tickets" quantity="6" unit="count">6 R.R. Tickets</measure> fr E. 38 1/2 -</cell>
               <cell><measure commodity="currency" quantity="2" unit="dollars">2</measure></cell>
               <cell><measure commodity="currency" quantity="31" unit="cents">31</measure></cell>
               <cell/>
               <cell/>
            </row>
            <row xml:id="p220_44">
               <cell/>
               <cell/>
               <cell/>
               <cell/>
               <cell/>
               <cell/>
            </row>
            <row xml:id="p220_45">
               <cell>355</cell>
               <cell><name type="person" ref="pers_WCDH118">Wheaton Wheeler</name>
                  <choice rend="align(right)">
                     <abbr>Dr</abbr>
                     <expan>debtor</expan>
                  </choice></cell>
               <cell/>
               <cell/>
               <cell/>
               <cell/>
            </row>
            <row xml:id="p220_46">
               <cell/>
               <cell>To <measure commodity="beef" quantity="5" unit="lbs">5 lbs fresh beef-</measure> <measure commodity="currency" quantity="05" unit="cents">5x</measure></cell>
               <cell/>
               <cell><measure commodity="currency" quantity="25" unit="cents">25</measure></cell>
               <cell/>
               <cell/>
            </row>
            <row xml:id="p220_47">
               <cell/>
               <cell/>
               <cell/>
               <cell/>
               <cell/>
               <cell/>
            </row>
            <row xml:id="p220_48">
               <cell>settled</cell>
               <cell><name type="person" ref="pers_WCDH373">Linus Howard</name>
                  <choice rend="align(right)">
                     <abbr>Cr</abbr>
                     <expan>credit</expan>
                  </choice></cell>
               <cell/>
               <cell/>
               <cell/>
               <cell/>
            </row>
            <row xml:id="p220_49">
               <cell/>
               <cell>By <measure commodity="beef" quantity="8" unit="lbs">eight lbs. corn roast beef</measure>-</cell>
               <cell/>
               <cell/>
               <cell/>
               <cell/>
            </row>
            <row xml:id="p220_50">
               <cell/>
               <cell/>
               <cell/>
               <cell/>
               <cell/>
               <cell/>
            </row>
            <row xml:id="p220_51">
               <cell>left with Tripp to settle</cell>
               <cell><name type="person" ref="v">Rolans g. Swift</name>
                  <choice rend="align(right)">
                     <abbr>Dr</abbr>
                     <expan>debtor</expan>
                  </choice></cell>
               <cell/>
               <cell/>
               <cell/>
               <cell/>
            </row>
            <row xml:id="p220_52">
               <cell/>
               <cell>To use of <measure commodity="pasturing" quantity="1" unit="year">pasture the past year</measure></cell>
               <cell><measure commodity="currency" quantity="8" unit="dollars">8</measure></cell>
               <cell><measure commodity="currency" quantity="50" unit="cents">50</measure></cell>
               <cell/>
               <cell/>
            </row>
            <row xml:id="p220_53">
               <cell/>
               <cell>" <measure commodity="pasturing" quantity="11" unit="weeks">pasturing cattle 11 weeks</measure></cell>
               <cell/>
               <cell/>
               <cell/>
               <cell/>
            </row>
            <row xml:id="p220_54">
               <cell/>
               <cell/>
               <cell/>
               <cell/>
               <cell/>
               <cell/>
            </row>
            <row xml:id="p220_55">
               <cell>settled</cell>
               <cell><name type="person" ref="pers_WCDH313">Schuyler Freeman</name>
                  <choice rend="align(right)">
                     <abbr>Dr</abbr>
                     <expan>debtor</expan>
                  </choice></cell>
               <cell/>
               <cell/>
               <cell/>
               <cell/>
            </row>
            <row xml:id="p220_56">
               <cell/>
               <cell>To <measure commodity="pasturing" quantity="2" unit="count">use of the two Freeman pasturing lots</measure></cell>
               <cell><measure commodity="currency" quantity="30" unit="dollars">30</measure></cell>
               <cell><measure commodity="currency" quantity="00" unit="cents">00</measure></cell>
               <cell/>
               <cell/>
            </row>
            <row xml:id="p220_57">
               <cell></cell>
               <cell>31     pasturing---</cell>
               <cell/>
               <cell><measure commodity="currency" quantity="50" unit="cents">50</measure></cell>
               <cell/>
               <cell/>
            </row>
            <row xml:id="p220_58">
               <cell>534</cell>
               <cell><name type="person" ref="pers_WCDH156">Stephen Bailey</name>
                  <choice rend="align(right)">
                     <abbr>Cr</abbr>
                     <expan>credit</expan>
                  </choice></cell>
               <cell/>
               <cell/>
               <cell/>
               <cell/>
            </row>
            <row xml:id="p220_59">
               <cell/>
               <cell>By <measure commodity="labor" quantity="3" unit="months">three months work</measure> to <date when="1849-12-31">Dec. 31st</date></cell>
               <cell><measure commodity="currency" quantity="90" unit="dollars">90</measure></cell>
               <cell><measure commodity="currency" quantity="00" unit="cents">00</measure></cell>
               <cell/>
               <cell/>
            </row>
            <row xml:id="p220_60">
               <cell>534</cell>
               <cell><choice rend="align(right)">
                     <abbr>D</abbr>
                     <expan>debtor</expan>
                  </choice></cell>
               <cell/>
               <cell/>
               <cell/>
               <cell/>
            </row>
            <row xml:id="p220_61">
               <cell/>
               <cell>To <measure commodity="rent" quantity="12.5" unit="dollars">house rent</measure> to <date when="1849-12-31">Dec 31st</date></cell>
               <cell><measure commodity="currency" quantity="12" unit="dollars">12</measure></cell>
               <cell><measure commodity="currency" quantity="50" unit="cents">50</measure></cell>
               <cell/>
               <cell/>
            </row>
            <row xml:id="p220_62">
               <cell/>
               <cell/>
               <cell/>
               <cell/>
               <cell/>
               <cell/>
            </row>
            <row xml:id="p220_63">
               <cell>355</cell>
               <cell><name type="person" ref="pers_WCDH118">Wheaton Wheeler</name>
                  <choice rend="align(right)">
                     <abbr>D</abbr>
                     <expan>debtor</expan>
                  </choice></cell>
               <cell/>
               <cell/>
               <cell/>
               <cell/>
            </row>
            <row xml:id="p220_64">
               <cell/>
               <cell>to <name type="account" ref="LMWcash">cash</name></cell>
               <cell><measure commodity="currency" quantity="23" unit="dollars">23</measure></cell>
               <cell><measure commodity="currency" quantity="99" unit="cents">99</measure></cell>
               <cell/>
               <cell/>
            </row>
         </table>
       </body>
   </text>
</TEI>