<?xml version="1.0" encoding="UTF-8"?>
<?xml-model href="http://www.tei-c.org/release/xml/tei/custom/schema/relaxng/tei_all.rng" type="application/xml" schematypens="http://relaxng.org/ns/structure/1.0"?>
<?xml-model href="http://www.tei-c.org/release/xml/tei/custom/schema/relaxng/tei_all.rng" type="application/xml"
	schematypens="http://purl.oclc.org/dsdl/schematron"?>
<TEI xmlns="http://www.tei-c.org/ns/1.0">
   <teiHeader>
      <fileDesc>
         <titleStmt>
            <title>LMW Day Book, pp. 179-180</title>
            <author>L.M. Wheaton</author>
         </titleStmt>
         <publicationStmt>
            <p>Indication of work done and date, Wheaton College</p>
         </publicationStmt>
         <sourceDesc>
            <biblFull>
               <titleStmt>
                  <title>Account Books, pp.179-180</title>
                  <author>L.M. Wheaton</author>
                  <respStmt>
                     <resp> TEI-compatible XML markup by <name type="person">Tyana Craig</name> with
                        corrections by <name type="person">Name</name>, <name type="person"
                           >Name</name>, and <name type="person">Name</name>.</resp>
                     <name type="person">Name</name>
                  </respStmt>
               </titleStmt>
               <publicationStmt>
                  <p>Indication of work done and date 06/07/16, Wheaton College</p>
               </publicationStmt>
               <sourceDesc>
                  <p> From the Marion B. Gebbie Archives and Special Collections at the Madeleine
                     Clark Wallace Library, Wheaton College </p>
               </sourceDesc>
            </biblFull>
         </sourceDesc>
      </fileDesc>
   </teiHeader>
   <text>
      <body>
         <pb n="179"/>
         <fw type="pageNum">179</fw>
         <table xml:id="p179" cols="6">
            <head>Monday <date when="1843-05-05">May 15th 1843</date></head>
            <row xml:id="p179_01">
               <cell/>
               <cell/>
               <cell/>
               <cell/>
               <cell/>
               <cell/>
            </row>
            <row xml:id="p179_02">
               <cell>Settled</cell>
               <cell><name type="person" ref="v">Charles Reed</name>
                  <choice rend="align(right)">
                     <abbr>D</abbr>
                     <expan>debtor</expan>
                  </choice></cell>
               <cell/>
               <cell/>
               <cell/>
               <cell/>
            </row>
            <row xml:id="p179_03">
               <cell/>
               <cell>
                   To <measure commodity="Snowball Potatoes" quantity="2" unit="bushels">two Buss Snowball Potatoes</measure> 2/6
               </cell>
               <cell/>
               <cell>
                   <measure commodity="currency" quantity="84" unit="cents">84</measure>
               </cell>
               <cell/>
               <cell/>
            </row>
            <row xml:id="p179_04">
               <cell/>
               <cell/>
               <cell/>
               <cell/>
               <cell/>
               <cell/>
            </row>
            <row xml:id="p179_05">
               <cell>388</cell>
               <cell><name type="person" ref="v">Jason Reed</name>
                  <choice rend="align(right)">
                     <abbr>D</abbr>
                     <expan>debtor</expan>
                  </choice></cell>
               <cell/>
               <cell/>
               <cell/>
               <cell/>
            </row>
            <row xml:id="p179_06">
               <cell/>
               <cell>
                   To <measure commodity="Snow Potatoes">one Buss. Snow Potatoes</measure> 2/6
               </cell>
               <cell/>
               <cell>42</cell>
               <cell/>
               <cell/>
            </row>
            <row xml:id="p179_07">
               <cell/>
               <cell>
                   <date when="1843-05-16">16</date>
               </cell>
               <cell/>
               <cell/>
               <cell/>
               <cell/>
            </row>
            <row xml:id="p179_08">
               <cell>Settled</cell>
               <cell><name type="person" ref="v">Hiram Hodges</name>
                  <choice rend="align(right)">
                     <abbr>D</abbr>
                     <expan>debtor</expan>
                  </choice></cell>
               <cell/>
               <cell/>
               <cell/>
               <cell/>
            </row>
            <row xml:id="p179_09">
               <cell/>
               <cell>
                   To <measure commodity="Snowball Potatoes" quantity="2" unit="bushels">two &amp; half Buss. Snowball Potatoes</measure>
               </cell>
               <cell>
                   <measure commodity="currency" quantity="1" unit="dollars">1</measure>
               </cell>
               <cell>
                   <measure commodity="currency" quantity="05" unit="cents">05</measure>
               </cell>
               <cell/>
               <cell/>
            </row>
            <row xml:id="p179_10">
               <cell/>
               <cell/>
               <cell/>
               <cell/>
               <cell/>
               <cell/>
            </row>
            <row xml:id="p179_11">
               <cell>516</cell>
               <cell><name type="person" ref="v">Mary A. Wrigley</name>
                  <choice rend="align(right)">
                     <abbr>Dr</abbr>
                     <expan>debtor</expan>
                  </choice></cell>
               <cell/>
               <cell/>
               <cell/>
               <cell/>
            </row>
            <row xml:id="p179_12">
               <cell/>
               <cell>
                   To <measure commodity="Shirting" quantity="4.625" unit="yards">4 5/8 Yds. Shirting </measure>6 11/4x
               </cell>
               <cell/>
               <cell>
                   <measure commodity="currency" unit="cents">27</measure>
               </cell>
               <cell/>
               <cell/>
            </row>
            <row xml:id="p179_13">
               <cell/>
               <cell/>
               <cell/>
               <cell/>
               <cell/>
               <cell/>
            </row>
            <row xml:id="p179_14">
               <cell>388</cell>
               <cell><name type="person" ref="v">Jason Reed</name>
                  <choice rend="align(right)">
                     <abbr>Dr</abbr>
                     <expan>debtor</expan>
                  </choice></cell>
               <cell/>
               <cell/>
               <cell/>
               <cell/>
            </row>
            <row xml:id="p179_15">
               <cell/>
               <cell>
                   To <measure commodity="Potatoes" quantity="1" unit="bushels"> 1 Buss. Potatoes</measure> 2/6 </cell>
               <cell/>
               <cell>
                   <measure commodity="currency" quantity="42" unit="cents">42</measure>
               </cell>
               <cell/>
               <cell/>
            </row>
            <row xml:id="p179_16">
               <cell/>
               <cell/>
               <cell/>
               <cell/>
               <cell/>
               <cell/>
            </row>
            <row xml:id="p179_17">
               <cell>See Bill</cell>
               <cell><name type="person" ref="v">Charles Reed</name>
                  <choice rend="align(right)">
                     <abbr>D</abbr>
                     <expan>debtor</expan>
                  </choice></cell>
               <cell/>
               <cell/>
               <cell/>
               <cell/>
            </row>
            <row xml:id="p179_18">
               <cell/>
               <cell>
                   To <measure commodity="labor" quantity="1" unit="day">waggon to Providence</measure>
               </cell>
               <cell/>
               <cell/>
               <cell/>
               <cell/>
            </row>
            <row xml:id="p179_19">
               <cell/>
               <cell/>
               <cell/>
               <cell/>
               <cell/>
               <cell/>
            </row>
            <row xml:id="p179_20">
               <cell>207</cell>
               <cell><name type="person" ref="v">Ebenezer Hamlinton</name>
                  <choice rend="align(right)">
                     <abbr>D</abbr>
                     <expan>debtor</expan>
                  </choice></cell>
               <cell/>
               <cell/>
               <cell/>
               <cell/>
            </row>
            <row xml:id="p179_21">
               <cell/>
               <cell>
                   To <measure commodity="labor" quantity="1" unit="day">waggon to Taunton</measure>
               </cell>
               <cell/>
               <cell/>
               <cell/>
               <cell/>
            </row>
            <row xml:id="p179_22">
               <cell/>
               <cell/>
               <cell/>
               <cell/>
               <cell/>
               <cell/>
            </row>
            <row xml:id="p179_23">
               <cell>Returned</cell>
               <cell><name type="person" ref="v">Geo. Braman</name>
                  <choice rend="align(right)">
                     <abbr>D</abbr>
                     <expan>debtor</expan>
                  </choice></cell>
               <cell/>
               <cell/>
               <cell/>
               <cell/>
            </row>
            <row xml:id="p179_24">
               <cell/>
               <cell>
                   To <measure commodity="Lead" quantity="2" unit="count">two Leads for Spouts </measure>4/6 
                   <measure commodity="Pine" quantity="1" unit="count">Pine</measure>
               </cell>
               <cell>
                   <measure commodity="currency" quantity="1" unit="dollar">1</measure>
               </cell>
               <cell>
                   <measure commodity="currency" quantity="50" unit="cents">50</measure>
               </cell>
               <cell/>
               <cell/>
            </row>
            <row xml:id="p179_25">
               <cell/>
               <cell>
                   <date when="1843-05-20">20</date>
               </cell>
               <cell/>
               <cell/>
               <cell/>
               <cell/>
            </row>
            <row xml:id="p179_26">
               <cell>516</cell>
               <cell><name type="person" ref="v">Mary A. Wrigley</name>
                  <choice rend="align(right)">
                     <abbr>Dr</abbr>
                     <expan>debtor</expan>
                  </choice></cell>
               <cell/>
               <cell/>
               <cell/>
               <cell/>
            </row>
            <row xml:id="p179_27">
               <cell/>
               <cell>
                   To <measure commodity="Oil Silk" quantity="0.25" unit="yard">1/4 Yd. Oil Silk </measure>.25x</cell>
               <cell/>
               <cell>
                   <measure commodity="currency" quantity="25" unit="cents">25</measure>
               </cell>
               <cell/>
               <cell/>
            </row>
            <row xml:id="p179_28">
               <cell/>
               <cell/>
               <cell/>
               <cell/>
               <cell/>
               <cell/>
            </row>
            <row xml:id="p179_29">
               <cell>388</cell>
               <cell><name type="person" ref="v">Jason Reed</name>
                  <choice rend="align(right)">
                     <abbr>Dr</abbr>
                     <expan>debtor</expan>
                  </choice></cell>
               <cell/>
               <cell/>
               <cell/>
               <cell/>
            </row>
            <row xml:id="p179_30">
               <cell/>
               <cell>
                   To <measure commodity="Potatoes" quantity="1" unit="bushels">1 bushel Potatoes </measure> 2/6
               </cell>
               <cell/>
               <cell>
                   <measure commodity="currency" quantity="42" unit="cents">42</measure>
               </cell>
               <cell/>
               <cell/>
            </row>
            <row xml:id="p179_31">
               <cell/>
               <cell/>
               <cell/>
               <cell/>
               <cell/>
               <cell/>
            </row>
            <row xml:id="p179_32">
               <cell>207</cell>
               <cell><name type="person" ref="v">Eben. Hamilton</name>
                  <choice rend="align(right)">
                     <abbr>D</abbr>
                     <expan>debtor</expan>
                  </choice></cell>
               <cell/>
               <cell/>
               <cell/>
               <cell/>
            </row>
            <row xml:id="p179_33">
               <cell/>
               <cell>
                  To <measure commodity="S. B. Potatoes" quantity="2" unit="bushels"> 2 bush. S. B Potatoes</measure> 2/6
               </cell>
               <cell/>
               <cell>
                  <measure commodity="currency" quantity="84" unit="cents">84</measure>
               </cell>
               <cell/>
               <cell/>
            </row>
            <row xml:id="p179_34">
               <cell/>
               <cell/>
               <cell/>
               <cell/>
               <cell/>
               <cell/>
            </row>
            <row xml:id="p179_35">
               <cell>Chd. before on 16th</cell>
               <cell><name type="person" ref="v">Hiram Hodges</name>
                  <choice rend="align(right)">
                     <abbr>D</abbr>
                     <expan>debtor</expan>
                  </choice></cell>
               <cell/>
               <cell/>
               <cell/>
               <cell/>
            </row>
            <row xml:id="p179_36">
               <cell/>
               <cell>
                  To <measure commodity="S. B. Potatoes" quantity="1.5" unit="bushels">1 1/2 bush. S. B Potatoes</measure>
               </cell>
               <cell/>
               <cell>
                  <measure commodity="currency" quantity="63" unit="cents">63</measure>
               </cell>
               <cell/>
               <cell/>
            </row>
            <row xml:id="p179_37">
               <cell/>
               <cell>
                  <date when="1843-05-23">23</date>
               </cell>
               <cell/>
               <cell/>
               <cell/>
               <cell/>
            </row>
            <row xml:id="p179_38">
               <cell>516</cell>
               <cell><name type="person" ref="v">Mary A. Wrigley</name>
                  <choice rend="align(right)">
                     <abbr>Dr</abbr>
                     <expan>debtor</expan>
                  </choice></cell>
               <cell/>
               <cell/>
               <cell/>
               <cell/>
            </row>
            <row xml:id="p179_39">
               <cell/>
               <cell>
                  To <name type="account" ref="LMWcash"> cash</name> 6/
               </cell>
               <cell>
                  <measure commodity="currency" quantity="1" unit="dollars">1</measure>
               </cell>
               <cell>
                  <measure commodity="currency" quantity="00" unit="cents">00</measure>
               </cell>
               <cell/>
               <cell/>
            </row>
            <row xml:id="p179_40">
               <cell/>
               <cell>
                  <date when="1843-05-24">24</date>
               </cell>
               <cell/>
               <cell/>
               <cell/>
               <cell/>
            </row>
            <row xml:id="p179_41">
               <cell>516</cell>
               <cell>
                  To <name type="account" ref="LMWcash"> cash to go to Taunton</name>
               </cell>
               <cell>
                  <measure commodity="currency" quantity="5" unit="dollars">5</measure>
               </cell>
               <cell>
                  <measure commodity="currency" quantity="00" unit="cents">00</measure>
               </cell>
               <cell/>
               <cell/>
            </row>
            <row xml:id="p179_42">
               <cell/>
               <cell>" " " " " " 6/</cell>
               <cell>
                  <measure commodity="currency" quantity="1" unit="dollars">1</measure>
               </cell>
               <cell>
                  <measure commodity="currency" quantity="00" unit="cents">00</measure>
               </cell>
               <cell>
                  <measure commodity="currency" quantity="7" unit="dollars">7</measure>
               </cell>
               <cell>
                  <measure commodity="currency" quantity="00" unit="cents">00</measure>
               </cell>
            </row>
            <row xml:id="p179_43">
               <cell/>
               <cell>
                  <date when="1843-05-26">26</date>
               </cell>
               <cell/>
               <cell/>
               <cell/>
               <cell/>
            </row>
            <row xml:id="p179_44">
               <cell>Settled</cell>
               <cell><name type="person" ref="v">Linus Howard</name>
                  <choice rend="align(right)">
                     <abbr>Dr</abbr>
                     <expan>debtor</expan>
                  </choice></cell>
               <cell/>
               <cell/>
               <cell/>
               <cell/>
            </row>
            <row xml:id="p179_45">
               <cell/>
               <cell>
                  To <measure commodity="Butter" quantity="5.375" unit="pounds"> 5lbs 6oz. Butter </measure>14x
               </cell>
               <cell/>
               <cell>
                  <measure commodity="currency" quantity="75" unit="cents">75</measure>
               </cell>
               <cell/>
               <cell/>
            </row>
            <row xml:id="p179_46">
               <cell/>
               <cell/>
               <cell/>
               <cell/>
               <cell/>
               <cell/>
            </row>
            <row xml:id="p179_47">
               <cell>523</cell>
               <cell><name type="person" ref="v">Frank Dowler</name>
                  <choice rend="align(right)">
                     <abbr>Cr</abbr>
                     <expan>credit</expan>
                  </choice></cell>
               <cell/>
               <cell/>
               <cell/>
               <cell/>
            </row>
            <row xml:id="p179_48">
               <cell/>
               <cell>
                  By <measure commodity="work" quantity="1" unit="weeks">one weeks work</measure>,
                  <measure commodity="board" quantity="1" unit="weeks">board +c.</measure>
               </cell>
               <cell>
                  <measure commodity="currency" quantity="5" unit="dollars">5</measure>
               </cell>
               <cell>
                  <measure commodity="currency" quantity="00" unit="cents">00</measure>
               </cell>
               <cell/>
               <cell/>
            </row>
            <row xml:id="p179_49">
               <cell/>
               <cell>
                  " <measure commodity="labor">work </measure>from date pr agreement
               </cell>
               <cell/>
               <cell/>
               <cell/>
               <cell/>
            </row>
            <row xml:id="p179_50">
               <cell/>
               <cell>
                  <measure commodity="board" unit="month">board himself 
                     <measure commodity="currency" quantity="1500" unit="dollars">at $1500 pr mo </measure>
                  </measure>
               </cell>
               <cell/>
               <cell/>
               <cell/>
               <cell/>
            </row>
            <row xml:id="p179_51">
               <cell>223</cell>
               <cell>
                  <date when="1843-05-22">May 22nd</date>
               </cell>
               <cell/>
               <cell/>
               <cell/>
               <cell/>
            </row>
            <row xml:id="p179_52">
               <cell/>
               <cell/>
               <cell/>
               <cell/>
               <cell/>
               <cell/>
            </row>
            <row xml:id="p179_53">
               <cell>524</cell>
               <cell><name type="person" ref="v">Geo. Braman</name>
                  <choice rend="align(right)">
                     <abbr>D</abbr>
                     <expan>debtor</expan>
                  </choice></cell>
               <cell/>
               <cell/>
               <cell/>
               <cell/>
            </row>
            <row xml:id="p179_54">
               <cell/>
               <cell>
                  To <name type="account" ref="LMWcash">cash lent some time since</name>
               </cell>
               <cell>
                  <measure commodity="currency" quantity="10" unit="dollars">10</measure>
               </cell>
               <cell>
                  <measure commodity="currency" quantity="00" unit="cents">00</measure>
               </cell>
               <cell/>
               <cell/>
            </row>
            <row xml:id="p179_55">
               <cell/>
               <cell>By <name type="account" ref="LMWcash">cash returned </name>
                  <choice rend="align(right)">
                     <abbr>Cr</abbr>
                     <expan>credit</expan>
                  </choice></cell>
               <cell>
                  <measure commodity="currency" quantity="5" unit="dollars">5</measure>
               </cell>
               <cell>
                  <measure commodity="currency" quantity="00" unit="cents">00</measure>
               </cell>
               <cell/>
               <cell/>
            </row>
            <row xml:id="p179_56">
               <cell/>
               <cell/>
               <cell/>
               <cell/>
               <cell/>
               <cell/>
            </row>
            <row xml:id="p179_57">
               <cell>522</cell>
               <cell><name type="person" ref="v">Stephen Bailey</name>
                  <choice rend="align(right)">
                     <abbr>Dr</abbr>
                     <expan>debtor</expan>
                  </choice></cell>
               <cell/>
               <cell/>
               <cell/>
               <cell/>
            </row>
            <row xml:id="p179_58">
               <cell/>
               <cell>
                  To <measure commodity="Milk" quantity="10" unit="quarts">10 Qts Milk</measure> 4x
               </cell>
               <cell/>
               <cell>
                  <measure commodity="currency" quantity="40" unit="cents">40</measure>
               </cell>
               <cell/>
               <cell/>
            </row>
            <row xml:id="p179_59">
               <cell>522</cell>
               <cell>
                  <date when="1843-05-25">May 25</date>
               </cell>
               <cell/>
               <cell/>
               <cell/>
               <cell/>
            </row>
            <row xml:id="p179_60">
               <cell/>
               <cell><name type="person" ref="v">Stephen Bailey</name>
                  <choice rend="align(right)">
                     <abbr>D</abbr>
                     <expan>debtor</expan>
                  </choice></cell>
               <cell/>
               <cell/>
               <cell/>
               <cell/>
            </row>
            <row xml:id="p179_61">
               <cell/>
               <cell>
                  To <name type="account" ref="LMWcash">cash five Dollars </name> $5 00
               </cell>
               <cell>
                  <measure commodity="currency" quantity="5" unit="dollars">5</measure>
               </cell>
               <cell>
                  <measure commodity="currency" quantity="00" unit="cents">00</measure>
               </cell>
               <cell/>
               <cell/>
            </row>
            <row xml:id="p179_62">
               <cell/>
               <cell>
                  " <measure commodity="Wood"> Wood</measure>
               </cell>
               <cell>
                  <measure commodity="currency" quantity="1" unit="dollars">1</measure>
               </cell>
               <cell>
                  <measure commodity="currency" quantity="75" unit="cents">75</measure>
               </cell>
               <cell>
                  <measure commodity="currency" quantity="6" unit="dollars">6</measure>
               </cell>
               <cell>
                  <measure commodity="currency" quantity="75" unit="dollars">75</measure>
               </cell>
            </row>
            <row xml:id="p179_63">
               <cell/>
               <cell/>
               <cell/>
               <cell/>
               <cell/>
               <cell/>
            </row>
         </table>
         <pb n="180"/>
         <fw type="pageNum">180</fw>
         <table xml:id="p180" cols="6">
            <head>Wednesday <date when="1843-06-05">June 5th 1843</date></head>
            <row xml:id="p180_01">
               <cell/>
               <cell/>
               <cell>$</cell>
               <cell>cts.</cell>
               <cell>$</cell>
               <cell>cts.</cell>
            </row>
            <row xml:id="p180_02">
               <cell/>
               <cell><name type="person" ref="v">Ira Root</name>
                  <choice rend="align(right)">
                     <abbr>D</abbr>
                     <expan>debtor</expan>
                  </choice></cell>
               <cell/>
               <cell/>
               <cell/>
               <cell/>
            </row>
            <row xml:id="p180_03">
               <cell/>
               <cell>
                  To <measure commodity="Potatoes" quantity="6" unit="bushels"> six Buss Potatoes</measure> 1/6
               </cell>
               <cell>
                  <measure commodity="currency" quantity="1" unit="dollars">1</measure>
               </cell>
               <cell>
                  <measure commodity="currency" quantity="50" unit="cents">50</measure>
               </cell>
               <cell/>
               <cell/>
            </row>
            <row xml:id="p180_04">
               <cell/>
               <cell>
                  <date when="1843-06-12">12</date>
               </cell>
               <cell/>
               <cell/>
               <cell/>
               <cell/>
            </row>
            <row xml:id="p180_05">
               <cell>516</cell>
               <cell><name type="person" ref="v">Mary A. Wrigley</name>
                  <choice rend="align(right)">
                     <abbr>Dr</abbr>
                     <expan>debtor</expan>
                  </choice></cell>
               <cell/>
               <cell/>
               <cell/>
               <cell/>
            </row>
            <row xml:id="p180_06">
               <cell/>
               <cell>
                  To <name type="account" ref="LMWcash">cash pd. for 
                     <measure commodity="goods">goods</measure> at Boston</name>
               </cell>
               <cell/>
               <cell/>
               <cell/>
               <cell/>
            </row>
            <row xml:id="p180_07">
               <cell/>
               <cell>
                  <measure commodity="Shirting" quantity="1" unit="count">Shirting</measure> 1.00 
                  <measure commodity="Lace" quantity="1" unit="count">Lace </measure>24x 
                  <measure commodity="Hoisery" quantity="1" unit="count">Hoisery </measure>40x B. Lace 37 1/2x
               </cell>
               <cell>
                  <measure commodity="currency" quantity="2" unit="dollars">2</measure>
               </cell>
               <cell>
                  <measure commodity="currency" quantity="02" unit="cents">02</measure>
               </cell>
               <cell/>
               <cell/>
            </row>
            <row xml:id="p180_08">
               <cell/>
               <cell/>
               <cell/>
               <cell/>
               <cell/>
               <cell/>
            </row>
            <row xml:id="p180_09">
               <cell/>
               <cell><name type="person" ref="v">Ira Root</name>
                  <choice rend="align(right)">
                     <abbr>D</abbr>
                     <expan>debtor</expan>
                  </choice></cell>
               <cell/>
               <cell/>
               <cell/>
               <cell/>
            </row>
            <row xml:id="p180_10">
               <cell/>
               <cell>
                  To <measure commodity="Snowballs" quantity="0.5" unit="bushels"> 1/2 Buss. Snowballs</measure> 2/6
               </cell>
               <cell/>
               <cell>
                  <measure commodity="currency" quantity="21" unit="cents">21</measure>
               </cell>
               <cell/>
               <cell/>
            </row>
            <row xml:id="p180_11">
               <cell/>
               <cell/>
               <cell/>
               <cell/>
               <cell/>
               <cell/>
            </row>
            <row xml:id="p180_12">
               <cell>511</cell>
               <cell><name type="person" ref="v">Otis Blandin</name>
                  <choice rend="align(right)">
                     <abbr>D</abbr>
                     <expan>debtor</expan>
                  </choice></cell>
               <cell/>
               <cell/>
               <cell/>
               <cell/>
            </row>
            <row xml:id="p180_13">
               <cell/>
               <cell>
                  To <measure commodity="Blk. Potatoes" quantity="1" unit="bushel"> 1 Buss.  Blk. Potatoes</measure> 1/6
               </cell>
               <cell/>
               <cell>
                  <measure commodity="currency" quantity="25" unit="cents">25</measure>
               </cell>
               <cell/>
               <cell/>
            </row>
            <row xml:id="p180_14">
               <cell/>
               <cell/>
               <cell/>
               <cell/>
               <cell/>
               <cell/>
            </row>
            <row xml:id="p180_15">
               <cell>Settled</cell>
               <cell><name type="person" ref="v">Lincoln Clapp</name>
                  <choice rend="align(right)">
                     <abbr>Dr</abbr>
                     <expan>debtor</expan>
                  </choice></cell>
               <cell/>
               <cell/>
               <cell/>
               <cell/>
            </row>
            <row xml:id="p180_16">
               <cell/>
               <cell>
                  To <measure commodity="Blk. Potatoes" quantity="1" unit="bushel">1 Buss.  Blk. Potatoes </measure> 1/6
               </cell>
               <cell/>
               <cell>
                  <measure commodity="currency" quantity="25" unit="cents">25</measure>
               </cell>
               <cell/>
               <cell/>
            </row>
            <row xml:id="p180_17">
               <cell/>
               <cell>
                  <date when="1843-06-16">16</date>
               </cell>
               <cell/>
               <cell/>
               <cell/>
               <cell/>
            </row>
            <row xml:id="p180_18">
               <cell>516</cell>
               <cell><name type="person" ref="v">May A. Wrigley</name>
                  <choice rend="align(right)">
                     <abbr>D</abbr>
                     <expan>debtor</expan>
                  </choice></cell>
               <cell/>
               <cell/>
               <cell/>
               <cell/>
            </row>
            <row xml:id="p180_19">
               <cell/>
               <cell>
                  To <name type="account" ref="LMWcash">cash </name> 6/
               </cell>
               <cell>
                  <measure commodity="currency" quantity="1" unit="dollars">1</measure>
               </cell>
               <cell>
                  <measure commodity="currency" quantity="00" unit="cents">00</measure>
               </cell>
               <cell/>
               <cell/>
            </row>
            <row xml:id="p180_20">
               <cell/>
               <cell/>
               <cell/>
               <cell/>
               <cell/>
               <cell/>
            </row>
            <row xml:id="p180_21">
               <cell>522</cell>
               <cell><name type="person" ref="v">Stephen Baily</name>
                  <choice rend="align(right)">
                     <abbr>D</abbr>
                     <expan>debtor</expan>
                  </choice></cell>
               <cell/>
               <cell/>
               <cell/>
               <cell/>
            </row>
            <row xml:id="p180_22">
               <cell/>
               <cell>
                  To <name type="account" ref="LMWcash">cash for Adaline </name>18/
               </cell>
               <cell>
                  <measure commodity="currency" quantity="3" unit="dollars">3</measure>
               </cell>
               <cell>
                  <measure commodity="currency" quantity="00" unit="dollars">00</measure>
               </cell>
               <cell/>
               <cell/>
            </row>
            <row xml:id="p180_23">
               <cell/>
               <cell>
                  <date when="1843-06-20">20</date>
               </cell>
               <cell/>
               <cell/>
               <cell/>
               <cell/>
            </row>
            <row xml:id="p180_24">
               <cell>146</cell>
               <cell><name type="person" ref="v">Alexander Antoney</name>
                  <choice rend="align(right)">
                     <abbr>D</abbr>
                     <expan>debtor</expan>
                  </choice></cell>
               <cell/>
               <cell/>
               <cell/>
               <cell/>
            </row>
            <row xml:id="p180_25">
               <cell/>
               <cell>
                  To <name type="account" ref="LMWcash">cash for Father </name>60/
               </cell>
               <cell>
                  <measure commodity="currency" quantity="10" unit="dollars">10</measure>
               </cell>
               <cell>
                  <measure commodity="currency" quantity="00" unit="cents">00</measure>
               </cell>
               <cell/>
               <cell/>
            </row>
            <row xml:id="p180_26">
               <cell/>
               <cell/>
               <cell/>
               <cell/>
               <cell/>
               <cell/>
            </row>
            <row xml:id="p180_27">
               <cell>516</cell>
               <cell><name type="person" ref="v">Mary A. Wrigley</name>
                  <choice rend="align(right)">
                     <abbr>Dr</abbr>
                     <expan>debtor</expan>
                  </choice></cell>
               <cell/>
               <cell/>
               <cell/>
               <cell/>
            </row>
            <row xml:id="p180_28">
               <cell/>
               <cell>
                  To <name type="account" ref="LMWcash"> cash fr. 
                     <measure commodity="goods">goods at Taunton</measure></name>
               </cell>
               <cell>
                  <measure commodity="currency" quantity="1" unit="dollars">1</measure>
               </cell>
               <cell>
                  <measure commodity="currency" quantity="11" unit="cents">11</measure>
               </cell>
               <cell/>
               <cell/>
            </row>
            <row xml:id="p180_29">
               <cell/>
               <cell>
                  <date when="1843-06-22">22</date>
               </cell>
               <cell/>
               <cell/>
               <cell/>
               <cell/>
            </row>
            <row xml:id="p180_30">
               <cell>207</cell>
               <cell><name type="person" ref="v">Eben. Hamilton</name>
                  <choice rend="align(right)">
                     <abbr>D</abbr>
                     <expan>debtor</expan>
                  </choice></cell>
               <cell/>
               <cell/>
               <cell/>
               <cell/>
            </row>
            <row xml:id="p180_31">
               <cell/>
               <cell>
                  To <measure commodity="Ham" quantity="8.25" unit="pounds">8 1/4 lbs of Large Ham </measure> 10x
               </cell>
               <cell>
                  <measure commodity="currency" quantity="1" unit="dollars">1</measure>
               </cell>
               <cell>
                  <measure commodity="currency" quantity="03" unit="cents">03</measure>
               </cell>
               <cell/>
               <cell/>
            </row>
            <row xml:id="p180_32">
               <cell/>
               <cell/>
               <cell/>
               <cell/>
               <cell/>
               <cell/>
            </row>
            <row xml:id="p180_33">
               <cell>388</cell>
               <cell><name type="person" ref="v">Jason Reed</name>
                  <choice rend="align(right)">
                     <abbr>D</abbr>
                     <expan>debtor</expan>
                  </choice></cell>
               <cell/>
               <cell/>
               <cell/>
               <cell/>
            </row>
            <row xml:id="p180_34">
               <cell/>
               <cell>
                  To <measure commodity="Ham" quantity="10.25" unit="pounds"> 10 1/4 lbs of large Ham </measure>10x
               </cell>
               <cell/>
               <cell>
                  <measure commodity="currency" quantity="82" unit="cents">82</measure>
               </cell>
               <cell/>
               <cell/>
            </row>
            <row xml:id="p180_35">
               <cell/>
               <cell>
                  <date when="1843-06-22">22</date>
               </cell>
               <cell/>
               <cell/>
               <cell/>
               <cell/>
            </row>
            <row xml:id="p180_36">
               <cell>522</cell>
               <cell><name type="person" ref="v">Stephen Bailey</name>
                  <choice rend="align(right)">
                     <abbr>D</abbr>
                     <expan>debtor</expan>
                  </choice></cell>
               <cell/>
               <cell/>
               <cell/>
               <cell/>
            </row>
            <row xml:id="p180_37">
               <cell/>
               <cell>
                  To <name type="account" ref="LMWcash">cash twenty dollars</name> 
               </cell>
               <cell>
                  <measure commodity="currency" quantity="20" unit="dollars">20</measure>
               </cell>
               <cell>
                  <measure commodity="currency" quantity="00" unit="cents">00</measure>
               </cell>
               <cell/>
               <cell/>
            </row>
            <row xml:id="p180_38">
               <cell/>
               <cell>
                  <date when="1843-06-23">23</date>
               </cell>
               <cell/>
               <cell/>
               <cell/>
               <cell/>
            </row>
            <row xml:id="p180_39">
               <cell>Settled</cell>
               <cell><name type="person" ref="v">Summer Blandin</name>
                  <choice rend="align(right)">
                     <abbr>D</abbr>
                     <expan>debtor</expan>
                  </choice></cell>
               <cell/>
               <cell/>
               <cell/>
               <cell/>
            </row>
            <row xml:id="p180_40">
               <cell/>
               <cell>
                  To <measure commodity="Potatoes" quantity="2" unit="bushels">two Buss. Potatoes </measure>1/6
               </cell>
               <cell/>
               <cell>
                  <measure commodity="currency" quantity="50" unit="cents">50</measure>
               </cell>
               <cell/>
               <cell/>
            </row>
            <row xml:id="p180_41">
               <cell/>
               <cell/>
               <cell/>
               <cell/>
               <cell/>
               <cell/>
            </row>
            <row xml:id="p180_42">
               <cell>Paid</cell>
               <cell><name type="person" ref="v">Wheaton Wheelor</name>
                  <choice rend="align(right)">
                     <abbr>D</abbr>
                     <expan>debtor</expan>
                  </choice></cell>
               <cell/>
               <cell/>
               <cell/>
               <cell/>
            </row>
            <row xml:id="p180_43">
               <cell/>
               <cell>
                  To <measure commodity="Ham" quantity="11.75" unit="pounds">11 3/4 Ham </measure>8x
               </cell>
               <cell/>
               <cell>
                  <measure commodity="currency" quantity="94" unit="cents">94</measure>
               </cell>
               <cell/>
               <cell/>
            </row>
            <row xml:id="p180_44">
               <cell/>
               <cell>
                  <date when="1843-06-24">24</date>
               </cell>
               <cell/>
               <cell/>
               <cell/>
               <cell/>
            </row>
            <row xml:id="p180_45">
               <cell>Settled</cell>
               <cell><name type="person" ref="v">Summer Blandin</name>
                  <choice rend="align(right)">
                     <abbr>D</abbr>
                     <expan>debtor</expan>
                  </choice></cell>
               <cell/>
               <cell/>
               <cell/>
               <cell/>
            </row>
            <row xml:id="p180_46">
               <cell/>
               <cell>
                  To <measure commodity="Pork" quantity="13.5" unit="pounds">13 1/2 lb. Pork</measure>
               </cell>
               <cell/>
               <cell/>
               <cell/>
               <cell/>
            </row>
            <row xml:id="p180_47">
               <cell/>
               <cell/>
               <cell/>
               <cell/>
               <cell/>
               <cell/>
            </row>
            <row xml:id="p180_48">
               <cell>516</cell>
               <cell><name type="person" ref="v">Mary A. Wrigley</name>
                  <choice rend="align(right)">
                     <abbr>D</abbr>
                     <expan>debtor</expan>
                  </choice></cell>
               <cell/>
               <cell/>
               <cell/>
               <cell/>
            </row>
            <row xml:id="p180_49">
               <cell/>
               <cell>
                  To <name type="account" ref="LMWcash">cash for William </name> 12/ 
               </cell>
               <cell>
                  <measure commodity="currency" quantity="2" unit="dollars">2</measure>
               </cell>
               <cell>
                  <measure commodity="currency" quantity="00" unit="cents">00</measure>
               </cell>
               <cell/>
               <cell/>
            </row>
            <row xml:id="p180_50">
               <cell/>
               <cell/>
               <cell/>
               <cell/>
               <cell/>
               <cell/>
            </row>
            <row xml:id="p180_51">
               <cell>522</cell>
               <cell><name type="person" ref="v">Stephen Bailey</name>
                  <choice rend="align(right)">
                     <abbr>D</abbr>
                     <expan>debtor</expan>
                  </choice></cell>
               <cell/>
               <cell/>
               <cell/>
               <cell/>
            </row>
            <row xml:id="p180_52">
               <cell/>
               <cell>
                  To <name type="account" ref="LMWcash">cash for 
                     <name type="person" ref="per_WCDH001">wife</name></name> 6/
               </cell>
               <cell/>
               <cell/>
               <cell/>
               <cell/>
            </row>
            <row xml:id="p180_53">
               <cell/>
               <cell>
                  <date when="1843-07-03">July - 3d</date>
               </cell>
               <cell/>
               <cell/>
               <cell/>
               <cell/>
            </row>
            <row xml:id="p180_54">
               <cell>523</cell>
               <cell><name type="person" ref="v">Frank Dowler</name>
                  <choice rend="align(right)">
                     <abbr>D</abbr>
                     <expan>debtor</expan>
                  </choice></cell>
               <cell/>
               <cell/>
               <cell/>
               <cell/>
            </row>
            <row xml:id="p180_55">
               <cell/>
               <cell>
                  To <name type="account" ref="LMWcash">cash six Dollars</name>
               </cell>
               <cell>
                  <measure commodity="currency" quantity="6" unit="dollars">6</measure>
               </cell>
               <cell><measure commodity="currency" quantity="00" unit="cents">00</measure>
               </cell>
               <cell/>
               <cell/>
            </row>
            <row xml:id="p180_56">
               <cell/>
               <cell/>
               <cell/>
               <cell/>
               <cell/>
               <cell/>
            </row>
            <row xml:id="p180_57">
               <cell>146</cell>
               <cell><name type="person" ref="v">Alexander Antony</name>
                  <choice rend="align(right)">
                     <abbr>D</abbr>
                     <expan>debtor</expan>
                  </choice></cell>
               <cell/>
               <cell/>
               <cell/>
               <cell/>
            </row>
            <row xml:id="p180_58">
               <cell/>
               <cell>
                  To <name type="account" ref="LMWcash">cash six Dollars</name>
               </cell>
               <cell>
                  <measure commodity="currency" quantity="6" unit="dollars">6</measure>
               </cell>
               <cell>
                  <measure commodity="currency" quantity="00" unit="cents">00</measure>
               </cell>
               <cell/>
               <cell/>
            </row>
            <row xml:id="p180_59">
               <cell/>
               <cell>
                  <date when="1843-07-13">13</date>
               </cell>
               <cell/>
               <cell/>
               <cell/>
               <cell/>
            </row>
            <row xml:id="p180_60">
               <cell>Settled</cell>
               <cell><name type="person" ref="v">Geo. Clapp</name>
                  <choice rend="align(right)">
                     <abbr>D</abbr>
                     <expan>debtor</expan>
                  </choice></cell>
               <cell/>
               <cell/>
               <cell/>
               <cell/>
            </row>
            <row xml:id="p180_61">
               <cell/>
               <cell>
                  To <name type="account" ref="LMWcash">cash lent </name>30/
               </cell>
               <cell>
                  <measure commodity="currency" quantity="5" unit="dollars">5</measure>
               </cell>
               <cell>
                  <measure commodity="currency" quantity="00" unit="cents">00</measure>
               </cell>
               <cell/>
               <cell/>
            </row>
            <row xml:id="p180_62">
               <cell/>
               <cell/>
               <cell/>
               <cell/>
               <cell/>
               <cell/>
            </row>
            <row xml:id="p180_63">
               <cell/>
               <cell/>
               <cell/>
               <cell/>
               <cell/>
               <cell/>
            </row>
         </table>
      </body>
   </text>
</TEI>
