<?xml version="1.0" encoding="UTF-8"?>
<?xml-model href="http://www.tei-c.org/release/xml/tei/custom/schema/relaxng/tei_all.rng" type="application/xml" schematypens="http://relaxng.org/ns/structure/1.0"?>
<?xml-model href="http://www.tei-c.org/release/xml/tei/custom/schema/relaxng/tei_all.rng" type="application/xml"
	schematypens="http://purl.oclc.org/dsdl/schematron"?>
<TEI xmlns="http://www.tei-c.org/ns/1.0">
   <teiHeader>
      <fileDesc>
         <titleStmt>
            <title>LMW Day Book, pp. 187-188</title>
            <author>L.M. Wheaton</author>
         </titleStmt>
         <publicationStmt>
            <p>Indication of work done and date, Wheaton College</p>
         </publicationStmt>
         <sourceDesc>
            <biblFull>
               <titleStmt>
                  <title>Account Books, pp.187-188</title>
                  <author>L.M. Wheaton</author>
                  <respStmt>
                     <resp> TEI-compatible XML markup by <name type="person">Tyana Craig</name> with
                        corrections by <name type="person">Name</name>, <name type="person"
                           >Name</name>, and <name type="person">Name</name>.</resp>
                     <name type="person">Name</name>
                  </respStmt>
               </titleStmt>
               <publicationStmt>
                  <p>Indication of work done and date 06/08/16, Wheaton College</p>
               </publicationStmt>
               <sourceDesc>
                  <p> From the Marion B. Gebbie Archives and Special Collections at the Madeleine
                     Clark Wallace Library, Wheaton College </p>
               </sourceDesc>
            </biblFull>
         </sourceDesc>
      </fileDesc>
   </teiHeader>
   <text>
      <body>
         <pb n="187"/>
         <fw type="pageNum">187</fw>
         <table xml:id="p187" cols="6">
            <head>Friday <date when="1844-08-23">August 23rd 1844</date></head>
            <row xml:id="p187_01">
               <cell/>
               <cell/>
               <cell/>
               <cell/>
               <cell/>
               <cell/>
            </row>
            <row xml:id="p187_02">
               <cell>524</cell>
               <cell><name type="person" ref="v">Geo W. Braman</name>
                  <choice rend="align(right)">
                     <abbr>D</abbr>
                     <expan>debtor</expan>
                  </choice></cell>
               <cell/>
               <cell/>
               <cell/>
               <cell/>
            </row>
            <row xml:id="p187_03">
               <cell/>
               <cell>
                   To <name type="account" ref="LMWcash">cash pd </name>on the 15th unit
               </cell>
               <cell>
                   <measure commodity="currency" quantity="150" unit="dollars">150</measure>
               </cell>
               <cell>
                   <measure commodity="currency" quantity="00" unit="cents">00</measure>
               </cell>
               <cell/>
               <cell/>
            </row>
            <row xml:id="p187_04">
               <cell/>
               <cell/>
               <cell/>
               <cell/>
               <cell/>
               <cell/>
            </row>
            <row xml:id="p187_05">
               <cell>Settled</cell>
               <cell><name type="person" ref="v">Jas. O Messenger</name>
                  <choice rend="align(right)">
                     <abbr>D</abbr>
                     <expan>debtor</expan>
                  </choice></cell>
               <cell/>
               <cell/>
               <cell/>
               <cell/>
            </row>
            <row xml:id="p187_06">
               <cell/>
               <cell>
                   To cash fifty Dollars as pr receipt.
               </cell>
               <cell>
                   <measure commodity="currency" quantity="50" unit="dollars">50</measure>
               </cell>
               <cell>
                   <measure commodity="currency" quantity="00" unit="cents">00</measure>
               </cell>
               <cell/>
               <cell/>
            </row>
            <row xml:id="p187_07">
               <cell/>
               <cell>
                   <date when="1844-07-24">24</date>
               </cell>
               <cell/>
               <cell/>
               <cell/>
               <cell/>
            </row>
            <row xml:id="p187_08">
               <cell>523</cell>
               <cell><name type="person" ref="v">Frank Dunahoe</name>
                  <choice rend="align(right)">
                     <abbr>D</abbr>
                     <expan>debtor</expan>
                  </choice></cell>
               <cell/>
               <cell/>
               <cell/>
               <cell/>
            </row>
            <row xml:id="p187_09">
               <cell/>
               <cell>
                   To <name type="account" ref="LMWcash">cash when going to Providence</name>
               </cell>
               <cell>
                   <measure commodity="currency" quantity="10" unit="dollars">10</measure>
               </cell>
               <cell>
                   <measure commodity="currency" quantity="00" unit="cents">00</measure>
               </cell>
               <cell/>
               <cell/>
            </row>
            <row xml:id="p187_10">
               <cell/>
               <cell/>
               <cell/>
               <cell/>
               <cell/>
               <cell/>
            </row>
            <row xml:id="p187_11">
               <cell>Settled + Paid</cell>
               <cell><name type="person" ref="v">Thomas Riley</name>
                  <choice rend="align(right)">
                     <abbr>Cr</abbr>
                     <expan>credit</expan>
                  </choice></cell>
               <cell/>
               <cell/>
               <cell/>
               <cell/>
            </row>
            <row xml:id="p187_12">
               <cell/>
               <cell>
                   By <measure commodity="labor" quantity="42" unit="days">work from Aug. 22 at 3/ pr dy</measure>
               </cell>
               <cell/>
               <cell/>
               <cell/>
               <cell/>
            </row>
            <row xml:id="p187_13">
               <cell/>
               <cell>
                   To Oct. 12th Absent 42 Days
               </cell>
               <cell>
                   <measure commodity="currency" quantity="21" unit="dollars">21</measure>
               </cell>
               <cell>
                   <measure commodity="currency" quantity="00" unit="cents">00</measure>
               </cell>
               <cell/>
               <cell/>
            </row>
            <row xml:id="p187_14">
               <cell/>
               <cell/>
               <cell/>
               <cell/>
               <cell/>
               <cell/>
            </row>
            <row xml:id="p187_15">
               <cell>Settled</cell>
               <cell><name type="person" ref="v">Otis Reed</name>
                  <choice rend="align(right)">
                     <abbr>Cr</abbr>
                     <expan>credit</expan>
                  </choice></cell>
               <cell/>
               <cell/>
               <cell/>
               <cell/>
            </row>
            <row xml:id="p187_16">
               <cell/>
               <cell>
                   By <measure commodity="labor" >work from Aug. 23 at 3/ pr day</measure> 
               </cell>
               <cell/>
               <cell/>
               <cell/>
               <cell/>
            </row>
            <row xml:id="p187_18">
               <cell/>
               <cell>to Oct. 12th Absent 42 Days</cell>
               <cell/>
               <cell/>
               <cell/>
               <cell/>
            </row>
            <row xml:id="p187_19">
               <cell/>
               <cell/>
               <cell/>
               <cell/>
               <cell/>
               <cell/>
            </row>
            <row xml:id="p187_20">
               <cell/>
               <cell>
                   <date when="1844-09-02">Sept. 2</date>
               </cell>
               <cell/>
               <cell/>
               <cell/>
               <cell/>
            </row>
            <row xml:id="p187_21">
               <cell>523</cell>
               <cell><name type="person" ref="v">Frank Dunahoe</name>
                  <choice rend="align(right)">
                     <abbr>Dr</abbr>
                     <expan>debtor</expan>
                  </choice></cell>
               <cell/>
               <cell/>
               <cell/>
               <cell/>
            </row>
            <row xml:id="p187_22">
               <cell/>
               <cell>
                   To 1 wks. time
               </cell>
               <cell>
                   <measure commodity="currency" quantity="2" unit="dollars">2</measure>
               </cell>
               <cell>
                   <measure commodity="currency" quantity="50" unit="cents">50</measure>
               </cell>
               <cell/>
               <cell/>
            </row>
            <row xml:id="p187_23">
               <cell/>
               <cell/>
               <cell/>
               <cell/>
               <cell/>
               <cell/>
            </row>
            <row xml:id="p187_24">
               <cell/>
               <cell>
                   <date when="1844-09-03">3</date>
               </cell>
               <cell/>
               <cell/>
               <cell/>
               <cell/>
            </row>
            <row xml:id="p187_25">
               <cell>Settled</cell>
               <cell><name type="person" ref="v">Geo. Leonard</name>
                  <choice rend="align(right)">
                     <abbr>Cr</abbr>
                     <expan>credit</expan>
                  </choice></cell>
               <cell/>
               <cell/>
               <cell/>
               <cell/>
            </row>
            <row xml:id="p187_26">
               <cell/>
               <cell>With Geo. Braman as pr. Bill</cell>
               <cell>
                   <measure commodity="currency" quantity="26" unit="dollars">26</measure>
               </cell>
               <cell>50</cell>
               <cell/>
               <cell/>
            </row>
            <row xml:id="p187_27">
               <cell/>
               <cell/>
               <cell/>
               <cell/>
               <cell/>
               <cell/>
            </row>
            <row xml:id="p187_28">
               <cell>Settled</cell>
               <cell><name type="person" ref="v">Lincoln Clapp</name>
                  <choice rend="align(right)">
                     <abbr>D</abbr>
                     <expan>debtor</expan>
                  </choice></cell>
               <cell/>
               <cell/>
               <cell/>
               <cell/>
            </row>
            <row xml:id="p187_29">
               <cell/>
               <cell>
                   To <measure commodity="labor" quantity="5" unit="weeks">5 Weeks pasturing</measure>
               </cell>
               <cell/>
               <cell/>
               <cell/>
               <cell/>
            </row>
            <row xml:id="p187_30">
               <cell/>
               <cell/>
               <cell/>
               <cell/>
               <cell/>
               <cell/>
            </row>
            <row xml:id="p187_31">
               <cell></cell>
               <cell>
                   <date when="1844-07-04">4</date>
               </cell>
               <cell/>
               <cell/>
               <cell/>
               <cell/>
            </row>
            <row xml:id="p187_32">
               <cell>Since pd by Braman</cell>
               <cell><name type="person" ref="v">Geo. Braman</name>
                  <choice rend="align(right)">
                     <abbr>D</abbr>
                     <expan>debtor</expan>
                  </choice></cell>
               <cell/>
               <cell/>
               <cell/>
               <cell/>
            </row>
            <row xml:id="p187_33">
               <cell/>
               <cell>
                   To <name type="account" ref="LMWcash">paying <name type="person" ref="pers_WCDH266">Geo. Clapp</name></name>
               </cell>
               <cell/>
               <cell/>
               <cell/>
               <cell/>
            </row>
            <row xml:id="p187_34">
               <cell/>
               <cell>
                   <measure commodity="currency" quantity="2.80" unit="dollars">Two Dollars + eighty cents</measure>
               </cell>
               <cell>
                   <measure commodity="currency" quantity="2" unit="dollars">2</measure>
               </cell>
               <cell>
                   <measure commodity="currency" quantity="80" unit="cents">80</measure>
               </cell>
               <cell/>
               <cell/>
            </row>
            <row xml:id="p187_35">
               <cell/>
               <cell>
                   <date when="1844-07-05">5</date>
               </cell>
               <cell/>
               <cell/>
               <cell/>
               <cell/>
            </row>
            <row xml:id="p187_36">
               <cell/>
               <cell><name type="person" ref="v">Wm. J. Sweet</name>
                  <choice rend="align(right)">
                     <abbr>Dr</abbr>
                     <expan>debtor</expan>
                  </choice></cell>
               <cell/>
               <cell/>
               <cell/>
               <cell/>
            </row>
            <row xml:id="p187_37">
               <cell/>
               <cell>
                   To <measure commodity="Butter" quantity="2.5" unit="pounds"> 2 1/2 lbs Butter </measure>1/
               </cell>
               <cell/>
               <cell>
                   <measure commodity="currency" quantity="42" unit="cents">42</measure>
               </cell>
               <cell/>
               <cell/>
            </row>
            <row xml:id="p187_38">
               <cell/>
               <cell/>
               <cell/>
               <cell/>
               <cell/>
               <cell/>
            </row>
            <row xml:id="p187_39">
               <cell>104</cell>
               <cell><name type="person" ref="v">Catherine Lynch</name>
                  <choice rend="align(right)">
                     <abbr>Dr</abbr>
                     <expan>debtor</expan>
                  </choice></cell>
               <cell/>
               <cell/>
               <cell/>
               <cell/>
            </row>
            <row xml:id="p187_40">
               <cell/>
               <cell>
                   To <measure commodity="Parasol" quantity="1" unit="count">parasol of Mr. Kelly </measure>10/6
               </cell>
               <cell>
                   <measure commodity="currency" quantity="1" unit="dollars">1</measure>
               </cell>
               <cell>
                   <measure commodity="currency" quantity="75" unit="cents">75</measure>
               </cell>
               <cell/>
               <cell/>
            </row>
            <row xml:id="p187_41">
               <cell/>
               <cell>
                   <date when="1844-07-16">16</date>
               </cell>
               <cell/>
               <cell/>
               <cell/>
               <cell/>
            </row>
            <row xml:id="p187_42">
               <cell>524</cell>
               <cell><name type="person" ref="v">Geo. Braman</name>
                  <choice rend="align(right)">
                     <abbr>D</abbr>
                     <expan>debtor</expan>
                  </choice></cell>
               <cell/>
               <cell/>
               <cell/>
               <cell/>
            </row>
            <row xml:id="p187_43">
               <cell/>
               <cell>
                   To <name type="account" ref="LMWcash">paying g. Blandin </name>for
               </cell>
               <cell/>
               <cell/>
               <cell/>
               <cell/>
            </row>
            <row xml:id="p187_44">
               <cell/>
               <cell>
                   <measure commodity="labor">fixing sinks +c. at Hamlintons </measure>12/
               </cell>
               <cell>
                   <measure commodity="currency" quantity="2" unit="dollars">2</measure>
               </cell>
               <cell>
                   <measure commodity="currency" quantity="00" unit="cents">00</measure>
               </cell>
               <cell>given in.</cell>
               <cell/>
            </row>
            <row xml:id="p187_45">
               <cell/>
               <cell>
                   <date when="1844-07-30">30</date>
               </cell>
               <cell/>
               <cell/>
               <cell/>
               <cell/>
            </row>
            <row xml:id="p187_46">
               <cell>524</cell>
               <cell><name type="person" ref="v">Geo W. Braman</name>
                  <choice rend="align(right)">
                     <abbr>D</abbr>
                     <expan>debtor</expan>
                  </choice></cell>
               <cell/>
               <cell/>
               <cell/>
               <cell/>
            </row>
            <row xml:id="p187_47">
               <cell/>
               <cell>
                   To <name type="account" unit="LMWcash">cash towards Gymnasium</name> 
               </cell>
               <cell>
                   <measure commodity="currency" quantity="164" unit="dollars">164</measure>
               </cell>
               <cell>
                   <measure commodity="currency" quantity="30" unit="cents">30</measure>
               </cell>
               <cell/>
               <cell/>
            </row>
            <row xml:id="p187_48">
               <cell/>
               <cell>
                   " <measure commodity="Pine Timber">Pine Timber </measure> do.
               </cell>
               <cell>
                   <measure commodity="currency" quantity="10" unit="dollars">10</measure>
               </cell>
               <cell>
                   <measure commodity="currency" quantity="84" unit="cents">84</measure>
               </cell>
               <cell/>
               <cell/>
            </row>
            <row xml:id="p187_49">
               <cell/>
               <cell>
                   <measure commodity="Pine Plank" quantity="88" unit="feet">88ft. Pine Plank</measure>
               </cell>
               <cell/>
               <cell/>
               <cell/>
               <cell/>
            </row>
            <row xml:id="p187_50">
               <cell/>
               <cell>
                   " <name type="account" ref="LMWcash">paying Otis Blandin bill </name>for 
               </cell>
               <cell>
                  <measure commodity="currency" quantity="2" unit="dollars">2</measure>
               </cell>
               <cell>
                  <measure commodity="currency" quantity="04" unit="cents">04</measure>
               </cell>
               <cell>
                  <measure commodity="currency" quantity="177" unit="dollars">177</measure>
               </cell>
               <cell>
                  <measure commodity="currency" quantity="18" unit="cents">18</measure>
               </cell>
            </row>
            <row xml:id="p187_51">
               <cell/>
               <cell>
                  <measure commodity="labor" quantity="1" unit="plairstering">plairstering <name type="person" ref="pers_WCDH592">Geo. Sweet</name>s House</measure>
               </cell>
               <cell/>
               <cell/>
               <cell/>
               <cell/>
            </row>
            <row xml:id="p187_52">
               <cell/>
               <cell>not allowed</cell>
               <cell/>
               <cell/>
               <cell/>
               <cell/>
            </row>
            <row xml:id="p187_53">
               <cell>Settled</cell>
               <cell><name type="person" ref="v">Thos. Riley</name>
                  <choice rend="align(right)">
                     <abbr>Dr</abbr>
                     <expan>debtor</expan>
                  </choice></cell>
               <cell/>
               <cell/>
               <cell/>
               <cell/>
            </row>
            <row xml:id="p187_54">
               <cell/>
               <cell>
                  To absence one day to Taunton 3/
               </cell>
               <cell/>
               <cell/>
               <cell/>
               <cell/>
            </row>
            <row xml:id="p187_55">
               <cell/>
               <cell>
                  <date when="1844-10-05">Oct. 5</date>
               </cell>
               <cell/>
               <cell/>
               <cell/>
               <cell/>
            </row>
            <row xml:id="p187_56">
               <cell>Settled</cell>
               <cell><name type="person" ref="v">Thomas Riley</name>
                  <choice rend="align(right)">
                     <abbr>D</abbr>
                     <expan>debtor</expan>
                  </choice></cell>
               <cell/>
               <cell/>
               <cell/>
               <cell/>
            </row>
            <row xml:id="p187_57">
               <cell/>
               <cell>
                  To <name type="account" ref="LMWcash">cash </name> 24/
               </cell>
               <cell>
                  <measure commodity="currency" quantity="4" unit="dollars">4</measure>
               </cell>
               <cell>
                  <measure commodity="currency" quantity="00" unit="cents">00</measure>
               </cell>
               <cell/>
               <cell/>
            </row>
            <row xml:id="p187_58">
               <cell/>
               <cell>
                  <date when="1844-10-07">7</date>
               </cell>
               <cell/>
               <cell/>
               <cell/>
               <cell/>
            </row>
            <row xml:id="p187_59">
               <cell>Settled</cell>
               <cell><name type="person" ref="v">Otis Reed</name>
                  <choice rend="align(right)">
                     <abbr>D</abbr>
                     <expan>debtor</expan>
                  </choice></cell>
               <cell/>
               <cell/>
               <cell/>
               <cell/>
            </row>
            <row xml:id="p187_60">
               <cell/>
               <cell>
                  To <measure commodity="Corn" quantity="1" unit="bushel">1 Buss. Corn</measure>
               </cell>
               <cell/>
               <cell/>
               <cell/>
               <cell/>
            </row>
            <row xml:id="p187_61">
               <cell/>
               <cell/>
               <cell/>
               <cell/>
               <cell/>
               <cell/>
            </row>
            <row xml:id="p187_62">
               <cell>523</cell>
               <cell><name type="person" ref="v">Frank Dunaho</name>
                  <choice rend="align(right)">
                     <abbr>Dr</abbr>
                     <expan>debtor</expan>
                  </choice></cell>
               <cell/>
               <cell/>
               <cell/>
               <cell/>
            </row>
            <row xml:id="p187_63">
               <cell/>
               <cell>
                  To <measure commodity="Flannel" quantity="10" unit="yards">10 Yds Flannel </measure> .25
               </cell>
               <cell>
                  <measure commodity="currency" quantity="2" unit="dollars">2</measure>
               </cell>
               <cell>
                  <measure commodity="currency" quantity="50" unit="cents">50</measure>
               </cell>
               <cell/>
               <cell/>
            </row>
            <row xml:id="p187_64">
               <cell/>
               <cell/>
               <cell/>
               <cell/>
               <cell/>
               <cell/>
            </row>
         </table>
         <pb n="188"/>
         <fw type="pageNum">188</fw>
         <table xml:id="p188" cols="6">
            <head>Tuesday <date when="1844-10-08">Oct. 8 1844</date></head>
            <row xml:id="p188_01">
               <cell/>
               <cell/>
               <cell>$</cell>
               <cell>cts.</cell>
               <cell>$</cell>
               <cell>cts.</cell>
            </row>
            <row xml:id="p188_02">
               <cell>104</cell>
               <cell><name type="person" ref="v">Catherine Lynch</name>
                  <choice rend="align(right)">
                     <abbr>Dr</abbr>
                     <expan>debtor</expan>
                  </choice></cell>
               <cell/>
               <cell/>
               <cell/>
               <cell/>
            </row>
            <row xml:id="p188_03">
               <cell/>
               <cell>
                  <measure commodity="Alpaca" quantity="7" unit="yards">7 Yds Alpaca</measure> 4/6
               </cell>
               <cell>
                  <measure commodity="currency" quantity="5" unit="dollars">5</measure>
               </cell>
               <cell>
                  <measure commodity="currency" quantity="25" unit="cents">25</measure>
               </cell>
               <cell/>
               <cell/>
            </row>
            <row xml:id="p188_04">
               <cell/>
               <cell>
                  <measure commodity="Cambrie" quantity="2.4" unit="yards">2.4 Cambrie </measure>20x
                  <measure commodity="Combs">Combs</measure> 14x &amp; 17x
               </cell>
               <cell/>
               <cell>
                  <measure commodity="currency" quantity="51" unit="cents">51</measure>
               </cell>
               <cell/>
               <cell/>
            </row>
            <row xml:id="p188_05">
               <cell/>
               <cell>
                  <measure commodity="Shoes" quantity="2" unit="count"></measure>Shoes 50x
               </cell>
               <cell/>
               <cell>
                  <measure commodity="currency" quantity="50" unit="cents">50</measure>
               </cell>
               <cell/>
               <cell/>
            </row>
            <row xml:id="p188_06">
               <cell/>
               <cell>
                  <measure commodity="goods">Goods of Mr. Kelly </measure>as pr. Bk.
               </cell>
               <cell/>
               <cell>
                  <measure commodity="currency" quantity="44" unit="cents">44</measure>
               </cell>
               <cell>
                  <measure commodity="currency" quantity="6" unit="dollars">6</measure>
               </cell>
               <cell>
                  <measure commodity="currency" quantity="70" unit="cents">70</measure>
               </cell>
            </row>
            <row xml:id="p188_07">
               <cell/>
               <cell>
                  <date when="1844-10-17">17</date>
               </cell>
               <cell/>
               <cell/>
               <cell/>
               <cell/>
            </row>
            <row xml:id="p188_08">
               <cell>524</cell>
               <cell><name type="person" ref="v">Geo W. Braman</name>
                  <choice rend="align(right)">
                     <abbr>D</abbr>
                     <expan>debtor</expan>
                  </choice></cell>
               <cell/>
               <cell/>
               <cell/>
               <cell/>
            </row>
            <row xml:id="p188_09">
               <cell/>
               <cell>
                  To <name type="account" ref="LMWcash">cash ten dollars</name> 
               </cell>
               <cell>
                  <measure commodity="currency" quantity="10" unit="dollars">10</measure>
               </cell>
               <cell>
                  <measure commodity="currency" quantity="00" unit="cents">00</measure>
               </cell>
               <cell/>
               <cell/>
            </row>
            <row xml:id="p188_10">
               <cell/>
               <cell>
                  <date when="1844-10-22">22</date>
               </cell>
               <cell/>
               <cell/>
               <cell/>
               <cell/>
            </row>
            <row xml:id="p188_11">
               <cell>104</cell>
               <cell><name type="person" ref="v">Catherine Lynch</name>
                  <choice rend="align(right)">
                     <abbr>Dr</abbr>
                     <expan>debtor</expan>
                  </choice></cell>
               <cell/>
               <cell/>
               <cell/>
               <cell/>
            </row>
            <row xml:id="p188_12">
               <cell/>
               <cell>
                  <measure commodity="Blue Blk. Alpaca" quantity="7.875" unit="yards">7 7/8 Yds Blue Blk. Alpaca </measure>4/6
               </cell>
               <cell>
                  <measure commodity="currency" quantity="5" unit="dollars">5</measure>
               </cell>
               <cell>
                  <measure commodity="currency" quantity="91" unit="cents">91</measure>
               </cell>
               <cell/>
               <cell/>
            </row>
            <row xml:id="p188_13">
               <cell/>
               <cell>
                  <measure commodity="Cambrie" quantity="9" unit="yards">9 " Cambrie</measure> 10x
               </cell>
               <cell/>
               <cell>
                  <measure commodity="currency" quantity="90" unit="cents">90</measure>
               </cell>
               <cell/>
               <cell/>
            </row>
            <row xml:id="p188_14">
               <cell/>
               <cell>
                  <measure commodity="Sarsnet" quantity="2" unit="yards">2 " Sarsnet</measure>
               </cell>
               <cell/>
               <cell>
                  <measure commodity="currency" quantity="36" unit="cents">36</measure>
               </cell>
               <cell/>
               <cell/>
            </row>
            <row xml:id="p188_15">
               <cell/>
               <cell>
                  <measure>3 Skns Italian Silk </measure>12x fr Box W. 4 <!--d94-->
               </cell>
               <cell/>
               <cell>
                  <measure commodity="currency" quantity="16" unit="cents">16</measure>
               </cell>
               <cell/>
               <cell/>
            </row>
            <row xml:id="p188_16">
               <cell/>
               <cell>
                  <measure commodity="Worsted Hose" quantity="1" unit="count">1 pr Worsted Hose</measure> 30x 
                  <measure commodity="Wool" >Wool </measure>do 50x
               </cell>
               <cell/>
               <cell>
                  <measure commodity="currency" quantity="80" unit="cents">80</measure>
               </cell>
               <cell/>
               <cell/>
            </row>
            <row xml:id="p188_17">
               <cell/>
               <cell>
                  <measure commodity="Cotton Cloth" quantity="1.75" unit="yards">1 3/4 Cotton Cloth </measure>15
                  <measure commodity="Cord" >Cord </measure>03 <!--W. 2 Eys--> 6
               </cell>
               <cell/>
               <cell>
                  <measure commodity="currency" quantity="24" unit="cents">24</measure>
               </cell>
               <cell>
                  <measure commodity="currency" quantity="8" unit="dollars">8</measure>
               </cell>
               <cell>
                  <measure commodity="currency" quantity="37" unit="cents">37</measure>
               </cell>
            </row>
            <row xml:id="p188_18">
               <cell/>
               <cell>
                  <date when="1844-10-22">22</date>
               </cell>
               <cell/>
               <cell/>
               <cell/>
               <cell/>
            </row>
            <row xml:id="p188_19">
               <cell>523</cell>
               <cell><name type="person" ref="v">Frank Dunaho</name>
                  <choice rend="align(right)">
                     <abbr>Dr</abbr>
                     <expan>debtor</expan>
                  </choice></cell>
               <cell/>
               <cell/>
               <cell/>
               <cell/>
            </row>
            <row xml:id="p188_20">
               <cell/>
               <cell>
                  To <measure commodity="Wool Hose" quantity="2" unit="pair">2 prs Wool Hose </measure>2/
               </cell>
               <cell/>
               <cell>
                  <measure commodity="currency" quantity="67" unit="cents">67</measure>
               </cell>
               <cell/>
               <cell/>
            </row>
            <row xml:id="p188_21">
               <cell/>
               <cell/>
               <cell/>
               <cell/>
               <cell/>
               <cell/>
            </row>
            <row xml:id="p188_22">
               <cell>528</cell>
               <cell><name type="person" ref="v">William J. Sweet</name>
                  <choice rend="align(right)">
                     <abbr>Dr</abbr>
                     <expan>debtor</expan>
                  </choice></cell>
               <cell/>
               <cell/>
               <cell/>
               <cell/>
            </row>
            <row xml:id="p188_23">
               <cell/>
               <cell>
                  To <measure commodity="Salt Pork" quantity="4" unit="pounds">4lb of Salt Pork </measure>at 9x
               </cell>
               <cell/>
               <cell>
                  <measure commodity="currency" quantity="36" unit="cents">36</measure>
               </cell>
               <cell/>
               <cell/>
            </row>
            <row xml:id="p188_24">
               <cell/>
               <cell/>
               <cell/>
               <cell/>
               <cell/>
               <cell/>
            </row>
            <row xml:id="p188_25">
               <cell>524</cell>
               <cell><name type="person" ref="v">Geo W. Braman</name>
                  <choice rend="align(right)">
                     <abbr>D</abbr>
                     <expan>debtor</expan>
                  </choice></cell>
               <cell/>
               <cell/>
               <cell/>
               <cell/>
            </row>
            <row xml:id="p188_26">
               <cell/>
               <cell>
                  To <name type="account" ref="LMWcash">paying Col. Stone for Pew</name> 
               </cell>
               <cell>
                  <measure commodity="currency" quantity="15" unit="dollars">15</measure>
               </cell>
               <cell>
                  <measure commodity="currency" quantity="06" unit="cents">06</measure>
               </cell>
               <cell/>
               <cell/>
            </row>
            <row xml:id="p188_27">
               <cell/>
               <cell>
                  <date when="1844-10-23">23</date>
               </cell>
               <cell/>
               <cell/>
               <cell/>
               <cell/>
            </row>
            <row xml:id="p188_28">
               <cell>104</cell>
               <cell><name type="person" ref="v">Catherine Lynch</name>
                  <choice rend="align(right)">
                     <abbr>Dr</abbr>
                     <expan>debtor</expan>
                  </choice></cell>
               <cell/>
               <cell/>
               <cell/>
               <cell/>
            </row>
            <row xml:id="p188_29">
               <cell/>
               <cell>
                  To <measure commodity="Goods">Goods from Store </measure>as pr. book
               </cell>
               <cell/>
               <cell>
                  <measure commodity="currency" quantity="50" unit="cents">50</measure>
               </cell>
               <cell/>
               <cell/>
            </row>
            <row xml:id="p188_30">
               <cell/>
               <cell>
                  " <measure commodity="fringe" quantity="6" unit="yards">6 yds fringe</measure> 6x pr yd.
               </cell>
               <cell/>
               <cell>
                  <measure commodity="currency" quantity="36" unit="cents">36</measure>
               </cell>
               <cell/>
               <cell/>
            </row>
            <row xml:id="p188_31">
               <cell/>
               <cell>
                  " <name type="account" ref="LMWcash">Cash for Miss Perry </name>10/
               </cell>
               <cell>
                  <measure commodity="currency" quantity="1" unit="dollars">1</measure>
               </cell>
               <cell>
                  <measure commodity="currency" quantity="67" unit="dollars">67</measure>
               </cell>
               <cell>
                  <measure commodity="currency" quantity="2" unit="dollars">2</measure>
               </cell>
               <cell>
                  <measure commodity="currency" quantity="53" unit="cents">53</measure>
               </cell>
            </row>
            <row xml:id="p188_32">
               <cell/>
               <cell>
                  <date when="1844-10-24">24</date>
               </cell>
               <cell/>
               <cell/>
               <cell/>
               <cell/>
            </row>
            <row xml:id="p188_33">
               <cell>Paid</cell>
               <cell><name type="person" ref="v">Otis Reed</name>
                  <choice rend="align(right)">
                     <abbr>Dr</abbr>
                     <expan>debtor</expan>
                  </choice></cell>
               <cell/>
               <cell/>
               <cell/>
               <cell/>
            </row>
            <row xml:id="p188_34">
               <cell/>
               <cell>
                  To <measure commodity="Lard" quantity="5" unit="pounds">5 lbs Lard</measure> 9x
               </cell>
               <cell/>
               <cell>
                  <measure commodity="currency" quantity="45" unit="cents">45</measure>
               </cell>
               <cell/>
               <cell/>
            </row>
            <row xml:id="p188_35">
               <cell/>
               <cell>
                  <date when="1844-11-09">Nov 9</date>
               </cell>
               <cell/>
               <cell/>
               <cell/>
               <cell/>
            </row>
            <row xml:id="p188_36">
               <cell>524</cell>
               <cell><name type="person" ref="v">Geo. Braman</name>
                  <choice rend="align(right)">
                     <abbr>Dr</abbr>
                     <expan>debtor</expan>
                  </choice></cell>
               <cell/>
               <cell/>
               <cell/>
               <cell/>
            </row>
            <row xml:id="p188_37">
               <cell/>
               <cell>
                  To <measure commodity="Lard" quantity="6" unit="pounds"> 6 lbs Lard </measure>9x
               </cell>
               <cell/>
               <cell>
                  <measure commodity="currency" quantity="54" unit="cents">54</measure>
               </cell>
               <cell/>
               <cell/>
            </row>
            <row xml:id="p188_38">
               <cell/>
               <cell/>
               <cell/>
               <cell/>
               <cell/>
               <cell/>
            </row>
            <row xml:id="p188_39">
               <cell>104</cell>
               <cell><name type="person" ref="v">Catherine Lynch</name>
                  <choice rend="align(right)">
                     <abbr>Dr</abbr>
                     <expan>debtor</expan>
                  </choice></cell>
               <cell/>
               <cell/>
               <cell/>
               <cell/>
            </row>
            <row xml:id="p188_40">
               <cell/>
               <cell>
                  To <measure commodity="Cotton Jean" quantity="3" unit="yards">3 Yds Cotton Jean</measure> 12 1/2
               </cell>
               <cell/>
               <cell>
                  <measure commodity="currency" quantity="37.5" unit="cents">37.5</measure>
               </cell>
               <cell/>
               <cell/>
            </row>
            <row xml:id="p188_41">
               <cell/>
               <cell>
                  " <measure commodity="Cotton Shirting" quantity="3" unit="yards">3 " " Shirting</measure> 9
               </cell>
               <cell/>
               <cell>
                  <measure commodity="currency" quantity="27" unit="cents">27</measure>
               </cell>
               <cell/>
               <cell/>
            </row>
            <row xml:id="p188_42">
               <cell/>
               <cell>
                  <measure commodity="Whale Bones">Whale Bones </measure>6 
                  <measure commodity="Cord">Cord </measure><!--H. x Eyes--> 12
               </cell>
               <cell/>
               <cell>
                  <measure commodity="currency" quantity="18" unit="cents">18</measure>
               </cell>
               <cell/>
               <cell/>
            </row>
            <row xml:id="p188_43">
               <cell/>
               <cell>
                  <measure commodity="Velvet Bonnet" quantity="1" unit="count">Velvet Bonnet </measure>2.00 
                  <measure commodity="Cravat" quantity="1" unit="count">Cravat </measure>.50
               </cell>
               <cell>
                  <measure commodity="currency" quantity="2" unit="dollars">2</measure>
               </cell>
               <cell>
                  <measure commodity="currency" quantity="50" unit="cents">50</measure>
               </cell>
               <cell>
                  <measure commodity="currency" quantity="3" unit="dollars">3</measure>
               </cell>
               <cell>
                  <measure commodity="currency" quantity="33" unit="cents">33</measure>
               </cell>
            </row>
            <row xml:id="p188_44">
               <cell/>
               <cell/>
               <cell/>
               <cell/>
               <cell/>
               <cell/>
            </row>
            <row xml:id="p188_45">
               <cell>Settled</cell>
               <cell><name type="person" ref="v">Sim. Briggs</name>
                  <choice rend="align(right)">
                     <abbr>Dr</abbr>
                     <expan>debtor</expan>
                  </choice></cell>
               <cell/>
               <cell/>
               <cell/>
               <cell/>
            </row>
            <row xml:id="p188_46">
               <cell/>
               <cell>
                  To <measure commodity="Lard" quantity="3.75" unit="pounds">3 3/4 lbs Lard </measure>9
               </cell>
               <cell/>
               <cell/>
               <cell/>
               <cell/>
            </row>
            <row xml:id="p188_47">
               <cell/>
               <cell>
                  <date when="1844-11-16">Nov. 16</date>
               </cell>
               <cell/>
               <cell/>
               <cell/>
               <cell/>
            </row>
            <row xml:id="p188_48">
               <cell>528</cell>
               <cell><name type="person" ref="v">Wm. J. Sweet</name>
                  <choice rend="align(right)">
                     <abbr>Dr</abbr>
                     <expan>debtor</expan>
                  </choice></cell>
               <cell/>
               <cell/>
               <cell/>
               <cell/>
            </row>
            <row xml:id="p188_49">
               <cell/>
               <cell>
                  To <measure commodity="Salt  Pork" quantity="6.3125" unit="pounds">6lbs 5 oz Salt Pork </measure> 9x
               </cell>
               <cell/>
               <cell>
                  <measure commodity="currency" quantity="57" unit="cents">57</measure>
               </cell>
               <cell/>
               <cell/>
            </row>
            <row xml:id="p188_50">
               <cell/>
               <cell>
                  <date when="1844-11-26">26</date>
               </cell>
               <cell/>
               <cell/>
               <cell/>
               <cell/>
            </row>
            <row xml:id="p188_51">
               <cell>207</cell>
               <cell><name type="person" ref="v">Ebenezer Hamlinton</name>
                  <choice rend="align(right)">
                     <abbr>Dr</abbr>
                     <expan>debtor</expan>
                  </choice></cell>
               <cell/>
               <cell/>
               <cell/>
               <cell/>
            </row>
            <row xml:id="p188_52">
               <cell/>
               <cell>
                  To <measure commodity="collar" quantity="1" unit="count">collar</measure>
               </cell>
               <cell>
                  <measure commodity="currency" quantity="1" unit="dollars">1</measure>
               </cell>
               <cell>
                  <measure commodity="currency" quantity="75" unit="cents">75</measure>
               </cell>
               <cell/>
               <cell/>
            </row>
            <row xml:id="p188_53">
               <cell/>
               <cell><choice rend="align(right)">
                     <abbr>Cr</abbr>
                     <expan>credit</expan>
                  </choice></cell>
               <cell/>
               <cell/>
               <cell/>
               <cell/>
            </row>
            <row xml:id="p188_54">
               <cell/>
               <cell>
                  By <measure commodity="Cider Bll. + Cider" quantity="1" unit="barrel">Cider Bll. + Cider</measure> 
               </cell>
               <cell>
                  <measure commodity="currency" quantity="2" unit="dollars">2</measure>
               </cell>
               <cell>
                  <measure commodity="currency" quantity="00" unit="cents">00</measure>
               </cell>
               <cell/>
               <cell/>
            </row>
            <row xml:id="p188_55">
               <cell/>
               <cell>
                  <date when="1844-11-30">30</date>
               </cell>
               <cell/>
               <cell/>
               <cell/>
               <cell/>
            </row>
            <row xml:id="p188_56">
               <cell>523</cell>
               <cell><name type="person" ref="v">Frank Dunahoe</name>
                  <choice rend="align(right)">
                     <abbr>Dr</abbr>
                     <expan>debtor</expan>
                  </choice></cell>
               <cell/>
               <cell/>
               <cell/>
               <cell/>
            </row>
            <row xml:id="p188_57">
               <cell/>
               <cell>
                  To <name type="account" ref="LMWcash">cash twenty Dollars</name> 
               </cell>
               <cell>
                  <measure commodity="currency" quantity="20" unit="cents">20</measure>
               </cell>
               <cell>
                  <measure commodity="currency" quantity="00" unit="cents">00</measure>
               </cell>
               <cell/>
               <cell/>
            </row>
            <row xml:id="p188_58">
               <cell/>
               <cell>
                  <date when="1844-12-10">Dec. 10</date>
               </cell>
               <cell/>
               <cell/>
               <cell/>
               <cell/>
            </row>
            <row xml:id="p188_59">
               <cell>528</cell>
               <cell><name type="person" ref="v">Wm. J. Sweet</name>
                  <choice rend="align(right)">
                     <abbr>Dr</abbr>
                     <expan>debtor</expan>
                  </choice></cell>
               <cell/>
               <cell/>
               <cell/>
               <cell/>
            </row>
            <row xml:id="p188_60">
               <cell/>
               <cell><!--[struckthrough]--></cell>
               <cell/>
               <cell/>
               <cell/>
               <cell/>
            </row>
            <row xml:id="p188_61">
               <cell/>
               <cell>
                  " <measure commodity="Lard" quantity="3.375" unit="pounds">3lbs 6oz of Lard </measure>7 cts
               </cell>
               <cell/>
               <cell>
                  <measure commodity="currency" quantity="26" unit="cents">26</measure>
               </cell>
               <cell/>
               <cell/>
            </row>
            <row xml:id="p188_62">
               <cell/>
               <cell/>
               <cell/>
               <cell/>
               <cell/>
               <cell/>
            </row>
            <row xml:id="p188_63">
               <cell>524</cell>
               <cell><name type="person" ref="v">Geo. Braman</name>
                  <choice rend="align(right)">
                     <abbr>Dr</abbr>
                     <expan>debtor</expan>
                  </choice></cell>
               <cell/>
               <cell/>
               <cell/>
               <cell/>
            </row>
            <row xml:id="p188_64">
               <cell/>
               <cell>
                  To <name type="account" ref="LMWcash">cash seventy five Dollars</name> as pr receipt towards gymnatrium 
               </cell>
               <cell>
                  <measure commodity="currency" quantity="75" unit="dollars">75</measure>
               </cell>
               <cell>
                  <measure commodity="currency" quantity="00" unit="cents">00</measure>
               </cell>
               <cell/>
               <cell/>
            </row>
         </table>
      </body>
   </text>
</TEI>
