<?xml version="1.0" encoding="UTF-8"?>
<?xml-model href="http://www.tei-c.org/release/xml/tei/custom/schema/relaxng/tei_all.rng" type="application/xml" schematypens="http://relaxng.org/ns/structure/1.0"?>
<?xml-model href="http://www.tei-c.org/release/xml/tei/custom/schema/relaxng/tei_all.rng" type="application/xml"
	schematypens="http://purl.oclc.org/dsdl/schematron"?>
<TEI xmlns="http://www.tei-c.org/ns/1.0">
   <teiHeader>
      <fileDesc>
         <titleStmt>
            <title>LMW Day Book, pp.173-174</title>
            <author>L.M. Wheaton</author>
         </titleStmt>
         <publicationStmt>
            <p>Indication of work done and date, Wheaton College</p>
         </publicationStmt>
         <sourceDesc>
            <biblFull>
               <titleStmt>
                  <title>Account Books, pp.173-174</title>
                  <author>L.M. Wheaton</author>
                  <respStmt>
                     <resp> TEI-compatible XML markup by <name type="person">Tyana Craig</name> with
                        corrections by <name type="person">Name</name>, <name type="person"
                           >Name</name>, and <name type="person">Name</name>.</resp>
                     <name type="person">Name</name>
                  </respStmt>
               </titleStmt>
               <publicationStmt>
                  <p>Indication of work done and date 06/06/16, Wheaton College</p>
               </publicationStmt>
               <sourceDesc>
                  <p> From the Marion B. Gebbie Archives and Special Collections at the Madeleine
                     Clark Wallace Library, Wheaton College </p>
               </sourceDesc>
            </biblFull>
         </sourceDesc>
      </fileDesc>
   </teiHeader>
   <text>
      <body>
         <pb n="173"/>
         <fw type="pageNum">173</fw>
         <table xml:id="p173" cols="6">
            <head>Saturday <date when="1842-07-15">July 15th 1842</date></head>
            <row xml:id="p173_01">
               <cell/>
               <cell/>
               <cell/>
               <cell/>
               <cell/>
               <cell/>
            </row>
            <row xml:id="p173_02">
               <cell>Settled</cell>
               <cell><name type="person" ref="v">Elaxander Antoney</name>
                  <choice rend="align(right)">
                     <abbr>Dr</abbr>
                     <expan>debtor</expan>
                  </choice></cell>
               <cell/>
               <cell/>
               <cell/>
               <cell/>
            </row>
            <row xml:id="p173_03">
               <cell/>
               <cell>
                   To <name type="account" ref="lMWcash">cash to go to Boston</name> 18/
               </cell>
               <cell>
                   <measure commodity="currency" quantity="3" unit="dollars">3</measure>
               </cell>
               <cell>
                   <measure commodity="currency" quantity="00" unit="cents">00</measure>
               </cell>
               <cell/>
               <cell/>
            </row>
            <row xml:id="p173_04">
               <cell/>
               <cell>
                   <date when="1842-07-17">17</date>
               </cell>
               <cell/>
               <cell/>
               <cell/>
               <cell/>
            </row>
            <row xml:id="p173_05">
               <cell>522</cell>
               <cell><name type="person" ref="v">Stephen Baylie</name>
                  <choice rend="align(right)">
                     <abbr>Dr</abbr>
                     <expan>debtor</expan>
                  </choice></cell>
               <cell/>
               <cell/>
               <cell/>
               <cell/>
            </row>
            <row xml:id="p173_06">
               <cell/>
               <cell>
                   To <measure commodity="Salt Beef" quantity="5" unit="pounds"> 5 lbs Salt Beef </measure>7
               </cell>
               <cell/>
               <cell>
                   <measure commodity="currency" quantity="35" unit="cents">35</measure>
               </cell>
               <cell/>
               <cell/>
            </row>
            <row xml:id="p173_07">
               <cell/>
               <cell>
                   <date when="1842-07-21">21</date>
               </cell>
               <cell/>
               <cell/>
               <cell/>
               <cell/>
            </row>
            <row xml:id="p173_08">
               <cell/>
               <cell>
                   To <measure commodity="Salt Beef" quantity="5.25" unit="pounds">5 1/4 lbs Salt Beef </measure>7
               </cell>
               <cell/>
               <cell>
                   <measure commodity="currency" quantity="37" unit="cents">37</measure>
               </cell>
               <cell/>
               <cell>
                   <measure commodity="currency" quantity="72" unit="cents">72</measure>
               </cell>
            </row>
            <row xml:id="p173_09">
               <cell/>
               <cell>
                   <date when="1842-07-25">25</date>
               </cell>
               <cell/>
               <cell/>
               <cell/>
               <cell/>
            </row>
            <row xml:id="p173_10">
               <cell>516</cell>
               <cell><name type="person" ref="v">Mary A. Wrigley</name>
                  <choice rend="align(right)">
                     <abbr>D</abbr>
                     <expan>debtor</expan>
                  </choice></cell>
               <cell/>
               <cell/>
               <cell/>
               <cell/>
            </row>
            <row xml:id="p173_11">
               <cell/>
               <cell>
                   To <name type="account" ref="LMWcash">cash ten Dollars </name>60/
               </cell>
               <cell>
                   <measure commodity="currency" quantity="10" unit="dollars">10</measure>
               </cell>
               <cell>
                   <measure commodity="currency" quantity="00" unit="cents">00</measure>
               </cell>
               <cell/>
               <cell/>
            </row>
            <row xml:id="p173_12">
               <cell/>
               <cell>
                   <date when="1842-07-27">27</date>
               </cell>
               <cell/>
               <cell/>
               <cell/>
               <cell/>
            </row>
            <row xml:id="p173_13">
               <cell>522</cell>
               <cell><name type="person" ref="v">Stephen Baylie</name>
                  <choice rend="align(right)">
                     <abbr>Dr</abbr>
                     <expan>debtor</expan>
                  </choice></cell>
               <cell/>
               <cell/>
               <cell/>
               <cell/>
            </row>
            <row xml:id="p173_14">
               <cell/>
               <cell>
                   To <measure commodity="Salt Beef" quantity="6" unit="pounds"> 6 lbs Salt Beef </measure>7
               </cell>
               <cell/>
               <cell>
                   <measure commodity="currency" quantity="42" unit="cents">42</measure>
               </cell>
               <cell/>
               <cell/>
            </row>
            <row xml:id="p173_15">
               <cell/>
               <cell>
                   <date when="1842-08-08">August 8</date>
               </cell>
               <cell/>
               <cell/>
               <cell/>
               <cell/>
            </row>
            <row xml:id="p173_16">
               <cell>516</cell>
               <cell><name type="person" ref="v">Mary A Wrigley</name>
                  <choice rend="align(right)">
                     <abbr>Dr</abbr>
                     <expan>debtor</expan>
                  </choice></cell>
               <cell/>
               <cell/>
               <cell/>
               <cell/>
            </row>
            <row xml:id="p173_17">
               <cell/>
               <cell>
                   To <name type="account" ref="LMWcash">cash </name>6/
               </cell>
               <cell>
                   <measure commodity="currency" quantity="1" unit="dollars">1</measure>
               </cell>
               <cell>
                   <measure commodity="currency" quantity="00" unit="cents">00</measure>
               </cell>
               <cell/>
               <cell/>
            </row>
            <row xml:id="p173_18">
               <cell/>
               <cell>
                   <date when="1842-08-08">8</date>
               </cell>
               <cell/>
               <cell/>
               <cell/>
               <cell/>
            </row>
            <row xml:id="p173_19">
               <cell>Settled</cell>
               <cell><name type="person" ref="v">Jesse New</name>
                  <choice rend="align(right)">
                     <abbr>Dr</abbr>
                     <expan>debtor</expan>
                  </choice></cell>
               <cell/>
               <cell/>
               <cell/>
               <cell/>
            </row>
            <row xml:id="p173_20">
               <cell/>
               <cell>
                   To <measure commodity="Pork" quantity="10.25" unit="pounds">10 1/4 lbs pork </measure>9x
               </cell>
               <cell/>
               <cell>
                   <measure commodity="currency" quantity="93" unit="cents">93</measure>
               </cell>
               <cell/>
               <cell/>
            </row>
            <row xml:id="p173_21">
               <cell/>
               <cell>
                   <date when="1842-08-15">15</date>
               </cell>
               <cell/>
               <cell/>
               <cell/>
               <cell/>
            </row>
            <row xml:id="p173_22">
               <cell>Settled</cell>
               <cell><name type="person" ref="v">Anna Wrigley</name>
                  <choice rend="align(right)">
                     <abbr>Dr</abbr>
                     <expan>debtor</expan>
                  </choice></cell>
               <cell/>
               <cell/>
               <cell/>
               <cell/>
            </row>
            <row xml:id="p173_23">
               <cell/>
               <cell>
                   To <measure commodity="Pork" quantity="10" unit="pounds">10lbs Pork </measure>9x .90
               </cell>
               <cell/>
               <cell/>
               <cell/>
               <cell/>
            </row>
            <row xml:id="p173_24">
               <cell/>
               <cell>
                   " <measure commodity="Vinegar" quantity="1" unit="gallons">1 Gall Vinegar</measure> 
               </cell>
               <cell>
                   <measure commodity="currency" quantity="1" unit="dollars">1</measure>
               </cell>
               <cell>
                   <measure commodity="currency" quantity="00" unit="dollars">00</measure>
               </cell>
               <cell/>
               <cell/>
            </row>
            <row xml:id="p173_25">
               <cell/>
               <cell>
                   <date when="1842-08-19">19</date>
               </cell>
               <cell/>
               <cell/>
               <cell/>
               <cell/>
            </row>
            <row xml:id="p173_26">
               <cell>522</cell>
               <cell><name type="person" ref="v">Stephen Bailey</name>
                  <choice rend="align(right)">
                     <abbr>Dr</abbr>
                     <expan>debtor</expan>
                  </choice></cell>
               <cell/>
               <cell/>
               <cell/>
               <cell/>
            </row>
            <row xml:id="p173_27">
               <cell/>
               <cell>
                   To <name type="account" ref="LMWcash">Cash thirty Dollars</name>
               </cell>
               <cell/>
               <cell/>
               <cell/>
               <cell/>
            </row>
            <row xml:id="p173_28">
               <cell/>
               <cell>
                   " <measure commodity="Vinegar" quantity="1" unit="gallons">1 Gall Vinegar</measure> 20x
               </cell>
               <cell>
                   <measure commodity="currency" quantity="30" unit="dollars">30</measure>
               </cell>
               <cell>
                   <measure commodity="currency" quantity="20" unit="cents">20</measure>
               </cell>
               <cell/>
               <cell/>
            </row>
            <row xml:id="p173_29">
               <cell/>
               <cell/>
               <cell/>
               <cell/>
               <cell/>
               <cell/>
            </row>
            <row xml:id="p173_30">
               <cell>Settled</cell>
               <cell><name type="person" ref="v">Henry Reed</name>
                  <choice rend="align(right)">
                     <abbr>Dr</abbr>
                     <expan>debtor</expan>
                  </choice></cell>
               <cell/>
               <cell/>
               <cell/>
               <cell/>
            </row>
            <row xml:id="p173_31">
               <cell/>
               <cell>
                   To <measure commodity="Oats" quantity="2" unit="bushels">two Bushels oats</measure> 
               </cell>
               <cell/>
               <cell/>
               <cell/>
               <cell/>
            </row>
            <row xml:id="p173_32">
               <cell/>
               <cell>
                   <date when="1842-08-20">20</date>
               </cell>
               <cell/>
               <cell/>
               <cell/>
               <cell/>
            </row>
            <row xml:id="p173_33">
               <cell>Settled</cell>
               <cell><name type="person" ref="v">Jesse New</name>
                  <choice rend="align(right)">
                     <abbr>Dr</abbr>
                     <expan>debtor</expan>
                  </choice></cell>
               <cell/>
               <cell/>
               <cell/>
               <cell/>
            </row>
            <row xml:id="p173_34">
               <cell/>
               <cell>
                   To <measure commodity="Pork" quantity="9" unit="pounds">9lbs Pork </measure> 9x
               </cell>
               <cell/>
               <cell>
                   <measure commodity="currency" quantity="81" unit="cents">81</measure>
               </cell>
               <cell/>
               <cell/>
            </row>
            <row xml:id="p173_35">
               <cell/>
               <cell>
                   <date when="1842-08-23">23</date>
               </cell>
               <cell/>
               <cell/>
               <cell/>
               <cell/>
            </row>
            <row xml:id="p173_36">
               <cell>Settled</cell>
               <cell><name type="person" ref="v">Elexander Antony</name>
                  <choice rend="align(right)">
                     <abbr>D</abbr>
                     <expan>debtor</expan>
                  </choice></cell>
               <cell/>
               <cell/>
               <cell/>
               <cell/>
            </row>
            <row xml:id="p173_37">
               <cell/>
               <cell>
                   To <name type="account" ref="LMWcash"> cash </name>18/
               </cell>
               <cell>
                   <measure commodity="currency" quantity="3" unit="dollars">3</measure>
               </cell>
               <cell>
                   <measure commodity="currency" quantity="00" unit="cents">00</measure>
               </cell>
               <cell/>
               <cell/>
            </row>
            <row xml:id="p173_38">
               <cell/>
               <cell>
                   <date when="1842-09-02">Sept. 2</date>
               </cell>
               <cell/>
               <cell/>
               <cell/>
               <cell/>
            </row>
            <row xml:id="p173_39">
               <cell>522</cell>
               <cell><name type="person" ref="v">Stephen Bailey</name>
                  <choice rend="align(right)">
                     <abbr>Dr</abbr>
                     <expan>debtor</expan>
                  </choice></cell>
               <cell/>
               <cell/>
               <cell/>
               <cell/>
            </row>
            <row xml:id="p173_40">
               <cell/>
               <cell>
                   To <name type="account" ref="LMWcash">cash for Tuition</name> $10.50x
               </cell>
               <cell>
                   <measure commodity="currency" quantity="10" unit="dollars">10</measure>
               </cell>
               <cell>
                   <measure commodity="currency" quantity="50" unit="cents">50</measure>
               </cell>
               <cell/>
               <cell/>
            </row>
            <row xml:id="p173_41">
               <cell/>
               <cell>
                   <date when="1842-09-03">3.</date>
               </cell>
               <cell/>
               <cell/>
               <cell/>
               <cell/>
            </row>
            <row xml:id="p173_42">
               <cell>Settled</cell>
               <cell><name type="person" ref="v">Anna Wrigley</name>
                  <choice rend="align(right)">
                     <abbr>Dr</abbr>
                     <expan>debtor</expan>
                  </choice></cell>
               <cell/>
               <cell/>
               <cell/>
               <cell/>
            </row>
            <row xml:id="p173_43">
               <cell/>
               <cell>
                   To <measure commodity="Apples" quantity="1" unit="peck">1 peck apples</measure> .25x
               </cell>
               <cell/>
               <cell/>
               <cell/>
               <cell/>
            </row>
            <row xml:id="p173_44">
               <cell/>
               <cell>
                   " <measure commodity="Lard" quantity="2" unit="pounds">2 lbs Lard</measure> 9x 18
               </cell>
               <cell/>
               <cell/>
               <cell/>
               <cell/>
            </row>
            <row xml:id="p173_45">
               <cell/>
               <cell>
                   " <measure commodity="Brown Bread" quantity="1" unit="Loaf">1 Loaf Brown Bread</measure> 9/
               </cell>
               <cell/>
               <cell/>
               <cell/>
               <cell/>
            </row>
            <row xml:id="p173_46">
               <cell/>
               <cell>
                   To <measure commodity="Bacon" quantity="20" unit="pounds">20 lbs Bacon</measure> had last May 6cx
               </cell>
               <cell/>
               <cell/>
               <cell/>
               <cell/>
            </row>
            <row xml:id="p173_47">
               <cell/>
               <cell>
                   To <measure commodity="Blue Stripe" quantity="4" unit="yards">4 Yds Blue Stripe </measure>15x .60
               </cell>
               <cell/>
               <cell/>
               <cell/>
               <cell/>
            </row>
            <row xml:id="p173_48">
               <cell/>
               <cell>
                   " <measure commodity="Butter" quantity="11.1875" unit="pounds">1lb. 3oz Butter</measure> 18 cts lb. 23
               </cell>
               <cell/>
               <cell/>
               <cell/>
               <cell/>
            </row>
            <row xml:id="p173_49">
               <cell/>
               <cell>
                   <date when="1842-06-07">June 7 </date>to
                   <measure commodity="Vinegar" quantity="1" unit="Gallon">Gall. Vinegar </measure>.20x
               </cell>
               <cell/>
               <cell/>
               <cell/>
               <cell/>
            </row>
            <row xml:id="p173_50">
               <cell/>
               <cell>
                   <date when="1842-07-28">July 28.</date>
                   " <measure commodity="Lard" quantity="31.9375" unit="pounds">3lbs 15oz Lard </measure> 9x .35
               </cell>
               <cell/>
               <cell/>
               <cell/>
               <cell/>
            </row>
            <row xml:id="p173_51">
               <cell/>
               <cell>
                   <date when="1842-07-13">13</date>
               </cell>
               <cell/>
               <cell/>
               <cell/>
               <cell/>
            </row>
            <row xml:id="p173_52">
               <cell>Settled</cell>
               <cell><name type="person" ref="v">Alexander Antoney</name>
                  <choice rend="align(right)">
                     <abbr>Cr</abbr>
                     <expan>Credit</expan>
                  </choice></cell>
               <cell/>
               <cell/>
               <cell/>
               <cell/>
            </row>
            <row xml:id="p173_53">
               <cell/>
               <cell>By work from date at $14.00</cell>
               <cell/>
               <cell/>
               <cell/>
               <cell/>
            </row>
            <row xml:id="p173_54">
               <cell/>
               <cell>To absence + sickness one week</cell>
               <cell/>
               <cell/>
               <cell/>
               <cell/>
            </row>
            <row xml:id="p173_55">
               <cell/>
               <cell>the last three months</cell>
               <cell/>
               <cell/>
               <cell/>
               <cell/>
            </row>
            <row xml:id="p173_56">
               <cell/>
               <cell>
                   <date when="1842-07-13">13</date>
               </cell>
               <cell/>
               <cell/>
               <cell/>
               <cell/>
            </row>
            <row xml:id="p173_57">
               <cell>Settled</cell>
               <cell><name type="person" ref="v">Anna Wrigley</name>
                  <choice rend="align(right)">
                     <abbr>Dr</abbr>
                     <expan>debtor</expan>
                  </choice></cell>
               <cell/>
               <cell/>
               <cell/>
               <cell/>
            </row>
            <row xml:id="p173_58">
               <cell/>
               <cell>
                   To <measure commodity="Vinegar" quantity="2" unit="quarts">2 qts Vinegar </measure> 10x
               </cell>
               <cell/>
               <cell>
                   <measure commodity="currency" quantity="10" unit="cents">10</measure>
               </cell>
               <cell/>
               <cell/>
            </row>
            <row xml:id="p173_59">
               <cell/>
               <cell>
                   " <measure commodity="Corn" quantity="1" unit="bushels"> 1 Buss Corn </measure>85x
               </cell>
               <cell/>
               <cell>
                   <measure commodity="currency" quantity="85" unit="cents">85</measure>
               </cell>
               <cell/>
               <cell/>
            </row>
         </table>
         <pb n="174"/>
         <fw type="pageNum">174</fw>
         <table xml:id="p174" cols="6">
            <head>Saturday <date when="1842-09-17">Sept. 17th 1842</date></head>
            <row xml:id="p174_01">
               <cell/>
               <cell/>
               <cell>$</cell>
               <cell>cts.</cell>
               <cell>$</cell>
               <cell>cts.</cell>
            </row>
            <row xml:id="p174_02">
               <cell>Settled</cell>
               <cell><name type="person" ref="v">Albert Barrows</name>
                  <choice rend="align(right)">
                     <abbr>Dr</abbr>
                     <expan>debtor</expan>
                  </choice></cell>
               <cell/>
               <cell/>
               <cell/>
               <cell/>
            </row>
            <row xml:id="p174_03">
               <cell/>
               <cell>
                   To <measure commodity="Rye" quantity="10" unit="bushels">10 Buss Rye</measure>
               </cell>
               <cell/>
               <cell/>
               <cell/>
               <cell/>
            </row>
            <row xml:id="p174_04">
               <cell/>
               <cell/>
               <cell/>
               <cell/>
               <cell/>
               <cell/>
            </row>
            <row xml:id="p174_05">
               <cell>Settled</cell>
               <cell><name type="person" ref="v">Mary Hunt</name>
                  <choice rend="align(right)">
                     <abbr>D</abbr>
                     <expan>debtor</expan>
                  </choice></cell>
               <cell/>
               <cell/>
               <cell/>
               <cell/>
            </row>
            <row xml:id="p174_06">
               <cell/>
               <cell>
                   To <name type="account" ref="LMWcash">cash some time since</name>
               </cell>
               <cell/>
               <cell/>
               <cell/>
               <cell/>
            </row>
            <row xml:id="p174_07">
               <cell/>
               <cell>
                   " orded upon Store
               </cell>
               <cell/>
               <cell/>
               <cell/>
               <cell/>
            </row>
            <row xml:id="p174_08">
               <cell/>
               <cell>
                   <date when="1842-07-21">21</date>
               </cell>
               <cell/>
               <cell/>
               <cell/>
               <cell/>
            </row>
            <row xml:id="p174_09">
               <cell>516</cell>
               <cell><name type="person" ref="v">Mary A Wrigley</name>
                  <choice rend="align(right)">
                     <abbr>D</abbr>
                     <expan>debtor</expan>
                  </choice></cell>
               <cell/>
               <cell/>
               <cell/>
               <cell/>
            </row>
            <row xml:id="p174_10">
               <cell/>
               <cell>
                   To <name type="account" ref="LMWcash">cash for Mother </name>$15.
               </cell>
               <cell>
                   <measure commodity="currency" quantity="15" unit="dollars">15</measure>
               </cell>
               <cell>
                   <measure commodity="currency" quantity="00" unit="cents">00</measure>
               </cell>
               <cell/>
               <cell/>
            </row>
            <row xml:id="p174_11">
               <cell/>
               <cell>
                   <date when="1842-07-26">26</date>
               </cell>
               <cell/>
               <cell/>
               <cell/>
               <cell/>
            </row>
            <row xml:id="p174_12">
               <cell>506</cell>
               <cell><name type="person" ref="v">Joseph D. Sadler</name>
                  <choice rend="align(right)">
                     <abbr>Dr</abbr>
                     <expan>debtor</expan>
                  </choice></cell>
               <cell/>
               <cell/>
               <cell/>
               <cell/>
            </row>
            <row xml:id="p174_13">
               <cell/>
               <cell>
                   To shop from date at 20 Dollars pr year
               </cell>
               <cell>
                   <measure commodity="currency" quantity="10" unit="dollars">10</measure>
               </cell>
               <cell>
                   <measure commodity="currency" quantity="00" unit="cents">00</measure>
               </cell>
               <cell/>
               <cell/>
            </row>
            <row xml:id="p174_14">
               <cell/>
               <cell/>
               <cell/>
               <cell/>
               <cell/>
               <cell/>
            </row>
            <row xml:id="p174_15">
               <cell>522</cell>
               <cell><name type="person" ref="v">Stephen Bailey</name>
                  <choice rend="align(right)">
                     <abbr>Dr</abbr>
                     <expan>debtor</expan>
                  </choice></cell>
               <cell/>
               <cell/>
               <cell/>
               <cell/>
            </row>
            <row xml:id="p174_16">
               <cell/>
               <cell>To <name type="account" ref="LMWcash">cash fr. Apples </name>6/</cell>
               <cell>
                   <measure commodity="currency" quantity="1" unit="dollars">1</measure>
               </cell>
               <cell>
                   <measure commodity="currency" quantity="00" unit="cents">00</measure>
               </cell>
               <cell/>
               <cell/>
            </row>
            <row xml:id="p174_17">
               <cell/>
               <cell>
                   <date when="1842-07-28">28</date>
               </cell>
               <cell/>
               <cell/>
               <cell/>
               <cell/>
            </row>
            <row xml:id="p174_18">
               <cell>Settled</cell>
               <cell><name type="person" ref="v">Anna Wrigly</name>
                  <choice rend="align(right)">
                     <abbr>D</abbr>
                     <expan>debtor</expan>
                  </choice></cell>
               <cell/>
               <cell/>
               <cell/>
               <cell/>
            </row>
            <row xml:id="p174_19">
               <cell/>
               <cell>
                   To <measure commodity="Rye" quantity="0.5" unit="bushels">1/2 Buss. Rye </measure>.80
               </cell>
               <cell/>
               <cell/>
               <cell/>
               <cell/>
            </row>
            <row xml:id="p174_20">
               <cell/>
               <cell>
                   " <measure commodity="Bread" quantity="1" unit="loaf"> 1 loaf Bread </measure>9d
               </cell>
               <cell/>
               <cell/>
               <cell/>
               <cell/>
            </row>
            <row xml:id="p174_21">
               <cell/>
               <cell/>
               <cell/>
               <cell/>
               <cell/>
               <cell/>
            </row>
            <row xml:id="p174_22">
               <cell>522</cell>
               <cell><name type="person" ref="v">Stephen Bailey</name>
                  <choice rend="align(right)">
                     <abbr>D</abbr>
                     <expan>debtor</expan>
                  </choice></cell>
               <cell/>
               <cell/>
               <cell/>
               <cell/>
            </row>
            <row xml:id="p174_23">
               <cell/>
               <cell>
                   To <name type="account" ref="LMWcash">cash </name> 36/
               </cell>
               <cell>
                   <measure commodity="currency" quantity="6" unit="dollars">6</measure>
               </cell>
               <cell>
                   <measure commodity="currency" quantity="00" unit="cents">00</measure>
               </cell>
               <cell/>
               <cell/>
            </row>
            <row xml:id="p174_24">
               <cell/>
               <cell>
                   <date when="1842-10-04">Oct. 4th 1842</date>
               </cell>
               <cell/>
               <cell/>
               <cell/>
               <cell/>
            </row>
            <row xml:id="p174_25">
               <cell>207</cell>
               <cell><name type="person" ref="v">Ebinzer Hamlinton</name>
                  <choice rend="align(right)">
                     <abbr>Cr</abbr>
                     <expan>credit</expan>
                  </choice></cell>
               <cell/>
               <cell/>
               <cell/>
               <cell/>
            </row>
            <row xml:id="p174_26">
               <cell/>
               <cell>By work as pr account rendered</cell>
               <cell>
                   <measure commodity="currency" quantity="6" unit="dollars">6</measure>
               </cell>
               <cell>
                   <measure commodity="currency" quantity="57" unit="cents">57</measure>
               </cell>
               <cell/>
               <cell/>
            </row>
            <row xml:id="p174_27">
               <cell>207</cell>
               <cell>
                  <choice rend="align(right)">
                     <abbr>D</abbr>
                     <expan>debtor</expan>
                  </choice></cell>
               <cell/>
               <cell/>
               <cell/>
               <cell/>
            </row>
            <row xml:id="p174_28">
               <cell/>
               <cell>To rent of House from April 1</cell>
               <cell>
                   <measure commodity="currency" quantity="40" unit="dollars">40</measure>
               </cell>
               <cell>
                   <measure commodity="currency" quantity="00" unit="cents">00</measure>
               </cell>
               <cell/>
               <cell/>
            </row>
            <row xml:id="p174_29">
               <cell/>
               <cell>" Shop Do</cell>
               <cell>
                   <measure commodity="currency" quantity="12" unit="dollars">12</measure>
               </cell>
               <cell>
                   <measure commodity="currency" quantity="00" unit="cents">00</measure>
               </cell>
               <cell>
                   <measure commodity="currency" quantity="52" unit="dollars">52</measure>
               </cell>
               <cell>
                   <measure commodity="currency" quantity="00" unit="cents">00</measure>
               </cell>
            </row>
            <row xml:id="p174_30">
               <cell/>
               <cell>
                   <date when="1842-10-10">10</date>
               </cell>
               <cell/>
               <cell/>
               <cell/>
               <cell/>
            </row>
            <row xml:id="p174_31">
               <cell>522</cell>
               <cell><name type="person" ref="v">Stephen Bailey</name>
                  <choice rend="align(right)">
                     <abbr>D</abbr>
                     <expan>debtor</expan>
                  </choice></cell>
               <cell/>
               <cell/>
               <cell/>
               <cell/>
            </row>
            <row xml:id="p174_32">
               <cell/>
               <cell>
                   To <name type="account" ref="LMWcash">cash six Dollars</name>
               </cell>
               <cell>
                   <measure commodity="currency" quantity="6" unit="dollars">6</measure>
               </cell>
               <cell>
                   <measure commodity="currency" quantity="00" unit="cents">00</measure>
               </cell>
               <cell/>
               <cell/>
            </row>
            <row xml:id="p174_33">
               <cell/>
               <cell>
                   <date when="1842-10-12">12</date>
               </cell>
               <cell/>
               <cell/>
               <cell/>
               <cell/>
            </row>
            <row xml:id="p174_34">
               <cell>Settled</cell>
               <cell><name type="person" ref="v">Alexander Antoney</name>
                  <choice rend="align(right)">
                     <abbr>Dr</abbr>
                     <expan>debtor</expan>
                  </choice></cell>
               <cell/>
               <cell/>
               <cell/>
               <cell/>
            </row>
            <row xml:id="p174_35">
               <cell/>
               <cell>
                   To <name type="account" ref="LMWcash">cash </name>30/
               </cell>
               <cell>
                   <measure commodity="currency" quantity="5" unit="dollars">5</measure>
               </cell>
               <cell>
                   <measure commodity="currency" quantity="00" unit="cents">00</measure>
               </cell>
               <cell/>
               <cell/>
            </row>
            <row xml:id="p174_36">
               <cell/>
               <cell/>
               <cell/>
               <cell/>
               <cell/>
               <cell/>
            </row>
            <row xml:id="p174_37">
               <cell>516</cell>
               <cell><name type="person" ref="v">Mary A. Wrigley</name>
                  <choice rend="align(right)">
                     <abbr>Dr</abbr>
                     <expan>debtor</expan>
                  </choice></cell>
               <cell/>
               <cell/>
               <cell/>
               <cell/>
            </row>
            <row xml:id="p174_38">
               <cell/>
               <cell>
                   To <measure >21 lbs Cheese</measure> 8 1/2 c pr. lb
               </cell>
               <cell>1</cell>
               <cell>.79</cell>
               <cell/>
               <cell/>
            </row>
            <row xml:id="p174_39">
               <cell/>
               <cell>
                   <date when="1842-10-14">14</date>
               </cell>
               <cell/>
               <cell/>
               <cell/>
               <cell/>
            </row>
            <row xml:id="p174_40">
               <cell>522</cell>
               <cell><name type="person" ref="v">Stephen Bailey</name>
                  <choice rend="align(right)">
                     <abbr>D</abbr>
                     <expan>debtor</expan>
                  </choice></cell>
               <cell/>
               <cell/>
               <cell/>
               <cell/>
            </row>
            <row xml:id="p174_41">
               <cell/>
               <cell>
                   To <name type="account" ref="LMWcash"> cash fifteen Dollars</name>
               </cell>
               <cell>
                   <measure commodity="currency" quantity="15" unit="dollars">15</measure>
               </cell>
               <cell>
                   <measure commodity="currency" quantity="00" unit="cents">00</measure>
               </cell>
               <cell/>
               <cell/>
            </row>
            <row xml:id="p174_42">
               <cell/>
               <cell/>
               <cell/>
               <cell/>
               <cell/>
               <cell/>
            </row>
            <row xml:id="p174_43">
               <cell>516</cell>
               <cell><name type="person" ref="v">Mary A. Wrigley</name>
                  <choice rend="align(right)">
                     <abbr>Dr</abbr>
                     <expan>debtor</expan>
                  </choice></cell>
               <cell/>
               <cell/>
               <cell/>
               <cell/>
            </row>
            <row xml:id="p174_44">
               <cell/>
               <cell>
                   To <name type="account" ref="LMWcash">cash</name> 1/6
               </cell>
               <cell/>
               <cell>
                   <measure commodity="currency" quantity="25" unit="cents">25</measure>
               </cell>
               <cell/>
               <cell/>
            </row>
            <row xml:id="p174_45">
               <cell/>
               <cell>
                   <date when="1842-10-15">15</date>
               </cell>
               <cell/>
               <cell/>
               <cell/>
               <cell/>
            </row>
            <row xml:id="p174_46">
               <cell>returned</cell>
               <cell><name type="person" ref="v">Joseph D Sadler</name>
                  <choice rend="align(right)">
                     <abbr>D</abbr>
                     <expan>debtor</expan>
                  </choice></cell>
               <cell/>
               <cell/>
               <cell/>
               <cell/>
            </row>
            <row xml:id="p174_47">
               <cell/>
               <cell>
                   To <measure commodity="Box Stove" quantity="1" unit="count">Box Stove</measure>
                   <measure commodity="Knee" quantity="1" unit="count">&amp; Knee </measure>30/
               </cell>
               <cell>
                   <measure commodity="currency" quantity="5" unit="dollars">5</measure>
               </cell>
               <cell>
                   <measure commodity="currency" quantity="00" unit="cents">00</measure>
               </cell>
               <cell/>
               <cell/>
            </row>
            <row xml:id="p174_48">
               <cell/>
               <cell>
                   <date when="1842-10-18">18</date>
               </cell>
               <cell/>
               <cell/>
               <cell/>
               <cell/>
            </row>
            <row xml:id="p174_49">
               <cell>Settled</cell>
               <cell><name type="person" ref="v">Anna Wrigley</name>
                  <choice rend="align(right)">
                     <abbr>Dr</abbr>
                     <expan>debtor</expan>
                  </choice></cell>
               <cell/>
               <cell/>
               <cell/>
               <cell/>
            </row>
            <row xml:id="p174_50">
               <cell/>
               <cell>
                   To <measure commodity="Raisins" quantity="2" unit="pounds">2lbs Raisins</measure> 7x
               </cell>
               <cell/>
               <cell>
                   <measure commodity="currency" quantity="14" unit="cents">14</measure>
               </cell>
               <cell/>
               <cell/>
            </row>
            <row xml:id="p174_51">
               <cell/>
               <cell>
                   <date when="1842-10-21">21</date>
               </cell>
               <cell/>
               <cell/>
               <cell/>
               <cell/>
            </row>
            <row xml:id="p174_52">
               <cell>516</cell>
               <cell><name type="person" ref="v">Mary A. Wrigley</name>
                  <choice rend="align(right)">
                     <abbr>Dr</abbr>
                     <expan>debtor</expan>
                  </choice></cell>
               <cell/>
               <cell/>
               <cell/>
               <cell/>
            </row>
            <row xml:id="p174_53">
               <cell/>
               <cell>
                   To <name type="account" ref="LMWcash">Cash $7.00 for Bonnet</name> +c
               </cell>
               <cell>
                   <measure commodity="currency" quantity="7" unit="dollars">7</measure>
               </cell>
               <cell>
                   <measure commodity="currency" quantity="00" unit="cents">00</measure>
               </cell>
               <cell/>
               <cell/>
            </row>
            <row xml:id="p174_54">
               <cell/>
               <cell>
                   " <name type="account" ref="LMWcash">Cash for James</name> $2.75
               </cell>
               <cell>
                   <measure commodity="currency" quantity="2" unit="dollars">2</measure>
               </cell>
               <cell>
                   <measure commodity="currency" quantity="75" unit="cents">75</measure>
               </cell>
               <cell/>
               <cell/>
            </row>
            <row xml:id="p174_55">
               <cell/>
               <cell>
                   <date when="1842-10-24">24</date>
               </cell>
               <cell/>
               <cell/>
               <cell/>
               <cell/>
            </row>
            <row xml:id="p174_56">
               <cell>Settled</cell>
               <cell><name type="person" ref="v">Linus Howard</name>
                  <choice rend="align(right)">
                     <abbr>D</abbr>
                     <expan>debtor</expan>
                  </choice></cell>
               <cell/>
               <cell/>
               <cell/>
               <cell/>
            </row>
            <row xml:id="p174_57">
               <cell/>
               <cell>
                   To <measure commodity="Salt Beef" quantity="7" unit="pounds">7lb. Salt Beef</measure> 7x
               </cell>
               <cell/>
               <cell>
                   <measure commodity="currency" quantity="49" unit="cents">49</measure>
               </cell>
               <cell/>
               <cell/>
            </row>
            <row xml:id="p174_58">
               <cell/>
               <cell/>
               <cell/>
               <cell/>
               <cell/>
               <cell/>
            </row>
            <row xml:id="p174_59">
               <cell>Setttled</cell>
               <cell><name type="person" ref="v">Anna Wrigley</name>
                  <choice rend="align(right)">
                     <abbr>D</abbr>
                     <expan>debtor</expan>
                  </choice></cell>
               <cell/>
               <cell/>
               <cell/>
               <cell/>
            </row>
            <row xml:id="p174_60">
               <cell/>
               <cell>
                   To <measure commodity="Corn" quantity="0.5" unit="bushels">1/2 Buss. Corn </measure>85x
               </cell>
               <cell/>
               <cell>
                   <measure commodity="currency" quantity="43" unit="cents">43</measure>
               </cell>
               <cell/>
               <cell/>
            </row>
            <row xml:id="p174_61">
               <cell/>
               <cell>
                   <date when="1842-10-29">29</date>
               </cell>
               <cell/>
               <cell/>
               <cell/>
               <cell/>
            </row>
            <row xml:id="p174_62">
               <cell>Settled</cell>
               <cell><name type="person" ref="v">Alexander Antony</name>
                  <choice rend="align(right)">
                     <abbr>D</abbr>
                     <expan>debtor</expan>
                  </choice></cell>
               <cell/>
               <cell/>
               <cell/>
               <cell/>
            </row>
            <row xml:id="p174_63">
               <cell/>
               <cell>
                   To <name type="account" ref="LMWcash">cash to go to Boston</name>
               </cell>
               <cell>
                   <measure commodity="currency" quantity="5" unit="dollars">5</measure>
               </cell>
               <cell>
                   <measure commodity="currency" quantity="00" unit="cents">00</measure>
               </cell>
               <cell/>
               <cell/>
            </row>
            <row xml:id="p174_64">
               <cell/>
               <cell/>
               <cell/>
               <cell/>
               <cell/>
               <cell/>
            </row>
         </table>
      </body>
   </text>
</TEI>
