<?xml version="1.0" encoding="UTF-8"?>
<?xml-model href="http://www.tei-c.org/release/xml/tei/custom/schema/relaxng/tei_all.rng" type="application/xml" schematypens="http://relaxng.org/ns/structure/1.0"?>
<?xml-model href="http://www.tei-c.org/release/xml/tei/custom/schema/relaxng/tei_all.rng" type="application/xml"
	schematypens="http://purl.oclc.org/dsdl/schematron"?>
<TEI xmlns="http://www.tei-c.org/ns/1.0">
   <teiHeader>
      <fileDesc>
         <titleStmt>
            <title>LMW Day Book, pp. 181-182</title>
            <author>L.M. Wheaton</author>
         </titleStmt>
         <publicationStmt>
            <p>Indication of work done and date, Wheaton College</p>
         </publicationStmt>
         <sourceDesc>
            <biblFull>
               <titleStmt>
                  <title>Account Books, pp.181-182</title>
                  <author>L.M. Wheaton</author>
                  <respStmt>
                     <resp> TEI-compatible XML markup by <name type="person">Tyana Craig</name> with
                        corrections by <name type="person">Name</name>, <name type="person"
                           >Name</name>, and <name type="person">Name</name>.</resp>
                     <name type="person">Name</name>
                  </respStmt>
               </titleStmt>
               <publicationStmt>
                  <p>Indication of work done and date 06/07/16, Wheaton College</p>
               </publicationStmt>
               <sourceDesc>
                  <p> From the Marion B. Gebbie Archives and Special Collections at the Madeleine
                     Clark Wallace Library, Wheaton College </p>
               </sourceDesc>
            </biblFull>
         </sourceDesc>
      </fileDesc>
   </teiHeader>
   <text>
      <body>
         <pb n="181"/>
         <fw type="pageNum">181</fw>
         <table xml:id="p181" cols="6">
            <head>Saturday <date when="1843-07-15">July 15th 1843</date></head>
            <row xml:id="p181_01">
               <cell/>
               <cell/>
               <cell/>
               <cell/>
               <cell/>
               <cell/>
            </row>
            <row xml:id="p181_02">
               <cell>207</cell>
               <cell><name type="person" ref="v">Ebenezer Hamlinton</name>
                  <choice rend="align(right)">
                     <abbr>D</abbr>
                     <expan>debtor</expan>
                  </choice></cell>
               <cell/>
               <cell/>
               <cell/>
               <cell/>
            </row>
            <row xml:id="p181_03">
               <cell/>
               <cell>
                   To <measure commodity="White Beans" quantity="2" unit="quarts">2 qts. White Beans</measure> 
               </cell>
               <cell/>
               <cell>
                   <measure commodity="currency" quantity="6" unit="cents">6</measure>
               </cell>
               <cell/>
               <cell/>
            </row>
            <row xml:id="p181_04">
               <cell/>
               <cell>
                   <date when="1843-07-17">17</date>
               </cell>
               <cell/>
               <cell/>
               <cell/>
               <cell/>
            </row>
            <row xml:id="p181_05">
               <cell>522</cell>
               <cell><name type="person" ref="v">Stephen Bailey</name>
                  <choice rend="align(right)">
                     <abbr>D</abbr>
                     <expan>debtor</expan>
                  </choice></cell>
               <cell/>
               <cell/>
               <cell/>
               <cell/>
            </row>
            <row xml:id="p181_06">
               <cell/>
               <cell>
                   To <name type="account" ref="LMWcash">cash eight dollars</name>
               </cell>
               <cell>
                   <measure commodity="currency" quantity="8" unit="dollars">8</measure>
               </cell>
               <cell>
                   <measure commodity="currency" quantity="00" unit="cents">00</measure>
               </cell>
               <cell/>
               <cell/>
            </row>
            <row xml:id="p181_07">
               <cell/>
               <cell/>
               <cell/>
               <cell/>
               <cell/>
               <cell/>
            </row>
            <row xml:id="p181_08">
               <cell>Settled</cell>
               <cell><name type="person" ref="v">Linus Howard</name>
                  <choice rend="align(right)">
                     <abbr>Dr</abbr>
                     <expan>debtor</expan>
                  </choice></cell>
               <cell/>
               <cell/>
               <cell/>
               <cell/>
            </row>
            <row xml:id="p181_09">
               <cell/>
               <cell>
                   To <measure commodity="Potatoes" quantity="0.5" unit="bushels">1/2 bush. Potatoes</measure> /9
               </cell>
               <cell/>
               <cell>
                   <measure commodity="currency" quantity="12.5" unit="cents">12.5</measure>
               </cell>
               <cell/>
               <cell/>
            </row>
            <row xml:id="p181_10">
               <cell/>
               <cell/>
               <cell/>
               <cell/>
               <cell/>
               <cell/>
            </row>
            <row xml:id="p181_11">
               <cell>207</cell>
               <cell><name type="person" ref="v">Eben. Hamilton</name>
                  <choice rend="align(right)">
                     <abbr>Dr</abbr>
                     <expan>debtor</expan>
                  </choice></cell>
               <cell/>
               <cell/>
               <cell/>
               <cell/>
            </row>
            <row xml:id="p181_12">
               <cell/>
               <cell>
                   To <measure commodity="White Beans" quantity="2" unit="quarts">2 qts White Beans </measure>.10x
               </cell>
               <cell/>
               <cell>
                   <measure commodity="currency" quantity="10" unit="cents">10</measure>
               </cell>
               <cell/>
               <cell/>
            </row>
            <row xml:id="p181_13">
               <cell/>
               <cell/>
               <cell/>
               <cell/>
               <cell/>
               <cell/>
            </row>
            <row xml:id="p181_14">
               <cell>See Bill</cell>
               <cell><name type="person" ref="v">Charles Reed</name>
                  <choice rend="align(right)">
                     <abbr>Dr</abbr>
                     <expan>debtor</expan>
                  </choice></cell>
               <cell/>
               <cell/>
               <cell/>
               <cell/>
            </row>
            <row xml:id="p181_15">
               <cell/>
               <cell>
                   To <measure commodity="Red Potatoes" quantity="0.5" unit="bushels">1/2 bush. Red Potatoes </measure>1/6
               </cell>
               <cell/>
               <cell>
                   <measure commodity="currency" quantity="13" unit="cents">13</measure>
               </cell>
               <cell/>
               <cell/>
            </row>
            <row xml:id="p181_16">
               <cell/>
               <cell/>
               <cell/>
               <cell/>
               <cell/>
               <cell/>
            </row>
            <row xml:id="p181_17">
               <cell>Settled</cell>
               <cell><name type="person" ref="v">Linus Howard</name>
                  <choice rend="align(right)">
                     <abbr>D</abbr>
                     <expan>debtor</expan>
                  </choice></cell>
               <cell/>
               <cell/>
               <cell/>
               <cell/>
            </row>
            <row xml:id="p181_18">
               <cell/>
               <cell>
                   To <measure commodity="Milk" quantity="239" unit="quarts">239qts milk </measure>3c
               </cell>
               <cell>
                   <measure commodity="currency" quantity="1" unit="dollars">1</measure>
               </cell>
               <cell>
                   <measure commodity="currency" quantity="17" unit="cents">17</measure>
               </cell>
               <cell/>
               <cell/>
            </row>
            <row xml:id="p181_19">
               <cell/>
               <cell>
                   <date when="1843-07-25">25</date>
               </cell>
               <cell/>
               <cell/>
               <cell/>
               <cell/>
            </row>
            <row xml:id="p181_20">
               <cell>516</cell>
               <cell><name type="person" ref="v">Mary A. Wrigley</name>
                  <choice rend="align(right)">
                     <abbr>Dr</abbr>
                     <expan>debtor</expan>
                  </choice></cell>
               <cell/>
               <cell/>
               <cell/>
               <cell/>
            </row>
            <row xml:id="p181_21">
               <cell/>
               <cell>
                   To <measure commodity="Thread" quantity="1" unit="spool">1 Spool Thread </measure>8
               </cell>
               <cell/>
               <cell>
                   <measure commodity="currency" quantity="08" unit="cents">08</measure>
               </cell>
               <cell/>
               <cell/>
            </row>
            <row xml:id="p181_22">
               <cell/>
               <cell>
                   <date when="1843-07-29">29</date>
               </cell>
               <cell/>
               <cell/>
               <cell/>
               <cell/>
            </row>
            <row xml:id="p181_23">
               <cell>522</cell>
               <cell><name type="person" ref="v">Stephen Bailey</name>
                  <choice rend="align(right)">
                     <abbr>D</abbr>
                     <expan>debtor</expan>
                  </choice></cell>
               <cell/>
               <cell/>
               <cell/>
               <cell/>
            </row>
            <row xml:id="p181_24">
               <cell/>
               <cell>
                   To <name type="account" ref="LMWcash">cash five Dollars</name>
               </cell>
               <cell/>
               <cell/>
               <cell/>
               <cell/>
            </row>
            <row xml:id="p181_25">
               <cell/>
               <cell>
                   <date when="1843-08-09">August 9th</date>
               </cell>
               <cell/>
               <cell/>
               <cell/>
               <cell/>
            </row>
            <row xml:id="p181_26">
               <cell>522</cell>
               <cell><name type="person" ref="v">Stephen Bailey</name>
                  <choice rend="align(right)">
                     <abbr>D</abbr>
                     <expan>debtor</expan>
                  </choice></cell>
               <cell/>
               <cell/>
               <cell/>
               <cell/>
            </row>
            <row xml:id="p181_27">
               <cell/>
               <cell>
                   To <name type="account" ref="LMWcash">cash P by Mr Kelly</name> 
               </cell>
               <cell>
                   <measure commodity="currency" quantity="5" unit="dollars">5</measure>
               </cell>
               <cell>
                   <measure commodity="currency" quantity="00" unit="cents">00</measure>
               </cell>
               <cell/>
               <cell/>
            </row>
            <row xml:id="p181_28">
               <cell/>
               <cell/>
               <cell/>
               <cell/>
               <cell/>
               <cell/>
            </row>
            <row xml:id="p181_29">
               <cell>516</cell>
               <cell><name type="person" ref="v">Mary A. Wrigley</name>
                  <choice rend="align(right)">
                     <abbr>D</abbr>
                     <expan>debtor</expan>
                  </choice></cell>
               <cell/>
               <cell/>
               <cell/>
               <cell/>
            </row>
            <row xml:id="p181_30">
               <cell/>
               <cell>
                   To <name type="account" ref="LMWcash">cash to go to Boston fifteen Dollars</name> 
               </cell>
               <cell>
                   <measure commodity="currency" quantity="15" unit="dollars">15</measure>
               </cell>
               <cell>
                   <measure commodity="currency" quantity="00" unit="cents">00</measure>
               </cell>
               <cell/>
               <cell/>
            </row>
            <row xml:id="p181_31">
               <cell/>
               <cell/>
               <cell/>
               <cell/>
               <cell/>
               <cell/>
            </row>
            <row xml:id="p181_32">
               <cell>Settled</cell>
               <cell><name type="person" ref="v">Linus Howard</name>
                  <choice rend="align(right)">
                     <abbr>Dr</abbr>
                     <expan>debtor</expan>
                  </choice></cell>
               <cell/>
               <cell/>
               <cell/>
               <cell/>
            </row>
            <row xml:id="p181_33">
               <cell/>
               <cell>
                   To <measure commodity="Milk" quantity="90" unit="quarts">90 qts. Milk</measure> 3x
               </cell>
               <cell>
                   <measure commodity="currency" quantity="2" unit="dollars">2</measure>
               </cell>
               <cell>
                   <measure commodity="currency" quantity="70" unit="cents">70</measure></cell>
               <cell/>
               <cell/>
            </row>
            <row xml:id="p181_34">
               <cell/>
               <cell/>
               <cell/>
               <cell/>
               <cell/>
               <cell/>
            </row>
            <row xml:id="p181_35">
               <cell>See Bill</cell>
               <cell><name type="person" ref="v">Charles Reed</name>
                  <choice rend="align(right)">
                     <abbr>Dr</abbr>
                     <expan>debtor</expan>
                  </choice></cell>
               <cell/>
               <cell/>
               <cell/>
               <cell/>
            </row>
            <row xml:id="p181_36">
               <cell/>
               <cell>
                   To <measure commodity="Milk" quantity="15" unit="quarts">15 qts Milk</measure> 3
               </cell>
               <cell/>
               <cell>
                   <measure commodity="currency" quantity="45" unit="cents">45</measure>
               </cell>
               <cell/>
               <cell/>
            </row>
            <row xml:id="p181_37">
               <cell/>
               <cell/>
               <cell/>
               <cell/>
               <cell/>
               <cell/>
            </row>
            <row xml:id="p181_38">
               <cell/>
               <cell>
                   <date when="1843-08-17">17</date>
               </cell>
               <cell/>
               <cell/>
               <cell/>
               <cell/>
            </row>
            <row xml:id="p181_39">
               <cell>146</cell>
               <cell><name type="person" ref="v">Alexander Anthony</name>
                  <choice rend="align(right)">
                     <abbr>D</abbr>
                     <expan>debtor</expan>
                  </choice></cell>
               <cell/>
               <cell/>
               <cell/>
               <cell/>
            </row>
            <row xml:id="p181_40">
               <cell/>
               <cell>
                   To <name type="account" ref="LMWcash">cash ten dollars</name>
               </cell>
               <cell>
                   <measure commodity="currency" quantity="10" unit="dollars">10</measure>
               </cell>
               <cell>
                   <measure commodity="currency" quantity="00" unit="cents">00</measure>
               </cell>
               <cell/>
               <cell/>
            </row>
            <row xml:id="p181_41">
               <cell/>
               <cell>
                   " <name type="account" ref="LMWcash">paying <!--White--> pr request</name> 10/6
               </cell>
               <cell>
                   <measure commodity="currency" quantity="1" unit="dollars">1</measure>
               </cell>
               <cell>
                   <measure commodity="currency" quantity="75" unit="cents">75</measure>
               </cell>
               <cell>
                   <measure commodity="currency" quantity="11" unit="dollars">11</measure>
               </cell>
               <cell>
                   <measure commodity="currency" quantity="75" unit="cents">75</measure>
               </cell>
            </row>
            <row xml:id="p181_42">
               <cell/>
               <cell>
                   <date when="1843-08-19">19</date>
               </cell>
               <cell/>
               <cell/>
               <cell/>
               <cell/>
            </row>
            <row xml:id="p181_43">
               <cell>522</cell>
               <cell><name type="person" ref="v">Stephen Baily</name>
                  <choice rend="align(right)">
                     <abbr>D</abbr>
                     <expan>debtor</expan>
                  </choice></cell>
               <cell/>
               <cell/>
               <cell/>
               <cell/>
            </row>
            <row xml:id="p181_44">
               <cell/>
               <cell>
                   To <name type="account" ref="LMWcash">cash twenty four Dollars </name> 
               </cell>
               <cell>
                   <measure commodity="currency" quantity="24" unit="dollars">24</measure>
               </cell>
               <cell>
                   <measure commodity="currency" quantity="00" unit="cents">00</measure>
               </cell>
               <cell/>
               <cell/>
            </row>
            <row xml:id="p181_45">
               <cell/>
               <cell/>
               <cell/>
               <cell/>
               <cell/>
               <cell/>
            </row>
            <row xml:id="p181_46">
               <cell/>
               <cell>
                   By <measure commodity="board">board of Bassett </measure>30x p day
               </cell>
               <cell>
                   <measure commodity="currency" quantity="4" unit="dollars">4</measure>
               </cell>
               <cell>
                   <measure commodity="currency" quantity="00" unit="cents">00</measure>
               </cell>
               <cell/>
               <cell/>
            </row>
            <row xml:id="p181_47">
               <cell/>
               <cell>
                   <date when="1843-08-22">22</date>
               </cell>
               <cell/>
               <cell/>
               <cell/>
               <cell/>
            </row>
            <row xml:id="p181_48">
               <cell>528</cell>
               <cell><name type="person" ref="v">Wm. J. Sweet</name>
                  <choice rend="align(right)">
                     <abbr>D</abbr>
                     <expan>debtor</expan>
                  </choice></cell>
               <cell/>
               <cell/>
               <cell/>
               <cell/>
            </row>
            <row xml:id="p181_49">
               <cell/>
               <cell>
                   To <name type="account" ref="LMWcash">cash lent </name>18/
               </cell>
               <cell>
                   <measure commodity="currency" quantity="3" unit="dollars">3</measure>
               </cell>
               <cell>
                   <measure commodity="currency" quantity="00" unit="cents">00</measure>
               </cell>
               <cell/>
               <cell/>
            </row>
            <row xml:id="p181_50">
               <cell/>
               <cell/>
               <cell/>
               <cell/>
               <cell/>
               <cell/>
            </row>
            <row xml:id="p181_51">
               <cell>Settled</cell>
               <cell><name type="person" ref="v">Geo. White </name>
                  <choice rend="align(right)">
                     <abbr>D</abbr>
                     <expan>debtor</expan>
                  </choice></cell>
               <cell/>
               <cell/>
               <cell/>
               <cell/>
            </row>
            <row xml:id="p181_52">
               <cell/>
               <cell>By <choice rend="align(right)">
                     <abbr>Cr</abbr>
                     <expan>Credit</expan>
                  </choice> with 
                  <name type="person" ref="pers_WCDH143">Alexander</name> 10/r</cell>
               <cell>
                  <measure commodity="currency" quantity="1" unit="dollars">1</measure>
               </cell>
               <cell>
                  <measure commodity="currency" quantity="75" unit="cents">75</measure>
               </cell>
               <cell/>
               <cell/>
            </row>
            <row xml:id="p181_53">
               <cell/>
               <cell>
                  <date when="1843-08-26">26</date>
               </cell>
               <cell/>
               <cell/>
               <cell/>
               <cell/>
            </row>
            <row xml:id="p181_54">
               <cell>523</cell>
               <cell><name type="person" ref="v">Frank Dowler</name>
                  <choice rend="align(right)">
                     <abbr>Dr</abbr>
                     <expan>debtor</expan>
                  </choice></cell>
               <cell/>
               <cell/>
               <cell/>
               <cell/>
            </row>
            <row xml:id="p181_55">
               <cell/>
               <cell>
                  To <name type="account" ref="LMWcash">cash </name>24/
               </cell>
               <cell>
                  <measure commodity="currency" quantity="4" unit="dollars">4</measure>
               </cell>
               <cell>
                  <measure commodity="currency" quantity="00" unit="cents">00</measure>
               </cell>
               <cell/>
               <cell/>
            </row>
            <row xml:id="p181_56">
               <cell/>
               <cell/>
               <cell/>
               <cell/>
               <cell/>
               <cell/>
            </row>
            <row xml:id="p181_57">
               <cell>Settled</cell>
               <cell><name type="person" ref="v">Henry Freeman</name>
                  <choice rend="align(right)">
                     <abbr>Cr</abbr>
                     <expan>credit</expan>
                  </choice></cell>
               <cell/>
               <cell/>
               <cell/>
               <cell/>
            </row>
            <row xml:id="p181_58">
               <cell/>
               <cell>
                  By <measure commodity="Elm Trees" quantity="14" unit="count">14 Elm Trees </measure>in the year 1841
               </cell>
               <cell>
                  <measure commodity="currency" quantity="3" unit="dollars">3</measure>
               </cell>
               <cell>
                  <measure commodity="currency" quantity="50" unit="cents">50</measure>
               </cell>
               <cell/>
               <cell/>
            </row>
            <row xml:id="p181_59">
               <cell/>
               <cell>
                  <date when="1842-09-04">Sept. 4</date>
               </cell>
               <cell/>
               <cell/>
               <cell/>
               <cell/>
            </row>
            <row xml:id="p181_60">
               <cell>Settled</cell>
               <cell><name type="person" ref="v">Linus Howard</name>
                  <choice rend="align(right)">
                     <abbr>Dr</abbr>
                     <expan>debtor</expan>
                  </choice></cell>
               <cell/>
               <cell/>
               <cell/>
               <cell/>
            </row>
            <row xml:id="p181_61">
               <cell/>
               <cell>
                  To <measure commodity="Milk" quantity="106" unit="quarts">106 qts Milk </measure> 3x qt
               </cell>
               <cell>
                  <measure commodity="currency" quantity="3" unit="dollars">3</measure>
               </cell>
               <cell>
                  <measure commodity="currency" quantity="18" unit="cents">18</measure>
               </cell>
               <cell/>
               <cell/>
            </row>
            <row xml:id="p181_62">
               <cell/>
               <cell/>
               <cell/>
               <cell/>
               <cell/>
               <cell/>
            </row>
            <row xml:id="p181_63">
               <cell>527</cell>
               <cell><name type="person" ref="v">Oliver Deane</name>
                  <choice rend="align(right)">
                     <abbr>D</abbr>
                     <expan>debtor</expan>
                  </choice></cell>
               <cell/>
               <cell/>
               <cell/>
               <cell/>
            </row>
            <row xml:id="p181_64">
               <cell/>
               <cell>
                  To <measure commodity="Cow" quantity="1" unit="count">cow </measure> some time since
               </cell>
               <cell>
                  <measure commodity="currency" quantity="25" unit="dollars">25</measure>
               </cell>
               <cell>
                  <measure commodity="currency" quantity="00" unit="cents">00</measure>
               </cell>
               <cell/>
               <cell/>
            </row>
            <row xml:id="p181_65">
               <cell/>
               <cell/>
               <cell/>
               <cell/>
               <cell/>
               <cell/>
            </row>
         </table>
         <pb n="182"/>
         <fw type="pageNum">182</fw>
         <table xml:id="p182" cols="6">
            <head>Wednesday <date when="1843-09-27">Sept. 27 1843</date></head>
            <row xml:id="p182_01">
               <cell/>
               <cell/>
               <cell>$</cell>
               <cell>cts.</cell>
               <cell>$</cell>
               <cell>cts.</cell>
            </row>
            <row xml:id="p182_02">
               <cell>Settled</cell>
               <cell><name type="person" ref="v">Linus Howard</name>
                  <choice rend="align(right)">
                     <abbr>D</abbr>
                     <expan>debtor</expan>
                  </choice></cell>
               <cell/>
               <cell/>
               <cell/>
               <cell/>
            </row>
            <row xml:id="p182_03">
               <cell/>
               <cell>
                  To <measure commodity="Milk" quantity="126" unit="quarts">126 qts Milk </measure> 3x
               </cell>
               <cell>
                  <measure commodity="currency" quantity="3" unit="dollars">3</measure>
               </cell>
               <cell>
                  <measure commodity="currency" quantity="78" unit="cents">78</measure>
               </cell>
               <cell/>
               <cell/>
            </row>
            <row xml:id="p182_04">
               <cell/>
               <cell>
                  <date when="1843-09-29">29</date>
               </cell>
               <cell/>
               <cell/>
               <cell/>
               <cell/>
            </row>
            <row xml:id="p182_05">
               <cell>523</cell>
               <cell><name type="person" ref="v">Frank Dowler</name>
                  <choice rend="align(right)">
                     <abbr>Dr</abbr>
                     <expan>debtor</expan>
                  </choice></cell>
               <cell/>
               <cell/>
               <cell/>
               <cell/>
            </row>
            <row xml:id="p182_06">
               <cell/>
               <cell>
                  To <name type="account" ref="LMWcash">cash five Dollars</name>
               </cell>
               <cell>
                  <measure commodity="currency" quantity="5" unit="dollars">5</measure>
               </cell>
               <cell>
                  <measure commodity="currency" quantity="00" unit="cents">00</measure>
               </cell>
               <cell/>
               <cell/>
            </row>
            <row xml:id="p182_07">
               <cell/>
               <cell>
                  <date when="1843-09-30">30</date>
               </cell>
               <cell/>
               <cell/>
               <cell/>
               <cell/>
            </row>
            <row xml:id="p182_08">
               <cell>522</cell>
               <cell><name type="person" ref="v">Stephen Bailey</name>
                  <choice rend="align(right)">
                     <abbr>D</abbr>
                     <expan>debtor</expan>
                  </choice></cell>
               <cell/>
               <cell/>
               <cell/>
               <cell/>
            </row>
            <row xml:id="p182_09">
               <cell/>
               <cell>
                  To <name type="account" ref="LMWcash">cash dld Adaline </name>$12 00
               </cell>
               <cell>
                  <measure commodity="currency" quantity="12" unit="dollars">12</measure>
               </cell>
               <cell>
                  <measure commodity="currency" quantity="00" unit="cents">00</measure>
               </cell>
               <cell/>
               <cell/>
            </row>
            <row xml:id="p182_10">
               <cell/>
               <cell>
                  <date when="1843-10-03">Oct. 3d</date>
               </cell>
               <cell/>
               <cell/>
               <cell/>
               <cell/>
            </row>
            <row xml:id="p182_11">
               <cell>522</cell>
               <cell><name type="person" ref="v">Stephen Bailey</name>
                  <choice rend="align(right)">
                     <abbr>D</abbr>
                     <expan>debtor</expan>
                  </choice></cell>
               <cell/>
               <cell/>
               <cell/>
               <cell/>
            </row>
            <row xml:id="p182_12">
               <cell/>
               <cell>
                  To <name type="account" ref="LMWcash">cash five Dollars</name>
               </cell>
               <cell>
                  <measure commodity="currency" quantity="5" unit="dollars">5</measure>
               </cell>
               <cell>
                  <measure commodity="currency" quantity="00" unit="cents">00</measure>
               </cell>
               <cell/>
               <cell/>
            </row>
            <row xml:id="p182_13">
               <cell/>
               <cell>
                  <date when="1843-10-11">11</date>
               </cell>
               <cell/>
               <cell/>
               <cell/>
               <cell/>
            </row>
            <row xml:id="p182_14">
               <cell>514</cell>
               <cell><name type="person" ref="v">Henry M. Paine</name>
                  <choice rend="align(right)">
                     <abbr>D</abbr>
                     <expan>debtor</expan>
                  </choice></cell>
               <cell/>
               <cell/>
               <cell/>
               <cell/>
            </row>
            <row xml:id="p182_15">
               <cell/>
               <cell>
                  To <measure commodity="Iron" >Iron for Waggon tongue</measure> 2/
               </cell>
               <cell/>
               <cell>
                  <measure commodity="currency" quantity="33" unit="cents">33</measure>
               </cell>
               <cell/>
               <cell/>
            </row>
            <row xml:id="p182_16">
               <cell/>
               <cell>
                  <measure commodity="Waggon" quantity="1" unit="count">Waggon to Clam with +c.</measure>
               </cell>
               <cell>
                  <measure commodity="currency" quantity="1" unit="dollars">1</measure>
               </cell>
               <cell>
                  <measure commodity="currency" quantity="20" unit="cents">20</measure>
               </cell>
               <cell/>
               <cell/>
            </row>
            <row xml:id="p182_17">
               <cell/>
               <cell>
                  " <measure commodity="Hayseed">Hayseed</measure> 67x
               </cell>
               <cell/>
               <cell>
                  <measure commodity="currency" quantity="67" unit="cents">67</measure>
               </cell>
               <cell>
                  <measure commodity="currency" quantity="2" unit="dollars">2</measure>
               </cell>
               <cell>
                  <measure commodity="currency" quantity="20" unit="cents">20</measure>
               </cell>
            </row>
            <row xml:id="p182_18">
               <cell/>
               <cell>
                  <date when="1843-10-16">16</date>
               </cell>
               <cell/>
               <cell/>
               <cell/>
               <cell/>
            </row>
            <row xml:id="p182_19">
               <cell>511</cell>
               <cell><name type="person" ref="v">Otis Blandin</name>
                  <choice rend="align(right)">
                     <abbr>Dr</abbr>
                     <expan>debtor</expan>
                  </choice></cell>
               <cell/>
               <cell/>
               <cell/>
               <cell/>
            </row>
            <row xml:id="p182_20">
               <cell/>
               <cell>
                  To <measure commodity="Apples" quantity="2" unit="barrels">Two Barrels Apples </measure>6/9 
               </cell>
               <cell>
                  <measure commodity="currency" quantity="2" unit="dollars">2</measure>
               </cell>
               <cell>
                  <measure commodity="currency" quantity="25" unit="cents">25</measure>
               </cell>
               <cell/>
               <cell/>
            </row>
            <row xml:id="p182_21">
               <cell/>
               <cell/>
               <cell/>
               <cell/>
               <cell/>
               <cell/>
            </row>
            <row xml:id="p182_22">
               <cell>360</cell>
               <cell><name type="person" ref="v">George White</name>
                  <choice rend="align(right)">
                     <abbr>Dr</abbr>
                     <expan>debtor</expan>
                  </choice></cell>
               <cell/>
               <cell/>
               <cell/>
               <cell/>
            </row>
            <row xml:id="p182_23">
               <cell/>
               <cell>
                  To <measure commodity="Apples" quantity="2" unit="barrels">Two Barrels Apples </measure>6/9 
               </cell>
               <cell>
                  <measure commodity="currency" quantity="2" unit="dollars">2</measure>
               </cell>
               <cell>
                  <measure commodity="currency" quantity="23" unit="cents">23</measure>
               </cell>
               <cell/>
               <cell/>
            </row>
            <row xml:id="p182_24">
               <cell/>
               <cell/>
               <cell/>
               <cell/>
               <cell/>
               <cell/>
            </row>
            <row xml:id="p182_25">
               <cell>Settled</cell>
               <cell><name type="person" ref="v">Linus Howard</name>
                  <choice rend="align(right)">
                     <abbr>D</abbr>
                     <expan>debtor</expan>
                  </choice></cell>
               <cell/>
               <cell/>
               <cell/>
               <cell/>
            </row>
            <row xml:id="p182_26">
               <cell/>
               <cell>
                  To <measure commodity="Apples" quantity="80.66" unit="barrels">80 2/3 Blls. Apples</measure> 6/9
               </cell>
               <cell>
                  <measure commodity="currency" quantity="9" unit="dollars">9</measure>
               </cell>
               <cell>
                  <measure commodity="currency" quantity="79" unit="cents">79</measure>
               </cell>
               <cell/>
               <cell/>
            </row>
            <row xml:id="p182_27">
               <cell/>
               <cell>
                  <date when="1843-10-18">18</date>
               </cell>
               <cell/>
               <cell/>
               <cell/>
               <cell/>
            </row>
            <row xml:id="p182_28">
               <cell>514</cell>
               <cell><name type="person" ref="v">Henry M. Paine</name>
                  <choice rend="align(right)">
                     <abbr>Dr</abbr>
                     <expan>debtor</expan>
                  </choice></cell>
               <cell/>
               <cell/>
               <cell/>
               <cell/>
            </row>
            <row xml:id="p182_29">
               <cell/>
               <cell>
                  To <measure commodity="Apples" quantity="2" unit="barrels">2 Blls. Apples </measure>6/9
               </cell>
               <cell>
                  <measure commodity="currency" quantity="2" unit="dollars">2</measure>
               </cell>
               <cell>
                  <measure commodity="currency" quantity="25" unit="cents">25</measure>
               </cell>
               <cell/>
               <cell/>
            </row>
            <row xml:id="p182_30">
               <cell/>
               <cell/>
               <cell/>
               <cell/>
               <cell/>
               <cell/>
            </row>
            <row xml:id="p182_31">
               <cell>Settled</cell>
               <cell><name type="person" ref="v">Anna Wrigley</name>
                  <choice rend="align(right)">
                     <abbr>Dr</abbr>
                     <expan>debtor</expan>
                  </choice></cell>
               <cell/>
               <cell/>
               <cell/>
               <cell/>
            </row>
            <row xml:id="p182_32">
               <cell/>
               <cell>
                  To <measure commodity="Apples" quantity="1" unit="barrel">one Bll. Apples </measure>6/9
               </cell>
               <cell>
                  <measure commodity="currency" quantity="1" unit="dollars">1</measure>
               </cell>
               <cell>
                  <measure commodity="currency" quantity="13" unit="cents">13</measure>
               </cell>
               <cell/>
               <cell/>
            </row>
            <row xml:id="p182_33">
               <cell/>
               <cell>
                  <date when="1843-10-19">19</date>
               </cell>
               <cell/>
               <cell/>
               <cell/>
               <cell/>
            </row>
            <row xml:id="p182_34">
               <cell>522</cell>
               <cell><name type="person" ref="v">Stephen Bailey</name>
                  <choice rend="align(right)">
                     <abbr>D</abbr>
                     <expan>debtor</expan>
                  </choice></cell>
               <cell/>
               <cell/>
               <cell/>
               <cell/>
            </row>
            <row xml:id="p182_35">
               <cell/>
               <cell>
                  To <name type="account" ref="LMWcash">cash $20.00 </name></cell>
               <cell>
                  <measure commodity="currency" quantity="20" unit="dollars">20</measure>
               </cell>
               <cell>
                  <measure commodity="currency" quantity="00" unit="dollars">00</measure>
               </cell>
               <cell/>
               <cell/>
            </row>
            <row xml:id="p182_36">
               <cell/>
               <cell>
                  <date when="1843-10-23">23</date>
               </cell>
               <cell/>
               <cell/>
               <cell/>
               <cell/>
            </row>
            <row xml:id="p182_37">
               <cell>522</cell>
               <cell><name type="person" ref="v">Stephen Bailey</name>
                  <choice rend="align(right)">
                     <abbr>D</abbr>
                     <expan>debtor</expan>
                  </choice></cell>
               <cell/>
               <cell/>
               <cell/>
               <cell/>
            </row>
            <row xml:id="p182_38">
               <cell/>
               <cell>
                  To <name type="account" ref="LMWcash">cash four Dollars </name>dld 
                  <name type="person" ref="pers_WCDH001">wife</name>
               </cell>
               <cell>
                  <measure commodity="currency" quantity="4" unit="dollars">4</measure>
               </cell>
               <cell>
                  <measure commodity="currency" quantity="00" unit="cents">00</measure>
               </cell>
               <cell/>
               <cell/>
            </row>
            <row xml:id="p182_39">
               <cell/>
               <cell/>
               <cell/>
               <cell/>
               <cell/>
               <cell/>
            </row>
            <row xml:id="p182_40">
               <cell>362</cell>
               <cell><name type="person" ref="v">Geo. Clapp</name>
                  <choice rend="align(right)">
                     <abbr>D</abbr>
                     <expan>debtor</expan>
                  </choice></cell>
               <cell/>
               <cell/>
               <cell/>
               <cell/>
            </row>
            <row xml:id="p182_41">
               <cell/>
               <cell>
                  To <measure commodity="Potatoes" quantity="34" unit="bushels">34 Buss. Potatoes</measure> dld Lincoln
               </cell>
               <cell>
                  <measure commodity="currency" quantity="8" unit="dollars">8</measure>
               </cell>
               <cell>
                  <measure commodity="currency" quantity="50" unit="dollars">50</measure>
               </cell>
               <cell/>
               <cell/>
            </row>
            <row xml:id="p182_42">
               <cell/>
               <cell>
                  <date when="1843-10-26">26</date>
               </cell>
               <cell/>
               <cell/>
               <cell/>
               <cell/>
            </row>
            <row xml:id="p182_43">
               <cell>523</cell>
               <cell><name type="person" ref="v">Frank Dowler</name>
                  <choice rend="align(right)">
                     <abbr>D</abbr>
                     <expan>debtor</expan>
                  </choice></cell>
               <cell/>
               <cell/>
               <cell/>
               <cell/>
            </row>
            <row xml:id="p182_44">
               <cell/>
               <cell>
                  To <measure commodity="goods">goods </measure>bot. at Taunton
               </cell>
               <cell>
                  <measure commodity="currency" quantity="1" unit="dollars">1</measure>
               </cell>
               <cell>
                  <measure commodity="currency" quantity="21" unit="cents">21</measure>
               </cell>
               <cell/>
               <cell/>
            </row>
            <row xml:id="p182_45">
               <cell/>
               <cell>
                  <date when="1843-10-28">28</date>
               </cell>
               <cell/>
               <cell/>
               <cell/>
               <cell/>
            </row>
            <row xml:id="p182_46">
               <cell>523</cell>
               <cell><name type="person" ref="v">Frank Dowler </name>
                  <choice rend="align(right)">
                     <abbr>Dr</abbr>
                     <expan>debtor</expan>
                  </choice></cell>
               <cell/>
               <cell/>
               <cell/>
               <cell/>
            </row>
            <row xml:id="p182_47">
               <cell/>
               <cell>
                  To <name type="account" ref="LMWcash">cash</name> 18/ to go to Funeral
               </cell>
               <cell>
                  <measure commodity="currency" quantity="3" unit="dollars">3</measure>
               </cell>
               <cell>
                  <measure commodity="currency" quantity="00" unit="cents">00</measure>
               </cell>
               <cell/>
               <cell/>
            </row>
            <row xml:id="p182_48">
               <cell/>
               <cell>
                  <date when="1843-10-31">31</date>
               </cell>
               <cell/>
               <cell/>
               <cell/>
               <cell/>
            </row>
            <row xml:id="p182_49">
               <cell>207</cell>
               <cell><name type="person" ref="v">Ebenezer Hamlinton</name>
                  <choice rend="align(right)">
                     <abbr>Dr</abbr>
                     <expan>debtor</expan>
                  </choice></cell>
               <cell/>
               <cell/>
               <cell/>
               <cell/>
            </row>
            <row xml:id="p182_50">
               <cell/>
               <cell>
                  To <measure commodity="Cider" quantity="1" unit="barrel">1 Bll. Cider &amp; Bll. </measure>12/
               </cell>
               <cell>
                  <measure commodity="currency" quantity="2" unit="dollars">2</measure>
               </cell>
               <cell>
                  <measure commodity="currency" quantity="00" unit="cents">00</measure>
               </cell>
               <cell/>
               <cell/>
            </row>
            <row xml:id="p182_51">
               <cell/>
               <cell>
                  <date when="1843-11-07">Nov. 7</date>
               </cell>
               <cell/>
               <cell/>
               <cell/>
               <cell/>
            </row>
            <row xml:id="p182_52">
               <cell>523</cell>
               <cell><name type="person" ref="v">Frank Dowler</name>
                  <choice rend="align(right)">
                     <abbr>Dr</abbr>
                     <expan>debtor</expan>
                  </choice></cell>
               <cell/>
               <cell/>
               <cell/>
               <cell/>
            </row>
            <row xml:id="p182_53">
               <cell/>
               <cell>
                  To <name type="account" ref="LMWcash">cash fr. making pock </name>1/6
               </cell>
               <cell>
                  <measure commodity="currency" quantity="1" unit="dollars">1</measure>
               </cell>
               <cell>
                  <measure commodity="currency" quantity="25" unit="cents">25</measure>
               </cell>
               <cell/>
               <cell/>
            </row>
            <row xml:id="p182_54">
               <cell/>
               <cell/>
               <cell/>
               <cell/>
               <cell/>
               <cell/>
            </row>
            <row xml:id="p182_55">
               <cell>528</cell>
               <cell><name type="person" ref="v">Wm J. Sweet</name>
                  <choice rend="align(right)">
                     <abbr>D</abbr>
                     <expan>debtor</expan>
                  </choice></cell>
               <cell/>
               <cell/>
               <cell/>
               <cell/>
            </row>
            <row xml:id="p182_56">
               <cell/>
               <cell>
                  To <measure commodity="labor" quantity="1" unit="trip">waggon to Pawtucket</measure> 
               </cell>
               <cell/>
               <cell>
                  <measure commodity="currency" quantity="50" unit="cents">50</measure>
               </cell>
               <cell/>
               <cell/>
            </row>
            <row xml:id="p182_57">
               <cell/>
               <cell>
                  " <name type="account" ref="LMWcash">Cash </name>14 to purchase oil
               </cell>
               <cell/>
               <cell/>
               <cell/>
               <cell/>
            </row>
            <row xml:id="p182_58">
               <cell/>
               <cell/>
               <cell/>
               <cell/>
               <cell/>
               <cell/>
            </row>
            <row xml:id="p182_59">
               <cell>Settled</cell>
               <cell><name type="person" ref="v">Andrew Randal</name>
                  <choice rend="align(right)">
                     <abbr>D</abbr>
                     <expan>debtor</expan>
                  </choice></cell>
               <cell/>
               <cell/>
               <cell/>
               <cell/>
            </row>
            <row xml:id="p182_60">
               <cell/>
               <cell>
                  To <measure commodity="Lead Pipe" quantity="3.5" unit="pounds">3 1/2lb. Lead Pipe </measure>5x
               </cell>
               <cell/>
               <cell>
                  <measure commodity="currency" quantity="18" unit="cents">18</measure>
               </cell>
               <cell/>
               <cell/>
            </row>
            <row xml:id="p182_61">
               <cell/>
               <cell/>
               <cell/>
               <cell/>
               <cell/>
               <cell/>
            </row>
            <row xml:id="p182_62">
               <cell>Returned</cell>
               <cell><name type="person" ref="v">Pliney Puffer</name>
                  <choice rend="align(right)">
                     <abbr>D</abbr>
                     <expan>debtor</expan>
                  </choice></cell>
               <cell/>
               <cell/>
               <cell/>
               <cell/>
            </row>
            <row xml:id="p182_63">
               <cell/>
               <cell>
                  To <measure commodity="Cider" quantity="1" unit="barrel"> Cider Bll. </measure>6/
               </cell>
               <cell>
                  <measure commodity="currency" quantity="1" unit="dollars">1</measure>
               </cell>
               <cell>
                  <measure commodity="currency" quantity="00" unit="cents">00</measure>
               </cell>
               <cell/>
               <cell/>
            </row>
            <row xml:id="p182_64">
               <cell/>
               <cell/>
               <cell/>
               <cell/>
               <cell/>
               <cell/>
            </row>
         </table>
      </body>
   </text>
</TEI>
