<?xml version="1.0" encoding="UTF-8"?>
<?xml-model href="http://www.tei-c.org/release/xml/tei/custom/schema/relaxng/tei_all.rng" type="application/xml" schematypens="http://relaxng.org/ns/structure/1.0"?>
<?xml-model href="http://www.tei-c.org/release/xml/tei/custom/schema/relaxng/tei_all.rng" type="application/xml"
	schematypens="http://purl.oclc.org/dsdl/schematron"?>
<TEI xmlns="http://www.tei-c.org/ns/1.0">
   <teiHeader>
      <fileDesc>
         <titleStmt>
            <title>LMW Day Book, pp. 191-192</title>
            <author>L.M. Wheaton</author>
         </titleStmt>
         <publicationStmt>
            <p>Indication of work done and date, Wheaton College</p>
         </publicationStmt>
         <sourceDesc>
            <biblFull>
               <titleStmt>
                  <title>Account Books, pp.191-192</title>
                  <author>L.M. Wheaton</author>
                  <respStmt>
                     <resp> TEI-compatible XML markup by <name type="person">Tyana Craig</name> with
                        corrections by <name type="person">Name</name>, <name type="person"
                           >Name</name>, and <name type="person">Name</name>.</resp>
                     <name type="person">Name</name>
                  </respStmt>
               </titleStmt>
               <publicationStmt>
                  <p>Indication of work done and date 06/09/16, Wheaton College</p>
               </publicationStmt>
               <sourceDesc>
                  <p> From the Marion B. Gebbie Archives and Special Collections at the Madeleine
                     Clark Wallace Library, Wheaton College </p>
               </sourceDesc>
            </biblFull>
         </sourceDesc>
      </fileDesc>
   </teiHeader>
   <text>
      <body>
         <pb n="191"/>
         <fw type="pageNum">191</fw>
         <table xml:id="p191" cols="6">
            <head>Wednesday <date when="1847-12-15">July 23rd 1845</date></head>
            <row xml:id="p191_01">
               <cell/>
               <cell/>
               <cell/>
               <cell/>
               <cell/>
               <cell/>
            </row>
            <row xml:id="p191_02">
               <cell>529</cell>
               <cell><name type="person" ref="v">Frank Dunahoe</name>
                  <choice rend="align(right)">
                     <abbr>D</abbr>
                     <expan>debtor</expan>
                  </choice></cell>
               <cell/>
               <cell/>
               <cell/>
               <cell/>
            </row>
            <row xml:id="p191_03">
               <cell/>
               <cell>To cash</cell>
               <cell>15</cell>
               <cell>00</cell>
               <cell/>
               <cell/>
            </row>
            <row xml:id="p191_04">
               <cell/>
               <cell/>
               <cell/>
               <cell/>
               <cell/>
               <cell/>
            </row>
            <row xml:id="p191_05">
               <cell>529</cell>
               <cell><name type="person" ref="v">Frank Dunahue</name>
                  <choice rend="align(right)">
                     <abbr>D</abbr>
                     <expan>debtor</expan>
                  </choice></cell>
               <cell/>
               <cell/>
               <cell/>
               <cell/>
            </row>
            <row xml:id="p191_06">
               <cell/>
               <cell>To time lost two weeks 2p 2x pr dy.</cell>
               <cell>5</cell>
               <cell>04</cell>
               <cell/>
               <cell/>
            </row>
            <row xml:id="p191_07">
               <cell>529</cell>
               <cell>Aug. 15</cell>
               <cell/>
               <cell/>
               <cell/>
               <cell/>
            </row>
            <row xml:id="p191_08">
               <cell/>
               <cell><name type="person" ref="v">Frank Dunahue</name>
                  <choice rend="align(right)">
                     <abbr>Dr</abbr>
                     <expan>debtor</expan>
                  </choice></cell>
               <cell/>
               <cell/>
               <cell/>
               <cell/>
            </row>
            <row xml:id="p191_09">
               <cell/>
               <cell>To coat, pants, &amp; fest as pr. agreement</cell>
               <cell>13</cell>
               <cell>00</cell>
               <cell/>
               <cell/>
            </row>
            <row xml:id="p191_10">
               <cell>79</cell>
               <cell>21</cell>
               <cell/>
               <cell/>
               <cell/>
               <cell/>
            </row>
            <row xml:id="p191_11">
               <cell/>
               <cell><name type="person" ref="v">Jas Lynch</name>
                  <choice rend="align(right)">
                     <abbr>D</abbr>
                     <expan>debtor</expan>
                  </choice></cell>
               <cell/>
               <cell/>
               <cell/>
               <cell/>
            </row>
            <row xml:id="p191_12">
               <cell/>
               <cell>To cash 12/</cell>
               <cell>2</cell>
               <cell>00</cell>
               <cell/>
               <cell/>
            </row>
            <row xml:id="p191_13">
               <cell>511</cell>
               <cell>Sept. 9th</cell>
               <cell/>
               <cell/>
               <cell/>
               <cell/>
            </row>
            <row xml:id="p191_14">
               <cell/>
               <cell><name type="person" ref="v">Otis Blandin</name>
                  <choice rend="align(right)">
                     <abbr>D</abbr>
                     <expan>debtor</expan>
                  </choice></cell>
               <cell/>
               <cell/>
               <cell/>
               <cell/>
            </row>
            <row xml:id="p191_15">
               <cell/>
               <cell>To 42ft. Pine joint $26.</cell>
               <cell>1</cell>
               <cell>09</cell>
               <cell/>
               <cell/>
            </row>
            <row xml:id="p191_16">
               <cell/>
               <cell>" Paint &amp; Oil for Porch at Boarding House 6/</cell>
               <cell>1</cell>
               <cell>00</cell>
               <cell>2</cell>
               <cell>09</cell>
            </row>
            <row xml:id="p191_17">
               <cell>79</cell>
               <cell>11</cell>
               <cell/>
               <cell/>
               <cell/>
               <cell/>
            </row>
            <row xml:id="p191_18">
               <cell/>
               <cell><name type="person" ref="v">James Lynch</name>
                  <choice rend="align(right)">
                     <abbr>D</abbr>
                     <expan>debtor</expan>
                  </choice></cell>
               <cell/>
               <cell/>
               <cell/>
               <cell/>
            </row>
            <row xml:id="p191_19">
               <cell/>
               <cell>To cash twenty six Dollars</cell>
               <cell>26</cell>
               <cell>00</cell>
               <cell/>
               <cell/>
            </row>
            <row xml:id="p191_20">
               <cell>529</cell>
               <cell>12</cell>
               <cell/>
               <cell/>
               <cell/>
               <cell/>
            </row>
            <row xml:id="p191_21">
               <cell/>
               <cell><name type="person" ref="v">Frank Dunahue</name>
                  <choice rend="align(right)">
                     <abbr>Dr</abbr>
                     <expan>debtor</expan>
                  </choice></cell>
               <cell/>
               <cell/>
               <cell/>
               <cell/>
            </row>
            <row xml:id="p191_22">
               <cell/>
               <cell>To cash fr. Ring 7/6</cell>
               <cell>1</cell>
               <cell>25</cell>
               <cell/>
               <cell/>
            </row>
            <row xml:id="p191_23">
               <cell/>
               <cell>" " " 10 Yds C. Flannel /9</cell>
               <cell>1</cell>
               <cell>25</cell>
               <cell>2</cell>
               <cell>50</cell>
            </row>
            <row xml:id="p191_24">
               <cell/>
               <cell/>
               <cell/>
               <cell/>
               <cell/>
               <cell/>
            </row>
            <row xml:id="p191_25">
               <cell>104</cell>
               <cell><name type="person" ref="v">Catherine Lynch</name>
                  <choice rend="align(right)">
                     <abbr>Dr</abbr>
                     <expan>debtor</expan>
                  </choice></cell>
               <cell/>
               <cell/>
               <cell/>
               <cell/>
            </row>
            <row xml:id="p191_26">
               <cell/>
               <cell>To cash fr Ribbon .87</cell>
               <cell/>
               <cell/>
               <cell/>
               <cell/>
            </row>
            <row xml:id="p191_27">
               <cell/>
               <cell>" White Silk Gloves .56</cell>
               <cell/>
               <cell/>
               <cell/>
               <cell/>
            </row>
            <row xml:id="p191_28">
               <cell/>
               <cell>" fr One yd. Lace .17</cell>
               <cell>1</cell>
               <cell>60</cell>
               <cell/>
               <cell/>
            </row>
            <row xml:id="p191_29">
               <cell>531</cell>
               <cell>19</cell>
               <cell/>
               <cell/>
               <cell/>
               <cell/>
            </row>
            <row xml:id="p191_30">
               <cell/>
               <cell><name type="person" ref="v">Phillip B King</name>
                  <choice rend="align(right)">
                     <abbr>D</abbr>
                     <expan>debtor</expan>
                  </choice></cell>
               <cell/>
               <cell/>
               <cell/>
               <cell/>
            </row>
            <row xml:id="p191_31">
               <cell/>
               <cell>To cash lent 30/</cell>
               <cell>5</cell>
               <cell>00</cell>
               <cell/>
               <cell/>
            </row>
            <row xml:id="p191_32">
               <cell/>
               <cell/>
               <cell/>
               <cell/>
               <cell/>
               <cell/>
            </row>
            <row xml:id="p191_33">
               <cell>Settled</cell>
               <cell><name type="person" ref="v">Andrew Randal</name>
                  <choice rend="align(right)">
                     <abbr>D</abbr>
                     <expan>debtor</expan>
                  </choice></cell>
               <cell/>
               <cell/>
               <cell/>
               <cell/>
            </row>
            <row xml:id="p191_34">
               <cell/>
               <cell>To 17 ft. 3 by 4 Pine joint $30.</cell>
               <cell/>
               <cell>51</cell>
               <cell/>
               <cell/>
            </row>
            <row xml:id="p191_35">
               <cell/>
               <cell/>
               <cell/>
               <cell/>
               <cell/>
               <cell/>
            </row>
            <row xml:id="p191_36">
               <cell>529</cell>
               <cell><name type="person" ref="v">Frank Dunahue</name>
                  <choice rend="align(right)">
                     <abbr>D</abbr>
                     <expan>debtor</expan>
                  </choice></cell>
               <cell/>
               <cell/>
               <cell/>
               <cell/>
            </row>
            <row xml:id="p191_37">
               <cell/>
               <cell>To cash ten Dollars</cell>
               <cell>10</cell>
               <cell>00</cell>
               <cell/>
               <cell/>
            </row>
            <row xml:id="p191_38">
               <cell>529</cell>
               <cell>25</cell>
               <cell/>
               <cell/>
               <cell/>
               <cell/>
            </row>
            <row xml:id="p191_39">
               <cell/>
               <cell><name type="person" ref="v">Frank Dunahoe</name>
                  <choice rend="align(right)">
                     <abbr>Cr</abbr>
                     <expan>credit</expan>
                  </choice></cell>
               <cell/>
               <cell/>
               <cell/>
               <cell/>
            </row>
            <row xml:id="p191_40">
               <cell/>
               <cell>By Work of Wife fr. date 9/ pr work</cell>
               <cell/>
               <cell/>
               <cell/>
               <cell/>
            </row>
            <row xml:id="p191_41">
               <cell/>
               <cell>To cash dlvd. Wife fr. Shirt .71</cell>
               <cell/>
               <cell>71</cell>
               <cell/>
               <cell/>
            </row>
            <row xml:id="p191_42">
               <cell>529</cell>
               <cell>Oct. 3rd</cell>
               <cell/>
               <cell/>
               <cell/>
               <cell/>
            </row>
            <row xml:id="p191_43">
               <cell/>
               <cell><name type="person" ref="v">Frank Dunahoe</name>
                  <choice rend="align(right)">
                     <abbr>Dr</abbr>
                     <expan>debtor</expan>
                  </choice></cell>
               <cell/>
               <cell/>
               <cell/>
               <cell/>
            </row>
            <row xml:id="p191_44">
               <cell/>
               <cell>To 32 1/2 Yds Shuting 8cts</cell>
               <cell>2</cell>
               <cell>60</cell>
               <cell/>
               <cell/>
            </row>
            <row xml:id="p191_45">
               <cell>529</cell>
               <cell>13</cell>
               <cell/>
               <cell/>
               <cell/>
               <cell/>
            </row>
            <row xml:id="p191_46">
               <cell/>
               <cell>To Umbrella for Wife 6/</cell>
               <cell>1</cell>
               <cell>00</cell>
               <cell/>
               <cell/>
            </row>
            <row xml:id="p191_47">
               <cell/>
               <cell>To 3 prs Sock fr. Self 2/</cell>
               <cell>1</cell>
               <cell>00</cell>
               <cell>4</cell>
               <cell>60</cell>
            </row>
            <row xml:id="p191_48">
               <cell/>
               <cell/>
               <cell/>
               <cell/>
               <cell/>
               <cell/>
            </row>
            <row xml:id="p191_49">
               <cell>29</cell>
               <cell><name type="person" ref="v">Lydia Bradstreet</name>
                  <choice rend="align(right)">
                     <abbr>D</abbr>
                     <expan>debtor</expan>
                  </choice></cell>
               <cell/>
               <cell/>
               <cell/>
               <cell/>
            </row>
            <row xml:id="p191_50">
               <cell/>
               <cell>To two &amp; half bush. Apples 26x</cell>
               <cell/>
               <cell/>
               <cell/>
               <cell/>
            </row>
            <row xml:id="p191_51">
               <cell>529</cell>
               <cell> 24</cell>
               <cell/>
               <cell/>
               <cell/>
               <cell/>
            </row>
            <row xml:id="p191_52">
               <cell/>
               <cell><name type="person" ref="v">Frank Dunahoe</name>
                  <choice rend="align(right)">
                     <abbr>D</abbr>
                     <expan>debtor</expan>
                  </choice></cell>
               <cell/>
               <cell/>
               <cell/>
               <cell/>
            </row>
            <row xml:id="p191_53">
               <cell/>
               <cell>To paying Zino Kelley your account</cell>
               <cell>5</cell>
               <cell>81</cell>
               <cell/>
               <cell/>
            </row>
            <row xml:id="p191_54">
               <cell/>
               <cell>26</cell>
               <cell/>
               <cell/>
               <cell/>
               <cell/>
            </row>
            <row xml:id="p191_55">
               <cell/>
               <cell><name type="person" ref="v">Frank Dunahoe</name>
                  <choice rend="align(right)">
                     <abbr>D</abbr>
                     <expan>debtor</expan>
                  </choice></cell>
               <cell/>
               <cell/>
               <cell/>
               <cell/>
            </row>
            <row xml:id="p191_56">
               <cell/>
               <cell>To paying Elen Perry for wife</cell>
               <cell/>
               <cell/>
               <cell/>
               <cell/>
            </row>
            <row xml:id="p191_57">
               <cell>29</cell>
               <cell>Nov. 12</cell>
               <cell/>
               <cell/>
               <cell/>
               <cell/>
            </row>
            <row xml:id="p191_58">
               <cell/>
               <cell><name type="person" ref="v">Lydia Bradstreet</name>
                  <choice rend="align(right)">
                     <abbr>D</abbr>
                     <expan>debtor</expan>
                  </choice></cell>
               <cell/>
               <cell/>
               <cell/>
               <cell/>
            </row>
            <row xml:id="p191_59">
               <cell/>
               <cell>To Milk to dat 299qts 3x pr qt.</cell>
               <cell>8</cell>
               <cell>97</cell>
               <cell/>
               <cell/>
            </row>
            <row xml:id="p191_60">
               <cell/>
               <cell><choice rend="align(right)">
                     <abbr>Cr</abbr>
                     <expan>credit</expan>
                  </choice></cell>
               <cell/>
               <cell/>
               <cell/>
               <cell/>
            </row>
            <row xml:id="p191_61">
               <cell/>
               <cell>By 2 1/4 lb. Cod fish</cell>
               <cell/>
               <cell/>
               <cell/>
               <cell/>
            </row>
            <row xml:id="p191_62">
               <cell/>
               <cell/>
               <cell/>
               <cell/>
               <cell/>
               <cell/>
            </row>
            <row xml:id="p191_63">
               <cell>511</cell>
               <cell><name type="person" ref="v">Otis Blandin</name>
                  <choice rend="align(right)">
                     <abbr>D</abbr>
                     <expan>debtor</expan>
                  </choice></cell>
               <cell/>
               <cell/>
               <cell/>
               <cell/>
            </row>
            <row xml:id="p191_64">
               <cell/>
               <cell>To three Bll. Apples $125</cell>
               <cell>3</cell>
               <cell>75</cell>
               <cell/>
               <cell/>
            </row>
            <row xml:id="p191_65">
               <cell/>
               <cell>Bll. to be returned</cell>
               <cell>1</cell>
               <cell>50</cell>
               <cell>5</cell>
               <cell>25</cell>
            </row>
         </table>
         <pb n="192"/>
         <fw type="pageNum">192</fw>
         <table xml:id="p192" cols="6">
            <head>Thursday <date when="1848-01-14">Nov. 12. 1845</date></head>
            <row xml:id="p192_01">
               <cell/>
               <cell/>
               <cell>$</cell>
               <cell>cts.</cell>
               <cell>$</cell>
               <cell>cts.</cell>
            </row>
            <row xml:id="p192_02">
               <cell>529</cell>
               <cell><name type="person" ref="v">Frank Dunohoe</name>
                  <choice rend="align(right)">
                     <abbr>D</abbr>
                     <expan>debtor</expan>
                  </choice></cell>
               <cell/>
               <cell/>
               <cell/>
               <cell/>
            </row>
            <row xml:id="p192_03">
               <cell/>
               <cell>To 3 7/8 Yds Huckubuc .20</cell>
               <cell/>
               <cell>.77</cell>
               <cell/>
               <cell/>
            </row>
            <row xml:id="p192_04">
               <cell>Settled</cell>
               <cell>To " " Crush 7 3/4 pr. Yd. </cell>
               <cell/>
               <cell/>
               <cell/>
               <cell/>
            </row>
            <row xml:id="p192_05">
               <cell/>
               <cell>To Two Table Cloths</cell>
               <cell/>
               <cell/>
               <cell/>
               <cell/>
            </row>
            <row xml:id="p192_06">
               <cell>79</cell>
               <cell>15</cell>
               <cell/>
               <cell/>
               <cell/>
               <cell/>
            </row>
            <row xml:id="p192_07">
               <cell/>
               <cell><name type="person" ref="v">James Lynch</name>
                  <choice rend="align(right)">
                     <abbr>D</abbr>
                     <expan>debtor</expan>
                  </choice></cell>
               <cell/>
               <cell/>
               <cell/>
               <cell/>
            </row>
            <row xml:id="p192_08">
               <cell/>
               <cell>To cash to go to Prov. 30/</cell>
               <cell>5</cell>
               <cell>00</cell>
               <cell/>
               <cell/>
            </row>
            <row xml:id="p192_09">
               <cell/>
               <cell>left work today at noon</cell>
               <cell/>
               <cell/>
               <cell/>
               <cell/>
            </row>
            <row xml:id="p192_10">
               <cell/>
               <cell/>
               <cell/>
               <cell/>
               <cell/>
               <cell/>
            </row>
            <row xml:id="p192_11">
               <cell>Paid </cell>
               <cell><name type="person" ref="v">Warren White</name>
                  <choice rend="align(right)">
                     <abbr>D</abbr>
                     <expan>debtor</expan>
                  </choice></cell>
               <cell/>
               <cell/>
               <cell/>
               <cell/>
            </row>
            <row xml:id="p192_12">
               <cell/>
               <cell>To Tax on Farm 1845</cell>
               <cell>10</cell>
               <cell>80</cell>
               <cell/>
               <cell/>
            </row>
            <row xml:id="p192_13">
               <cell>See Bill</cell>
               <cell>20</cell>
               <cell/>
               <cell/>
               <cell/>
               <cell/>
            </row>
            <row xml:id="p192_14">
               <cell/>
               <cell><name type="person" ref="v">Alcot Harden</name>
                  <choice rend="align(right)">
                     <abbr>D</abbr>
                     <expan>debtor</expan>
                  </choice></cell>
               <cell/>
               <cell/>
               <cell/>
               <cell/>
            </row>
            <row xml:id="p192_15">
               <cell/>
               <cell>To cloath for Pants pr agreement</cell>
               <cell>7</cell>
               <cell>00</cell>
               <cell/>
               <cell/>
            </row>
            <row xml:id="p192_16">
               <cell>511</cell>
               <cell>24.</cell>
               <cell/>
               <cell/>
               <cell/>
               <cell/>
            </row>
            <row xml:id="p192_17">
               <cell/>
               <cell><name type="person" ref="v">Otis Blandin</name>
                  <choice rend="align(right)">
                     <abbr>D</abbr>
                     <expan>debtor</expan>
                  </choice></cell>
               <cell/>
               <cell/>
               <cell/>
               <cell/>
            </row>
            <row xml:id="p192_18">
               <cell/>
               <cell>To 1 bll. Apples 9/</cell>
               <cell>1</cell>
               <cell>50</cell>
               <cell/>
               <cell/>
            </row>
            <row xml:id="p192_19">
               <cell>79</cell>
               <cell>26</cell>
               <cell/>
               <cell/>
               <cell/>
               <cell/>
            </row>
            <row xml:id="p192_20">
               <cell/>
               <cell><name type="person" ref="v">James Lynch</name>
                  <choice rend="align(right)">
                     <abbr>D</abbr>
                     <expan>debtor</expan>
                  </choice></cell>
               <cell/>
               <cell/>
               <cell/>
               <cell/>
            </row>
            <row xml:id="p192_21">
               <cell/>
               <cell>To cash three Dollarrs</cell>
               <cell>3</cell>
               <cell>00</cell>
               <cell/>
               <cell/>
            </row>
            <row xml:id="p192_22">
               <cell>167</cell>
               <cell>29</cell>
               <cell/>
               <cell/>
               <cell/>
               <cell/>
            </row>
            <row xml:id="p192_23">
               <cell/>
               <cell><name type="person" ref="v">Charles Reed</name>
                  <choice rend="align(right)">
                     <abbr>D</abbr>
                     <expan>debtor</expan>
                  </choice></cell>
               <cell/>
               <cell/>
               <cell/>
               <cell/>
            </row>
            <row xml:id="p192_24">
               <cell/>
               <cell>To Cylinder Stove No. 2.</cell>
               <cell>2</cell>
               <cell>50</cell>
               <cell/>
               <cell/>
            </row>
            <row xml:id="p192_25">
               <cell/>
               <cell>" a 5 inch pipe for same 9th x knee</cell>
               <cell/>
               <cell>50</cell>
               <cell>3</cell>
               <cell>00</cell>
            </row>
            <row xml:id="p192_26">
               <cell/>
               <cell>"Brick x Lath *Struckthrough</cell>
               <cell/>
               <cell/>
               <cell/>
               <cell/>
            </row>
            <row xml:id="p192_27">
               <cell>nothing to ballance</cell>
               <cell>Dec. 1st 1845</cell>
               <cell/>
               <cell/>
               <cell/>
               <cell/>
            </row>
            <row xml:id="p192_28">
               <cell/>
               <cell><name type="person" ref="v">Linus Howard</name>
                  <choice rend="align(right)">
                     <abbr>D</abbr>
                     <expan>debtor</expan>
                  </choice></cell>
               <cell/>
               <cell/>
               <cell/>
               <cell/>
            </row>
            <row xml:id="p192_29">
               <cell/>
               <cell>To pr. Zinck Brick x Laths</cell>
               <cell/>
               <cell/>
               <cell/>
               <cell/>
            </row>
            <row xml:id="p192_30">
               <cell/>
               <cell/>
               <cell/>
               <cell/>
               <cell/>
               <cell/>
            </row>
            <row xml:id="p192_31">
               <cell>529</cell>
               <cell><name type="person" ref="v">Frank Dunahoe</name>
                  <choice rend="align(right)">
                     <abbr>D</abbr>
                     <expan>debtor</expan>
                  </choice></cell>
               <cell/>
               <cell/>
               <cell/>
               <cell/>
            </row>
            <row xml:id="p192_32">
               <cell/>
               <cell>To cash twenty five Dollars</cell>
               <cell>25</cell>
               <cell>00</cell>
               <cell/>
               <cell/>
            </row>
            <row xml:id="p192_33">
               <cell/>
               <cell>" 1/2 Pants 12/</cell>
               <cell>2</cell>
               <cell>00</cell>
               <cell>27</cell>
               <cell>00</cell>
            </row>
            <row xml:id="p192_34">
               <cell/>
               <cell/>
               <cell/>
               <cell/>
               <cell/>
               <cell/>
            </row>
            <row xml:id="p192_35">
               <cell>511</cell>
               <cell><name type="person" ref="v">Otis Blandin</name>
                  <choice rend="align(right)">
                     <abbr>D</abbr>
                     <expan>debtor</expan>
                  </choice></cell>
               <cell/>
               <cell/>
               <cell/>
               <cell/>
            </row>
            <row xml:id="p192_36">
               <cell/>
               <cell>To 1/2 Cask time 62 1/2</cell>
               <cell/>
               <cell>62 1/2</cell>
               <cell/>
               <cell/>
            </row>
            <row xml:id="p192_37">
               <cell/>
               <cell>" James three days 1/2 6/</cell>
               <cell>3</cell>
               <cell>60</cell>
               <cell/>
               <cell/>
            </row>
            <row xml:id="p192_38">
               <cell/>
               <cell>" two Bunches Laths 22x</cell>
               <cell/>
               <cell>44</cell>
               <cell>4</cell>
               <cell>56</cell>
            </row>
            <row xml:id="p192_39">
               <cell>79</cell>
               <cell>6</cell>
               <cell/>
               <cell/>
               <cell/>
               <cell/>
            </row>
            <row xml:id="p192_40">
               <cell/>
               <cell><name type="person" ref="v">Jas Lynch</name>
                  <choice rend="align(right)">
                     <abbr>D</abbr>
                     <expan>debtor</expan>
                  </choice></cell>
               <cell/>
               <cell/>
               <cell/>
               <cell/>
            </row>
            <row xml:id="p192_41">
               <cell/>
               <cell>To cash pd L. Howard 15/</cell>
               <cell>2</cell>
               <cell>50</cell>
               <cell/>
               <cell/>
            </row>
            <row xml:id="p192_42">
               <cell>79</cell>
               <cell>9</cell>
               <cell/>
               <cell/>
               <cell/>
               <cell/>
            </row>
            <row xml:id="p192_43">
               <cell/>
               <cell><name type="person" ref="v">Jas Lynch</name>
                  <choice rend="align(right)">
                     <abbr>D</abbr>
                     <expan>debtor</expan>
                  </choice></cell>
               <cell/>
               <cell/>
               <cell/>
               <cell/>
            </row>
            <row xml:id="p192_44">
               <cell/>
               <cell>To cash to ballance his account</cell>
               <cell>12</cell>
               <cell>20</cell>
               <cell/>
               <cell/>
            </row>
            <row xml:id="p192_45">
               <cell/>
               <cell/>
               <cell/>
               <cell/>
               <cell/>
               <cell/>
            </row>
            <row xml:id="p192_46">
               <cell>Settled</cell>
               <cell><name type="person" ref="v">Linus Howard</name>
                  <choice rend="align(right)">
                     <abbr>D</abbr>
                     <expan>debtor</expan>
                  </choice></cell>
               <cell/>
               <cell/>
               <cell/>
               <cell/>
            </row>
            <row xml:id="p192_47">
               <cell/>
               <cell>To 1 1/2 Bush Rye 6/</cell>
               <cell>1</cell>
               <cell>50.</cell>
               <cell/>
               <cell/>
            </row>
            <row xml:id="p192_48">
               <cell/>
               <cell/>
               <cell/>
               <cell/>
               <cell/>
               <cell/>
            </row>
            <row xml:id="p192_49">
               <cell>529</cell>
               <cell><name type="person" ref="v">Frank Dunahoe</name>
                  <choice rend="align(right)">
                     <abbr>D</abbr>
                     <expan>debtor</expan>
                  </choice></cell>
               <cell/>
               <cell/>
               <cell/>
               <cell/>
            </row>
            <row xml:id="p192_50">
               <cell/>
               <cell>To 8 1/2 Yds Crash 7 3/4x pr yd.</cell>
               <cell/>
               <cell>66</cell>
               <cell/>
               <cell/>
            </row>
            <row xml:id="p192_51">
               <cell>Settled</cell>
               <cell>13</cell>
               <cell/>
               <cell/>
               <cell/>
               <cell/>
            </row>
            <row xml:id="p192_52">
               <cell/>
               <cell><name type="person" ref="v">Linus Howard</name>
                  <choice rend="align(right)">
                     <abbr>D</abbr>
                     <expan>debtor</expan>
                  </choice></cell>
               <cell/>
               <cell/>
               <cell/>
               <cell/>
            </row>
            <row xml:id="p192_53">
               <cell/>
               <cell>To two Bush. Rye 6/</cell>
               <cell>2</cell>
               <cell>00</cell>
               <cell/>
               <cell/>
            </row>
            <row xml:id="p192_54">
               <cell>529</cell>
               <cell>20</cell>
               <cell/>
               <cell/>
               <cell/>
               <cell/>
            </row>
            <row xml:id="p192_55">
               <cell/>
               <cell><name type="person" ref="v">Frank Dunaho</name><choice rend="align(right)">
                     <abbr>D</abbr>
                     <expan>debtor</expan>
                  </choice></cell>
               <cell/>
               <cell/>
               <cell/>
               <cell/>
            </row>
            <row xml:id="p192_56">
               <cell/>
               <cell>To 28 Yds Bed Pesking .20x</cell>
               <cell>5</cell>
               <cell>60</cell>
               <cell/>
               <cell/>
            </row>
            <row xml:id="p192_57">
               <cell/>
               <cell>" 3 Pines " Bonding .12x</cell>
               <cell/>
               <cell>37</cell>
               <cell/>
               <cell/>
            </row>
            <row xml:id="p192_58">
               <cell/>
               <cell>" 4 Yds Damusk Linen</cell>
               <cell>3</cell>
               <cell>67</cell>
               <cell/>
               <cell/>
            </row>
            <row xml:id="p192_59">
               <cell/>
               <cell>" Linen Threads 17x Cotton Yarn .4x </cell>
               <cell/>
               <cell>25</cell>
               <cell/>
               <cell/>
            </row>
            <row xml:id="p192_60">
               <cell/>
               <cell>" 3 lbs Cotton Lapse</cell>
               <cell/>
               <cell>27</cell>
               <cell/>
               <cell/>
            </row>
            <row xml:id="p192_61">
               <cell/>
               <cell>" Cash fr Cook Book /37 1/2 x</cell>
               <cell/>
               <cell>37</cell>
               <cell>10 </cell>
               <cell>53</cell>
            </row>
            <row xml:id="p192_62">
               <cell/>
               <cell/>
               <cell/>
               <cell/>
               <cell/>
               <cell/>
            </row>
            <row xml:id="p192_63">
               <cell>115</cell>
               <cell><name type="person" ref="v">Wm A. West</name><choice rend="align(right)">
                     <abbr>D</abbr>
                     <expan>debtor</expan>
                  </choice></cell>
               <cell/>
               <cell/>
               <cell/>
               <cell/>
            </row>
            <row xml:id="p192_64">
               <cell/>
               <cell>To Tax on House xc. 3.60 School do. 20x</cell>
               <cell>3</cell>
               <cell>80</cell>
               <cell/>
               <cell/>
            </row>
         </table>
      </body>
   </text>
</TEI>
