<?xml version="1.0" encoding="UTF-8"?>
<?xml-model href="http://www.tei-c.org/release/xml/tei/custom/schema/relaxng/tei_all.rng" type="application/xml" schematypens="http://relaxng.org/ns/structure/1.0"?>
<?xml-model href="http://www.tei-c.org/release/xml/tei/custom/schema/relaxng/tei_all.rng" type="application/xml"
	schematypens="http://purl.oclc.org/dsdl/schematron"?>
<TEI xmlns="http://www.tei-c.org/ns/1.0">
   <teiHeader>
      <fileDesc>
         <titleStmt>
            <title>LMW Day Book, pp. 177-178</title>
            <author>L.M. Wheaton</author>
         </titleStmt>
         <publicationStmt>
            <p>Indication of work done and date, Wheaton College</p>
         </publicationStmt>
         <sourceDesc>
            <biblFull>
               <titleStmt>
                  <title>Account Books, pp.177-178</title>
                  <author>L.M. Wheaton</author>
                  <respStmt>
                     <resp> TEI-compatible XML markup by <name type="person">Tyana Craig</name> with
                        corrections by <name type="person">Name</name>, <name type="person"
                           >Name</name>, and <name type="person">Name</name>.</resp>
                     <name type="person">Name</name>
                  </respStmt>
               </titleStmt>
               <publicationStmt>
                  <p>Indication of work done and date 06/06/16, Wheaton College</p>
               </publicationStmt>
               <sourceDesc>
                  <p> From the Marion B. Gebbie Archives and Special Collections at the Madeleine
                     Clark Wallace Library, Wheaton College </p>
               </sourceDesc>
            </biblFull>
         </sourceDesc>
      </fileDesc>
   </teiHeader>
   <text>
      <body>
         <pb n="177"/>
         <fw type="pageNum">177</fw>
         <table xml:id="p177" cols="6">
            <head>Tuesday <date when="1843-02-07">Feby 7th 1843</date></head>
            <row xml:id="p177_01">
               <cell/>
               <cell/>
               <cell/>
               <cell/>
               <cell/>
               <cell/>
            </row>
            <row xml:id="p177_02">
               <cell>Settled as pr Bill</cell>
               <cell><name type="person" ref="v">James O. Messenger</name>
                  <choice rend="align(right)">
                     <abbr>D</abbr>
                     <expan>debtor</expan>
                  </choice></cell>
               <cell/>
               <cell/>
               <cell/>
               <cell/>
            </row>
            <row xml:id="p177_03">
               <cell/>
               <cell>
                   To <name type="account" ref="LMWcash"> cash</name> 60/
               </cell>
               <cell>
                   <measure commodity="currency" quantity="10" unit="dollars">10</measure>
               </cell>
               <cell>
                   <measure commodity="currency" quantity="00" unit="cents">00</measure>
               </cell>
               <cell/>
               <cell/>
            </row>
            <row xml:id="p177_04">
               <cell/>
               <cell>
                   <date when="1843-02-10">10</date>
               </cell>
               <cell/>
               <cell/>
               <cell/>
               <cell/>
            </row>
            <row xml:id="p177_05">
               <cell>See Bill</cell>
               <cell><name type="person" ref="v">Jesse New</name>
                  <choice rend="align(right)">
                     <abbr>D</abbr>
                     <expan>debtor</expan>
                  </choice></cell>
               <cell/>
               <cell/>
               <cell/>
               <cell/>
            </row>
            <row xml:id="p177_06">
               <cell/>
               <cell>
                   To <measure commodity="Rye" quantity="3" unit="bushels">three Buss. Rye</measure>
               </cell>
               <cell>
                   <measure commodity="currency" quantity="3" unit="dollars">3</measure>
               </cell>
               <cell>
                   <measure commodity="currency" quantity="33" unit="cents">33</measure>
               </cell>
               <cell/>
               <cell/>
            </row>
            <row xml:id="p177_07">
               <cell/>
               <cell>
                   " <measure commodity="Rye" quantity="1" unit="bushels">One 1 Buss.</measure>  do 5/
               </cell>
               <cell/>
               <cell/>
               <cell/>
               <cell/>
            </row>
            <row xml:id="p177_08">
               <cell/>
               <cell/>
               <cell/>
               <cell/>
               <cell/>
               <cell/>
            </row>
            <row xml:id="p177_09">
               <cell>Settled</cell>
               <cell><name type="person" ref="v">Jas O Messenger</name>
                  <choice rend="align(right)">
                     <abbr>D</abbr>
                     <expan>debtor</expan>
                  </choice></cell>
               <cell/>
               <cell/>
               <cell/>
               <cell/>
            </row>
            <row xml:id="p177_10">
               <cell/>
               <cell>
                   To <measure commodity="Oil" quantity="2" unit="gallons">two Galls of Oil</measure> 
               </cell>
               <cell/>
               <cell/>
               <cell/>
               <cell/>
            </row>
            <row xml:id="p177_11">
               <cell/>
               <cell>
                   <measure commodity="White Lead" quantity="50" unit="pounds">50 lbs. White Lead</measure>
               </cell>
               <cell/>
               <cell/>
               <cell/>
               <cell/>
            </row>
            <row xml:id="p177_12">
               <cell/>
               <cell>
                   <date when="1843-02-27">27</date>
               </cell>
               <cell/>
               <cell/>
               <cell/>
               <cell/>
            </row>
            <row xml:id="p177_13">
               <cell>Settled</cell>
               <cell><name type="person" ref="v">Wheaton Wheelor</name>
                  <choice rend="align(right)">
                     <abbr>Cr</abbr>
                     <expan>credit</expan>
                  </choice></cell>
               <cell/>
               <cell/>
               <cell/>
               <cell/>
            </row>
            <row xml:id="p177_14">
               <cell/>
               <cell>
                   By <name type="account" ref="LMWcash">cash</name> 6/ 
               </cell>
               <cell>
                   <measure commodity="currency" quantity="1" unit="dollars">1</measure>
               </cell>
               <cell>
                   <measure commodity="currency" quantity="00" unit="cents">00</measure>
               </cell>
               <cell/>
               <cell/>
            </row>
            <row xml:id="p177_15">
               <cell/>
               <cell>
                   <date when="1843-03-01">March 1st</date>
               </cell>
               <cell/>
               <cell/>
               <cell/>
               <cell/>
            </row>
            <row xml:id="p177_16">
               <cell>Settled</cell>
               <cell><name type="person" ref="v">Linus Howard</name>
                  <choice rend="align(right)">
                     <abbr>Dr</abbr>
                     <expan>debtor</expan>
                  </choice></cell>
               <cell/>
               <cell/>
               <cell/>
               <cell/>
            </row>
            <row xml:id="p177_17">
               <cell/>
               <cell>
                   To <measure commodity="fresh Pork" quantity="18.5" unit="pounds"> 18 1/2 lbs. fresh Pork</measure> 6x pr. lb
               </cell>
               <cell>
                   <measure commodity="currency" quantity="1" unit="dollars">1</measure>
               </cell>
               <cell>
                   <measure commodity="currency" quantity="11" unit="dollars">11</measure>
               </cell>
               <cell/>
               <cell/>
            </row>
            <row xml:id="p177_18">
               <cell/>
               <cell>
                   <date when="1843-03-07">7</date>
               </cell>
               <cell/>
               <cell/>
               <cell/>
               <cell/>
            </row>
            <row xml:id="p177_19">
               <cell>516</cell>
               <cell><name type="person" ref="v">Mary A. Wrigley</name>
                  <choice rend="align(right)">
                     <abbr>Dr</abbr>
                     <expan>debtor</expan>
                  </choice></cell>
               <cell/>
               <cell/>
               <cell/>
               <cell/>
            </row>
            <row xml:id="p177_20">
               <cell/>
               <cell>
                   To <name type="account" ref="LMWcash">cash for Dress</name> 
               </cell>
               <cell>
                   <measure commodity="currency" quantity="1" unit="dollars">1</measure>
               </cell>
               <cell>
                   <measure commodity="currency" quantity="00" unit="cents">00</measure>
               </cell>
               <cell/>
               <cell/>
            </row>
            <row xml:id="p177_21">
               <cell/>
               <cell>
                   " <measure commodity="Butter" quantity="8" unit="pounds">8lbs Butter</measure>
               </cell>
               <cell/>
               <cell>
                   <measure commodity="currency" quantity="97" unit="cents">97</measure>
               </cell>
               <cell>
                   <measure commodity="currency" quantity="1" unit="dollars">1</measure>
               </cell>
               <cell>
                   <measure commodity="currency" quantity="97" unit="cents">97</measure>
               </cell>
            </row>
            <row xml:id="p177_22">
               <cell/>
               <cell>
                   <date when="1843-03-23">23</date>
               </cell>
               <cell/>
               <cell/>
               <cell/>
               <cell/>
            </row>
            <row xml:id="p177_23">
               <cell>516</cell>
               <cell><name type="person" ref="v">Mary A. Wrigley</name>
                  <choice rend="align(right)">
                     <abbr>Dr</abbr>
                     <expan>debtor</expan>
                  </choice></cell>
               <cell/>
               <cell/>
               <cell/>
               <cell/>
            </row>
            <row xml:id="p177_24">
               <cell/>
               <cell>
                   To <measure commodity="goods" quantity="1" unit="count">goods at Boston</measure> 
               </cell>
               <cell>
                   <measure commodity="currency" quantity="2" unit="dollars">2</measure>
               </cell>
               <cell>
                   <measure commodity="currency" quantity="43" unit="cents">43</measure>
               </cell>
               <cell/>
               <cell/>
            </row>
            <row xml:id="p177_25">
               <cell/>
               <cell>
                   <measure commodity="goods" quantity="1" unit="count">Goods at Store</measure>
               </cell>
               <cell/>
               <cell>
                   <measure commodity="currency" quantity="32" unit="cents">32</measure>
               </cell>
               <cell>
                   <measure commodity="currency" quantity="2" unit="dollars">2</measure>
               </cell>
               <cell>
                   <measure commodity="currency" quantity="75" unit="cents">75</measure>
               </cell>
            </row>
            <row xml:id="p177_26">
               <cell/>
               <cell/>
               <cell/>
               <cell/>
               <cell/>
               <cell/>
            </row>
            <row xml:id="p177_27">
               <cell>Settled + Paid</cell>
               <cell><name type="person" ref="v">Charles Anthony</name>
                  <choice rend="align(right)">
                     <abbr>Cr</abbr>
                     <expan>credit</expan>
                  </choice></cell>
               <cell/>
               <cell/>
               <cell/>
               <cell/>
            </row>
            <row xml:id="p177_28">
               <cell/>
               <cell>By work from the 6th of March</cell>
               <cell/>
               <cell/>
               <cell/>
               <cell/>
            </row>
            <row xml:id="p177_29">
               <cell/>
               <cell>at $10 pr Month</cell>
               <cell/>
               <cell/>
               <cell/>
               <cell/>
            </row>
            <row xml:id="p177_30">
               <cell/>
               <cell>
                   <date when="1843-03-31">31</date>
               </cell>
               <cell/>
               <cell/>
               <cell/>
               <cell/>
            </row>
            <row xml:id="p177_31">
               <cell>522</cell>
               <cell><name type="person" ref="v">Stephen Bailey</name>
                  <choice rend="align(right)">
                     <abbr>D</abbr>
                     <expan>debtor</expan>
                  </choice></cell>
               <cell/>
               <cell/>
               <cell/>
               <cell/>
            </row>
            <row xml:id="p177_32">
               <cell/>
               <cell>
                   To <name type="account" ref="LMWcash">cash July 18th</name> 
               </cell>
               <cell>
                   <measure commodity="currency" quantity="5" unit="dollars">5</measure>
               </cell>
               <cell>
                   <measure commodity="currency" quantity="00" unit="cents">00</measure>
               </cell>
               <cell/>
               <cell/>
            </row>
            <row xml:id="p177_33">
               <cell/>
               <cell>
                   " <measure commodity="Corn" quantity="1" unit="count">Corn</measure>
                   <measure commodity="Potatoes" quantity="1" unit="count">Potatoes</measure>
                   <measure commodity="Rye" quantity="1" unit="count">Rye</measure> &amp;c.
               </cell>
               <cell>
                   <measure commodity="currency" quantity="9" unit="dollars">9</measure>
               </cell>
               <cell>
                   <measure commodity="currency" quantity="46" unit="cents">46</measure>
               </cell>
               <cell>
                   <measure commodity="currency" quantity="14" unit="dollars">14</measure>
               </cell>
               <cell>
                   <measure commodity="currency" quantity="46" unit="cents">46</measure>
               </cell>
            </row>
            <row xml:id="p177_34">
               <cell/>
               <cell>
                   " <name type="account" ref="LMWcash">Cash</name> 5 00 &amp; 3 00 some time since
               </cell>
               <cell>
                   <measure commodity="currency" quantity="8" unit="dollars">8</measure>
               </cell>
               <cell/>
               <cell>
                   <measure commodity="currency" quantity="8" unit="dollars">8</measure>
               </cell>
               <cell>
                   <measure commodity="currency" quantity="00" unit="cents">00</measure>
               </cell>
            </row>
            <row xml:id="p177_35">
               <cell/>
               <cell/>
               <cell/>
               <cell/>
               <cell/>
               <cell/>
            </row>
            <row xml:id="p177_36">
               <cell>522</cell>
               <cell><name type="person" ref="v">Stephen Bailey</name>
                  <choice rend="align(right)">
                     <abbr>Cr</abbr>
                     <expan>credit</expan>
                  </choice></cell>
               <cell/>
               <cell/>
               <cell/>
               <cell/>
            </row>
            <row xml:id="p177_37">
               <cell/>
               <cell>
                   By 19 Days boarding
               </cell>
               <cell>
                   <measure commodity="currency" quantity="5" unit="dollars">5</measure>
               </cell>
               <cell>
                   <measure commodity="currency" quantity="70" unit="cents">70</measure>
               </cell>
               <cell/>
               <cell/>
            </row>
            <row xml:id="p177_38">
               <cell/>
               <cell/>
               <cell/>
               <cell/>
               <cell/>
               <cell/>
            </row>
            <row xml:id="p177_39">
               <cell>522</cell>
               <cell>
                  <choice rend="align(right)">
                     <abbr>D</abbr>
                     <expan>debtor</expan>
                  </choice></cell>
               <cell/>
               <cell/>
               <cell/>
               <cell/>
            </row>
            <row xml:id="p177_40">
               <cell/>
               <cell>To lass Time</cell>
               <cell>
                   <measure commodity="currency" quantity="13" unit="dollars">13</measure>
               </cell>
               <cell>
                   <measure commodity="currency" quantity="70" unit="cents">70</measure>
               </cell>
               <cell/>
               <cell/>
            </row>
            <row xml:id="p177_41">
               <cell/>
               <cell>
                   " Cash matched
               </cell>
               <cell>
                   <measure commodity="currency" quantity="8" unit="dollars">8</measure>
               </cell>
               <cell>
                   <measure commodity="currency" quantity="00" unit="cents">00</measure>
               </cell>
               <cell/>
               <cell/>
            </row>
            <row xml:id="p177_42">
               <cell/>
               <cell>
                   <date when="1843-04-04">April 4th 1843</date>
               </cell>
               <cell/>
               <cell/>
               <cell/>
               <cell/>
            </row>
            <row xml:id="p177_43">
               <cell/>
               <cell/>
               <cell/>
               <cell/>
               <cell/>
               <cell/>
            </row>
            <row xml:id="p177_44">
               <cell>207</cell>
               <cell><name type="person" ref="v">Ebenezer Hamlinton</name>
                  <choice rend="align(right)">
                     <abbr>Cr</abbr>
                     <expan>credit</expan>
                  </choice></cell>
               <cell/>
               <cell/>
               <cell/>
               <cell/>
            </row>
            <row xml:id="p177_45">
               <cell/>
               <cell>By less on House rent for the </cell>
               <cell/>
               <cell/>
               <cell/>
               <cell/>
            </row>
            <row xml:id="p177_46">
               <cell/>
               <cell>Year 1843</cell>
               <cell/>
               <cell/>
               <cell/>
               <cell/>
            </row>
            <row xml:id="p177_47">
               <cell/>
               <cell>
                   <date when="1843-04-05">5</date>
               </cell>
               <cell/>
               <cell/>
               <cell/>
               <cell/>
            </row>
            <row xml:id="p177_48">
               <cell>522</cell>
               <cell><name type="person" ref="v">Stephen Bailey</name>
                  <choice rend="align(right)">
                     <abbr>D</abbr>
                     <expan>debtor</expan>
                  </choice></cell>
               <cell/>
               <cell/>
               <cell/>
               <cell/>
            </row>
            <row xml:id="p177_49">
               <cell/>
               <cell>
                   To <measure commodity="Corn" quantity="1" unit="bushels">1 Buss. Corn </measure>75x
               </cell>
               <cell/>
               <cell>
                   <measure commodity="currency" quantity="75" unit="cents">75</measure>
               </cell>
               <cell/>
               <cell/>
            </row>
            <row xml:id="p177_50">
               <cell/>
               <cell>
                   <date when="1843-04-07">7</date>
               </cell>
               <cell/>
               <cell/>
               <cell/>
               <cell/>
            </row>
            <row xml:id="p177_51">
               <cell>524</cell>
               <cell><name type="person" ref="v">Geo. Braman</name>
                  <choice rend="align(right)">
                     <abbr>D</abbr>
                     <expan>debtor</expan>
                  </choice></cell>
               <cell/>
               <cell/>
               <cell/>
               <cell/>
            </row>
            <row xml:id="p177_52">
               <cell/>
               <cell>
                   To <measure commodity="Potatoes" quantity="2" unit="bushels">two Buss. Potatoes </measure>1/6
               </cell>
               <cell/>
               <cell>
                   <measure commodity="currency" quantity="50" unit="cents">50</measure>
               </cell>
               <cell/>
               <cell>
                   <measure commodity="currency" quantity="50" unit="cents">50</measure>
               </cell>
            </row>
            <row xml:id="p177_53">
               <cell/>
               <cell>"</cell>
               <cell/>
               <cell/>
               <cell/>
               <cell/>
            </row>
            <row xml:id="p177_54">
               <cell>522</cell>
               <cell><name type="person" ref="v">Stephen Bailey</name>
                  <choice rend="align(right)">
                     <abbr>Dr</abbr>
                     <expan>debtor</expan>
                  </choice></cell>
               <cell/>
               <cell/>
               <cell/>
               <cell/>
            </row>
            <row xml:id="p177_55">
               <cell/>
               <cell>
                   To <measure commodity="Potatoes" quantity="1" unit="bushels"> 1 Bushel Potatoes</measure> 1/6
               </cell>
               <cell/>
               <cell>
                   <measure commodity="currency" quantity="25" unit="cents">25</measure>
               </cell>
               <cell/>
               <cell/>
            </row>
            <row xml:id="p177_56">
               <cell/>
               <cell/>
               <cell/>
               <cell/>
               <cell/>
               <cell/>
            </row>
            <row xml:id="p177_57">
               <cell>524</cell>
               <cell><name type="person" ref="v">George Braman</name>
                  <choice rend="align(right)">
                     <abbr>D</abbr>
                     <expan>debtor</expan>
                  </choice></cell>
               <cell/>
               <cell/>
               <cell/>
               <cell/>
            </row>
            <row xml:id="p177_58">
               <cell/>
               <cell>
                   To <measure commodity="Shingles" quantity="2000" unit="count">two thos. Shingles</measure> no. 1. 18/
               </cell>
               <cell>
                   <measure commodity="currency" quantity="6" unit="dollars">6</measure>
               </cell>
               <cell>
                   <measure commodity="currency" quantity="00" unit="cents">00</measure>
               </cell>
               <cell/>
               <cell/>
            </row>
            <row xml:id="p177_59">
               <cell/>
               <cell>
                   <date when="1843-03-11">11</date>
               </cell>
               <cell/>
               <cell/>
               <cell/>
               <cell/>
            </row>
            <row xml:id="p177_60">
               <cell>516</cell>
               <cell><name type="person" ref="v">Mary A. Wrigley</name>
                  <choice rend="align(right)">
                     <abbr>Dr</abbr>
                     <expan>debtor</expan>
                  </choice></cell>
               <cell/>
               <cell/>
               <cell/>
               <cell/>
            </row>
            <row xml:id="p177_61">
               <cell/>
               <cell>
                   To <measure commodity="Lin Hkfs" quantity="2" unit="count">2 Lin Hkfs </measure>4/
               </cell>
               <cell/>
               <cell>
                   <measure commodity="currency" quantity="67" unit="cents">67</measure>
               </cell>
               <cell/>
               <cell/>
            </row>
            <row xml:id="p177_62">
               <cell/>
               <cell/>
               <cell/>
               <cell/>
               <cell/>
               <cell/>
            </row>
            <row xml:id="p177_63">
               <cell>679</cell>
               <cell><name type="person" ref="v">Oliver S. Titus</name>
                  <choice rend="align(right)">
                     <abbr>D.</abbr>
                     <expan>debtor</expan>
                  </choice></cell>
               <cell/>
               <cell/>
               <cell/>
               <cell/>
            </row>
            <row xml:id="p177_64">
               <cell/>
               <cell>To rent of Farm to 31st March 1843</cell>
               <cell>
                   <measure commodity="currency" quantity="38" unit="dollars">38</measure>
               </cell>
               <cell>
                   <measure commodity="currency" quantity="00" unit="cents">00</measure>
               </cell>
               <cell/>
               <cell/>
            </row>
         </table>
         <pb n="178"/>
         <fw type="pageNum">178</fw>
         <table xml:id="p178" cols="6">
            <head>Wednesday <date when="1843-04-18">April 18th 1843</date></head>
            <row xml:id="p178_01">
               <cell/>
               <cell/>
               <cell>$</cell>
               <cell>cts.</cell>
               <cell>$</cell>
               <cell>cts.</cell>
            </row>
            <row xml:id="p178_02">
               <cell>522</cell>
               <cell><name type="person" ref="v">Stephen Bailey</name>
                  <choice rend="align(right)">
                     <abbr>D</abbr>
                     <expan>debtor</expan>
                  </choice></cell>
               <cell/>
               <cell/>
               <cell/>
               <cell/>
            </row>
            <row xml:id="p178_03">
               <cell/>
               <cell>
                   To <name type="account" ref="LMWcash">cash</name>
               </cell>
               <cell>
                   <measure commodity="currency" quantity="20" unit="dollars">20</measure>
               </cell>
               <cell>
                   <measure commodity="currency" quantity="00" unit="cents">00</measure>
               </cell>
               <cell/>
               <cell/>
            </row>
            <row xml:id="p178_04">
               <cell/>
               <cell/>
               <cell/>
               <cell/>
               <cell/>
               <cell/>
            </row>
            <row xml:id="p178_05">
               <cell>Settled</cell>
               <cell><name type="person" ref="v">Warren White &amp; Son</name>
                  <choice rend="align(right)">
                     <abbr>D</abbr>
                     <expan>debtor</expan>
                  </choice></cell>
               <cell/>
               <cell/>
               <cell/>
               <cell/>
            </row>
            <row xml:id="p178_06">
               <cell/>
               <cell>
                   To <measure commodity="Rye" quantity="0.5" unit="bushels">1/2 Buss. Summer rye</measure> 6/
               </cell>
               <cell/>
               <cell>
                   <measure commodity="currency" quantity="50" unit="cents">50</measure>
               </cell>
               <cell/>
               <cell/>
            </row>
            <row xml:id="p178_07">
               <cell/>
               <cell/>
               <cell/>
               <cell/>
               <cell/>
               <cell/>
            </row>
            <row xml:id="p178_08">
               <cell>522</cell>
               <cell><name type="person" ref="v">Stephen Bailey</name>
                  <choice rend="align(right)">
                     <abbr>Dr</abbr>
                     <expan>debtor</expan>
                  </choice></cell>
               <cell/>
               <cell/>
               <cell/>
               <cell/>
            </row>
            <row xml:id="p178_09">
               <cell/>
               <cell>
                   To <measure commodity="labor" quantity="1" unit="trip"> horse to Taunton</measure>
               </cell>
               <cell/>
               <cell>
                   <measure commodity="currency" quantity="50" unit="cents">50</measure>
               </cell>
               <cell/>
               <cell/>
            </row>
            <row xml:id="p178_10">
               <cell/>
               <cell>
                   <date when="1843-04-15">15</date>
               </cell>
               <cell/>
               <cell/>
               <cell/>
               <cell/>
            </row>
            <row xml:id="p178_11">
               <cell>516</cell>
               <cell><name type="person" ref="v">Mary A. Wrigley</name>
                  <choice rend="align(right)">
                     <abbr>Dr</abbr>
                     <expan>debtor</expan>
                  </choice></cell>
               <cell/>
               <cell/>
               <cell/>
               <cell/>
            </row>
            <row xml:id="p178_12">
               <cell/>
               <cell>
                   To <measure commodity="Shoes" quantity="2" unit="count">1 pr. Shoes </measure> 6/9
               </cell>
               <cell>
                   <measure commodity="currency" quantity="1" unit="dollars">1</measure>
               </cell>
               <cell>
                   <measure commodity="currency" quantity="12" unit="cents">12</measure>
               </cell>
               <cell/>
               <cell/>
            </row>
            <row xml:id="p178_13">
               <cell/>
               <cell>
                   " <measure commodity="Cambris" quantity="1" unit="yards"> 1 Yd. Cambris</measure>
               </cell>
               <cell/>
               <cell>
                   <measure commodity="currency" quantity="10" unit="cents">10</measure>
               </cell>
               <cell/>
               <cell/>
            </row>
            <row xml:id="p178_14">
               <cell/>
               <cell>
                   " <measure commodity="Calico" quantity="8" unit="yards">8 Yds Calico </measure>at Boston not before chd.
               </cell>
               <cell>
                   <measure commodity="currency" quantity="1" unit="dollars">1</measure>
               </cell>
               <cell>
                   <measure commodity="currency" quantity="00" unit="cents">00</measure>
               </cell>
               <cell/>
               <cell/>
            </row>
            <row xml:id="p178_15">
               <cell/>
               <cell>
                   <date when="1843-04-21">21</date>
               </cell>
               <cell/>
               <cell/>
               <cell/>
               <cell/>
            </row>
            <row xml:id="p178_16">
               <cell>Settled</cell>
               <cell><name type="person" ref="v">Wm. A. West</name>
                  <choice rend="align(right)">
                     <abbr>Dr</abbr>
                     <expan>debtor</expan>
                  </choice></cell>
               <cell/>
               <cell/>
               <cell/>
               <cell/>
            </row>
            <row xml:id="p178_17">
               <cell/>
               <cell>
                   To <measure commodity="Butter" quantity="13.5" unit="pounds">13 1/2 lbs Butter </measure>15x pr. lb.
               </cell>
               <cell>
                   <measure commodity="currency" quantity="2" unit="dollars">2</measure>
               </cell>
               <cell>
                   <measure commodity="currency" quantity="03" unit="cents">03</measure>
               </cell>
               <cell/>
               <cell/>
            </row>
            <row xml:id="p178_18">
               <cell/>
               <cell/>
               <cell/>
               <cell/>
               <cell/>
               <cell/>
            </row>
            <row xml:id="p178_19">
               <cell>526</cell>
               <cell><name type="person" ref="v">Ira Barrows</name>
                  <choice rend="align(right)">
                     <abbr>Dr</abbr>
                     <expan>debtor</expan>
                  </choice></cell>
               <cell/>
               <cell/>
               <cell/>
               <cell/>
            </row>
            <row xml:id="p178_20">
               <cell/>
               <cell>
                   To <measure commodity="Butter" quantity="6.75" unit="pounds">6lbs 12oz Butter </measure>15x pr. lb.
               </cell>
               <cell>
                   <measure commodity="currency" quantity="1" unit="dollars">1</measure>
               </cell>
               <cell>.
                   <measure commodity="currency" quantity="02" unit="cents">02</measure></cell>
               <cell/>
               <cell/>
            </row>
            <row xml:id="p178_21">
               <cell/>
               <cell>
                   <date when="1843-04-21">21</date>
               </cell>
               <cell/>
               <cell/>
               <cell/>
               <cell/>
            </row>
            <row xml:id="p178_22">
               <cell>524</cell>
               <cell><name type="person" ref="v">Geo. Braman</name>
                  <choice rend="align(right)">
                     <abbr>D</abbr>
                     <expan>debtor</expan>
                  </choice></cell>
               <cell/>
               <cell/>
               <cell/>
               <cell/>
            </row>
            <row xml:id="p178_23">
               <cell/>
               <cell>
                   To <measure commodity="Shingles" quantity="1000" unit="count">1 Thos. Shingles </measure>No. 1 18/
               </cell>
               <cell/>
               <cell/>
               <cell/>
               <cell/>
            </row>
            <row xml:id="p178_24">
               <cell/>
               <cell>
                   <date when="1843-04-27">27</date>
               </cell>
               <cell/>
               <cell/>
               <cell/>
               <cell/>
            </row>
            <row xml:id="p178_25">
               <cell>516</cell>
               <cell><name type="person" ref="v">Mary A. Wrigley</name>
                  <choice rend="align(right)">
                     <abbr>Dr</abbr>
                     <expan>debtor</expan>
                  </choice></cell>
               <cell/>
               <cell/>
               <cell/>
               <cell/>
            </row>
            <row xml:id="p178_26">
               <cell/>
               <cell>
                   To <name type="account" ref="LMWcash">Cash </name>6/ 
               </cell>
               <cell>
                   <measure commodity="currency" quantity="1" unit="dollars">1</measure>
               </cell>
               <cell>
                   <measure commodity="currency" quantity="00" unit="cents">00</measure>
               </cell>
               <cell/>
               <cell/>
            </row>
            <row xml:id="p178_27">
               <cell/>
               <cell/>
               <cell/>
               <cell/>
               <cell/>
               <cell/>
            </row>
            <row xml:id="p178_28">
               <cell>Settled</cell>
               <cell><name type="person" ref="v">Wm E. Sweet</name>
                  <choice rend="align(right)">
                     <abbr>D</abbr>
                     <expan>debtor</expan>
                  </choice></cell>
               <cell/>
               <cell/>
               <cell/>
               <cell/>
            </row>
            <row xml:id="p178_29">
               <cell/>
               <cell>
                   To <measure commodity="glass" quantity="1" unit="count">glass</measure> Bill of  ,
                   <measure commodity="labor" quantity="0.5" unit="carting">1/2 Carting </measure>9d
               </cell>
               <cell>
                   <measure commodity="currency" quantity="24" unit="dollars">24</measure>
               </cell>
               <cell>
                   <measure commodity="currency" quantity="50" unit="cents">50</measure>
               </cell>
               <cell/>
               <cell/>
            </row>
            <row xml:id="p178_30">
               <cell/>
               <cell>" Fright on R. Road</cell>
               <cell/>
               <cell/>
               <cell/>
               <cell/>
            </row>
            <row xml:id="p178_31">
               <cell/>
               <cell>
                   <date when="1843-04-28">28</date>
               </cell>
               <cell/>
               <cell/>
               <cell/>
               <cell/>
            </row>
            <row xml:id="p178_32">
               <cell>Settled</cell>
               <cell><name type="person" ref="v">Wheaton Wheelor</name>
                  <choice rend="align(right)">
                     <abbr>Cr</abbr>
                     <expan>credit</expan>
                  </choice></cell>
               <cell/>
               <cell/>
               <cell/>
               <cell/>
            </row>
            <row xml:id="p178_33">
               <cell/>
               <cell>
                   By <name type="account" ref="LMWcash">cash</name> 6/
               </cell>
               <cell>
                   <measure commodity="currency" quantity="1" unit="dollars">1</measure>
               </cell>
               <cell>
                   <measure commodity="currency" quantity="00" unit="cents">00</measure>
               </cell>
               <cell/>
               <cell/>
            </row>
            <row xml:id="p178_34">
               <cell/>
               <cell>
                   <date when="1843-04-29">29</date>
               </cell>
               <cell/>
               <cell/>
               <cell/>
               <cell/>
            </row>
            <row xml:id="p178_35">
               <cell>522</cell>
               <cell><name type="person" ref="v">Stephen Bailey</name>
                  <choice rend="align(right)">
                     <abbr>D</abbr>
                     <expan>debtor</expan>
                  </choice></cell>
               <cell/>
               <cell/>
               <cell/>
               <cell/>
            </row>
            <row xml:id="p178_36">
               <cell/>
               <cell>
                   To <name type="account" ref="LMWcash">cash dld Corleine </name>30/
               </cell>
               <cell>
                   <measure commodity="currency" quantity="5" unit="dollars">5</measure>
               </cell>
               <cell>
                   <measure commodity="currency" quantity="00" unit="cents">00</measure>
               </cell>
               <cell/>
               <cell/>
            </row>
            <row xml:id="p178_37">
               <cell/>
               <cell>"</cell>
               <cell/>
               <cell/>
               <cell/>
               <cell/>
            </row>
            <row xml:id="p178_38">
               <cell>516</cell>
               <cell><name type="person" ref="v">Mary A. Wrigley</name>
                  <choice rend="align(right)">
                     <abbr>Dr</abbr>
                     <expan>debtor</expan>
                  </choice></cell>
               <cell/>
               <cell/>
               <cell/>
               <cell/>
            </row>
            <row xml:id="p178_39">
               <cell/>
               <cell>
                   To <measure commodity="Hose" quantity="1" unit="count">1 pr. Hose </measure> + 
                   <measure commodity="Yarn" quantity="1" unit="count">Yarn </measure>.3/4
               </cell>
               <cell/>
               <cell>
                   <measure commodity="currency" quantity="56" unit="cents">56</measure>
               </cell>
               <cell/>
               <cell/>
            </row>
            <row xml:id="p178_40">
               <cell/>
               <cell/>
               <cell/>
               <cell/>
               <cell/>
               <cell/>
            </row>
            <row xml:id="p178_41">
               <cell>Settled</cell>
               <cell><name type="person" ref="v">Oliver Titus + Natto. Freeman</name>
                  <choice rend="align(right)">
                     <abbr>D</abbr>
                     <expan>debtor</expan>
                  </choice></cell>
               <cell/>
               <cell/>
               <cell/>
               <cell/>
            </row>
            <row xml:id="p178_42">
               <cell/>
               <cell>To use of the J. Freeman House to </cell>
               <cell/>
               <cell/>
               <cell/>
               <cell/>
            </row>
            <row xml:id="p178_43">
               <cell/>
               <cell>April 1st 1844 to be paid in highway </cell>
               <cell>
                   <measure commodity="currency" quantity="25" unit="dollars">25</measure>
               </cell>
               <cell>
                   <measure commodity="currency" quantity="00" unit="cents">00</measure>
               </cell>
               <cell/>
               <cell/>
            </row>
            <row xml:id="p178_44">
               <cell/>
               <cell>work at 50x on the Dollar at $25 00</cell>
               <cell/>
               <cell/>
               <cell/>
               <cell/>
            </row>
            <row xml:id="p178_45">
               <cell/>
               <cell>
                   <date when="1843-05-04">May 4</date>
               </cell>
               <cell/>
               <cell/>
               <cell/>
               <cell/>
            </row>
            <row xml:id="p178_46">
               <cell>Settled</cell>
               <cell><name type="person" ref="v">Linus Howard </name>
                  <choice rend="align(right)">
                     <abbr>Dr</abbr>
                     <expan>debtor</expan>
                  </choice></cell>
               <cell/>
               <cell/>
               <cell/>
               <cell/>
            </row>
            <row xml:id="p178_47">
               <cell/>
               <cell>
                   To <measure commodity="Milk" quantity="18" unit="quarts">18 qts Milk </measure>, 4x pr. qt
               </cell>
               <cell/>
               <cell>
                   <measure commodity="currency" quantity="72" unit="cents">72</measure>
               </cell>
               <cell/>
               <cell/>
            </row>
            <row xml:id="p178_48">
               <cell/>
               <cell/>
               <cell/>
               <cell/>
               <cell/>
               <cell/>
            </row>
            <row xml:id="p178_49">
               <cell>526</cell>
               <cell><name type="person" ref="v">Ira Barrows</name>
                  <choice rend="align(right)">
                     <abbr>Dr</abbr>
                     <expan>debtor</expan>
                  </choice></cell>
               <cell/>
               <cell/>
               <cell/>
               <cell/>
            </row>
            <row xml:id="p178_50">
               <cell/>
               <cell>
                   To <measure commodity="Milk" quantity="52" unit="quarts">52 qts Milk</measure>  4x
               </cell>
               <cell>
                   <measure commodity="currency" quantity="2" unit="dollars">2</measure>
               </cell>
               <cell>
                   <measure commodity="currency" quantity="08" unit="cents">08</measure>
               </cell>
               <cell/>
               <cell/>
            </row>
            <row xml:id="p178_51">
               <cell/>
               <cell/>
               <cell/>
               <cell/>
               <cell/>
               <cell/>
            </row>
            <row xml:id="p178_52">
               <cell>Paid</cell>
               <cell><name type="person" ref="v">Hanno f. Baylies</name>
                  <choice rend="align(right)">
                     <abbr>D</abbr>
                     <expan>debtor</expan>
                  </choice></cell>
               <cell/>
               <cell/>
               <cell/>
               <cell/>
            </row>
            <row xml:id="p178_53">
               <cell/>
               <cell>
                   To 2 No. 1 # in tight Stoves 11.50
               </cell>
               <cell>
                   <measure commodity="currency" quantity="11" unit="dollars">11</measure>
               </cell>
               <cell>
                   <measure commodity="currency" quantity="50" unit="cents">50</measure>
               </cell>
               <cell/>
               <cell/>
            </row>
            <row xml:id="p178_54">
               <cell/>
               <cell>
                   <measure commodity="Box" quantity="1" unit="count">1 Box for packing</measure> &amp;. 2.10
               </cell>
               <cell>
                   <measure commodity="currency" quantity="2" unit="dollars">2</measure>
               </cell>
               <cell>
                   <measure commodity="currency" quantity="10" unit="cents">10</measure>
               </cell>
               <cell>
                   <measure commodity="currency" quantity="13" unit="dollars">13</measure>
               </cell>
               <cell>
                   <measure commodity="currency" quantity="60" unit="cents">60</measure>
               </cell>
            </row>
            <row xml:id="p178_55">
               <cell/>
               <cell>
                   <date when="1843-05-08">8</date>
               </cell>
               <cell/>
               <cell/>
               <cell/>
               <cell/>
            </row>
            <row xml:id="p178_56">
               <cell>207</cell>
               <cell><name type="person" ref="v">Ebenezer Hamlinton</name>
                  <choice rend="align(right)">
                     <abbr>Cr</abbr>
                     <expan>credit</expan>
                  </choice></cell>
               <cell/>
               <cell/>
               <cell/>
               <cell/>
            </row>
            <row xml:id="p178_57">
               <cell/>
               <cell>By host between notes + Waggon 12/</cell>
               <cell>
                   <measure commodity="currency" quantity="2" unit="dollars">2</measure>
               </cell>
               <cell>
                   <measure commodity="currency" quantity="00" unit="cents">00</measure>
               </cell>
               <cell/>
               <cell/>
            </row>
            <row xml:id="p178_58">
               <cell/>
               <cell>
                   <date when="1843-05-12">12</date>
               </cell>
               <cell/>
               <cell/>
               <cell/>
               <cell/>
            </row>
            <row xml:id="p178_59">
               <cell>Settled</cell>
               <cell><name type="person" ref="v">Linus Howard</name>
                  <choice rend="align(right)">
                     <abbr>Dr</abbr>
                     <expan>debtor</expan>
                  </choice></cell>
               <cell/>
               <cell/>
               <cell/>
               <cell/>
            </row>
            <row xml:id="p178_60">
               <cell/>
               <cell>
                   To <measure commodity="Soap" quantity="1" unit="count">Soap</measure> dld. by Mr Carver
               </cell>
               <cell>
                   <measure commodity="currency" quantity="6" unit="dollars">6</measure>
               </cell>
               <cell>
                   <measure commodity="currency" quantity="44" unit="cents">44</measure>
               </cell>
               <cell/>
               <cell/>
            </row>
            <row xml:id="p178_61">
               <cell/>
               <cell>
                   <date when="1843-05-14">14</date>
               </cell>
               <cell/>
               <cell/>
               <cell/>
               <cell/>
            </row>
            <row xml:id="p178_62">
               <cell>Settled</cell>
               <cell><name type="person" ref="v">William J. Sweet</name>
                  <choice rend="align(right)">
                     <abbr>D</abbr>
                     <expan>debtor</expan>
                  </choice></cell>
               <cell/>
               <cell/>
               <cell/>
               <cell/>
            </row>
            <row xml:id="p178_63">
               <cell/>
               <cell>To <!--Um.--> Paris Green</cell>
               <cell/>
               <cell/>
               <cell/>
               <cell/>
            </row>
         </table>
      </body>
   </text>
</TEI>
