<?xml version="1.0" encoding="UTF-8"?>
<?xml-model href="http://www.tei-c.org/release/xml/tei/custom/schema/relaxng/tei_all.rng" type="application/xml" schematypens="http://relaxng.org/ns/structure/1.0"?>
<?xml-model href="http://www.tei-c.org/release/xml/tei/custom/schema/relaxng/tei_all.rng" type="application/xml"
	schematypens="http://purl.oclc.org/dsdl/schematron"?>
<TEI xmlns="http://www.tei-c.org/ns/1.0">
   <teiHeader>
      <fileDesc>
         <titleStmt>
            <title>LMW Day Book, pp. 160-161</title>
            <author>L.M. Wheaton</author>
         </titleStmt>
         <publicationStmt>
            <p>Indication of work done and date, Wheaton College</p>
         </publicationStmt>
         <sourceDesc>
            <biblFull>
               <titleStmt>
                  <title>Account Books, pp.160-161</title>
                  <author>L.M. Wheaton</author>
                  <respStmt>
                     <resp> TEI-compatible XML markup by <name type="person">Tyana Craig</name> with
                        corrections by <name type="person">Name</name>, <name type="person"
                           >Name</name>, and <name type="person">Name</name>.</resp>
                     <name type="person">Name</name>
                  </respStmt>
               </titleStmt>
               <publicationStmt>
                  <p>Indication of work done and date 06/01/16, Wheaton College</p>
               </publicationStmt>
               <sourceDesc>
                  <p> From the Marion B. Gebbie Archives and Special Collections at the Madeleine
                     Clark Wallace Library, Wheaton College </p>
               </sourceDesc>
            </biblFull>
         </sourceDesc>
      </fileDesc>
   </teiHeader>
   <text>
      <body>
         <pb n="160"/>
         <fw type="pageNum">160</fw>
         <table xml:id="p160" cols="6">
            <head>Wednesday <date when="1840-05-20">May 20th 1840</date></head>
            <row xml:id="p160_01">
               <cell/>
               <cell/>
               <cell>$</cell>
               <cell>cts.</cell>
               <cell>$</cell>
               <cell>cts.</cell>
            </row>
            <row xml:id="p160_02">
               <cell>516</cell>
               <cell><name type="person" ref="v">Mary A Wrigley</name>
                        <choice rend="align(right)">
                            <abbr>Dr</abbr>
                            <expan>Debtor</expan>
                        </choice></cell>
               <cell/>
               <cell/>
               <cell/>
               <cell/>
            </row>
            <row xml:id="p160_03">
               <cell/>
               <cell>
                   To <name type="account" ref="LMWcash">cash</name> for 
                    <measure commodity="Ribbon" quantity="1" unit="count">Ribbon A</measure>
               </cell>
               <cell>
                   <measure commodity="currency" quantity="1" unit="dollar">1</measure>
               </cell>
               <cell>
                    <measure commodity="currency" quantity="67" unit="cents">67</measure>
               </cell>
               <cell/>
               <cell/>
            </row>
            <row xml:id="p160_04">
               <cell/>
               <cell/>
               <cell/>
               <cell/>
               <cell/>
               <cell/>
            </row>
            <row xml:id="p160_05">
               <cell>397</cell>
               <cell><name type="person" ref="v">Anna Wrigley</name>
                        <choice rend="align(right)">
                            <abbr>Dr</abbr>
                            <expan>Debtor</expan>
                        </choice></cell>
               <cell/>
               <cell/>
               <cell/>
               <cell/>
            </row>
            <row xml:id="p160_06">
               <cell/>
               <cell>
                   To<name type="account" ref="LMWcash">cash</name>fr 
                   <measure commodity="Shoes" quantity="2" unit="count">Shoes</measure>
               </cell>
               <cell>
                   <measure commodity="currency" quantity="1" unit="dollar">1</measure>
               </cell>
               <cell>
                   <measure commodity="currency" quantity="13" unit="cents">13</measure>
               </cell>
               <cell/>
               <cell/>
            </row>
            <row xml:id="p160_07">
               <cell/>
               <cell><date when="1840-05-21">21</date></cell>
               <cell/>
               <cell/>
               <cell/>
               <cell/>
            </row>
            <row xml:id="p160_08">
               <cell>settled</cell>
               <cell><name type="person" ref="v">Thompson Tripp</name>
                  <choice rend="align(right)">
                     <abbr>D</abbr>
                     <expan>Debtor</expan>
                  </choice></cell>
               <cell/>
               <cell/>
               <cell/>
               <cell/>
            </row>
            <row xml:id="p160_09">
               <cell/>
               <cell>
                   To <measure commodity="Potatoes" quantity="10" unit="bushels">ten buss. Potatoes</measure>1/6
               </cell>
               <cell>
                   <measure commodity="currency" quantity="2" unit="dollars">2</measure>
               </cell>
               <cell>
                   <measure commodity="currency" quantity="50" unit="cents">50</measure>
               </cell>
               <cell/>
               <cell/>
            </row>
            <row xml:id="p160_10">
               <cell/>
               <cell/>
               <cell/>
               <cell/>
               <cell/>
               <cell/>
            </row>
            <row xml:id="p160_11">
               <cell>Settled</cell>
               <cell><name type="person" ref="v">Andrew Randal</name>
                  <choice rend="align(right)">
                     <abbr>D</abbr>
                     <expan>Debtor</expan>
                  </choice></cell>
               <cell/>
               <cell/>
               <cell/>
               <cell/>
            </row>
            <row xml:id="p160_12">
               <cell/>
               <cell>
                   To <measure commodity="potatoes" quantity="2" unit="bushels">2 Buss potatoes.</measure>1/6
               </cell>
               <cell/>
               <cell>
                   <measure commodity="currency" quantity="50" unit="cents">50</measure>
               </cell>
               <cell/>
               <cell/>
            </row>
            <row xml:id="p160_13">
               <cell/>
               <cell/>
               <cell/>
               <cell/>
               <cell/>
               <cell/>
            </row>
            <row xml:id="p160_14">
               <cell>397</cell>
               <cell><name type="person" ref="v">Anna Wrigley</name>
                  <choice rend="align(right)">
                     <abbr>D</abbr>
                     <expan>Debtor</expan>
                  </choice></cell>
               <cell/>
               <cell/>
               <cell/>
               <cell/>
            </row>
            <row xml:id="p160_15">
               <cell/>
                <cell>
                    To <name type="account" ref="LMWcash">cash</name> dld <name type="person" ref="pers_WCDH116">James</name> 6/
                </cell>
                <cell>
                    <measure commodity="currency" quantity="1" unit="dollar">1</measure>
                </cell>
                <cell>
                    <measure commodity="currency" quantity="00" unit="cents">00</measure>
                </cell>
               <cell/>
               <cell/>
            </row>
            <row xml:id="p160_16">
               <cell/>
               <cell/>
               <cell/>
               <cell/>
               <cell/>
               <cell/>
            </row>
            <row xml:id="p160_17">
               <cell>514</cell>
               <cell><name type="person" ref="v">Henry M Paine</name>
                        <choice rend="align(right)">
                            <abbr>D</abbr>
                            <expan>Debtor</expan>
                        </choice></cell>
               <cell/>
               <cell/>
               <cell/>
               <cell/>
            </row>
            <row xml:id="p160_18">
               <cell/>
               <cell>
                   To <measure commodity="Potatoes" quantity="9" unit="bushels">nine Buss. Potatoes</measure>1/6
               </cell>
               <cell>
                  <measure commodity="currency" quantity="2" unit="dollars">2</measure>
               </cell>
               <cell>
                   <measure commodity="currency" quantity="25" unit="cents">25</measure>
               </cell>
               <cell/>
               <cell/>
            </row>
            <row xml:id="p160_19">
               <cell/>
               <cell/>
               <cell/>
               <cell/>
               <cell/>
               <cell/>
            </row>
            <row xml:id="p160_20">
               <cell>Settled </cell>
               <cell><name type="person" ref="v">Linus Howard</name>
                        <choice rend="align(right)">
                            <abbr>D</abbr>
                            <expan>Debtor</expan>
                        </choice></cell>
               <cell/>
               <cell/>
               <cell/>
               <cell/>
            </row>
            <row xml:id="p160_21">
               <cell/>
               <cell>
                   To<measure commodity="Potatoes" quantity="3" unit="bushels">three Buss. Potatoes</measure>1/6
               </cell>
               <cell/>
               <cell>
                   <measure commodity="currency" quantity="75" unit="cents">75</measure>
               </cell>
               <cell/>
               <cell/>
            </row>
            <row xml:id="p160_22">
               <cell/>
               <cell/>
               <cell/>
               <cell/>
               <cell/>
               <cell/>
            </row>
            <row xml:id="p160_23">
               <cell>Settled</cell>
               <cell><name type="person" ref="v">Dauphin King</name>
                        <choice rend="align(right)">
                            <abbr>D</abbr>
                            <expan>Debtor</expan>
                        </choice></cell>
               <cell/>
               <cell/>
               <cell/>
               <cell/>
            </row>
            <row xml:id="p160_24">
               <cell/>
               <cell>
                   To<measure commodity="Potatoes" quantity="4" unit="bushels"> four Buss. Potatoes</measure>1/6
               </cell>
               <cell>
                   <measure commodity="currency" quantity="1" unit="dollar">1</measure>
               </cell>
               <cell>
                   <measure commodity="currency" quantity="00" unit="cents">00</measure>
               </cell>
               <cell/>
               <cell/>
            </row>
            <row xml:id="p160_25">
               <cell/>
               <cell><date when="1840-05-29">29</date></cell>
               <cell/>
               <cell/>
               <cell/>
               <cell/>
            </row>
            <row xml:id="p160_26">
               <cell>516</cell>
               <cell><name type="person" ref="v">Mary A. Wrigley</name>
                        <choice rend="align(right)">
                            <abbr>Dr</abbr>
                            <expan>Debtor</expan>
                        </choice></cell>
               <cell/>
               <cell/>
               <cell/>
               <cell/>
            </row>
            <row xml:id="p160_27">
               <cell/>
               <cell>
                   To<measure commodity="hose" quantity="1" unit="count"> 1 pr. hose</measure>
               </cell>
               <cell/>
               <cell>
                   <measure commodity="currency" quantity="50" unit="cents">50</measure>
               </cell>
               <cell/>
               <cell/>
            </row>
            <row xml:id="p160_28">
               <cell/>
               <cell/>
               <cell/>
               <cell/>
               <cell/>
               <cell/>
            </row>
            <row xml:id="p160_29">
               <cell>397</cell>
               <cell><name type="person" ref="v">Anna Wrigley</name>
                        <choice rend="align(right)">
                            <abbr>Dr</abbr>
                            <expan>Debtor</expan>
                        </choice></cell>
               <cell/>
               <cell/>
               <cell/>
               <cell/>
            </row>
            <row xml:id="p160_30">
               <cell/>
               <cell>
                   To<measure commodity="Cravat" quantity="1" unit="count"> 1 Cravat fr 
                      <name type="person" ref="pers_WCDH116">James</name></measure>2/6
               </cell>
               <cell/>
               <cell>
                   <measure commodity="currency" quantity="42" unit="cents">42</measure>
               </cell>
               <cell/>
               <cell/>
            </row>
            <row xml:id="p160_31">
               <cell/>
               <cell><date when="1840-06-02">June 2nd.</date></cell>
               <cell/>
               <cell/>
               <cell/>
               <cell/>
            </row>
            <row xml:id="p160_32">
               <cell>515</cell>
               <cell><name type="person" ref="v">Mary A. Wrigley</name>
                        <choice rend="align(right)">
                            <abbr>Dr</abbr>
                            <expan>Debtor</expan>
                        </choice></cell>
               <cell/>
               <cell/>
               <cell/>
               <cell/>
            </row>
            <row xml:id="p160_33">
               <cell/>
                <cell>
                    To <name type="account" ref="LMWcash">cash</name>
                </cell>
                <cell>
                    <measure commodity="currency" quantity="1" unit="dollar">1</measure>
                </cell>
                <cell>
                    <measure commodity="currency" quantity="00" unit="cents">00</measure>
                </cell>
               <cell/>
               <cell/>
            </row>
            <row xml:id="p160_34">
               <cell/>
               <cell>
                   <date when="1840-06-03">6/3</date>
               </cell>
               <cell/>
               <cell/>
               <cell/>
               <cell/>
            </row>
            <row xml:id="p160_35">
               <cell>515</cell>
               <cell><name type="person" ref="v">Mary A. Wrigley</name>
                        <choice rend="align(right)">
                            <abbr>D</abbr>
                            <expan>Debtor</expan>
                        </choice></cell>
               <cell/>
               <cell/>
               <cell/>
               <cell/>
            </row>
            <row xml:id="p160_36">
               <cell/>
               <cell>
                   To <name type="account" ref="LMWcash">cash </name>24/
               </cell>
               <cell>
                   <measure commodity="currency" quantity="4" unit="dollars">4</measure>
               </cell>
               <cell>
                   <measure commodity="currency" quantity="00" unit="cents">00</measure>
               </cell>
               <cell/>
               <cell/>
            </row>
            <row xml:id="p160_37">
               <cell/>
               <cell>
                   <date when="1840-06-17">17</date>
               </cell>
               <cell/>
               <cell/>
               <cell/>
               <cell/>
            </row>
            <row xml:id="p160_38">
               <cell/>
               <cell>
                   <name type="account" ref="LMWcash">Cash</name>/9
               </cell>
               <cell/>
               <cell>
                   <measure commodity="currency" quantity="13.5" unit="cents">13 1/2</measure>
               </cell>
               <cell/>
               <cell/>
            </row>
            <row xml:id="p160_39">
                <cell></cell>
                <cell>
                    <date when="1840-06-16">16</date>
                </cell>
                <cell></cell>
                <cell></cell>
                <cell></cell>
                <cell></cell>
            </row>
            <row xml:id="p160_40">
               <cell>397</cell>
               <cell><name type="person" ref="v">Anna Wrigley</name>
                        <choice rend="align(right)">
                            <abbr>Dr</abbr>
                            <expan>Debtor</expan>
                        </choice></cell>
               <cell/>
               <cell/>
               <cell/>
               <cell/>
            </row>
            <row xml:id="p160_41">
               <cell/>
               <cell>
                   To <name type="account" ref="LMWcash">cash</name> dld. 
                  <name type="person" ref="pers_WCDH116">James </name>3/
               </cell>
               <cell/>
               <cell>
                   <measure commodity="currency" quantity="50" unit="cents">50</measure>
               </cell>
               <cell/>
               <cell/>
            </row>
            <row xml:id="p160_42">
               <cell/>
               <cell>
                   <date when="1840-06-19">19</date>
               </cell>
               <cell/>
               <cell/>
               <cell/>
               <cell/>
            </row>
            <row xml:id="p160_43">
               <cell>516</cell>
               <cell><name type="person" ref="v">Mary A Wrigley</name>
                        <choice rend="align(right)">
                            <abbr>D</abbr>
                            <expan>Debtor</expan>
                        </choice></cell>
               <cell/>
               <cell/>
               <cell/>
               <cell/>
            </row>
            <row xml:id="p160_44">
               <cell/>
               <cell>
                   To <measure commodity="Needles" quantity="1" unit="Paper">1 Paper Needles</measure>
               </cell>
               <cell/>
               <cell>
                   <measure commodity="currency" quantity="8" unit="cents">8</measure>
               </cell>
               <cell/>
               <cell/>
            </row>
            <row xml:id="p160_45">
               <cell/>
               <cell>
                   <date when="1840-06-28">28</date>
               </cell>
               <cell/>
               <cell/>
               <cell/>
               <cell/>
            </row>
            <row xml:id="p160_46">
               <cell>settled</cell>
               <cell><name type="person" ref="v">Daniel Blandin</name>
                        <choice rend="align(right)">
                            <abbr>D</abbr>
                            <expan>Debtor</expan>
                        </choice></cell>
               <cell/>
               <cell/>
               <cell/>
               <cell/>
            </row>
            <row xml:id="p160_47">
               <cell/>
               <cell>
                   To<measure commodity="Palmleaf Hat" quantity="1" unit="count">Palmleaf Hat</measure>3/
               </cell>
               <cell/>
               <cell>
                   <measure commodity="currency" quantity="50" unit="cents">50</measure>
               </cell>
               <cell/>
               <cell/>
            </row>
            <row xml:id="p160_48">
               <cell/>
               <cell/>
               <cell/>
               <cell/>
               <cell/>
               <cell/>
            </row>
            <row xml:id="p160_49">
               <cell>397</cell>
               <cell><name type="person" ref="v">Anna Wrigley</name>
                        <choice rend="align(right)">
                            <abbr>D</abbr>
                            <expan>Debtor</expan>
                        </choice></cell>
               <cell/>
               <cell/>
               <cell/>
               <cell/>
            </row>
            <row xml:id="p160_50">
               <cell/>
               <cell>
                   To <name type="account" ref="LMWcash">cash for 
                      <name type="person" ref="pers_WCDH116">James</name></name>6/
               </cell>
               <cell>
                   <measure commodity="currency" quantity="1" unit="dollar">1</measure>
               </cell>
               <cell>
                   <measure commodity="currency" quantity="00" unit="cents">00</measure>
               </cell>
               <cell/>
               <cell/>
            </row>
            <row xml:id="p160_51">
               <cell/>
               <cell>
                  " <name type="account" ref="LMWcash">do</name> " " <date when="1840-06-01">June 1st</date>
               </cell>
               <cell>
                   <measure commodity="currency" quantity="5" unit="dollars">5</measure>
               </cell>
               <cell>
                   <measure commodity="currency" quantity="50" unit="cents">50</measure>
               </cell>
               <cell>
                   <measure commodity="currency" quantity="6" unit="dollars">6</measure>
               </cell>
               <cell>
                   <measure commodity="currency" quantity="50" unit="cents">50</measure>
               </cell>
            </row>
            <row xml:id="p160_52">
               <cell/>
               <cell/>
               <cell/>
               <cell/>
               <cell/>
               <cell/>
            </row>
            <row xml:id="p160_53">
               <cell>516</cell>
               <cell><name type="person" ref="v">Mary Wrigley</name>
                        <choice rend="align(right)">
                            <abbr>Dr</abbr>
                            <expan>Debtor</expan>
                        </choice></cell>
               <cell/>
               <cell/>
               <cell/>
               <cell/>
            </row>
            <row xml:id="p160_54">
               <cell/>
               <cell>
                   To<measure commodity="shoes" quantity="2" unit="count">pr shoes</measure> 7/
               </cell>
               <cell>
                   <measure commodity="currency" quantity="1" unit="dollar">1</measure>
               </cell>
               <cell>
                   <measure commodity="currency" quantity="17" unit="cents">17</measure>
               </cell>
               <cell/>
               <cell/>
            </row>
            <row xml:id="p160_55">
               <cell/>
               <cell>
                   "<name type="account" ref="LMWcash">Cash </name> 48/
               </cell>
               <cell>
                  <measure commodity="currency" quantity="8" unit="dollars">8</measure>
               </cell>
               <cell>
                  <measure commodity="currency" quantity="00" unit="cents">00</measure>
               </cell>
               <cell>
                  <measure commodity="currency" quantity="9" unit="dollars">9</measure>
               </cell>
               <cell>
                  <measure commodity="currency" quantity="17" units="cents">17</measure>
               </cell>
            </row>
            <row xml:id="p160_56">
               <cell/>
               <cell>
                  <date when="1840-07-14">July 14</date>
               </cell>
               <cell/>
               <cell/>
               <cell/>
               <cell/>
            </row>
            <row xml:id="p160_57">
               <cell>397</cell>
               <cell><name type="person" ref="v">Anna Wrigley</name>
                        <choice rend="align(right)">
                            <abbr>Dr</abbr>
                            <expan>Debtor</expan>
                        </choice></cell>
               <cell/>
               <cell/>
               <cell/>
               <cell/>
            </row>
            <row xml:id="p160_58">
               <cell/>
               <cell>
                  To <name type="account" ref="LMWcash">cash dlvd. 
                     <name type="person" ref="pers_WCDH116">James</name></name>12/
               </cell>
               <cell>
                  <measure commodity="currency" quantity="2" unit="dollars">2</measure>
               </cell>
               <cell>
                  <measure commodity="currency" quantity="00" unit="cents">00</measure>
               </cell>
               <cell/>
               <cell/>
            </row>
            <row xml:id="p160_59">
               <cell/>
               <cell>
                  <date when="1840-08-03">Aug. 3</date>
               </cell>
               <cell/>
               <cell/>
               <cell/>
               <cell/>
            </row>
            <row xml:id="p160_60">
               <cell>516</cell>
               <cell><name type="person" ref="v">Mary A Wrigley</name>
                        <choice rend="align(right)">
                            <abbr>D</abbr>
                            <expan>Debtor</expan>
                        </choice></cell>
               <cell/>
               <cell/>
               <cell/>
               <cell/>
            </row>
            <row xml:id="p160_61">
               <cell/>
               <cell>
                  To<name type="account" ref="LMWcash"> cash</name>1/6
               </cell>
               <cell/>
               <cell>
                  <measure commodity="currency" quantity="25" unit="cents">25</measure>
               </cell>
               <cell/>
               <cell/>
            </row>
            <row xml:id="p160_62">
               <cell/>
               <cell>
                  To <measure commodity="Muslin" quantity="1.125" unit="yards">1 1/8 yds Muslin</measure>3/9
               </cell>
               <cell/>
               <cell>
                  <measure commodity="currency" quantity="70" unit="cents">70</measure>
               </cell>
               <cell/>
               <cell>
                  <measure commodity="currency" quantity="95" unit="cents">95</measure>
               </cell>
            </row>
         </table>
         <pb n="161"/>
         <fw type="pageNum">161</fw>
         <table xml:id="p161" cols="6">
            <head>
               <date when="1840-08">August 1840</date></head>
            <row xml:id="p161_01">
               <cell/>
               <cell/>
               <cell>$</cell>
               <cell>cts.</cell>
               <cell>$</cell>
               <cell>cts.</cell>
            </row>
            <row xml:id="p161_02">
               <cell>Settled</cell>
               <cell><name type="person" ref="v">Otis Reed</name>
                  <choice rend="align(right)">
                     <abbr>D</abbr>
                     <expan>debtor</expan>
                  </choice></cell>
               <cell/>
               <cell/>
               <cell/>
               <cell/>
            </row>
            <row xml:id="p161_03">
               <cell/>
               <cell>
                  To <measure commodity="Corn" quantity="6" unit="bushels">six Buss. Corn</measure>
               </cell>
               <cell/>
               <cell/>
               <cell/>
               <cell/>
            </row>
            <row xml:id="p161_04">
               <cell/>
               <cell>
                  <date when="1840-09-01">Sep. 1.</date>
               </cell>
               <cell/>
               <cell/>
               <cell/>
               <cell/>
            </row>
            <row xml:id="p161_05">
               <cell>516</cell>
               <cell><name type="person" ref="v">Mary A. Wrigley</name>
                  <choice rend="align(right)">
                     <abbr>Dr</abbr>
                     <expan>debtor</expan>
                  </choice></cell>
               <cell/>
               <cell/>
               <cell/>
               <cell/>
            </row>
            <row xml:id="p161_06">
               <cell/>
               <cell>
                  To <name type="account" ref="LMWcash">cash</name>pr 
                  <measure commodity="goods" quantity="1" unit="count">$2.24</measure> 
               </cell>
               <cell>
                  <measure commodity="currency" quantity="2" unit="dollars">2</measure>
               </cell>
               <cell>
                  <measure commodity="currency" quantity="24" unit="cents">24</measure>
               </cell>
               <cell/>
               <cell/>
            </row>
            <row xml:id="p161_07">
               <cell/>
               <cell/>
               <cell/>
               <cell/>
               <cell/>
               <cell/>
            </row>
            <row xml:id="p161_08">
               <cell>397</cell>
               <cell><name type="person" ref="v">Anna Wrigley</name>
                  <choice rend="align(right)">
                     <abbr>D</abbr>
                     <expan>debtor</expan>
                  </choice></cell>
               <cell/>
               <cell/>
               <cell/>
               <cell/>
            </row>
            <row xml:id="p161_09">
               <cell/>
               <cell>
                  To <name type="account" ref="LMWcash">cash</name>dlvd 
                  <name type="person" ref="pers_WCDH116">James</name>
               </cell>
               <cell>
                  <measure commodity="currency" quantity="2" unit="dollars">2</measure>
               </cell>
               <cell>
                  <measure commodity="currency" quantity="29" unit="cents">29</measure>
               </cell>
               <cell/>
               <cell/>
            </row>
            <row xml:id="p161_10">
               <cell/>
               <cell>
                  To <name type="account" ref="LMWcash">cash</name>on the 7th dlvd 
                  <name type="person" ref="pers_WCDH116">James</name>
               </cell>
               <cell>
                  <measure commodity="currency" quantity="4" unit="dollars">4</measure>
               </cell>
               <cell>
                  <measure commodity="currency" quantity="00" unit="cents">00</measure>
               </cell>
               <cell>
                  <measure commodity="currency" quantity="6" unit="dollars">6</measure>
               </cell>
               <cell>
                  <measure commodity="currency" quantity="29" unit="cents">29</measure>
               </cell>
            </row>
            <row xml:id="p161_11">
               <cell/>
               <cell>
                  <date when="1840-08-10">10</date>
               </cell>
               <cell/>
               <cell/>
               <cell/>
               <cell/>
            </row>
            <row xml:id="p161_12">
               <cell>397</cell>
               <cell><name type="person" ref="v">Anna Wrigley</name>
                  <choice rend="align(right)">
                     <abbr>D</abbr>
                     <expan>debtor</expan>
                  </choice></cell>
               <cell/>
               <cell/>
               <cell/>
               <cell/>
            </row>
            <row xml:id="p161_13">
               <cell/>
               <cell>
                  To <name type="account" ref="LMWcash">cash</name>6/
               </cell>
               <cell>
                  <measure commodity="currency" quantity="1" unit="dollar">1</measure>
               </cell>
               <cell>
                  <measure commodity="currency" quantity="00" unit="cents">00</measure>
               </cell>
               <cell/>
               <cell/>
            </row>
            <row xml:id="p161_14">
               <cell/>
               <cell>
                  <date when="1840-08-14">14</date>
               </cell>
               <cell/>
               <cell/>
               <cell/>
               <cell/>
            </row>
            <row xml:id="p161_15">
               <cell>397</cell>
               <cell><name type="person" ref="v">Anna Wrigley</name>
                  <choice rend="align(right)">
                     <abbr>Dr</abbr>
                     <expan>debtor</expan>
                  </choice></cell>
               <cell/>
               <cell/>
               <cell/>
               <cell/>
            </row>
            <row xml:id="p161_16">
               <cell/>
               <cell>
                  To<name type="account" ref="LMWcash">Cash</name>dlvd 
                  <name type="person" ref="pers_WCDH116">James </name>42/
               </cell>
               <cell>
                  <measure commodity="currency" quantity="7" unit="dollars">7</measure>
               </cell>
               <cell>
                  <measure commodity="currency" quantity="00" unit="cents">00</measure>
               </cell>
               <cell/>
               <cell/>
            </row>
            <row xml:id="p161_17">
               <cell/>
               <cell/>
               <cell/>
               <cell/>
               <cell/>
               <cell/>
            </row>
            <row xml:id="p161_18">
               <cell/>
               <cell>
                  <date when="1840-08-16">16</date>
               </cell>
               <cell/>
               <cell/>
               <cell/>
               <cell/>
            </row>
            <row xml:id="p161_19">
               <cell>Settled</cell>
               <cell><name type="person" ref="v">Linus Howard</name>
                  <choice rend="align(right)">
                     <abbr>Dr</abbr>
                     <expan>debtor</expan>
                  </choice></cell>
               <cell/>
               <cell/>
               <cell/>
               <cell/>
            </row>
            <row xml:id="p161_20">
               <cell/>
               <cell>
                  To <measure commodity="Cranberries" quantity="5" unit="bushels">5 bushels Cranberries</measure>
               </cell>
               <cell>
                  <measure commodity="currency" quantity="5" unit="dollars">5</measure>
               </cell>
               <cell>
                  <measure commodity="currency" quantity="00" unit="cents">00</measure>
               </cell>
               <cell/>
               <cell/>
            </row>
            <row xml:id="p161_21">
               <cell/>
               <cell><!--2x [crossed out]--></cell>
               <cell/>
               <cell/>
               <cell/>
               <cell/>
            </row>
            <row xml:id="p161_22">
               <cell>Settled</cell>
               <cell><name type="person" ref="v"><!--Mary A. Wrigley [crossed out]--></name>
                  <choice rend="align(right)">
                     <abbr>D</abbr>
                     <expan>debtor</expan>
                  </choice></cell>
               <cell/>
               <cell/>
               <cell/>
               <cell/>
            </row>
            <row xml:id="p161_23">
               <cell/>
               <cell><!--To Calico Drip 6/ [crossed out]--></cell>
               <cell><!--1[crossed out]--></cell>
               <cell><!--00[crossed out]--></cell>
               <cell/>
               <cell/>
            </row>
            <row xml:id="p161_24">
               <cell/>
               <cell/>
               <cell/>
               <cell/>
               <cell/>
               <cell/>
            </row>
            <row xml:id="p161_25">
               <cell/>
               <cell>
                  <date when="1840-10-01">October</date>
               </cell>
               <cell/>
               <cell/>
               <cell/>
               <cell/>
            </row>
            <row xml:id="p161_26">
               <cell>397</cell>
               <cell><name type="person" ref="v">Anna Wrigley</name>
                  <choice rend="align(right)">
                     <abbr>Dr</abbr>
                     <expan>debtor</expan>
                  </choice></cell>
               <cell/>
               <cell/>
               <cell/>
               <cell/>
            </row>
            <row xml:id="p161_27">
               <cell/>
               <cell>
                  To <name type="account" ref="LMWcash">cash</name>fr. James Pants
               </cell>
               <cell>
                  <measure commodity="currency" quantity="2" unit="dollars">2</measure>
               </cell>
               <cell>
                  <measure commodity="currency" quantity="29" unit="cents">29</measure>
               </cell>
               <cell/>
               <cell/>
            </row>
            <row xml:id="p161_28">
               <cell/>
               <cell>
                  <date when="1840-10-14">14</date>
               </cell>
               <cell/>
               <cell/>
               <cell/>
               <cell/>
            </row>
            <row xml:id="p161_29">
               <cell>397</cell>
               <cell><name type="person" ref="v">Anna Wrigley</name>
                  <choice rend="align(right)">
                     <abbr>Dr</abbr>
                     <expan>debtor</expan>
                  </choice></cell>
               <cell/>
               <cell/>
               <cell/>
               <cell/>
            </row>
            <row xml:id="p161_30">
               <cell/>
               <cell>
                  To <name type="account" ref="LMWcash">cash</name>for James 12/
               </cell>
               <cell>
                  <measure commodity="currency" quantity="2" unit="dollars">2</measure>
               </cell>
               <cell>
                  <measure commodity="currency" quantity="00" unit="cents">00</measure>
               </cell>
               <cell/>
               <cell/>
            </row>
            <row xml:id="p161_31">
               <cell/>
               <cell/>
               <cell/>
               <cell/>
               <cell/>
               <cell/>
            </row>
            <row xml:id="p161_32">
               <cell/>
               <cell>
                  <date when="1840-10-23">23</date>
               </cell>
               <cell/>
               <cell/>
               <cell/>
               <cell/>
            </row>
            <row xml:id="p161_33">
               <cell>settled</cell>
               <cell><name type="person" ref="v">Linus Howard</name>
                  <choice rend="align(right)">
                     <abbr>Dr</abbr>
                     <expan>debtor</expan>
                  </choice></cell>
               <cell/>
               <cell/>
               <cell/>
               <cell/>
            </row>
            <row xml:id="p161_34">
               <cell/>
               <cell>
                  To <measure commodity="Cranberries" quantity="3" unit="bushels">3 Bushels Cranberries</measure>
               </cell>
               <cell/>
               <cell/>
               <cell/>
               <cell/>
            </row>
            <row xml:id="p161_35">
               <cell/>
               <cell>
                  <measure commodity="currency" quantity="92" unit="cents">at 92 cts</measure>
               </cell>
               <cell>
                  <measure commodity="currency" quantity="2" unit="dollars">2</measure>
               </cell>
               <cell>
                  <measure commodity="currency" quantity="76" unit="cents">76</measure>
               </cell>
               <cell/>
               <cell/>
            </row>
            <row xml:id="p161_36">
               <cell/>
               <cell>
                  To <measure commodity="potatoes" quantity="25" unit="bushels">25 bushels potatoes</measure>1/6
               </cell>
               <cell>
                  <measure commodity="currency" quantity="6" unit="dollars">6</measure>
               </cell>
               <cell>
                  <measure commodity="currency" quantity="25" unit="cents">25</measure>
               </cell>
               <cell>
                  <measure commodity="currency" quantity="9" unit="dollars">9</measure>
               </cell>
               <cell>
                  <measure commodity="currency" quantity="01" unit="cents">01</measure>
               </cell>
            </row>
            <row xml:id="p161_37">
               <cell/>
               <cell>
                  <date when="1840-10-27">27</date>
               </cell>
               <cell/>
               <cell/>
               <cell/>
               <cell/>
            </row>
            <row xml:id="p161_38">
               <cell>516</cell>
               <cell><name type="person" ref="v">Mary A Wrigley</name>
                  <choice rend="align(right)">
                     <abbr>Dr</abbr>
                     <expan>debtor</expan>
                  </choice></cell>
               <cell/>
               <cell/>
               <cell/>
               <cell/>
            </row>
            <row xml:id="p161_39">
               <cell/>
               <cell>
                  <name type="account" ref="LMWcash">To cash</name>9/
               </cell>
               <cell>
                  <measure commodity="currency" quantity="1" unit="dollars">1</measure>
               </cell>
               <cell>
                  <measure commodity="currency" quantity="50" unit="cents">50</measure>
               </cell>
               <cell/>
               <cell/>
            </row>
            <row xml:id="p161_40">
               <cell/>
               <cell/>
               <cell>
                  <measure commodity="currency" quantity="1" unit="dollars">1</measure>
               </cell>
               <cell>
                  <measure commodity="currency" quantity="00" unit="cents">00</measure>
               </cell>
               <cell>
                  <measure commodity="currency" quantity="2" unit="dollars">2</measure>
               </cell>
               <cell>
                  <measure commodity="currency" quantity="50" unit="cents">50</measure>
               </cell>
            </row>
            <row xml:id="p161_41">
               <cell/>
               <cell/>
               <cell/>
               <cell/>
               <cell/>
               <cell/>
            </row>
            <row xml:id="p161_42">
               <cell>Settled</cell>
               <cell><name type="person" ref="v">Linus Howard</name>
                  <choice rend="align(right)">
                     <abbr>D</abbr>
                     <expan>debtor</expan>
                  </choice></cell>
               <cell/>
               <cell/>
               <cell/>
               <cell/>
            </row>
            <row xml:id="p161_43">
               <cell/>
               <cell>
                  To <measure commodity="Potatoes" quantity="5" unit="bushels">5 Buss. Potatoes</measure>1/6
               </cell>
               <cell>
                  <measure commodity="currency" quantity="1" unit="dollars">1</measure>
               </cell>
               <cell>
                  <measure commodity="currency" quantity="25" unit="cents">25</measure>
               </cell>
               <cell/>
               <cell/>
            </row>
            <row xml:id="p161_44">
               <cell/>
               <cell/>
               <cell/>
               <cell/>
               <cell/>
               <cell/>
            </row>
            <row xml:id="p161_45">
               <cell>Settled </cell>
               <cell><name type="person" ref="v">Linus Howard</name>
                  <choice rend="align(right)">
                     <abbr>Cr</abbr>
                     <expan>credit</expan>
                  </choice></cell>
               <cell/>
               <cell/>
               <cell/>
               <cell/>
            </row>
            <row xml:id="p161_46">
               <cell/>
               <cell>
                  By <measure commodity="Flour" quantity="10" unit="barrels">ten Flour Blls.</measure>10x
               </cell>
               <cell>
                  <measure commodity="currency" quantity="1" unit="dollars">1</measure>
               </cell>
               <cell>
                  <measure commodity="currency" quantity="00" unit="cents">00</measure>
               </cell>
               <cell/>
               <cell/>
            </row>
            <row xml:id="p161_47">
               <cell/>
               <cell>
                  <date when="1840-11-03">Nov. 3</date>
               </cell>
               <cell/>
               <cell/>
               <cell/>
               <cell/>
            </row>
            <row xml:id="p161_48">
               <cell>516</cell>
               <cell><name type="person" ref="v">Mary A Wrigley</name>
                  <choice rend="align(right)">
                     <abbr>Dr</abbr>
                     <expan>debtor</expan>
                  </choice></cell>
               <cell/>
               <cell/>
               <cell/>
               <cell/>
            </row>
            <row xml:id="p161_49">
               <cell/>
               <cell>
                  To <measure commodity="blue mixed hose" quantity="1" unit="count">1 pr. blue mixed hose</measure>3/9
               </cell>
               <cell/>
               <cell>
                  <measure commodity="currency" quantity="62" unit="cents">62</measure>
               </cell>
               <cell/>
               <cell/>
            </row>
            <row xml:id="p161_50">
               <cell/>
               <cell>
                  " <measure commodity="Norsted" quantity="2" unit="count">2 pr Norsted</measure>"42
               </cell>
               <cell/>
               <cell>
                  <measure commodity="currency" quantity="84" unit="cents">84</measure>
               </cell>
               <cell/>
               <cell/>
            </row>
            <row xml:id="p161_51">
               <cell/>
               <cell>
                  <measure commodity="Yarn" quantity="3" unit="skeins"> 3 Skeins Yarn</measure>18
               </cell>
               <cell/>
               <cell>
                  <measure commodity="currency" quantity="18" unit="cents">18</measure>
               </cell>
               <cell/>
               <cell/>
            </row>
            <row xml:id="p161_52">
               <cell/>
               <cell>
                  <measure commodity="Blk. Silk" quantity="4" unit="yards"><!--4?--> Yds Blk. Silk</measure>3/
               </cell>
               <cell>
                  <measure commodity="currency" quantity="1" unit="dollars">1</measure>
               </cell>
               <cell>
                  <measure commodity="currency" quantity="00" unit="cents">00</measure>
               </cell>
               <cell/>
               <cell/>
            </row>
            <row xml:id="p161_53">
               <cell/>
               <cell>
                  <measure commodity="Gloves" quantity="2" unit="count">1 pr Gloves</measure>3/9
               </cell>
               <cell/>
               <cell>
                  <measure commodity="currency" quantity="62" unit="cents">62</measure>
               </cell>
               <cell/>
               <cell/>
            </row>
            <row xml:id="p161_54">
               <cell/>
               <cell>
                  <measure commodity="Ribbon" quantity="3.74" unit="yards">3 3/4 Ribbon</measure>2/6
               </cell>
               <cell>
                  <measure commodity="currency" quantity="1" unit="dollars">1</measure>
               </cell>
               <cell>
                  <measure commodity="currency" quantity="44" unit="cents">44</measure>
               </cell>
               <cell/>
               <cell/>
            </row>
            <row xml:id="p161_55">
               <cell/>
               <cell>
                  <measure commodity="White Satin" quantity="0.5" unit="yards">1/2 yd White Satin</measure>3/4
               </cell>
               <cell/>
               <cell>
                  <measure commodity="currency" quantity="56" unit="cents">56</measure>
               </cell>
               <cell/>
               <cell/>
            </row>
            <row xml:id="p161_56">
               <cell/>
               <cell>
                  <measure commodity="Scarf" quantity="1" unit="count">Scarf 5/</measure>
               </cell>
               <cell/>
               <cell>
                  <measure commodity="currency" quantity="83" unit="cents">83</measure>
               </cell>
               <cell/>
               <cell/>
            </row>
            <row xml:id="p161_57">
               <cell/>
               <cell>
                  <measure commodity="Sewing Silk" quantity="10" unit="skeins">10 Skeins Sewing Silk</measure>
               </cell>
               <cell/>
               <cell>
                  <measure commodity="currency" quantity="30" unit="cents">30</measure>
               </cell>
               <cell/>
               <cell/>
            </row>
            <row xml:id="p161_58">
               <cell/>
               <cell>
                  <measure commodity="Saxony Cloth" quantity="1" unit="count">Saxony Cloth </measure>1.25
                  <measure commodity="Cambrie" quantity="1" unit="count">Cambrie</measure>55
               </cell>
               <cell>
                  <measure commodity="currency" quantity="1" unit="dollars">1</measure>
               </cell>
               <cell>
                  <measure commodity="currency" quantity="85" unit="cents">85</measure>
               </cell>
               <cell>
                  <measure commodity="currency" quantity="8" unit="dollars">8</measure>
               </cell>
               <cell>
                  <measure commodity="currency" quantity="24" unit="cents">24</measure>
               </cell>
            </row>
            <row xml:id="p161_59">
               <cell/>
               <cell>
                  <measure commodity="labor" quantity="1" unit="bonnet">Cleaning Adelia Bonnet</measure>1.x
               </cell>
               <cell/>
               <cell/>
               <cell/>
               <cell/>
            </row>
            <row xml:id="p161_60">
               <cell/>
               <cell/>
               <cell/>
               <cell/>
               <cell/>
               <cell/>
            </row>
         </table>
      </body>
   </text>
</TEI>
