<?xml version="1.0" encoding="UTF-8"?>
<?xml-model href="http://www.tei-c.org/release/xml/tei/custom/schema/relaxng/tei_all.rng" type="application/xml" schematypens="http://relaxng.org/ns/structure/1.0"?>
<?xml-model href="http://www.tei-c.org/release/xml/tei/custom/schema/relaxng/tei_all.rng" type="application/xml"
	schematypens="http://purl.oclc.org/dsdl/schematron"?>
<TEI xmlns="http://www.tei-c.org/ns/1.0">
   <teiHeader>
      <fileDesc>
         <titleStmt>
            <title>LMW Day Book, pp. 183-184</title>
            <author>L.M. Wheaton</author>
         </titleStmt>
         <publicationStmt>
            <p>Indication of work done and date, Wheaton College</p>
         </publicationStmt>
         <sourceDesc>
            <biblFull>
               <titleStmt>
                  <title>Account Books, pp.183-184</title>
                  <author>L.M. Wheaton</author>
                  <respStmt>
                     <resp> TEI-compatible XML markup by <name type="person">Tyana Craig</name> with
                        corrections by <name type="person">Name</name>, <name type="person"
                           >Name</name>, and <name type="person">Name</name>.</resp>
                     <name type="person">Name</name>
                  </respStmt>
               </titleStmt>
               <publicationStmt>
                  <p>Indication of work done and date 06/08/16, Wheaton College</p>
               </publicationStmt>
               <sourceDesc>
                  <p> From the Marion B. Gebbie Archives and Special Collections at the Madeleine
                     Clark Wallace Library, Wheaton College </p>
               </sourceDesc>
            </biblFull>
         </sourceDesc>
      </fileDesc>
   </teiHeader>
   <text>
      <body>
         <pb n="183"/>
         <fw type="pageNum">183</fw>
         <table xml:id="p183" cols="6">
            <head>Wednesday <date when="1843-12-08">Nov. 8 1843</date></head>
            <row xml:id="p183_01">
               <cell/>
               <cell/>
               <cell/>
               <cell/>
               <cell/>
               <cell/>
            </row>
            <row xml:id="p183_02">
               <cell>514</cell>
               <cell><name type="person" ref="v">Henry M. Paine</name>
                  <choice rend="align(right)">
                     <abbr>Dr</abbr>
                     <expan>debtor</expan>
                  </choice></cell>
               <cell/>
               <cell/>
               <cell/>
               <cell/>
            </row>
            <row xml:id="p183_03">
               <cell/>
               <cell>
                  To <measure commodity="Beef" quantity="210" unit="pounds">210 lb. Beef </measure> $4.75 pr unit. dld.
               </cell>
               <cell>
                  <measure commodity="currency" quantity="9" unit="dollars">9</measure>
               </cell>
               <cell>
                  <measure commodity="currency" quantity="97" unit="cents">97</measure>
               </cell>
               <cell/>
               <cell/>
            </row>
            <row xml:id="p183_04">
               <cell/>
               <cell>by <name type="person" ref="WCDH_514">L. Perry</name></cell>
               <cell/>
               <cell/>
               <cell/>
               <cell/>
            </row>
            <row xml:id="p183_05">
               <cell/>
               <cell>
                  <date when="1843-11-09">9</date>
               </cell>
               <cell/>
               <cell/>
               <cell/>
               <cell/>
            </row>
            <row xml:id="p183_06">
               <cell/>
               <cell><name type="person" ref="v">L. Wheaton</name>
                  <choice rend="align(right)">
                     <abbr>D</abbr>
                     <expan>debtor</expan>
                  </choice></cell>
               <cell/>
               <cell/>
               <cell/>
               <cell/>
            </row>
            <row xml:id="p183_07">
               <cell/>
               <cell>
                  To <measure commodity="Beef" quantity="183" unit="pounds">183 lb. Beef </measure>$5.00
               </cell>
               <cell>
                  <measure commodity="currency" quantity="10" unit="dollars">10</measure>
               </cell>
               <cell>
                  <measure commodity="currency" quantity="25" unit="cents">25</measure>
               </cell>
               <cell/>
               <cell/>
            </row>
            <row xml:id="p183_08">
               <cell/>
               <cell>
                  <date when="1843-11-10">10</date>
               </cell>
               <cell/>
               <cell/>
               <cell/>
               <cell/>
            </row>
            <row xml:id="p183_09">
               <cell>388</cell>
               <cell><name type="person" ref="v">Jason Reed</name>
                  <choice rend="align(right)">
                     <abbr>D</abbr>
                     <expan>debtor</expan>
                  </choice></cell>
               <cell/>
               <cell/>
               <cell/>
               <cell/>
            </row>
            <row xml:id="p183_10">
               <cell/>
               <cell>
                  To <measure commodity="sawed oakTimber" quantity="1" unit="stick">1 Stick sawed oak Timber</measure></cell>
               <cell/>
               <cell>
                  <measure commodity="currency" quantity="37" unit="cents">37</measure>
               </cell>
               <cell/>
               <cell/>
            </row>
            <row xml:id="p183_11">
               <cell/>
               <cell>
                  <date when="1843-11-17">17</date>
               </cell>
               <cell/>
               <cell/>
               <cell/>
               <cell/>
            </row>
            <row xml:id="p183_12">
               <cell>511</cell>
               <cell><name type="person" ref="v">Otis Blandin</name>
                  <choice rend="align(right)">
                     <abbr>Dr</abbr>
                     <expan>debtor</expan>
                  </choice></cell>
               <cell/>
               <cell/>
               <cell/>
               <cell/>
            </row>
            <row xml:id="p183_13">
               <cell/>
               <cell>
                  To <measure commodity="Lard" quantity="3.56" unit="pounds"> 3lbs 9 oz Lard </measure>.10x 
               </cell>
               <cell/>
               <cell>
                  <measure commodity="currency" quantity="36" unit="cents">36</measure>
               </cell>
               <cell/>
               <cell/>
            </row>
            <row xml:id="p183_14">
               <cell/>
               <cell>
                  <date when="1843-11-18">18</date>
               </cell>
               <cell/>
               <cell/>
               <cell/>
               <cell/>
            </row>
            <row xml:id="p183_15">
               <cell>Settled</cell>
               <cell><name type="person" ref="v">Westly Filebrown</name>
                  <choice rend="align(right)">
                     <abbr>D</abbr>
                     <expan>debtor</expan>
                  </choice></cell>
               <cell/>
               <cell/>
               <cell/>
               <cell/>
            </row>
            <row xml:id="p183_16">
               <cell/>
               <cell>
                  To <name type="account" ref="LMWcash">cash</name> 12/
               </cell>
               <cell>
                  <measure commodity="currency" quantity="2" unit="dollars">2</measure>
               </cell>
               <cell>
                  <measure commodity="currency" quantity="00" unit="cents">00</measure>
               </cell>
               <cell/>
               <cell/>
            </row>
            <row xml:id="p183_17">
               <cell/>
               <cell/>
               <cell/>
               <cell/>
               <cell/>
               <cell/>
            </row>
            <row xml:id="p183_18">
               <cell>523</cell>
               <cell><name type="person" ref="v">Frank Dowler</name>
                  <choice rend="align(right)">
                     <abbr>D</abbr>
                     <expan>debtor</expan>
                  </choice></cell>
               <cell/>
               <cell/>
               <cell/>
               <cell/>
            </row>
            <row xml:id="p183_19">
               <cell/>
               <cell>
                  To <name type="account" ref="LMWcash"> cash</name> 6/
               </cell>
               <cell>
                  <measure commodity="currency" quantity="1" unit="dollars">1</measure>
               </cell>
               <cell>
                  <measure commodity="currency" quantity="00" unit="cents">00</measure>
               </cell>
               <cell/>
               <cell/>
            </row>
            <row xml:id="p183_20">
               <cell/>
               <cell>
                  <date when="1843-12-08">Dec. 8</date>
               </cell>
               <cell/>
               <cell/>
               <cell/>
               <cell/>
            </row>
            <row xml:id="p183_21">
               <cell>522</cell>
               <cell><name type="person" ref="v">Stephen Bailey</name>
                  <choice rend="align(right)">
                     <abbr>D</abbr>
                     <expan>debtor</expan>
                  </choice></cell>
               <cell/>
               <cell/>
               <cell/>
               <cell/>
            </row>
            <row xml:id="p183_22">
               <cell/>
               <cell>
                  To <measure commodity="Corn" quantity="1" unit="bushel">one Buss. Corn </measure> 4/
               </cell>
               <cell/>
               <cell>
                  <measure commodity="currency" quantity="70" unit="cents">70</measure>
               </cell>
               <cell/>
               <cell/>
            </row>
            <row xml:id="p183_23">
               <cell/>
               <cell>
                  <date when="1843-12-11">11</date>
               </cell>
               <cell/>
               <cell/>
               <cell/>
               <cell/>
            </row>
            <row xml:id="p183_24">
               <cell>Settled</cell>
               <cell><name type="person" ref="v">Linus Howard</name>
                  <choice rend="align(right)">
                     <abbr>Dr</abbr>
                     <expan>debtor</expan>
                  </choice></cell>
               <cell/>
               <cell/>
               <cell/>
               <cell/>
            </row>
            <row xml:id="p183_25">
               <cell/>
               <cell>
                  To <measure commodity="Squashes" quantity="25" unit="pound">25 lb Squashes</measure> 
               </cell>
               <cell/>
               <cell/>
               <cell/>
               <cell/>
            </row>
            <row xml:id="p183_26">
               <cell/>
               <cell/>
               <cell/>
               <cell/>
               <cell/>
               <cell/>
            </row>
            <row xml:id="p183_27">
               <cell>524</cell>
               <cell><name type="person" ref="v">George W. Braman</name>
                  <choice rend="align(right)">
                     <abbr>D</abbr>
                     <expan>debtor</expan>
                  </choice></cell>
               <cell/>
               <cell/>
               <cell/>
               <cell/>
            </row>
            <row xml:id="p183_28">
               <cell/>
               <cell>
                  To <measure commodity="use of Land"> use of Land</measure>, damage
               </cell>
               <cell>
                  <measure commodity="currency" quantity="20" unit="dollars">20</measure>
               </cell>
               <cell>
                  <measure commodity="currency" quantity="00" unit="cents">00</measure>
               </cell>
               <cell/>
               <cell/>
            </row>
            <row xml:id="p183_29">
               <cell/>
               <cell>
                  <measure commodity="damaged Stones">Stones sold off &amp;c.</measure>
               </cell>
               <cell/>
               <cell/>
               <cell/>
               <cell/>
            </row>
            <row xml:id="p183_30">
               <cell/>
               <cell>
                  <date when="1843-12-25">25</date>
               </cell>
               <cell/>
               <cell/>
               <cell/>
               <cell/>
            </row>
            <row xml:id="p183_31">
               <cell>523</cell>
               <cell><name type="person" ref="v">Frank Dowler</name>
                  <choice rend="align(right)">
                     <abbr>D</abbr>
                     <expan>debtor</expan>
                  </choice></cell>
               <cell/>
               <cell/>
               <cell/>
               <cell/>
            </row>
            <row xml:id="p183_32">
               <cell/>
               <cell>
                  To <name type="account" ref="LMWcash">cash for Christmas </name> 12/
               </cell>
               <cell>
                  <measure commodity="currency" quantity="2" unit="dollars">2</measure>
               </cell>
               <cell>
                  <measure commodity="currency" quantity="00" unit="cents">00</measure>
               </cell>
               <cell/>
               <cell/>
            </row>
            <row xml:id="p183_33">
               <cell/>
               <cell/>
               <cell/>
               <cell/>
               <cell/>
               <cell/>
            </row>
            <row xml:id="p183_34">
               <cell>388</cell>
               <cell><name type="person" ref="v">Jason Reed</name>
                  <choice rend="align(right)">
                     <abbr>D</abbr>
                     <expan>debtor</expan>
                  </choice></cell>
               <cell/>
               <cell/>
               <cell/>
               <cell/>
            </row>
            <row xml:id="p183_35">
               <cell/>
               <cell>
                  To <measure commodity="Box Stove" quantity="1" unit="count">Box Stove </measure>
                  &amp; <measure commodity="funnel" quantity="1" unit="count">funnel </measure>18/
               </cell>
               <cell>
                  <measure commodity="currency" quantity="3" unit="dollars">3</measure>
               </cell>
               <cell>
                  <measure commodity="currency" quantity="00" unit="cents">00</measure>
               </cell>
               <cell/>
               <cell/>
            </row>
            <row xml:id="p183_36">
               <cell/>
               <cell>
                  <date when="1843-12-28">28</date>
               </cell>
               <cell/>
               <cell/>
               <cell/>
               <cell/>
            </row>
            <row xml:id="p183_37">
               <cell>Settled</cell>
               <cell><name type="person" ref="v">Westley Brown</name>
                  <choice rend="align(right)">
                     <abbr>D</abbr>
                     <expan>debtor</expan>
                  </choice></cell>
               <cell/>
               <cell/>
               <cell/>
               <cell/>
            </row>
            <row xml:id="p183_38">
               <cell/>
               <cell>
                  To <name type="account" ref="LMWcash">cash</name> 3/
               </cell>
               <cell/>
               <cell>
                  <measure commodity="currency" quantity="50" unit="cents">50</measure>
               </cell>
               <cell/>
               <cell/>
            </row>
            <row xml:id="p183_39">
               <cell/>
               <cell/>
               <cell/>
               <cell/>
               <cell/>
               <cell/>
            </row>
            <row xml:id="p183_40">
               <cell>Settled</cell>
               <cell><name type="person" ref="v">Linus Howard</name>
                  <choice rend="align(right)">
                     <abbr>Dr</abbr>
                     <expan>debtor</expan>
                  </choice></cell>
               <cell/>
               <cell/>
               <cell/>
               <cell/>
            </row>
            <row xml:id="p183_41">
               <cell/>
               <cell>
                  To <measure commodity="Squashes" quantity="20.5" unit="pounds">20 1/2 lbs Squashes</measure>
               </cell>
               <cell/>
               <cell/>
               <cell/>
               <cell/>
            </row>
            <row xml:id="p183_42">
               <cell/>
               <cell>
                  To <measure commodity="Squashes" quantity="20.5" unit="pounds">"  " in Oct.</measure>
               </cell>
               <cell/>
               <cell/>
               <cell/>
               <cell/>
            </row>
            <row xml:id="p183_43">
               <cell/>
               <cell/>
               <cell/>
               <cell/>
               <cell/>
               <cell/>
            </row>
            <row xml:id="p183_44">
               <cell>523</cell>
               <cell><name type="person" ref="v">Frank Dunaho</name>
                  <choice rend="align(right)">
                     <abbr>D</abbr>
                     <expan>debtor</expan>
                  </choice></cell>
               <cell/>
               <cell/>
               <cell/>
               <cell/>
            </row>
            <row xml:id="p183_45">
               <cell/>
               <cell>
                  To <name type="account" ref="LMWcash">Cash $9.00 to go to Taunton</name>
               </cell>
               <cell>
                  <measure commodity="currency" quantity="9" unit="dollars">9</measure>
               </cell>
               <cell>
                  <measure commodity="currency" quantity="00" unit="cents">00</measure>
               </cell>
               <cell/>
               <cell/>
            </row>
            <row xml:id="p183_46">
               <cell/>
               <cell>
                  <date when="1844-01-15">Jany 15th 1844</date>
               </cell>
               <cell/>
               <cell/>
               <cell/>
               <cell/>
            </row>
            <row xml:id="p183_47">
               <cell>524</cell>
               <cell><name type="person" ref="v">Geo Braman</name>
                  <choice rend="align(right)">
                     <abbr>D</abbr>
                     <expan>debtor</expan>
                  </choice></cell>
               <cell/>
               <cell/>
               <cell/>
               <cell/>
            </row>
            <row xml:id="p183_48">
               <cell/>
               <cell>
                  To <name type="account" ref="LMWcash">cash </name>18/
               </cell>
               <cell>
                  <measure commodity="currency" quantity="3" unit="dollars">3</measure>
               </cell>
               <cell>
                  <measure commodity="currency" quantity="00" unit="cents">00</measure>
               </cell>
               <cell/>
               <cell/>
            </row>
            <row xml:id="p183_49">
               <cell/>
               <cell/>
               <cell/>
               <cell/>
               <cell/>
               <cell/>
            </row>
            <row xml:id="p183_50">
               <cell>523</cell>
               <cell><name type="person" ref="v">Frank Dunaho</name>
                  <choice rend="align(right)">
                     <abbr>Dr</abbr>
                     <expan>debtor</expan>
                  </choice></cell>
               <cell/>
               <cell/>
               <cell/>
               <cell/>
            </row>
            <row xml:id="p183_51">
               <cell/>
               <cell>
                  To <measure commodity="Shirting" quantity="7" unit="yards">7 Yds. Shirting </measure> 8c
               </cell>
               <cell/>
               <cell>
                  <measure commodity="currency" quantity="56" unit="cents">56</measure>
               </cell>
               <cell/>
               <cell/>
            </row>
            <row xml:id="p183_52">
               <cell/>
               <cell/>
               <cell/>
               <cell/>
               <cell/>
               <cell/>
            </row>
            <row xml:id="p183_53">
               <cell>Settled</cell>
               <cell><name type="person" ref="v">Mary A. Wrigley</name>
                  <choice rend="align(right)">
                     <abbr>D</abbr>
                     <expan>debtor</expan>
                  </choice></cell>
               <cell/>
               <cell/>
               <cell/>
               <cell/>
            </row>
            <row xml:id="p183_54">
               <cell/>
               <cell>
                  To <measure commodity="Quilt" quantity="1" unit="count">1 Quilt </measure> 18/
               </cell>
               <cell>
                  <measure commodity="currency" quantity="3" unit="dollars">3</measure>
               </cell>
               <cell>
                  <measure commodity="currency" quantity="00" unit="cents">00</measure>
               </cell>
               <cell/>
               <cell/>
            </row>
            <row xml:id="p183_55">
               <cell/>
               <cell>
                  " <measure commodity="Bed Ticking" quantity="12" unit="yards">12 Yds Bed Ticking </measure>1/
               </cell>
               <cell>
                  <measure commodity="currency" quantity="2" unit="dollars">2</measure>
               </cell>
               <cell>
                  <measure commodity="currency" quantity="00" unit="cents">00</measure>
               </cell>
               <cell/>
               <cell/>
            </row>
            <row xml:id="p183_56">
               <cell/>
               <cell>
                  <measure commodity="Cotton" quantity="1" unit="piece">1 pc. Cotton</measure> /9 23 3/4 Yds
               </cell>
               <cell>
                  <measure commodity="currency" quantity="2" unit="dollars">2</measure>
               </cell>
               <cell>
                  <measure commodity="currency" quantity="97" unit="cents">97</measure>
               </cell>
               <cell/>
               <cell/>
            </row>
            <row xml:id="p183_57">
               <cell/>
               <cell>
                  <measure commodity="Cambrie" quantity="5" unit="yards">5 Yds Cambrie </measure>1/6
               </cell>
               <cell>
                  <measure commodity="currency" quantity="1" unit="dollars">1</measure>
               </cell>
               <cell>
                  <measure commodity="currency" quantity="25" unit="cents">25</measure>
               </cell>
               <cell/>
               <cell/>
            </row>
            <row xml:id="p183_58">
               <cell/>
               <cell>
                  4 Linen Hkfs.
               </cell>
               <cell/>
               <cell>
                  <measure commodity="currency" quantity="83" unit="cents">83</measure>
               </cell>
               <cell>
                  <measure commodity="currency" quantity="10" unit="dollars">10</measure>
               </cell>
               <cell>
                  <measure commodity="currency" quantity="05" unit="cents">05</measure>
               </cell>
            </row>
            <row xml:id="p183_59">
               <cell/>
               <cell/>
               <cell/>
               <cell/>
               <cell/>
               <cell/>
            </row>
            <row xml:id="p183_60">
               <cell>524</cell>
               <cell><name type="person" ref="v">George Braman</name>
                  <choice rend="align(right)">
                     <abbr>D</abbr>
                     <expan>debtor</expan>
                  </choice></cell>
               <cell/>
               <cell/>
               <cell/>
               <cell/>
            </row>
            <row xml:id="p183_61">
               <cell/>
               <cell>
                  To <name type="account" ref="LMWcash">pd. Zekil Smith</name> 
               </cell>
               <cell>
                  <measure commodity="currency" quantity="25" unit="dollars">25</measure>
               </cell>
               <cell>
                  <measure commodity="currency" quantity="00" unit="cents">00</measure>
               </cell>
               <cell/>
               <cell/>
            </row>
            <row xml:id="p183_62">
               <cell/>
               <cell>
                  <choice rend="align(right)">
                     <abbr>Cr</abbr>
                     <expan>credit</expan>
                  </choice></cell>
               <cell/>
               <cell/>
               <cell/>
               <cell/>
            </row>
            <row xml:id="p183_63">
               <cell/>
               <cell>
                  By <measure commodity="Labor">work at Doct. Morey Place</measure>
               </cell>
               <cell>
                  <measure commodity="currency" quantity="25" unit="dollars">25</measure>
               </cell>
               <cell>
                  <measure commodity="currency" quantity="00" unit="cents">00</measure>
               </cell>
               <cell/>
               <cell/>
            </row>
            <row xml:id="p183_64">
               <cell/>
               <cell/>
               <cell/>
               <cell/>
               <cell/>
               <cell/>
            </row>
         </table>
         <pb n="184"/>
         <fw type="pageNum">184</fw>
         <table xml:id="p184" cols="6">
            <head>Tuesday <date when="1844-01-23">Jany 23rd 1844</date></head>
            <row xml:id="p184_01">
               <cell/>
               <cell/>
               <cell>$</cell>
               <cell>cts.</cell>
               <cell>$</cell>
               <cell>cts.</cell>
            </row>
            <row xml:id="p184_02">
               <cell>523</cell>
               <cell><name type="person" ref="v">Frank Denahue</name>
                  <choice rend="align(right)">
                     <abbr>D</abbr>
                     <expan>debtor</expan>
                  </choice></cell>
               <cell/>
               <cell/>
               <cell/>
               <cell/>
            </row>
            <row xml:id="p184_03">
               <cell/>
               <cell>
                  To <name type="account" ref="LMWcash">cash </name> 18/
               </cell>
               <cell>
                  <measure commodity="currency" quantity="3" unit="dollars">3</measure>
               </cell>
               <cell>
                  <measure commodity="currency" quantity="00" unit="cents">00</measure>
               </cell>
               <cell/>
               <cell/>
            </row>
            <row xml:id="p184_04">
               <cell/>
               <cell>
                  " <name type="account" ref="LMWcash"> Cash " Ten Do.</name>
               </cell>
               <cell>
                  <measure commodity="currency" quantity="10" unit="dollars">10</measure>
               </cell>
               <cell>
                  <measure commodity="currency" quantity="00" unit="cents">00</measure>
               </cell>
               <cell>
                  <measure commodity="currency" quantity="13" unit="dollars">13</measure>
               </cell>
               <cell>
                  <measure commodity="currency" quantity="00" unit="cents">00</measure>
               </cell>
            </row>
            <row xml:id="p184_05">
               <cell/>
               <cell/>
               <cell/>
               <cell/>
               <cell/>
               <cell/>
            </row>
            <row xml:id="p184_06">
               <cell>See Bill</cell>
               <cell><name type="person" ref="v">Henry S. Freeman</name>
                  <choice rend="align(right)">
                     <abbr>D</abbr>
                     <expan>debtor</expan>
                  </choice></cell>
               <cell/>
               <cell/>
               <cell/>
               <cell/>
            </row>
            <row xml:id="p184_07">
               <cell/>
               <cell>
                  To <name type="account" ref="LMWcash">Tax for year 1843</name> 
               </cell>
               <cell>
                  <measure commodity="currency" quantity="3" unit="dollars">3</measure>
               </cell>
               <cell>
                  <measure commodity="currency" quantity="00" unit="cents">00</measure>
               </cell>
               <cell/>
               <cell/>
            </row>
            <row xml:id="p184_08">
               <cell/>
               <cell/>
               <cell/>
               <cell/>
               <cell/>
               <cell/>
            </row>
            <row xml:id="p184_09">
               <cell/>
               <cell><name type="person" ref="v">Oliver S. Titus</name>
                  <choice rend="align(right)">
                     <abbr>D</abbr>
                     <expan>debtor</expan>
                  </choice></cell>
               <cell/>
               <cell/>
               <cell/>
               <cell/>
            </row>
            <row xml:id="p184_10">
               <cell/>
               <cell>
                  To <name type="account" ref="LMWcash">Tax on House + farm for 1843</name>
               </cell>
               <cell>
                  <measure commodity="currency" quantity="1" unit="dollars">1</measure>
               </cell>
               <cell>
                  <measure commodity="currency" quantity="80" unit="cents">80</measure>
               </cell>
               <cell/>
               <cell/>
            </row>
            <row xml:id="p184_11">
               <cell/>
               <cell>
                  <date when="1844-01-27">27</date>
               </cell>
               <cell/>
               <cell/>
               <cell/>
               <cell/>
            </row>
            <row xml:id="p184_12">
               <cell>Receipt given for this</cell>
               <cell><name type="person" ref="v">Geo. W. Braman</name>
                  <choice rend="align(right)">
                     <abbr>D</abbr>
                     <expan>debtor</expan>
                  </choice></cell>
               <cell/>
               <cell/>
               <cell/>
               <cell/>
            </row>
            <row xml:id="p184_13">
               <cell/>
               <cell>
                  To <name type="account" ref="LMWcash">cash lent at Auction</name> 12/
               </cell>
               <cell>
                  <measure commodity="currency" quantity="2" unit="dollars">2</measure>
               </cell>
               <cell>
                  <measure commodity="currency" quantity="00" unit="cents">00</measure>
               </cell>
               <cell/>
               <cell/>
            </row>
            <row xml:id="p184_14">
               <cell/>
               <cell>
                  " <measure commodity="Box Stove" quantity="1" unit="count">Box Stove bot. at Auction</measure>
               </cell>
               <cell>
                  <measure commodity="currency" quantity="1" unit="dollars">1</measure>
               </cell>
               <cell>
                  <measure commodity="currency" quantity="00" unit="cents">00</measure>
               </cell>
               <cell>
                  <measure commodity="currency" quantity="3" unit="dollars">3</measure>
               </cell>
               <cell>
                  <measure commodity="currency" quantity="00" unit="cents">00</measure>
               </cell>
            </row>
            <row xml:id="p184_15">
               <cell/>
               <cell>
                  <date when="1844-02-17">Feb. 17th</date>
               </cell>
               <cell/>
               <cell/>
               <cell/>
               <cell/>
            </row>
            <row xml:id="p184_16">
               <cell>523</cell>
               <cell><name type="person" ref="v">Frank Dunahoe</name>
                  <choice rend="align(right)">
                     <abbr>D</abbr>
                     <expan>debtor</expan>
                  </choice></cell>
               <cell/>
               <cell/>
               <cell/>
               <cell/>
            </row>
            <row xml:id="p184_17">
               <cell/>
               <cell>
                  To <name type="account" ref="LMWcash">cash </name>6/
               </cell>
               <cell>
                  <measure commodity="currency" quantity="1" unit="dollars">1</measure>
               </cell>
               <cell>
                  <measure commodity="currency" quantity="00" unit="cents">00</measure>
               </cell>
               <cell/>
               <cell/>
            </row>
            <row xml:id="p184_18">
               <cell/>
               <cell>
                  <date when="1844-02-23">23</date>
               </cell>
               <cell/>
               <cell/>
               <cell/>
               <cell/>
            </row>
            <row xml:id="p184_19">
               <cell/>
               <cell><name type="person" ref="v">Jas Wrigley</name>
                  <choice rend="align(right)">
                     <abbr>D</abbr>
                     <expan>debtor</expan>
                  </choice></cell>
               <cell/>
               <cell/>
               <cell/>
               <cell/>
            </row>
            <row xml:id="p184_20">
               <cell/>
               <cell>
                  To <measure commodity="Corn" quantity="1" unit="bushel">one Buss. Corn</measure> 6/
               </cell>
               <cell>
                  <measure commodity="currency" quantity="1" unit="dollars">1</measure>
               </cell>
               <cell>
                  <measure commodity="currency" quantity="00" unit="cents">00</measure>
               </cell>
               <cell/>
               <cell/>
            </row>
            <row xml:id="p184_21">
               <cell/>
               <cell>
                  <date when="1844-02-24">24</date>
               </cell>
               <cell/>
               <cell/>
               <cell/>
               <cell/>
            </row>
            <row xml:id="p184_22">
               <cell>523</cell>
               <cell><name type="person" ref="v">Frank Dunaho</name>
                  <choice rend="align(right)">
                     <abbr>Dr</abbr>
                     <expan>debtor</expan>
                  </choice></cell>
               <cell/>
               <cell/>
               <cell/>
               <cell/>
            </row>
            <row xml:id="p184_23">
               <cell/>
               <cell>
                  To <name type="account" ref="LMWcash">cash fr Umbrella</name> 4/6
               </cell>
               <cell/>
               <cell>
                  <measure commodity="currency" quantity="75" unit="cents">75</measure>
               </cell>
               <cell/>
               <cell/>
            </row>
            <row xml:id="p184_24">
               <cell/>
               <cell>
                  <date when="1844-02-28">28</date>
               </cell>
               <cell/>
               <cell/>
               <cell/>
               <cell/>
            </row>
            <row xml:id="p184_25">
               <cell>517</cell>
               <cell><name type="person" ref="v">Mary A. Wrigley</name>
                  <choice rend="align(right)">
                     <abbr>Dr</abbr>
                     <expan>debtor</expan>
                  </choice></cell>
               <cell/>
               <cell/>
               <cell/>
               <cell/>
            </row>
            <row xml:id="p184_26">
               <cell/>
               <cell>
                  To <name type="account" ref="LMWcash">cash twenty five Dollars</name>
               </cell>
               <cell>
                  <measure commodity="currency" quantity="25" unit="dollars">25</measure>
               </cell>
               <cell>
                  <measure commodity="currency" quantity="00" unit="cents">00</measure>
               </cell>
               <cell/>
               <cell/>
            </row>
            <row xml:id="p184_27">
               <cell/>
               <cell>
                  " <name type="account" ref="LMWcash">"</name> for <!--Fare Pattack--> to fr. Boston
               </cell>
               <cell>
                  <measure commodity="currency" quantity="2" unit="dollars">2</measure>
               </cell>
               <cell>
                  <measure commodity="currency" quantity="25" unit="cents">25</measure>
               </cell>
               <cell/>
               <cell/>
            </row>
            <row xml:id="p184_28">
               <cell/>
               <cell>
                  " " <name type="account" ref="LMWcash">"</name> Shoes, gimp, cord, +c
               </cell>
               <cell>
                  <measure commodity="currency" quantity="1" unit="dollars">1</measure>
               </cell>
               <cell>
                  <measure commodity="currency" quantity="27" unit="cents">27</measure>
               </cell>
               <cell>
                  <measure commodity="currency" quantity="28" unit="dollars">28</measure>
               </cell>
               <cell>
                  <measure commodity="currency" quantity="52" unit="cents">52</measure>
               </cell>
            </row>
            <row xml:id="p184_29">
               <cell/>
               <cell/>
               <cell/>
               <cell/>
               <cell/>
               <cell/>
            </row>
            <row xml:id="p184_30">
               <cell>524</cell>
               <cell><name type="person" ref="v">Geo. Braman</name>
                  <choice rend="align(right)">
                     <abbr>Cr</abbr>
                     <expan>credit</expan>
                  </choice></cell>
               <cell/>
               <cell/>
               <cell/>
               <cell/>
            </row>
            <row xml:id="p184_31">
               <cell/>
               <cell>
                  By <measure commodity="Plank" quantity="50" unit="feet">50 ft. Plank </measure>Nov. 20th 80x
               </cell>
               <cell/>
               <cell/>
               <cell/>
               <cell/>
            </row>
            <row xml:id="p184_32">
               <cell/>
               <cell>
                  " <measure commodity="Plank" quantity="12" unit="feet"> 12ft.</measure> Dec. 12th 1843 36
               </cell>
               <cell>
                  <measure commodity="currency" quantity="1" unit="dollars">1</measure>
               </cell>
               <cell>
                  <measure commodity="currency" quantity="16" unit="cents">16</measure>
               </cell>
               <cell/>
               <cell/>
            </row>
            <row xml:id="p184_33">
               <cell/>
               <cell><choice rend="align(right)">
                     <abbr>D</abbr>
                     <expan>debtor</expan>
                  </choice></cell>
               <cell/>
               <cell/>
               <cell/>
               <cell/>
            </row>
            <row xml:id="p184_34">
               <cell>524</cell>
               <cell>
                  To <measure commodity="Timber"> Timber</measure> April 20th 1843
               </cell>
               <cell/>
               <cell>
                  <measure commodity="currency" quantity="50" unit="cents">50</measure>
               </cell>
               <cell>
                  <measure commodity="currency" quantity="1" unit="dollars">1</measure>
               </cell>
               <cell>
                  <measure commodity="currency" quantity="66" unit="cents">66</measure>
               </cell>
            </row>
            <row xml:id="p184_35">
               <cell/>
               <cell>"</cell>
               <cell/>
               <cell/>
               <cell/>
               <cell/>
            </row>
            <row xml:id="p184_36">
               <cell>517</cell>
               <cell><name type="person" ref="v">Mary A. Wrigley</name>
                  <choice rend="align(right)">
                     <abbr>D</abbr>
                     <expan>debtor</expan>
                  </choice></cell>
               <cell/>
               <cell/>
               <cell/>
               <cell/>
            </row>
            <row xml:id="p184_37">
               <cell/>
               <cell>
                  To <measure commodity="Laps" quantity="14" unit="pounds"> 14lbs of <!--Laps--> of W Barrows</measure>
               </cell>
               <cell>
                  <measure commodity="currency" quantity="1" unit="dollars">1</measure>
               </cell>
               <cell>
                  <measure commodity="currency" quantity="40" unit="cents">40</measure>
               </cell>
               <cell/>
               <cell/>
            </row>
            <row xml:id="p184_38">
               <cell/>
               <cell>
                  <date when="1844-03-06">March 6th</date>
               </cell>
               <cell/>
               <cell/>
               <cell/>
               <cell/>
            </row>
            <row xml:id="p184_39">
               <cell>524</cell>
               <cell><name type="person" ref="v">George W. Braman</name>
                  <choice rend="align(right)">
                     <abbr>D</abbr>
                     <expan>debtor</expan>
                  </choice></cell>
               <cell/>
               <cell/>
               <cell/>
               <cell/>
            </row>
            <row xml:id="p184_40">
               <cell/>
               <cell>
                  To <name type="account" ref="LMWcash">cash towards shed </name>30/
               </cell>
               <cell>
                  <measure commodity="currency" quantity="5" unit="dollars">5</measure>
               </cell>
               <cell>
                  <measure commodity="currency" quantity="00" unit="dollars">00</measure>
               </cell>
               <cell/>
               <cell/>
            </row>
            <row xml:id="p184_41">
               <cell/>
               <cell>
                  <date when="1844-03-13">13</date>
               </cell>
               <cell/>
               <cell/>
               <cell/>
               <cell/>
            </row>
            <row xml:id="p184_42">
               <cell>524</cell>
               <cell><name type="person" ref="v">Geo. W Braman</name>
                  <choice rend="align(right)">
                     <abbr>D</abbr>
                     <expan>debtor</expan>
                  </choice></cell>
               <cell/>
               <cell/>
               <cell/>
               <cell/>
            </row>
            <row xml:id="p184_43">
               <cell/>
               <cell>
                  To <name type="account" ref="LMWcash">cash</name> $12 00
               </cell>
               <cell>
                  <measure commodity="currency" quantity="12" unit="dollars">12</measure>
               </cell>
               <cell>
                  <measure commodity="currency" quantity="00" unit="cents">00</measure>
               </cell>
               <cell/>
               <cell/>
            </row>
            <row xml:id="p184_44">
               <cell/>
               <cell>
                  <date when="1844-03-23">23</date>
               </cell>
               <cell/>
               <cell/>
               <cell/>
               <cell/>
            </row>
            <row xml:id="p184_45">
               <cell>Settled</cell>
               <cell><name type="person" ref="v">Linus Howard</name>
                  <choice rend="align(right)">
                     <abbr>D</abbr>
                     <expan>debtor</expan>
                  </choice></cell>
               <cell/>
               <cell/>
               <cell/>
               <cell/>
            </row>
            <row xml:id="p184_46">
               <cell/>
               <cell>
                  To 8ft - 2inch eight ft &amp; 6 inch &amp; 8 ft 2in of
               </cell>
               <cell/>
               <cell/>
               <cell/>
               <cell/>
            </row>
            <row xml:id="p184_47">
               <cell/>
               <cell>
                  <measure commodity="hard wood" quantity="10.83" unit="feet">hard wood</measure>, amounting in the whole
               </cell>
               <cell/>
               <cell/>
               <cell/>
               <cell/>
            </row>
            <row xml:id="p184_48">
               <cell/>
               <cell>
                  to 24 ft. 10 inch at $3-75 pr cord
               </cell>
               <cell>
                  <measure commodity="currency" quantity="11" unit="dollars">11</measure>
               </cell>
               <cell>
                  <measure commodity="currency" quantity="65" unit="cents">65</measure>
               </cell>
               <cell/>
               <cell/>
            </row>
            <row xml:id="p184_49">
               <cell/>
               <cell>
                  <date when="1844-03-28">28</date>
               </cell>
               <cell/>
               <cell/>
               <cell/>
               <cell/>
            </row>
            <row xml:id="p184_50">
               <cell>517</cell>
               <cell><name type="person" ref="v">Mary A. Wrigley</name>
                  <choice rend="align(right)">
                     <abbr>Dr</abbr>
                     <expan>debtor</expan>
                  </choice></cell>
               <cell/>
               <cell/>
               <cell/>
               <cell/>
            </row>
            <row xml:id="p184_51">
               <cell/>
               <cell>
                  To <name type="account" ref="LMWcash">cash fr Bonnet, Box + Cravat</name> 
               </cell>
               <cell>
                  <measure commodity="currency" quantity="5" unit="dollars">5</measure>
               </cell>
               <cell>
                  <measure commodity="currency" quantity="00" unit="cents">00</measure>
               </cell>
               <cell/>
               <cell/>
            </row>
            <row xml:id="p184_52">
               <cell/>
               <cell/>
               <cell/>
               <cell/>
               <cell/>
               <cell/>
            </row>
            <row xml:id="p184_53">
               <cell/>
               <cell>
                  <date when="1844-04-01">April 1st 1844</date>
               </cell>
               <cell/>
               <cell/>
               <cell/>
               <cell/>
            </row>
            <row xml:id="p184_54">
               <cell>388</cell>
               <cell><name type="person" ref="v">Jason Reed</name>
                  <choice rend="align(right)">
                     <abbr>D</abbr>
                     <expan>debtor</expan>
                  </choice></cell>
               <cell/>
               <cell/>
               <cell/>
               <cell/>
            </row>
            <row xml:id="p184_55">
               <cell/>
               <cell>
                  To <measure commodity="rent" quantity="61" unit="days">rent to March 31st</measure>
               </cell>
               <cell>
                  <measure commodity="currency" quantity="60" unit="dollars">60</measure>
               </cell>
               <cell>
                  <measure commodity="currency" quantity="00" unit="cents">00</measure>
               </cell>
               <cell/>
               <cell/>
            </row>
            <row xml:id="p184_56">
               <cell/>
               <cell>
                  <date when="1844-04-02">2</date>
               </cell>
               <cell/>
               <cell/>
               <cell/>
               <cell/>
            </row>
            <row xml:id="p184_57">
               <cell>523</cell>
               <cell><name type="person" ref="v">Frank Dunaho</name>
                  <choice rend="align(right)">
                     <abbr>D</abbr>
                     <expan>debtor</expan>
                  </choice></cell>
               <cell/>
               <cell/>
               <cell/>
               <cell/>
            </row>
            <row xml:id="p184_58">
               <cell/>
               <cell>
                  To <name type="account" ref="LMWcash">cash to cary to Taunton </name>60/
               </cell>
               <cell>
                  <measure commodity="currency" quantity="10" unit="dollars">10</measure>
               </cell>
               <cell>
                  <measure commodity="currency" quantity="00" unit="cents">00</measure>
               </cell>
               <cell/>
               <cell/>
            </row>
            <row xml:id="p184_59">
               <cell/>
               <cell>
                  <date when="1844-04-17">17</date>
               </cell>
               <cell/>
               <cell/>
               <cell/>
               <cell/>
            </row>
            <row xml:id="p184_60">
               <cell>Settled</cell>
               <cell><name type="person" ref="v">Westley Brown</name>
                  <choice rend="align(right)">
                     <abbr>D</abbr>
                     <expan>debtor</expan>
                  </choice></cell>
               <cell/>
               <cell/>
               <cell/>
               <cell/>
            </row>
            <row xml:id="p184_61">
               <cell/>
               <cell>
                  To <name type="account" ref="LMWcash">two Dollars cash</name> 
               </cell>
               <cell>
                  <measure commodity="currency" quantity="2" unit="dollars">2</measure>
               </cell>
               <cell>
                  <measure commodity="currency" quantity="00" unit="dollars">00</measure>
               </cell>
               <cell/>
               <cell/>
            </row>
            <row xml:id="p184_62">
               <cell/>
               <cell/>
               <cell/>
               <cell/>
               <cell/>
               <cell/>
            </row>
         </table>
      </body>
   </text>
</TEI>
