<?xml version="1.0" encoding="UTF-8"?>
<?xml-model href="http://www.tei-c.org/release/xml/tei/custom/schema/relaxng/tei_all.rng" type="application/xml" schematypens="http://relaxng.org/ns/structure/1.0"?>
<?xml-model href="http://www.tei-c.org/release/xml/tei/custom/schema/relaxng/tei_all.rng" type="application/xml"
	schematypens="http://purl.oclc.org/dsdl/schematron"?>
<TEI xmlns="http://www.tei-c.org/ns/1.0">
   <teiHeader>
      <fileDesc>
         <titleStmt>
            <title>LMW Day Book, pp.185-186</title>
            <author>L.M. Wheaton</author>
         </titleStmt>
         <publicationStmt>
            <p>Indication of work done and date, Wheaton College</p>
         </publicationStmt>
         <sourceDesc>
            <biblFull>
               <titleStmt>
                  <title>Account Books, pp.185-186</title>
                  <author>L.M. Wheaton</author>
                  <respStmt>
                     <resp> TEI-compatible XML markup by <name type="person">Tyana Craig</name> with
                        corrections by <name type="person">Name</name>, <name type="person"
                           >Name</name>, and <name type="person">Name</name>.</resp>
                     <name type="person">Name</name>
                  </respStmt>
               </titleStmt>
               <publicationStmt>
                  <p>Indication of work done and date 06/30/15, Wheaton College</p>
               </publicationStmt>
               <sourceDesc>
                  <p> From the Marion B. Gebbie Archives and Special Collections at the Madeleine
                     Clark Wallace Library, Wheaton College </p>
               </sourceDesc>
            </biblFull>
         </sourceDesc>
      </fileDesc>
   </teiHeader>
   <text>
      <body>
         <pb n="185"/>
         <fw type="pageNum">185</fw>
         <table xml:id="p185" cols="6">
            <head>Monday <date when="1844-04-22">April 22nd 1844</date></head>
            <row xml:id="p185_01">
               <cell/>
               <cell/>
               <cell/>
               <cell/>
               <cell/>
               <cell/>
            </row>
            <row xml:id="p185_02">
               <cell>524</cell>
               <cell><name type="person" ref="v">Geo. W Braman</name>
                  <choice rend="align(right)">
                     <abbr>Dr</abbr>
                     <expan>debtor</expan>
                  </choice></cell>
               <cell/>
               <cell/>
               <cell/>
               <cell/>
            </row>
            <row xml:id="p185_03">
               <cell/>
               <cell>
                   To <measure commodity="Pine Timber" quantity="691" unit="feet">691 ft. Pine Timber</measure> 
               </cell>
               <cell>
                   <measure commodity="currency" quantity="8" unit="dollars">8</measure>
               </cell>
               <cell>
                   <measure commodity="currency" quantity="98" unit="cents">98</measure>
               </cell>
               <cell/>
               <cell/>
            </row>
            <row xml:id="p185_04">
               <cell/>
               <cell>
                   <date when="1844-04-25">25</date>
               </cell>
               <cell/>
               <cell/>
               <cell/>
               <cell/>
            </row>
            <row xml:id="p185_05">
               <cell>523</cell>
               <cell><name type="person" ref="v">Frank Dunahoe</name>
                  <choice rend="align(right)">
                     <abbr>D</abbr>
                     <expan>debtor</expan>
                  </choice></cell>
               <cell/>
               <cell/>
               <cell/>
               <cell/>
            </row>
            <row xml:id="p185_06">
               <cell/>
               <cell>
                   To <name type="account" ref="LMWcash">cash ten Dollars to send to Boston</name>
               </cell>
               <cell>
                   <measure commodity="currency" quantity="10" unit="dollars">10</measure>
               </cell>
               <cell>
                   <measure commodity="currency" quantity="00" unit="cents">00</measure>
               </cell>
               <cell/>
               <cell/>
            </row>
            <row xml:id="p185_07">
               <cell/>
               <cell>
                   <date when="1844-04-26">26</date>
               </cell>
               <cell/>
               <cell/>
               <cell/>
               <cell/>
            </row>
            <row xml:id="p185_08">
               <cell>Settled</cell>
               <cell><name type="person" ref="v">Westley Brown</name>
                  <choice rend="align(right)">
                     <abbr>D</abbr>
                     <expan>debtor</expan>
                  </choice></cell>
               <cell/>
               <cell/>
               <cell/>
               <cell/>
            </row>
            <row xml:id="p185_09">
               <cell/>
               <cell>
                   To <name type="account" ref="LMWcash">cash towards wall</name>
               </cell>
               <cell>
                   <measure commodity="currency" quantity="5" unit="dollars">5</measure>
               </cell>
               <cell>
                   <measure commodity="currency" quantity="00" unit="cents">00</measure>
               </cell>
               <cell/>
               <cell/>
            </row>
            <row xml:id="p185_10">
               <cell/>
               <cell/>
               <cell/>
               <cell/>
               <cell/>
               <cell/>
            </row>
            <row xml:id="p185_11">
               <cell/>
               <cell><name type="person" ref="v">Honey D. Lane</name>
                  <choice rend="align(right)">
                     <abbr>D</abbr>
                     <expan>debtor</expan>
                  </choice></cell>
               <cell/>
               <cell/>
               <cell/>
               <cell/>
            </row>
            <row xml:id="p185_12">
               <cell/>
               <cell>
                   To <measure commodity="Snowball Potatoes" quantity="1" unit="bushels"> 1 Buss. SnowB. Potatoes</measure>
               </cell>
               <cell/>
               <cell/>
               <cell/>
               <cell/>
            </row>
            <row xml:id="p185_13">
               <cell/>
               <cell>
                   " <measure commodity="Red Potatoes" quantity="1" unit="bushels"> 1 "  Red</measure> do.
               </cell>
               <cell/>
               <cell/>
               <cell/>
               <cell/>
            </row>
            <row xml:id="p185_14">
               <cell/>
               <cell>
                   <date when="1844-04-30">30</date>
               </cell>
               <cell/>
               <cell/>
               <cell/>
               <cell/>
            </row>
            <row xml:id="p185_15">
               <cell>Paid</cell>
               <cell><name type="person" ref="v">Wheaton Wheelor</name>
                  <choice rend="align(right)">
                     <abbr>D</abbr>
                     <expan>debtor</expan>
                  </choice></cell>
               <cell/>
               <cell/>
               <cell/>
               <cell/>
            </row>
            <row xml:id="p185_16">
               <cell/>
               <cell>
                   To <measure commodity="Veal" quantity="0.125" >1/2 of 1/4 quarter veal </measure>5x
               </cell>
               <cell/>
               <cell>
                   <measure commodity="currency" quantity="35" unit="cents">35</measure>
               </cell>
               <cell/>
               <cell/>
            </row>
            <row xml:id="p185_17">
               <cell/>
               <cell/>
               <cell/>
               <cell/>
               <cell/>
               <cell/>
            </row>
            <row xml:id="p185_18">
               <cell>Settled</cell>
               <cell><name type="person" ref="v">Linus Howard</name>
                  <choice rend="align(right)">
                     <abbr>D</abbr>
                     <expan>debtor</expan>
                  </choice></cell>
               <cell/>
               <cell/>
               <cell/>
               <cell/>
            </row>
            <row xml:id="p185_19">
               <cell/>
               <cell>
                   To <measure commodity="Veal" quantity="18.25" unit="pound">18 1/4 lb Veal </measure>5x
               </cell>
               <cell/>
               <cell>
                   <measure commodity="currency" quantity="91" unit="cents">91</measure>
               </cell>
               <cell/>
               <cell/>
            </row>
            <row xml:id="p185_20">
               <cell/>
               <cell/>
               <cell/>
               <cell/>
               <cell/>
               <cell/>
            </row>
            <row xml:id="p185_21">
               <cell>115</cell>
               <cell><name type="person" ref="v">Wm A West</name>
                  <choice rend="align(right)">
                     <abbr>D</abbr>
                     <expan>debtor</expan>
                  </choice></cell>
               <cell/>
               <cell/>
               <cell/>
               <cell/>
            </row>
            <row xml:id="p185_22">
               <cell/>
               <cell>
                   To <measure commodity="Veal" quantity="10.25" unit="pounds">10 1/4 lb Veal </measure>6x
               </cell>
               <cell/>
               <cell>
                   <measure commodity="currency" quantity="61" unit="cents">61</measure>
               </cell>
               <cell/>
               <cell/>
            </row>
            <row xml:id="p185_23">
               <cell/>
               <cell/>
               <cell/>
               <cell/>
               <cell/>
               <cell/>
            </row>
            <row xml:id="p185_24">
               <cell>Settled</cell>
               <cell><name type="person" ref="v">Wm Knowles</name>
                  <choice rend="align(right)">
                     <abbr>D</abbr>
                     <expan>debtor</expan>
                  </choice></cell>
               <cell/>
               <cell/>
               <cell/>
               <cell/>
            </row>
            <row xml:id="p185_25">
               <cell/>
               <cell>
                   To <measure commodity="Veal" quantity="8.75" unit="pounds"> 8 3/4 lb. Veal</measure> 6x
               </cell>
               <cell/>
               <cell>
                   <measure commodity="currency" quantity="53" unit="cents">53</measure>
               </cell>
               <cell/>
               <cell/>
            </row>
            <row xml:id="p185_26">
               <cell/>
               <cell>
                   <date when="1844-05-01">May 1</date>
               </cell>
               <cell/>
               <cell/>
               <cell/>
               <cell/>
            </row>
            <row xml:id="p185_27">
               <cell>524</cell>
               <cell><name type="person" ref="v">Geo. W. Braman</name>
                  <choice rend="align(right)">
                     <abbr>D</abbr>
                     <expan>debtor</expan>
                  </choice></cell>
               <cell/>
               <cell/>
               <cell/>
               <cell/>
            </row>
            <row xml:id="p185_28">
               <cell/>
               <cell>
                   To <name type="account" ref="LMWcash">to paying for House</name> , towards
               </cell>
               <cell/>
               <cell/>
               <cell/>
               <cell/>
            </row>
            <row xml:id="p185_29">
               <cell/>
               <cell>
                   <measure commodity="labor">Work on House</measure>
               </cell>
               <cell>
                   <measure commodity="currency" quantity="65" unit="dollars">65</measure>
               </cell>
               <cell>
                   <measure commodity="currency" quantity="00" unit="cents">00</measure>
               </cell>
               <cell/>
               <cell/>
            </row>
            <row xml:id="p185_30">
               <cell/>
               <cell/>
               <cell/>
               <cell/>
               <cell/>
               <cell/>
            </row>
            <row xml:id="p185_31">
               <cell>388</cell>
               <cell><name type="person" ref="v">Jason M. Reed</name>
                  <choice rend="align(right)">
                     <abbr>D</abbr>
                     <expan>debtor</expan>
                  </choice></cell>
               <cell/>
               <cell/>
               <cell/>
               <cell/>
            </row>
            <row xml:id="p185_32">
               <cell/>
               <cell>
                   To <measure commodity="Cattle" quantity="1" unit="count">cattle</measure> + 
                   <measure commodity="Plough" quantity="1" unit="count">Plough </measure>to plough two
               </cell>
               <cell/>
               <cell/>
               <cell/>
               <cell/>
            </row>
            <row xml:id="p185_33">
               <cell/>
               <cell>gardens</cell>
               <cell/>
               <cell/>
               <cell/>
               <cell/>
            </row>
            <row xml:id="p185_34">
               <cell/>
               <cell>
                   <date when="1844-05-03">3</date>
               </cell>
               <cell/>
               <cell/>
               <cell/>
               <cell/>
            </row>
            <row xml:id="p185_35">
               <cell>524</cell>
               <cell><name type="person" ref="v">George W. Braman</name>
                  <choice rend="align(right)">
                     <abbr>Cr</abbr>
                     <expan>credit</expan>
                  </choice></cell>
               <cell/>
               <cell/>
               <cell/>
               <cell/>
            </row>
            <row xml:id="p185_36">
               <cell/>
               <cell>
                   By <measure commodity="plaining Machine" quantity="1" unit="count"> plaining Machine </measure>$150.
               </cell>
               <cell>
                   <measure commodity="currency" quantity="150" unit="dollars">150</measure>
               </cell>
               <cell>
                   <measure commodity="currency" quantity="00" unit="cents">00</measure>
               </cell>
               <cell/>
               <cell/>
            </row>
            <row xml:id="p185_37">
               <cell/>
               <cell>
                   " <name type="account" ref="LMWcash">Cash received of <name type="person" ref="pers_WCDH221">Thos Carpenter</name></name>
               </cell>
               <cell/>
               <cell/>
               <cell/>
               <cell/>
            </row>
            <row xml:id="p185_38">
               <cell/>
               <cell>for shop in Jany</cell>
               <cell>
                   <measure commodity="currency" quantity="160" unit="dollars">160</measure>
               </cell>
               <cell/>
               <cell>
                   <measure commodity="currency" quantity="310" unit="dollars">310</measure>
               </cell>
               <cell>
                   <measure commodity="currency" quantity="00" unit="cents">00</measure>
               </cell>
            </row>
            <row xml:id="p185_39">
               <cell/>
               <cell>
                   <date when="1844-05-04">4</date>
               </cell>
               <cell/>
               <cell/>
               <cell/>
               <cell/>
            </row>
            <row xml:id="p185_40">
               <cell>524</cell>
               <cell><name type="person" ref="v">George W. Braman</name>
                  <choice rend="align(right)">
                     <abbr>D</abbr>
                     <expan>debtor</expan>
                  </choice></cell>
               <cell/>
               <cell/>
               <cell/>
               <cell/>
            </row>
            <row xml:id="p185_41">
               <cell/>
               <cell>
                   To <measure commodity="horse waggon" quantity="1" unit="count">horse waggon</measure> $80.00
               </cell>
               <cell>
                   <measure commodity="currency" quantity="80" unit="dollars">80</measure>
               </cell>
               <cell>
                   <measure commodity="currency" quantity="00" unit="cents">00</measure>
               </cell>
               <cell/>
               <cell/>
            </row>
            <row xml:id="p185_42">
               <cell/>
               <cell/>
               <cell/>
               <cell/>
               <cell/>
               <cell/>
            </row>
            <row xml:id="p185_43">
               <cell/>
               <cell>
                   <date when="1844-05-07">7</date>
               </cell>
               <cell/>
               <cell/>
               <cell/>
               <cell/>
            </row>
            <row xml:id="p185_44">
               <cell>524</cell>
               <cell><name type="person" ref="v">George W. Braman</name>
                  <choice rend="align(right)">
                     <abbr>D</abbr>
                     <expan>debtor</expan>
                  </choice></cell>
               <cell/>
               <cell/>
               <cell/>
               <cell/>
            </row>
            <row xml:id="p185_45">
               <cell/>
               <cell>
                   To <name type="account" ref="LMWcash">cash </name>$16.
               </cell>
               <cell>
                   <measure commodity="currency" quantity="16" unit="dollars">16</measure>
               </cell>
               <cell>
                   <measure commodity="currency" quantity="00" unit="cents">00</measure>
               </cell>
               <cell/>
               <cell/>
            </row>
            <row xml:id="p185_46">
               <cell/>
               <cell/>
               <cell/>
               <cell/>
               <cell/>
               <cell/>
            </row>
            <row xml:id="p185_47">
               <cell>528</cell>
               <cell><name type="person" ref="v">Wm. J. Sweet</name>
                  <choice rend="align(right)">
                     <abbr>Dr</abbr>
                     <expan>debtor</expan>
                  </choice></cell>
               <cell/>
               <cell/>
               <cell/>
               <cell/>
            </row>
            <row xml:id="p185_48">
               <cell/>
               <cell>
                   To <measure commodity="Dryed Beef" quantity="6.25" unit="pounds"> 6 1/4 lbs Dryed Beef</measure> 7x
               </cell>
               <cell/>
               <cell>
                   <measure commodity="currency" quantity="44" unit="cents">44</measure>
               </cell>
               <cell/>
               <cell/>
            </row>
            <row xml:id="p185_49">
               <cell/>
               <cell>
                   " <measure commodity="Potatoes">Potatoes</measure>
               </cell>
               <cell/>
               <cell/>
               <cell/>
               <cell/>
            </row>
            <row xml:id="p185_50">
               <cell/>
               <cell>
                   <date when="1844-05-13">13</date>
               </cell>
               <cell/>
               <cell/>
               <cell/>
               <cell/>
            </row>
            <row xml:id="p185_51">
               <cell>104</cell>
               <cell><name type="person" ref="v">Catherine Lynch</name>
                  <choice rend="align(right)">
                     <abbr>D</abbr>
                     <expan>debtor</expan>
                  </choice></cell>
               <cell/>
               <cell/>
               <cell/>
               <cell/>
            </row>
            <row xml:id="p185_52">
               <cell/>
               <cell>
                   To <name type="account" ref="LMWcash">cash fr Gloves </name> 1/
               </cell>
               <cell/>
               <cell>
                   <measure commodity="currency" quantity="17" unit="cents">17</measure>
               </cell>
               <cell/>
               <cell/>
            </row>
            <row xml:id="p185_53">
               <cell/>
               <cell/>
               <cell/>
               <cell/>
               <cell/>
               <cell/>
            </row>
            <row xml:id="p185_54">
               <cell>528</cell>
               <cell><name type="person" ref="v">Wm J. Sweet</name>
                  <choice rend="align(right)">
                     <abbr>D</abbr>
                     <expan>debtor</expan>
                  </choice></cell>
               <cell/>
               <cell/>
               <cell/>
               <cell/>
            </row>
            <row xml:id="p185_55">
               <cell/>
               <cell>
                   To <measure commodity="Pork" quantity="3.5" unit="pounds">3 1/2 lb. Pork </measure> 9x
               </cell>
               <cell/>
               <cell>
                   <measure commodity="currency" quantity="32" unit="cents">32</measure>
               </cell>
               <cell/>
               <cell/>
            </row>
            <row xml:id="p185_56">
               <cell/>
               <cell>
                   <date when="1844-05-25">25</date>
               </cell>
               <cell/>
               <cell/>
               <cell/>
               <cell/>
            </row>
            <row xml:id="p185_57">
               <cell>Settled</cell>
               <cell><name type="person" ref="v">Westley Brown</name>
                  <choice rend="align(right)">
                     <abbr>Dr</abbr>
                     <expan>debtor</expan>
                  </choice></cell>
               <cell/>
               <cell/>
               <cell/>
               <cell/>
            </row>
            <row xml:id="p185_58">
               <cell/>
               <cell>
                   To <name type="account" ref="LMWcash">cash </name>18/
               </cell>
               <cell>
                   <measure commodity="currency" quantity="3" unit="dollars">3</measure>
               </cell>
               <cell>
                   <measure commodity="currency" quantity="00" unit="cents">00</measure>
               </cell>
               <cell/>
               <cell/>
            </row>
            <row xml:id="p185_59">
               <cell/>
               <cell>
                   <date when="1844-05-27">27</date>
               </cell>
               <cell/>
               <cell/>
               <cell/>
               <cell/>
            </row>
            <row xml:id="p185_60">
               <cell/>
               <cell><name type="person" ref="v">Thos Carpenter</name>
                  <choice rend="align(right)">
                     <abbr>D</abbr>
                     <expan>debtor</expan>
                  </choice></cell>
               <cell/>
               <cell/>
               <cell/>
               <cell/>
            </row>
            <row xml:id="p185_61">
               <cell/>
               <cell>
                   To <measure commodity="Oxen" quantity="0.5" unit="day">Oxen </measure>+ 
                   <measure commodity="Plough" quantity="0.5" unit="day">Plough half day</measure>
               </cell>
               <cell/>
               <cell/>
               <cell/>
               <cell/>
            </row>
            <row xml:id="p185_62">
               <cell/>
               <cell/>
               <cell/>
               <cell/>
               <cell/>
               <cell/>
            </row>
            <row xml:id="p185_63">
               <cell>524</cell>
               <cell><name type="person" ref="v">Geo. W. Braman</name>
                  <choice rend="align(right)">
                     <abbr>D</abbr>
                     <expan>debtor</expan>
                  </choice></cell>
               <cell/>
               <cell/>
               <cell/>
               <cell/>
            </row>
            <row xml:id="p185_64">
               <cell/>
               <cell>
                   To <measure commodity="Ham" quantity="22" unit="pounds">22lbs. Ham </measure> 10x
               </cell>
               <cell>
                   <measure commodity="currency" quantity="2" unit="dollars">2</measure>
               </cell>
               <cell>
                   <measure commodity="currency" quantity="20" unit="cents">20</measure>
               </cell>
               <cell/>
               <cell/>
            </row>
         </table>
         <pb n="186"/>
         <fw type="pageNum">186</fw>
         <table xml:id="p186" cols="6">
            <head>Tuesday <date when="1844-05-28">May 28th 1844</date></head>
            <row xml:id="p186_01">
               <cell/>
               <cell/>
               <cell>$</cell>
               <cell>cts.</cell>
               <cell>$</cell>
               <cell>cts.</cell>
            </row>
            <row xml:id="p186_02">
               <cell>Settled</cell>
               <cell><name type="person" ref="v">Westley Brown</name>
                  <choice rend="align(right)">
                     <abbr>D</abbr>
                     <expan>debtor</expan>
                  </choice></cell>
               <cell/>
               <cell/>
               <cell/>
               <cell/>
            </row>
            <row xml:id="p186_03">
               <cell/>
               <cell>
                   To <measure commodity="Potatoes" quantity="10" unit="bushels">10 Buss Potatoes </measure>20x
               </cell>
               <cell>
                   <measure commodity="currency" quantity="2" unit="dollars">2</measure>
               </cell>
               <cell>
                   <measure commodity="currency" quantity="00" unit="cents">00</measure>
               </cell>
               <cell/>
               <cell/>
            </row>
            <row xml:id="p186_04">
               <cell/>
               <cell>
                   <date when="1844-05-29">29</date>
               </cell>
               <cell/>
               <cell/>
               <cell/>
               <cell/>
            </row>
            <row xml:id="p186_05">
               <cell>524</cell>
               <cell><name type="person" ref="v">Geo. W Braman</name>
                  <choice rend="align(right)">
                     <abbr>D</abbr>
                     <expan>debtor</expan>
                  </choice></cell>
               <cell/>
               <cell/>
               <cell/>
               <cell/>
            </row>
            <row xml:id="p186_06">
               <cell/>
               <cell>
                   To <name type="account" ref="LMWcash">cash ten Dollars</name> 
               </cell>
               <cell>
                   <measure commodity="currency" quantity="10" unit="dollars">10</measure>
               </cell>
               <cell>
                   <measure commodity="currency" quantity="00" unit="cents">00</measure>
               </cell>
               <cell/>
               <cell/>
            </row>
            <row xml:id="p186_07">
               <cell/>
               <cell/>
               <cell/>
               <cell/>
               <cell/>
               <cell/>
            </row>
            <row xml:id="p186_08">
               <cell>524</cell>
               <cell><name type="person" ref="v">Geo. W Braman</name>
                  <choice rend="align(right)">
                     <abbr>D</abbr>
                     <expan>debtor</expan>
                  </choice></cell>
               <cell/>
               <cell/>
               <cell/>
               <cell/>
            </row>
            <row xml:id="p186_09">
               <cell/>
               <cell>
                   To <measure commodity="Pig" quantity="1" unit="count">one pig </measure> 12/
               </cell>
               <cell>
                   <measure commodity="currency" quantity="2" unit="dollars">2</measure>
               </cell>
               <cell>
                   <measure commodity="currency" quantity="00" unit="cents">00</measure>
               </cell>
               <cell/>
               <cell/>
            </row>
            <row xml:id="p186_10">
               <cell/>
               <cell/>
               <cell/>
               <cell/>
               <cell/>
               <cell/>
            </row>
            <row xml:id="p186_11">
               <cell/>
               <cell>
                   <date when="1844-06-01">June 1st</date>
               </cell>
               <cell/>
               <cell/>
               <cell/>
               <cell/>
            </row>
            <row xml:id="p186_12">
               <cell>523</cell>
               <cell><name type="person" ref="v">Frank Dunahue</name>
                  <choice rend="align(right)">
                     <abbr>D</abbr>
                     <expan>debtor</expan>
                  </choice></cell>
               <cell/>
               <cell/>
               <cell/>
               <cell/>
            </row>
            <row xml:id="p186_13">
               <cell/>
               <cell>
                   To <name type="account" ref="LMWcash">cash eight Dollars</name> 
               </cell>
               <cell>
                   <measure commodity="currency" quantity="8" unit="dollars">8</measure>
               </cell>
               <cell>
                   <measure commodity="currency" quantity="00" unit="cents">00</measure>
               </cell>
               <cell/>
               <cell/>
            </row>
            <row xml:id="p186_14">
               <cell/>
               <cell>
                   <date when="1844-06-03">3</date>
               </cell>
               <cell/>
               <cell/>
               <cell/>
               <cell/>
            </row>
            <row xml:id="p186_15">
               <cell>524</cell>
               <cell><name type="person" ref="v">Geo. W. Braman</name>
                  <choice rend="align(right)">
                     <abbr>D</abbr>
                     <expan>debtor</expan>
                  </choice></cell>
               <cell/>
               <cell/>
               <cell/>
               <cell/>
            </row>
            <row xml:id="p186_16">
               <cell/>
               <cell>
                   To <name type="account" ref="LMWcash">cash as pr. receipt</name>
               </cell>
               <cell>
                   <measure commodity="currency" quantity="25" unit="dollars">25</measure>
               </cell>
               <cell>
                   <measure commodity="currency" quantity="00" unit="cents">00</measure>
               </cell>
               <cell/>
               <cell/>
            </row>
            <row xml:id="p186_17">
               <cell/>
               <cell>
                   " <measure commodity="Lard" quantity="10" unit="pounds">10 lbs Lard </measure>10x
               </cell>
               <cell>
                   <measure commodity="currency" quantity="1" unit="dollars">1</measure>
               </cell>
               <cell>
                   <measure commodity="currency" quantity="00" unit="cents">00</measure>
               </cell>
               <cell/>
               <cell/>
            </row>
            <row xml:id="p186_18">
               <cell/>
               <cell>
                   " <measure commodity="Cheese" quantity="7" unit="pounds">7 " Cheese </measure>7x
               </cell>
               <cell/>
               <cell>
                   <measure commodity="currency" quantity="49" unit="cents">49</measure>
               </cell>
               <cell>
                   <measure commodity="currency" quantity="26" unit="dollars">26</measure>
               </cell>
               <cell>
                   <measure commodity="currency" quantity="49" unit="cents">49</measure>
               </cell>
            </row>
            <row xml:id="p186_19">
               <cell/>
               <cell>
                   <date when="1844-06-07">7</date>
               </cell>
               <cell/>
               <cell/>
               <cell/>
               <cell/>
            </row>
            <row xml:id="p186_20">
               <cell>Settled</cell>
               <cell><name type="person" ref="v">Wm J. Sweet</name>
                  <choice rend="align(right)">
                     <abbr>D</abbr>
                     <expan>debtor</expan>
                  </choice></cell>
               <cell/>
               <cell/>
               <cell/>
               <cell/>
            </row>
            <row xml:id="p186_21">
               <cell/>
               <cell>
                   To <measure commodity="Potatoes">Potatoes </measure>some time since
               </cell>
               <cell/>
               <cell/>
               <cell/>
               <cell/>
            </row>
            <row xml:id="p186_22">
               <cell/>
               <cell>not settled for, pd. May 7th</cell>
               <cell/>
               <cell>
                   <measure commodity="currency" quantity="25" unit="cents">25</measure>
               </cell>
               <cell/>
               <cell/>
            </row>
            <row xml:id="p186_23">
               <cell/>
               <cell>
                   <date when="1844-06-10">10</date>
               </cell>
               <cell/>
               <cell/>
               <cell/>
               <cell/>
            </row>
            <row xml:id="p186_24">
               <cell>Settled</cell>
               <cell><name type="person" ref="v">John Arnold</name>
                  <choice rend="align(right)">
                     <abbr>D</abbr>
                     <expan>debtor</expan>
                  </choice></cell>
               <cell/>
               <cell/>
               <cell/>
               <cell/>
            </row>
            <row xml:id="p186_25">
               <cell/>
               <cell>
                   To <measure commodity="Calf" quantity="1" unit="count">one calf</measure>
               </cell>
               <cell/>
               <cell/>
               <cell/>
               <cell/>
            </row>
            <row xml:id="p186_26">
               <cell/>
               <cell>
                   " <measure commodity="Calf Skin" quantity="1" unit="count">one calf Skin</measure>
               </cell>
               <cell/>
               <cell/>
               <cell/>
               <cell/>
            </row>
            <row xml:id="p186_27">
               <cell/>
               <cell/>
               <cell/>
               <cell/>
               <cell/>
               <cell/>
            </row>
            <row xml:id="p186_28">
               <cell>524</cell>
               <cell><name type="person" ref="v">Geo. W. Braman</name>
                  <choice rend="align(right)">
                     <abbr>D</abbr>
                     <expan>debtor</expan>
                  </choice></cell>
               <cell/>
               <cell/>
               <cell/>
               <cell/>
            </row>
            <row xml:id="p186_29">
               <cell/>
               <cell>
                   To <name type="account" ref="LMWcash">paying <name type="person" ref="pers_WCDH268">Oliver Deane</name></name> 
               </cell>
               <cell/>
               <cell/>
               <cell/>
               <cell/>
            </row>
            <row xml:id="p186_30">
               <cell/>
               <cell>
                   for <measure commodity="Lime" quantity="7" unit="corks"> Seven corks lime</measure> $125x
               </cell>
               <cell>
                   <measure commodity="currency" quantity="8" unit="dollars">8</measure>
               </cell>
               <cell>
                   <measure commodity="currency" quantity="75" unit="cents">75</measure>
               </cell>
               <cell/>
               <cell/>
            </row>
            <row xml:id="p186_31">
               <cell/>
               <cell>
                   To <measure commodity="Ham" quantity="9" unit="bushels"> 9 Buss. Ham </measure>30x 270
               </cell>
               <cell/>
               <cell/>
               <cell/>
               <cell/>
            </row>
            <row xml:id="p186_32">
               <cell/>
               <cell>
                   " <measure commodity="labor" quantity="1" unit="trucking">Trucking same </measure>51
               </cell>
               <cell>
                   <measure commodity="currency" quantity="3" unit="dollars">3</measure>
               </cell>
               <cell>
                   <measure commodity="currency" quantity="01" unit="cents">01</measure>
               </cell>
               <cell>
                   <measure commodity="currency" quantity="11" unit="dollars">11</measure>
               </cell>
               <cell>
                   <measure commodity="currency" quantity="76" unit="cents">76</measure>
               </cell>
            </row>
            <row xml:id="p186_33">
               <cell/>
               <cell>
                   <date when="1844-07-06">July 6</date>
               </cell>
               <cell/>
               <cell/>
               <cell/>
               <cell/>
            </row>
            <row xml:id="p186_34">
               <cell>524</cell>
               <cell><name type="person" ref="v">Geo. W. Braman</name>
                  <choice rend="align(right)">
                     <abbr>Dr</abbr>
                     <expan>debtor</expan>
                  </choice></cell>
               <cell/>
               <cell/>
               <cell/>
               <cell/>
            </row>
            <row xml:id="p186_35">
               <cell/>
               <cell>
                   To <measure commodity="Lard" quantity="10" unit="pounds">10lbs Lard </measure>10x 6/
               </cell>
               <cell/>
               <cell/>
               <cell/>
               <cell/>
            </row>
            <row xml:id="p186_36">
               <cell/>
               <cell>
                  <choice rend="align(right)">
                     <abbr>Cr.</abbr>
                     <expan>credit</expan>
                  </choice></cell>
               <cell/>
               <cell/>
               <cell/>
               <cell/>
            </row>
            <row xml:id="p186_37">
               <cell/>
               <cell>
                   By <measure commodity="Horse" quantity="1" unit="count">Horse </measure>
                   + <measure commodity="Waggon" quantity="1" unit="count">waggon </measure>to Pic Mc 2/
               </cell>
               <cell/>
               <cell>
                   <measure commodity="currency" quantity="33" unit="cents">33</measure>
               </cell>
               <cell/>
               <cell/>
            </row>
            <row xml:id="p186_38">
               <cell/>
               <cell/>
               <cell/>
               <cell/>
               <cell/>
               <cell/>
            </row>
            <row xml:id="p186_39">
               <cell>104</cell>
               <cell><name type="person" ref="v">Catherine Lynch</name>
                  <choice rend="align(right)">
                     <abbr>Dr</abbr>
                     <expan>debtor</expan>
                  </choice></cell>
               <cell/>
               <cell/>
               <cell/>
               <cell/>
            </row>
            <row xml:id="p186_40">
               <cell/>
               <cell>
                   To <measure commodity="Shirting" quantity="12" unit="yards">12 Yds Shirting</measure>  6/
               </cell>
               <cell>
                   <measure commodity="currency" quantity="1" unit="dollars">1</measure>
               </cell>
               <cell>
                   <measure commodity="currency" quantity="00" unit="cents">00</measure></cell>
               <cell/>
               <cell/>
            </row>
            <row xml:id="p186_41">
               <cell/>
               <cell>
                   " <measure commodity="Calico" quantity="8" unit="yards">8 " Calico</measure> /9
               </cell>
               <cell>
                   <measure commodity="currency" quantity="1" unit="dollars">1</measure>
               </cell>
               <cell>
                   <measure commodity="currency" quantity="00" unit="cents">00</measure>
               </cell>
               <cell>
                   <measure commodity="currency" quantity="2" unit="dollars">2</measure>
               </cell>
               <cell>
                   <measure commodity="currency" quantity="00" unit="cents">00</measure>
               </cell>
            </row>
            <row xml:id="p186_42">
               <cell/>
               <cell>
                   " <measure commodity="labor" quantity="1" unit="bonnet">Fixing Bonnet </measure>25x
               </cell>
               <cell/>
               <cell/>
               <cell/>
               <cell>
                   <measure commodity="currency" quantity="25" unit="cents">25</measure>
               </cell>
            </row>
            <row xml:id="p186_43">
               <cell/>
               <cell/>
               <cell/>
               <cell/>
               <cell/>
               <cell/>
            </row>
            <row xml:id="p186_44">
               <cell>524</cell>
               <cell><name type="person" ref="v">Geo. W. Braman</name>
                  <choice rend="align(right)">
                     <abbr>D.</abbr>
                     <expan>debtor</expan>
                  </choice></cell>
               <cell/>
               <cell/>
               <cell/>
               <cell/>
            </row>
            <row xml:id="p186_45">
               <cell/>
               <cell>
                   To <measure commodity="Beef" quantity="32.03125" unit="pounds">32lb 0.5oz Beef </measure> 7x
               </cell>
               <cell>
                   <measure commodity="currency" quantity="2" unit="dollars">2</measure>
               </cell>
               <cell>
                   <measure commodity="currency" quantity="26" unit="cents">26</measure>
               </cell>
               <cell/>
               <cell/>
            </row>
            <row xml:id="p186_46">
               <cell/>
               <cell>
                   " <measure commodity="Ham" quantity="16" unit="pounds">16 lb. Ham </measure> 9x
               </cell>
               <cell>
                   <measure commodity="currency" quantity="1" unit="dollars">1</measure>
               </cell>
               <cell>
                   <measure commodity="currency" quantity="44" unit="cents">44</measure>
               </cell>
               <cell>
                   <measure commodity="currency" quantity="4" unit="dollars">4</measure>
               </cell>
               <cell>
                   <measure commodity="currency" quantity="70" unit="cents">70</measure>
               </cell>
            </row>
            <row xml:id="p186_47">
               <cell/>
               <cell>
                   <date when="1844-07-10">10</date>
               </cell>
               <cell/>
               <cell/>
               <cell/>
               <cell/>
            </row>
            <row xml:id="p186_48">
               <cell>524</cell>
               <cell><name type="person" ref="v">Geo. Braman</name>
                  <choice rend="align(right)">
                     <abbr>D</abbr>
                     <expan>debtor</expan>
                  </choice></cell>
               <cell/>
               <cell/>
               <cell/>
               <cell/>
            </row>
            <row xml:id="p186_49">
               <cell/>
               <cell>
                   To <name type="account" ref="LMWcash">cash pd Williams</name>
               </cell>
               <cell>
                   <measure commodity="currency" quantity="189" unit="dollars">189</measure>
               </cell>
               <cell>
                   <measure commodity="currency" quantity="28" unit="cents">28</measure>
               </cell>
               <cell/>
               <cell/>
            </row>
            <row xml:id="p186_50">
               <cell/>
               <cell>
                   " <measure commodity="Boards" quantity="134" unit="feet">Boards in July 134ft.</measure>
               </cell>
               <cell>
                   <measure commodity="currency" quantity="2" unit="dollars">2</measure>
               </cell>
               <cell>
                   <measure commodity="currency" quantity="68" unit="cents">68</measure>
               </cell>
               <cell/>
               <cell/>
            </row>
            <row xml:id="p186_51">
               <cell/>
               <cell>
                   " <measure commodity="Hay"> Hay</measure>
               </cell>
               <cell>
                   <measure commodity="currency" quantity="1" unit="dollars">1</measure>
               </cell>
               <cell>
                   <measure commodity="currency" quantity="50" unit="cents">50</measure>
               </cell>
               <cell>
                   <measure commodity="currency" quantity="193" unit="dollars">193</measure>
               </cell>
               <cell>
                   <measure commodity="currency" quantity="46" unit="cents">46</measure>
               </cell>
            </row>
            <row xml:id="p186_52">
               <cell/>
               <cell/>
               <cell/>
               <cell/>
               <cell/>
               <cell/>
            </row>
            <row xml:id="p186_53">
               <cell/>
               <cell>
                   <date when="1844-07-17">July 17</date>
               </cell>
               <cell/>
               <cell/>
               <cell/>
               <cell/>
            </row>
            <row xml:id="p186_54">
               <cell>511</cell>
               <cell><name type="person" ref="v">Otis Blandin</name>
                  <choice rend="align(right)">
                     <abbr>D</abbr>
                     <expan>debtor</expan>
                  </choice></cell>
               <cell/>
               <cell/>
               <cell/>
               <cell/>
            </row>
            <row xml:id="p186_57">
               <cell/>
               <cell>
                   To <measure commodity="Grass land">use of Grass land &amp;c.</measure> 
               </cell>
               <cell/>
               <cell/>
               <cell/>
               <cell/>
            </row>
            <row xml:id="p186_58">
               <cell/>
               <cell>
                   <date when="1844-07-19">19</date>
               </cell>
               <cell/>
               <cell/>
               <cell/>
               <cell/>
            </row>
            <row xml:id="p186_59">
               <cell>328</cell>
               <cell><name type="person" ref="v">Wm. J. Sweet</name>
                  <choice rend="align(right)">
                     <abbr>D</abbr>
                     <expan>debtor</expan>
                  </choice></cell>
               <cell/>
               <cell/>
               <cell/>
               <cell/>
            </row>
            <row xml:id="p186_60">
               <cell/>
               <cell>
                   To <measure commodity="Pork" quantity="6" unit="pounds">6lbs Pork </measure>9x
               </cell>
               <cell/>
               <cell>
                   <measure commodity="currency" quantity="54" unit="cents">54</measure>
               </cell>
               <cell/>
               <cell/>
            </row>
            <row xml:id="p186_61">
               <cell/>
               <cell>
                   " <measure commodity="Lard" quantity="2.5" unit="pounds"> 2 1/2 lbs Lard </measure>10x
               </cell>
               <cell/>
               <cell>
                   <measure commodity="currency" quantity="25" unit="cents">25</measure>
               </cell>
               <cell/>
               <cell/>
            </row>
            <row xml:id="p186_62">
               <cell/>
               <cell>
                   " <measure commodity="Soap" quantity="2" unit="quarts">2 qts Soap </measure>4x
               </cell>
               <cell/>
               <cell>
                   <measure commodity="currency" quantity="8" unit="dollars">8</measure>
               </cell>
               <cell/>
               <cell>
                   <measure commodity="currency" quantity="87" unit="cents">87</measure>
               </cell>
            </row>
            <row xml:id="p186_63">
               <cell/>
               <cell/>
               <cell/>
               <cell/>
               <cell/>
               <cell/>
            </row>
            <row xml:id="p186_64">
               <cell/>
               <cell/>
               <cell/>
               <cell/>
               <cell/>
               <cell/>
            </row>
         </table>
      </body>
   </text>
</TEI>
