<?xml version="1.0" encoding="UTF-8" ?>
<transactions>
  <row>
    <uuid>29720</uuid>
    <bookpage>Ledger A, 1750 - 1772: pg.27</bookpage>
    <folioside>Left</folioside>
    <drcr>Debit</drcr>
    <linenumber>1</linenumber>
    <year><![CDATA[]]></year>
    <month><![CDATA[]]></month>
    <day><![CDATA[]]></day>
    <accountname><![CDATA[Cash Dr
]]></accountname>
    <entry><![CDATA[]]></entry>
    <subtotal><![CDATA[]]></subtotal>
    <page><![CDATA[]]></page>
    <symbol></symbol>
    <pounds><![CDATA[]]></pounds>
    <shillings><![CDATA[]]></shillings>
    <pence><![CDATA[]]></pence>
    <dollars><![CDATA[]]></dollars>
    <cents><![CDATA[]]></cents>
    <date-attribute></date-attribute>
    <Date></Date>
    <AccountNameDataID>11833</AccountNameDataID>
    <AccountNameData>Cash</AccountNameData>
    <ClearText></ClearText>
    <PoundsData></PoundsData>
    <ShillingsData></ShillingsData>
    <PenceData></PenceData>
    <DollarsData></DollarsData>
    <CentsData></CentsData>
    <CurrencyData></CurrencyData>
  </row>
  <row>
    <uuid>15370</uuid>
    <bookpage>Ledger A, 1750 - 1772: pg.27</bookpage>
    <folioside>Left</folioside>
    <drcr>Debit</drcr>
    <linenumber>2</linenumber>
    <year><![CDATA[1756]]></year>
    <month><![CDATA[]]></month>
    <day><![CDATA[]]></day>
    <accountname><![CDATA[]]></accountname>
    <entry><![CDATA[<p>To Sum brot forward</p>
]]></entry>
    <subtotal><![CDATA[]]></subtotal>
    <page><![CDATA[]]></page>
    <symbol>£</symbol>
    <pounds><![CDATA[1580]]></pounds>
    <shillings><![CDATA[8]]></shillings>
    <pence><![CDATA[1/2]]></pence>
    <dollars><![CDATA[]]></dollars>
    <cents><![CDATA[]]></cents>
    <date-attribute>1756</date-attribute>
    <Date>1756</Date>
    <AccountNameDataID>11833</AccountNameDataID>
    <AccountNameData>Cash</AccountNameData>
    <ClearText>To Sum brought forward</ClearText>
    <PoundsData>1580</PoundsData>
    <ShillingsData>8</ShillingsData>
    <PenceData>0.5</PenceData>
    <DollarsData></DollarsData>
    <CentsData></CentsData>
    <CurrencyData></CurrencyData>
  </row>
  <row>
    <uuid>29721</uuid>
    <bookpage>Ledger A, 1750 - 1772: pg.27</bookpage>
    <folioside>Right</folioside>
    <drcr>Credit</drcr>
    <linenumber>1</linenumber>
    <year><![CDATA[]]></year>
    <month><![CDATA[]]></month>
    <day><![CDATA[]]></day>
    <accountname><![CDATA[Contra Cr
]]></accountname>
    <entry><![CDATA[]]></entry>
    <subtotal><![CDATA[]]></subtotal>
    <page><![CDATA[]]></page>
    <symbol></symbol>
    <pounds><![CDATA[]]></pounds>
    <shillings><![CDATA[]]></shillings>
    <pence><![CDATA[]]></pence>
    <dollars><![CDATA[]]></dollars>
    <cents><![CDATA[]]></cents>
    <date-attribute></date-attribute>
    <Date></Date>
    <AccountNameDataID>11833</AccountNameDataID>
    <AccountNameData>Cash</AccountNameData>
    <ClearText></ClearText>
    <PoundsData></PoundsData>
    <ShillingsData></ShillingsData>
    <PenceData></PenceData>
    <DollarsData></DollarsData>
    <CentsData></CentsData>
    <CurrencyData></CurrencyData>
  </row>
  <row>
    <uuid>21715</uuid>
    <bookpage>Ledger A, 1750 - 1772: pg.27</bookpage>
    <folioside>Right</folioside>
    <drcr>Credit</drcr>
    <linenumber>2</linenumber>
    <year><![CDATA[]]></year>
    <month><![CDATA[]]></month>
    <day><![CDATA[]]></day>
    <accountname><![CDATA[]]></accountname>
    <entry><![CDATA[<p>By Sum brot forward</p>
]]></entry>
    <subtotal><![CDATA[]]></subtotal>
    <page><![CDATA[]]></page>
    <symbol>£</symbol>
    <pounds><![CDATA[1179]]></pounds>
    <shillings><![CDATA[13s]]></shillings>
    <pence><![CDATA[7d]]></pence>
    <dollars><![CDATA[]]></dollars>
    <cents><![CDATA[]]></cents>
    <date-attribute>1756</date-attribute>
    <Date>1756</Date>
    <AccountNameDataID>11833</AccountNameDataID>
    <AccountNameData>Cash</AccountNameData>
    <ClearText>By Sum brought forward</ClearText>
    <PoundsData>1179</PoundsData>
    <ShillingsData>13</ShillingsData>
    <PenceData>7</PenceData>
    <DollarsData></DollarsData>
    <CentsData></CentsData>
    <CurrencyData></CurrencyData>
  </row>
  <row>
    <uuid>21716</uuid>
    <bookpage>Ledger A, 1750 - 1772: pg.27</bookpage>
    <folioside>Right</folioside>
    <drcr>Credit</drcr>
    <linenumber>3</linenumber>
    <year><![CDATA[1756]]></year>
    <month><![CDATA[Feby]]></month>
    <day><![CDATA[26]]></day>
    <accountname><![CDATA[]]></accountname>
    <entry><![CDATA[<p>By Cash, to Mr Malbones Servants</p>
]]></entry>
    <subtotal><![CDATA[<p>4.0.0 } Rhode Island</p>
]]></subtotal>
    <page><![CDATA[]]></page>
    <symbol></symbol>
    <pounds><![CDATA[]]></pounds>
    <shillings><![CDATA[]]></shillings>
    <pence><![CDATA[]]></pence>
    <dollars><![CDATA[]]></dollars>
    <cents><![CDATA[]]></cents>
    <date-attribute>1756-02-26</date-attribute>
    <Date>1756 February 26</Date>
    <AccountNameDataID>11833</AccountNameDataID>
    <AccountNameData>Cash</AccountNameData>
    <ClearText>By Cash, to Mr Malbones Servants</ClearText>
    <PoundsData>4</PoundsData>
    <ShillingsData>0</ShillingsData>
    <PenceData>0</PenceData>
    <DollarsData></DollarsData>
    <CentsData></CentsData>
    <CurrencyData>Rhode Island</CurrencyData>
  </row>
  <row>
    <uuid>21717</uuid>
    <bookpage>Ledger A, 1750 - 1772: pg.27</bookpage>
    <folioside>Right</folioside>
    <drcr>Credit</drcr>
    <linenumber>4</linenumber>
    <year><![CDATA[]]></year>
    <month><![CDATA[]]></month>
    <day><![CDATA[]]></day>
    <accountname><![CDATA[]]></accountname>
    <entry><![CDATA[<p>to a bowle broke</p>
]]></entry>
    <subtotal><![CDATA[<p>4.[0].[0]</p>
]]></subtotal>
    <page><![CDATA[]]></page>
    <symbol></symbol>
    <pounds><![CDATA[]]></pounds>
    <shillings><![CDATA[]]></shillings>
    <pence><![CDATA[]]></pence>
    <dollars><![CDATA[]]></dollars>
    <cents><![CDATA[]]></cents>
    <date-attribute>1756-02-26</date-attribute>
    <Date>1756 February 26</Date>
    <AccountNameDataID>11833</AccountNameDataID>
    <AccountNameData>Cash</AccountNameData>
    <ClearText>to a bowle broke</ClearText>
    <PoundsData>4</PoundsData>
    <ShillingsData></ShillingsData>
    <PenceData></PenceData>
    <DollarsData></DollarsData>
    <CentsData></CentsData>
    <CurrencyData>Rhode Island</CurrencyData>
  </row>
  <row>
    <uuid>21718</uuid>
    <bookpage>Ledger A, 1750 - 1772: pg.27</bookpage>
    <folioside>Right</folioside>
    <drcr>Credit</drcr>
    <linenumber>5</linenumber>
    <year><![CDATA[]]></year>
    <month><![CDATA[]]></month>
    <day><![CDATA[]]></day>
    <accountname><![CDATA[]]></accountname>
    <entry><![CDATA[]]></entry>
    <subtotal><![CDATA[<p>£8.[0].[0] in Virga Cury</p>
]]></subtotal>
    <page><![CDATA[]]></page>
    <symbol></symbol>
    <pounds><![CDATA[]]></pounds>
    <shillings><![CDATA[11]]></shillings>
    <pence><![CDATA[]]></pence>
    <dollars><![CDATA[]]></dollars>
    <cents><![CDATA[]]></cents>
    <date-attribute>1756-02-26</date-attribute>
    <Date>1756 February 26</Date>
    <AccountNameDataID>11833</AccountNameDataID>
    <AccountNameData>Cash</AccountNameData>
    <ClearText>£8.[0].[0] in Virginia Currency</ClearText>
    <PoundsData></PoundsData>
    <ShillingsData>11</ShillingsData>
    <PenceData></PenceData>
    <DollarsData></DollarsData>
    <CentsData></CentsData>
    <CurrencyData></CurrencyData>
  </row>
  <row>
    <uuid>21719</uuid>
    <bookpage>Ledger A, 1750 - 1772: pg.27</bookpage>
    <folioside>Right</folioside>
    <drcr>Credit</drcr>
    <linenumber>7</linenumber>
    <year><![CDATA[]]></year>
    <month><![CDATA[]]></month>
    <day><![CDATA[]]></day>
    <accountname><![CDATA[]]></accountname>
    <entry><![CDATA[<p>By Cash lent Captn Mercer</p>
]]></entry>
    <subtotal><![CDATA[]]></subtotal>
    <page><![CDATA[]]></page>
    <symbol></symbol>
    <pounds><![CDATA[]]></pounds>
    <shillings><![CDATA[19]]></shillings>
    <pence><![CDATA[4]]></pence>
    <dollars><![CDATA[]]></dollars>
    <cents><![CDATA[]]></cents>
    <date-attribute>1756-02-26</date-attribute>
    <Date>1756 February 26</Date>
    <AccountNameDataID>11833</AccountNameDataID>
    <AccountNameData>Cash</AccountNameData>
    <ClearText>By Cash lent Captain Mercer</ClearText>
    <PoundsData></PoundsData>
    <ShillingsData>19</ShillingsData>
    <PenceData>4</PenceData>
    <DollarsData></DollarsData>
    <CentsData></CentsData>
    <CurrencyData></CurrencyData>
  </row>
  <row>
    <uuid>21720</uuid>
    <bookpage>Ledger A, 1750 - 1772: pg.27</bookpage>
    <folioside>Right</folioside>
    <drcr>Credit</drcr>
    <linenumber>8</linenumber>
    <year><![CDATA[]]></year>
    <month><![CDATA[]]></month>
    <day><![CDATA[27]]></day>
    <accountname><![CDATA[]]></accountname>
    <entry><![CDATA[<p>By Ditto to a Man of Wars Crew</p>
]]></entry>
    <subtotal><![CDATA[<p>[0].11.3</p>
]]></subtotal>
    <page><![CDATA[]]></page>
    <symbol></symbol>
    <pounds><![CDATA[]]></pounds>
    <shillings><![CDATA[]]></shillings>
    <pence><![CDATA[]]></pence>
    <dollars><![CDATA[]]></dollars>
    <cents><![CDATA[]]></cents>
    <date-attribute>1756-02-27</date-attribute>
    <Date>1756 February 27</Date>
    <AccountNameDataID>11833</AccountNameDataID>
    <AccountNameData>Cash</AccountNameData>
    <ClearText>By Cash lent to a Man of Wars Crew</ClearText>
    <PoundsData></PoundsData>
    <ShillingsData>11</ShillingsData>
    <PenceData>3</PenceData>
    <DollarsData></DollarsData>
    <CentsData></CentsData>
    <CurrencyData>Massachusetts</CurrencyData>
  </row>
  <row>
    <uuid>21721</uuid>
    <bookpage>Ledger A, 1750 - 1772: pg.27</bookpage>
    <folioside>Right</folioside>
    <drcr>Credit</drcr>
    <linenumber>9</linenumber>
    <year><![CDATA[]]></year>
    <month><![CDATA[]]></month>
    <day><![CDATA[]]></day>
    <accountname><![CDATA[]]></accountname>
    <entry><![CDATA[<p>at cards at the Governors</p>
]]></entry>
    <subtotal><![CDATA[<p>1.2.6</p>
]]></subtotal>
    <page><![CDATA[]]></page>
    <symbol></symbol>
    <pounds><![CDATA[]]></pounds>
    <shillings><![CDATA[]]></shillings>
    <pence><![CDATA[]]></pence>
    <dollars><![CDATA[]]></dollars>
    <cents><![CDATA[]]></cents>
    <date-attribute>1756-02-27 to 1756-03-10</date-attribute>
    <Date>1756 February 27 to 1756 March 10</Date>
    <AccountNameDataID>11833</AccountNameDataID>
    <AccountNameData>Cash</AccountNameData>
    <ClearText>at cards at the Governors</ClearText>
    <PoundsData>1</PoundsData>
    <ShillingsData>2</ShillingsData>
    <PenceData>6</PenceData>
    <DollarsData></DollarsData>
    <CentsData></CentsData>
    <CurrencyData>Massachusetts</CurrencyData>
  </row>
  <row>
    <uuid>21722</uuid>
    <bookpage>Ledger A, 1750 - 1772: pg.27</bookpage>
    <folioside>Right</folioside>
    <drcr>Credit</drcr>
    <linenumber>10</linenumber>
    <year><![CDATA[]]></year>
    <month><![CDATA[]]></month>
    <day><![CDATA[]]></day>
    <accountname><![CDATA[]]></accountname>
    <entry><![CDATA[<p>crossing to Castle William</p>
]]></entry>
    <subtotal><![CDATA[<p>[0].11.3</p>
]]></subtotal>
    <page><![CDATA[]]></page>
    <symbol></symbol>
    <pounds><![CDATA[]]></pounds>
    <shillings><![CDATA[]]></shillings>
    <pence><![CDATA[]]></pence>
    <dollars><![CDATA[]]></dollars>
    <cents><![CDATA[]]></cents>
    <date-attribute>1756-02-27 to 1756-03-10</date-attribute>
    <Date>1756 February 27 to 1756 March 10</Date>
    <AccountNameDataID>11833</AccountNameDataID>
    <AccountNameData>Cash</AccountNameData>
    <ClearText>crossing to Castle William .11.3</ClearText>
    <PoundsData></PoundsData>
    <ShillingsData>11</ShillingsData>
    <PenceData>3</PenceData>
    <DollarsData></DollarsData>
    <CentsData></CentsData>
    <CurrencyData>Massachusetts</CurrencyData>
  </row>
  <row>
    <uuid>21723</uuid>
    <bookpage>Ledger A, 1750 - 1772: pg.27</bookpage>
    <folioside>Right</folioside>
    <drcr>Credit</drcr>
    <linenumber>11</linenumber>
    <year><![CDATA[]]></year>
    <month><![CDATA[]]></month>
    <day><![CDATA[]]></day>
    <accountname><![CDATA[]]></accountname>
    <entry><![CDATA[<p>the Chamber Maid</p>
]]></entry>
    <subtotal><![CDATA[<p>1.2.6</p>
]]></subtotal>
    <page><![CDATA[]]></page>
    <symbol></symbol>
    <pounds><![CDATA[]]></pounds>
    <shillings><![CDATA[]]></shillings>
    <pence><![CDATA[]]></pence>
    <dollars><![CDATA[]]></dollars>
    <cents><![CDATA[]]></cents>
    <date-attribute>1756-02-27 to 1756-03-10</date-attribute>
    <Date>1756 February 27 to 1756 March 10</Date>
    <AccountNameDataID>11833</AccountNameDataID>
    <AccountNameData>Cash</AccountNameData>
    <ClearText>the Chamber Maid</ClearText>
    <PoundsData>1</PoundsData>
    <ShillingsData>2</ShillingsData>
    <PenceData>6</PenceData>
    <DollarsData></DollarsData>
    <CentsData></CentsData>
    <CurrencyData>Massachusetts</CurrencyData>
  </row>
  <row>
    <uuid>21724</uuid>
    <bookpage>Ledger A, 1750 - 1772: pg.27</bookpage>
    <folioside>Right</folioside>
    <drcr>Credit</drcr>
    <linenumber>12</linenumber>
    <year><![CDATA[]]></year>
    <month><![CDATA[]]></month>
    <day><![CDATA[to]]></day>
    <accountname><![CDATA[]]></accountname>
    <entry><![CDATA[<p>at Cards</p>
]]></entry>
    <subtotal><![CDATA[<p>3.18.9 } Massachusets</p>
]]></subtotal>
    <page><![CDATA[]]></page>
    <symbol></symbol>
    <pounds><![CDATA[]]></pounds>
    <shillings><![CDATA[]]></shillings>
    <pence><![CDATA[]]></pence>
    <dollars><![CDATA[]]></dollars>
    <cents><![CDATA[]]></cents>
    <date-attribute>1756-02-27 to 1756-03-10</date-attribute>
    <Date>1756 February 27 to 1756 March 10</Date>
    <AccountNameDataID>11833</AccountNameDataID>
    <AccountNameData>Cash</AccountNameData>
    <ClearText>at Cards</ClearText>
    <PoundsData>3</PoundsData>
    <ShillingsData>18</ShillingsData>
    <PenceData>9</PenceData>
    <DollarsData></DollarsData>
    <CentsData></CentsData>
    <CurrencyData>Massachusetts</CurrencyData>
  </row>
  <row>
    <uuid>21725</uuid>
    <bookpage>Ledger A, 1750 - 1772: pg.27</bookpage>
    <folioside>Right</folioside>
    <drcr>Credit</drcr>
    <linenumber>13</linenumber>
    <year><![CDATA[]]></year>
    <month><![CDATA[]]></month>
    <day><![CDATA[]]></day>
    <accountname><![CDATA[]]></accountname>
    <entry><![CDATA[<p>For a Hatt</p>
]]></entry>
    <subtotal><![CDATA[<p>12.10.[0]</p>
]]></subtotal>
    <page><![CDATA[]]></page>
    <symbol></symbol>
    <pounds><![CDATA[]]></pounds>
    <shillings><![CDATA[]]></shillings>
    <pence><![CDATA[]]></pence>
    <dollars><![CDATA[]]></dollars>
    <cents><![CDATA[]]></cents>
    <date-attribute>1756-02-27 to 1756-03-10</date-attribute>
    <Date>1756 February 27 to 1756 March 10</Date>
    <AccountNameDataID>11833</AccountNameDataID>
    <AccountNameData>Cash</AccountNameData>
    <ClearText>For a Hatt</ClearText>
    <PoundsData>12</PoundsData>
    <ShillingsData>10</ShillingsData>
    <PenceData></PenceData>
    <DollarsData></DollarsData>
    <CentsData></CentsData>
    <CurrencyData>Massachusetts</CurrencyData>
  </row>
  <row>
    <uuid>21726</uuid>
    <bookpage>Ledger A, 1750 - 1772: pg.27</bookpage>
    <folioside>Right</folioside>
    <drcr>Credit</drcr>
    <linenumber>14</linenumber>
    <year><![CDATA[]]></year>
    <month><![CDATA[]]></month>
    <day><![CDATA[]]></day>
    <accountname><![CDATA[]]></accountname>
    <entry><![CDATA[<p>Taylors Bill</p>
]]></entry>
    <subtotal><![CDATA[<p>95.7.3</p>
]]></subtotal>
    <page><![CDATA[]]></page>
    <symbol></symbol>
    <pounds><![CDATA[]]></pounds>
    <shillings><![CDATA[]]></shillings>
    <pence><![CDATA[]]></pence>
    <dollars><![CDATA[]]></dollars>
    <cents><![CDATA[]]></cents>
    <date-attribute>1756-02-27 to 1756-03-10</date-attribute>
    <Date>1756 February 27 to 1756 March 10</Date>
    <AccountNameDataID>11833</AccountNameDataID>
    <AccountNameData>Cash</AccountNameData>
    <ClearText>Taylors Bill</ClearText>
    <PoundsData>95</PoundsData>
    <ShillingsData>7</ShillingsData>
    <PenceData>3</PenceData>
    <DollarsData></DollarsData>
    <CentsData></CentsData>
    <CurrencyData>Massachusetts</CurrencyData>
  </row>
  <row>
    <uuid>21727</uuid>
    <bookpage>Ledger A, 1750 - 1772: pg.27</bookpage>
    <folioside>Right</folioside>
    <drcr>Credit</drcr>
    <linenumber>15</linenumber>
    <year><![CDATA[]]></year>
    <month><![CDATA[]]></month>
    <day><![CDATA[]]></day>
    <accountname><![CDATA[]]></accountname>
    <entry><![CDATA[<p>Silver Lace</p>
]]></entry>
    <subtotal><![CDATA[<p>94.17.1</p>
]]></subtotal>
    <page><![CDATA[]]></page>
    <symbol></symbol>
    <pounds><![CDATA[]]></pounds>
    <shillings><![CDATA[]]></shillings>
    <pence><![CDATA[]]></pence>
    <dollars><![CDATA[]]></dollars>
    <cents><![CDATA[]]></cents>
    <date-attribute>1756-02-27 to 1756-03-10</date-attribute>
    <Date>1756 February 27 to 1756 March 10</Date>
    <AccountNameDataID>11833</AccountNameDataID>
    <AccountNameData>Cash</AccountNameData>
    <ClearText>Silver Lace</ClearText>
    <PoundsData>94</PoundsData>
    <ShillingsData>17</ShillingsData>
    <PenceData>1</PenceData>
    <DollarsData></DollarsData>
    <CentsData></CentsData>
    <CurrencyData>Massachusetts</CurrencyData>
  </row>
  <row>
    <uuid>21728</uuid>
    <bookpage>Ledger A, 1750 - 1772: pg.27</bookpage>
    <folioside>Right</folioside>
    <drcr>Credit</drcr>
    <linenumber>16</linenumber>
    <year><![CDATA[]]></year>
    <month><![CDATA[Mar.]]></month>
    <day><![CDATA[10]]></day>
    <accountname><![CDATA[]]></accountname>
    <entry><![CDATA[<p>2 pr of Gloves</p>
]]></entry>
    <subtotal><![CDATA[<p>1.18.1</p>
]]></subtotal>
    <page><![CDATA[]]></page>
    <symbol></symbol>
    <pounds><![CDATA[]]></pounds>
    <shillings><![CDATA[]]></shillings>
    <pence><![CDATA[]]></pence>
    <dollars><![CDATA[]]></dollars>
    <cents><![CDATA[]]></cents>
    <date-attribute>1756-03-10</date-attribute>
    <Date>1756 March 10</Date>
    <AccountNameDataID>11833</AccountNameDataID>
    <AccountNameData>Cash</AccountNameData>
    <ClearText>2 pair of Gloves</ClearText>
    <PoundsData>1</PoundsData>
    <ShillingsData>18</ShillingsData>
    <PenceData>1</PenceData>
    <DollarsData></DollarsData>
    <CentsData></CentsData>
    <CurrencyData>Massachusetts</CurrencyData>
  </row>
  <row>
    <uuid>21729</uuid>
    <bookpage>Ledger A, 1750 - 1772: pg.27</bookpage>
    <folioside>Right</folioside>
    <drcr>Credit</drcr>
    <linenumber>17</linenumber>
    <year><![CDATA[]]></year>
    <month><![CDATA[]]></month>
    <day><![CDATA[]]></day>
    <accountname><![CDATA[]]></accountname>
    <entry><![CDATA[<p>£211.18.8 is in Virga Cury</p>
]]></entry>
    <subtotal><![CDATA[]]></subtotal>
    <page><![CDATA[]]></page>
    <symbol></symbol>
    <pounds><![CDATA[26]]></pounds>
    <shillings><![CDATA[9]]></shillings>
    <pence><![CDATA[10]]></pence>
    <dollars><![CDATA[]]></dollars>
    <cents><![CDATA[]]></cents>
    <date-attribute>1756-03-10</date-attribute>
    <Date>1756 March 10</Date>
    <AccountNameDataID>11833</AccountNameDataID>
    <AccountNameData>Cash</AccountNameData>
    <ClearText>£211.18.8 is in Virginia Currency</ClearText>
    <PoundsData>26</PoundsData>
    <ShillingsData>9</ShillingsData>
    <PenceData>10</PenceData>
    <DollarsData></DollarsData>
    <CentsData></CentsData>
    <CurrencyData>Massachusetts, VA</CurrencyData>
  </row>
  <row>
    <uuid>21730</uuid>
    <bookpage>Ledger A, 1750 - 1772: pg.27</bookpage>
    <folioside>Right</folioside>
    <drcr>Credit</drcr>
    <linenumber>18</linenumber>
    <year><![CDATA[]]></year>
    <month><![CDATA[]]></month>
    <day><![CDATA[]]></day>
    <accountname><![CDATA[]]></accountname>
    <entry><![CDATA[<p>By Cash to John Alton</p>
]]></entry>
    <subtotal><![CDATA[]]></subtotal>
    <page><![CDATA[]]></page>
    <symbol></symbol>
    <pounds><![CDATA[]]></pounds>
    <shillings><![CDATA[5]]></shillings>
    <pence><![CDATA[9]]></pence>
    <dollars><![CDATA[]]></dollars>
    <cents><![CDATA[]]></cents>
    <date-attribute>1756-03-10</date-attribute>
    <Date>1756 March 10</Date>
    <AccountNameDataID>11833</AccountNameDataID>
    <AccountNameData>Cash</AccountNameData>
    <ClearText>By Cash to John Alton</ClearText>
    <PoundsData></PoundsData>
    <ShillingsData>5</ShillingsData>
    <PenceData>9</PenceData>
    <DollarsData></DollarsData>
    <CentsData></CentsData>
    <CurrencyData></CurrencyData>
  </row>
  <row>
    <uuid>21731</uuid>
    <bookpage>Ledger A, 1750 - 1772: pg.27</bookpage>
    <folioside>Right</folioside>
    <drcr>Credit</drcr>
    <linenumber>19</linenumber>
    <year><![CDATA[]]></year>
    <month><![CDATA[]]></month>
    <day><![CDATA[10]]></day>
    <accountname><![CDATA[]]></accountname>
    <entry><![CDATA[<p>By Ditto, at Cards</p>
]]></entry>
    <subtotal><![CDATA[<p>[0].7.[0]</p>
]]></subtotal>
    <page><![CDATA[]]></page>
    <symbol></symbol>
    <pounds><![CDATA[]]></pounds>
    <shillings><![CDATA[]]></shillings>
    <pence><![CDATA[]]></pence>
    <dollars><![CDATA[]]></dollars>
    <cents><![CDATA[]]></cents>
    <date-attribute>1756-03-10</date-attribute>
    <Date>1756 March 10</Date>
    <AccountNameDataID>11833</AccountNameDataID>
    <AccountNameData>Cash</AccountNameData>
    <ClearText>By Cash, at Cards</ClearText>
    <PoundsData></PoundsData>
    <ShillingsData>7</ShillingsData>
    <PenceData></PenceData>
    <DollarsData></DollarsData>
    <CentsData></CentsData>
    <CurrencyData>NY</CurrencyData>
  </row>
  <row>
    <uuid>21732</uuid>
    <bookpage>Ledger A, 1750 - 1772: pg.27</bookpage>
    <folioside>Right</folioside>
    <drcr>Credit</drcr>
    <linenumber>20</linenumber>
    <year><![CDATA[]]></year>
    <month><![CDATA[]]></month>
    <day><![CDATA[]]></day>
    <accountname><![CDATA[]]></accountname>
    <entry><![CDATA[<p>for a pr of Silk Stockings</p>
]]></entry>
    <subtotal><![CDATA[<p>1.14.[0]</p>
]]></subtotal>
    <page><![CDATA[]]></page>
    <symbol></symbol>
    <pounds><![CDATA[]]></pounds>
    <shillings><![CDATA[]]></shillings>
    <pence><![CDATA[]]></pence>
    <dollars><![CDATA[]]></dollars>
    <cents><![CDATA[]]></cents>
    <date-attribute>1756-03-10 to 1756-03-14</date-attribute>
    <Date>1756 March 10 to 1756 March 14</Date>
    <AccountNameDataID>11833</AccountNameDataID>
    <AccountNameData>Cash</AccountNameData>
    <ClearText>for a pair of Silk Stockings</ClearText>
    <PoundsData>1</PoundsData>
    <ShillingsData>14</ShillingsData>
    <PenceData></PenceData>
    <DollarsData></DollarsData>
    <CentsData></CentsData>
    <CurrencyData>NY</CurrencyData>
  </row>
  <row>
    <uuid>21733</uuid>
    <bookpage>Ledger A, 1750 - 1772: pg.27</bookpage>
    <folioside>Right</folioside>
    <drcr>Credit</drcr>
    <linenumber>21</linenumber>
    <year><![CDATA[]]></year>
    <month><![CDATA[]]></month>
    <day><![CDATA[to]]></day>
    <accountname><![CDATA[]]></accountname>
    <entry><![CDATA[<p>Mr Robinson's Servants</p>
]]></entry>
    <subtotal><![CDATA[<p>1.4.[0] } New York</p>
]]></subtotal>
    <page><![CDATA[]]></page>
    <symbol></symbol>
    <pounds><![CDATA[]]></pounds>
    <shillings><![CDATA[]]></shillings>
    <pence><![CDATA[]]></pence>
    <dollars><![CDATA[]]></dollars>
    <cents><![CDATA[]]></cents>
    <date-attribute>1756-03-10 to 1756-03-14</date-attribute>
    <Date>1756 March 10 to 1756 March 14</Date>
    <AccountNameDataID>11833</AccountNameDataID>
    <AccountNameData>Cash</AccountNameData>
    <ClearText>Mr Robinson&#039;s Servants</ClearText>
    <PoundsData>1</PoundsData>
    <ShillingsData>4</ShillingsData>
    <PenceData></PenceData>
    <DollarsData></DollarsData>
    <CentsData></CentsData>
    <CurrencyData>NY</CurrencyData>
  </row>
  <row>
    <uuid>21734</uuid>
    <bookpage>Ledger A, 1750 - 1772: pg.27</bookpage>
    <folioside>Right</folioside>
    <drcr>Credit</drcr>
    <linenumber>22</linenumber>
    <year><![CDATA[]]></year>
    <month><![CDATA[]]></month>
    <day><![CDATA[14]]></day>
    <accountname><![CDATA[]]></accountname>
    <entry><![CDATA[<p>Paper</p>
]]></entry>
    <subtotal><![CDATA[<p>[0].1.[0]</p>
]]></subtotal>
    <page><![CDATA[]]></page>
    <symbol></symbol>
    <pounds><![CDATA[]]></pounds>
    <shillings><![CDATA[]]></shillings>
    <pence><![CDATA[]]></pence>
    <dollars><![CDATA[]]></dollars>
    <cents><![CDATA[]]></cents>
    <date-attribute>1756-03-14</date-attribute>
    <Date>1756 March 14</Date>
    <AccountNameDataID>11833</AccountNameDataID>
    <AccountNameData>Cash</AccountNameData>
    <ClearText>Paper</ClearText>
    <PoundsData></PoundsData>
    <ShillingsData>1</ShillingsData>
    <PenceData></PenceData>
    <DollarsData></DollarsData>
    <CentsData></CentsData>
    <CurrencyData>NY</CurrencyData>
  </row>
  <row>
    <uuid>21735</uuid>
    <bookpage>Ledger A, 1750 - 1772: pg.27</bookpage>
    <folioside>Right</folioside>
    <drcr>Credit</drcr>
    <linenumber>23</linenumber>
    <year><![CDATA[]]></year>
    <month><![CDATA[]]></month>
    <day><![CDATA[]]></day>
    <accountname><![CDATA[]]></accountname>
    <entry><![CDATA[<p>£3.6—in Virga Cury is</p>
]]></entry>
    <subtotal><![CDATA[]]></subtotal>
    <page><![CDATA[]]></page>
    <symbol></symbol>
    <pounds><![CDATA[2]]></pounds>
    <shillings><![CDATA[7]]></shillings>
    <pence><![CDATA[5]]></pence>
    <dollars><![CDATA[]]></dollars>
    <cents><![CDATA[]]></cents>
    <date-attribute>1756-03-14</date-attribute>
    <Date>1756 March 14</Date>
    <AccountNameDataID>11833</AccountNameDataID>
    <AccountNameData>Cash</AccountNameData>
    <ClearText>£3.6—in Virginia Currency is</ClearText>
    <PoundsData>2</PoundsData>
    <ShillingsData>7</ShillingsData>
    <PenceData>5</PenceData>
    <DollarsData></DollarsData>
    <CentsData></CentsData>
    <CurrencyData>NY, VA</CurrencyData>
  </row>
  <row>
    <uuid>21736</uuid>
    <bookpage>Ledger A, 1750 - 1772: pg.27</bookpage>
    <folioside>Right</folioside>
    <drcr>Credit</drcr>
    <linenumber>24</linenumber>
    <year><![CDATA[]]></year>
    <month><![CDATA[]]></month>
    <day><![CDATA[]]></day>
    <accountname><![CDATA[]]></accountname>
    <entry><![CDATA[<p>By Cash to John Alton</p>
]]></entry>
    <subtotal><![CDATA[]]></subtotal>
    <page><![CDATA[]]></page>
    <symbol></symbol>
    <pounds><![CDATA[]]></pounds>
    <shillings><![CDATA[5]]></shillings>
    <pence><![CDATA[9]]></pence>
    <dollars><![CDATA[]]></dollars>
    <cents><![CDATA[]]></cents>
    <date-attribute>1756-03-14</date-attribute>
    <Date>1756 March 14</Date>
    <AccountNameDataID>11833</AccountNameDataID>
    <AccountNameData>Cash</AccountNameData>
    <ClearText>By Cash to John Alton</ClearText>
    <PoundsData></PoundsData>
    <ShillingsData>5</ShillingsData>
    <PenceData>9</PenceData>
    <DollarsData></DollarsData>
    <CentsData></CentsData>
    <CurrencyData></CurrencyData>
  </row>
  <row>
    <uuid>21737</uuid>
    <bookpage>Ledger A, 1750 - 1772: pg.27</bookpage>
    <folioside>Right</folioside>
    <drcr>Credit</drcr>
    <linenumber>25</linenumber>
    <year><![CDATA[]]></year>
    <month><![CDATA[]]></month>
    <day><![CDATA[14]]></day>
    <accountname><![CDATA[]]></accountname>
    <entry><![CDATA[<p>By Ditto for a Ticket to ye [the] Assembly</p>
]]></entry>
    <subtotal><![CDATA[<p>[0].7.6</p>
]]></subtotal>
    <page><![CDATA[]]></page>
    <symbol></symbol>
    <pounds><![CDATA[]]></pounds>
    <shillings><![CDATA[]]></shillings>
    <pence><![CDATA[]]></pence>
    <dollars><![CDATA[]]></dollars>
    <cents><![CDATA[]]></cents>
    <date-attribute>1756-03-14</date-attribute>
    <Date>1756 March 14</Date>
    <AccountNameDataID>11833</AccountNameDataID>
    <AccountNameData>Cash</AccountNameData>
    <ClearText>By Cash for a Ticket to ye [the] Assembly</ClearText>
    <PoundsData></PoundsData>
    <ShillingsData>7</ShillingsData>
    <PenceData>6</PenceData>
    <DollarsData></DollarsData>
    <CentsData></CentsData>
    <CurrencyData>PA</CurrencyData>
  </row>
  <row>
    <uuid>21738</uuid>
    <bookpage>Ledger A, 1750 - 1772: pg.27</bookpage>
    <folioside>Right</folioside>
    <drcr>Credit</drcr>
    <linenumber>26</linenumber>
    <year><![CDATA[]]></year>
    <month><![CDATA[]]></month>
    <day><![CDATA[]]></day>
    <accountname><![CDATA[]]></accountname>
    <entry><![CDATA[<p>My board at Mr Woods</p>
]]></entry>
    <subtotal><![CDATA[<p>1.[0].[0]</p>
]]></subtotal>
    <page><![CDATA[]]></page>
    <symbol></symbol>
    <pounds><![CDATA[]]></pounds>
    <shillings><![CDATA[]]></shillings>
    <pence><![CDATA[]]></pence>
    <dollars><![CDATA[]]></dollars>
    <cents><![CDATA[]]></cents>
    <date-attribute>1756-03-14 to 1756-03-23</date-attribute>
    <Date>1756 March 14 to 1756 March 23</Date>
    <AccountNameDataID>11833</AccountNameDataID>
    <AccountNameData>Cash</AccountNameData>
    <ClearText>My board at Mr Woods</ClearText>
    <PoundsData>1</PoundsData>
    <ShillingsData></ShillingsData>
    <PenceData></PenceData>
    <DollarsData></DollarsData>
    <CentsData></CentsData>
    <CurrencyData>PA</CurrencyData>
  </row>
  <row>
    <uuid>21739</uuid>
    <bookpage>Ledger A, 1750 - 1772: pg.27</bookpage>
    <folioside>Right</folioside>
    <drcr>Credit</drcr>
    <linenumber>27</linenumber>
    <year><![CDATA[]]></year>
    <month><![CDATA[]]></month>
    <day><![CDATA[]]></day>
    <accountname><![CDATA[]]></accountname>
    <entry><![CDATA[<p>A pr of Gloves</p>
]]></entry>
    <subtotal><![CDATA[<p>[0].2.6</p>
]]></subtotal>
    <page><![CDATA[]]></page>
    <symbol></symbol>
    <pounds><![CDATA[]]></pounds>
    <shillings><![CDATA[]]></shillings>
    <pence><![CDATA[]]></pence>
    <dollars><![CDATA[]]></dollars>
    <cents><![CDATA[]]></cents>
    <date-attribute>1756-03-14 to 1756-03-23</date-attribute>
    <Date>1756 March 14 to 1756 March 23</Date>
    <AccountNameDataID>11833</AccountNameDataID>
    <AccountNameData>Cash</AccountNameData>
    <ClearText>A pair of Gloves</ClearText>
    <PoundsData></PoundsData>
    <ShillingsData>2</ShillingsData>
    <PenceData>6</PenceData>
    <DollarsData></DollarsData>
    <CentsData></CentsData>
    <CurrencyData>PA</CurrencyData>
  </row>
  <row>
    <uuid>21740</uuid>
    <bookpage>Ledger A, 1750 - 1772: pg.27</bookpage>
    <folioside>Right</folioside>
    <drcr>Credit</drcr>
    <linenumber>28</linenumber>
    <year><![CDATA[]]></year>
    <month><![CDATA[]]></month>
    <day><![CDATA[]]></day>
    <accountname><![CDATA[]]></accountname>
    <entry><![CDATA[<p>Stockings for Bishop</p>
]]></entry>
    <subtotal><![CDATA[<p>1.[0].[0]</p>
]]></subtotal>
    <page><![CDATA[]]></page>
    <symbol></symbol>
    <pounds><![CDATA[]]></pounds>
    <shillings><![CDATA[]]></shillings>
    <pence><![CDATA[]]></pence>
    <dollars><![CDATA[]]></dollars>
    <cents><![CDATA[]]></cents>
    <date-attribute>1756-03-14 to 1756-03-23</date-attribute>
    <Date>1756 March 14 to 1756 March 23</Date>
    <AccountNameDataID>11833</AccountNameDataID>
    <AccountNameData>Cash</AccountNameData>
    <ClearText>Stockings for Bishop</ClearText>
    <PoundsData>1</PoundsData>
    <ShillingsData></ShillingsData>
    <PenceData></PenceData>
    <DollarsData></DollarsData>
    <CentsData></CentsData>
    <CurrencyData>PA</CurrencyData>
  </row>
  <row>
    <uuid>21741</uuid>
    <bookpage>Ledger A, 1750 - 1772: pg.27</bookpage>
    <folioside>Right</folioside>
    <drcr>Credit</drcr>
    <linenumber>29</linenumber>
    <year><![CDATA[]]></year>
    <month><![CDATA[]]></month>
    <day><![CDATA[to]]></day>
    <accountname><![CDATA[]]></accountname>
    <entry><![CDATA[<p>the Barber &amp;ca</p>
]]></entry>
    <subtotal><![CDATA[<p>[0].3.9 } Pensa. Money</p>
]]></subtotal>
    <page><![CDATA[]]></page>
    <symbol></symbol>
    <pounds><![CDATA[]]></pounds>
    <shillings><![CDATA[]]></shillings>
    <pence><![CDATA[]]></pence>
    <dollars><![CDATA[]]></dollars>
    <cents><![CDATA[]]></cents>
    <date-attribute>1756-03-14 to 1756-03-23</date-attribute>
    <Date>1756 March 14 to 1756 March 23</Date>
    <AccountNameDataID>11833</AccountNameDataID>
    <AccountNameData>Cash</AccountNameData>
    <ClearText>the Barber &amp;ca</ClearText>
    <PoundsData></PoundsData>
    <ShillingsData>3</ShillingsData>
    <PenceData>9</PenceData>
    <DollarsData></DollarsData>
    <CentsData></CentsData>
    <CurrencyData>PA</CurrencyData>
  </row>
  <row>
    <uuid>21742</uuid>
    <bookpage>Ledger A, 1750 - 1772: pg.27</bookpage>
    <folioside>Right</folioside>
    <drcr>Credit</drcr>
    <linenumber>30</linenumber>
    <year><![CDATA[]]></year>
    <month><![CDATA[]]></month>
    <day><![CDATA[]]></day>
    <accountname><![CDATA[]]></accountname>
    <entry><![CDATA[<p>Sadler</p>
]]></entry>
    <subtotal><![CDATA[<p>[0].7.6</p>
]]></subtotal>
    <page><![CDATA[]]></page>
    <symbol></symbol>
    <pounds><![CDATA[]]></pounds>
    <shillings><![CDATA[]]></shillings>
    <pence><![CDATA[]]></pence>
    <dollars><![CDATA[]]></dollars>
    <cents><![CDATA[]]></cents>
    <date-attribute>1756-03-14 to 1756-03-23</date-attribute>
    <Date>1756 March 14 to 1756 March 23</Date>
    <AccountNameDataID>11833</AccountNameDataID>
    <AccountNameData>Cash</AccountNameData>
    <ClearText>Sadler</ClearText>
    <PoundsData></PoundsData>
    <ShillingsData>7</ShillingsData>
    <PenceData>6</PenceData>
    <DollarsData></DollarsData>
    <CentsData></CentsData>
    <CurrencyData>PA</CurrencyData>
  </row>
  <row>
    <uuid>21743</uuid>
    <bookpage>Ledger A, 1750 - 1772: pg.27</bookpage>
    <folioside>Right</folioside>
    <drcr>Credit</drcr>
    <linenumber>31</linenumber>
    <year><![CDATA[]]></year>
    <month><![CDATA[]]></month>
    <day><![CDATA[]]></day>
    <accountname><![CDATA[]]></accountname>
    <entry><![CDATA[<p>The House Maid</p>
]]></entry>
    <subtotal><![CDATA[<p>[0].5.[0]</p>
]]></subtotal>
    <page><![CDATA[]]></page>
    <symbol></symbol>
    <pounds><![CDATA[]]></pounds>
    <shillings><![CDATA[]]></shillings>
    <pence><![CDATA[]]></pence>
    <dollars><![CDATA[]]></dollars>
    <cents><![CDATA[]]></cents>
    <date-attribute>1756-03-14 to 1756-03-23</date-attribute>
    <Date>1756 March 14 to 1756 March 23</Date>
    <AccountNameDataID>11833</AccountNameDataID>
    <AccountNameData>Cash</AccountNameData>
    <ClearText>The House Maid</ClearText>
    <PoundsData></PoundsData>
    <ShillingsData>5</ShillingsData>
    <PenceData></PenceData>
    <DollarsData></DollarsData>
    <CentsData></CentsData>
    <CurrencyData>PA</CurrencyData>
  </row>
  <row>
    <uuid>21744</uuid>
    <bookpage>Ledger A, 1750 - 1772: pg.27</bookpage>
    <folioside>Right</folioside>
    <drcr>Credit</drcr>
    <linenumber>32</linenumber>
    <year><![CDATA[]]></year>
    <month><![CDATA[]]></month>
    <day><![CDATA[]]></day>
    <accountname><![CDATA[]]></accountname>
    <entry><![CDATA[<p>Exps. at Chester</p>
]]></entry>
    <subtotal><![CDATA[<p>[0].10.6</p>
]]></subtotal>
    <page><![CDATA[]]></page>
    <symbol></symbol>
    <pounds><![CDATA[]]></pounds>
    <shillings><![CDATA[]]></shillings>
    <pence><![CDATA[]]></pence>
    <dollars><![CDATA[]]></dollars>
    <cents><![CDATA[]]></cents>
    <date-attribute>1756-03-14 to 1756-03-23</date-attribute>
    <Date>1756 March 14 to 1756 March 23</Date>
    <AccountNameDataID>11833</AccountNameDataID>
    <AccountNameData>Cash</AccountNameData>
    <ClearText>Expenses at Chester</ClearText>
    <PoundsData></PoundsData>
    <ShillingsData>10</ShillingsData>
    <PenceData>6</PenceData>
    <DollarsData></DollarsData>
    <CentsData></CentsData>
    <CurrencyData>PA</CurrencyData>
  </row>
  <row>
    <uuid>21745</uuid>
    <bookpage>Ledger A, 1750 - 1772: pg.27</bookpage>
    <folioside>Right</folioside>
    <drcr>Credit</drcr>
    <linenumber>33</linenumber>
    <year><![CDATA[]]></year>
    <month><![CDATA[]]></month>
    <day><![CDATA[23]]></day>
    <accountname><![CDATA[]]></accountname>
    <entry><![CDATA[<p>Ditto fm Phila. to Alexa.</p>
]]></entry>
    <subtotal><![CDATA[<p>6.11.6</p>
]]></subtotal>
    <page><![CDATA[]]></page>
    <symbol></symbol>
    <pounds><![CDATA[]]></pounds>
    <shillings><![CDATA[]]></shillings>
    <pence><![CDATA[]]></pence>
    <dollars><![CDATA[]]></dollars>
    <cents><![CDATA[]]></cents>
    <date-attribute>1756-03-23</date-attribute>
    <Date>1756 March 23</Date>
    <AccountNameDataID>11833</AccountNameDataID>
    <AccountNameData>Cash</AccountNameData>
    <ClearText>Expenses from Philadelphia to Alexandria</ClearText>
    <PoundsData>6</PoundsData>
    <ShillingsData>11</ShillingsData>
    <PenceData>6</PenceData>
    <DollarsData></DollarsData>
    <CentsData></CentsData>
    <CurrencyData>PA</CurrencyData>
  </row>
  <row>
    <uuid>21746</uuid>
    <bookpage>Ledger A, 1750 - 1772: pg.27</bookpage>
    <folioside>Right</folioside>
    <drcr>Credit</drcr>
    <linenumber>34</linenumber>
    <year><![CDATA[]]></year>
    <month><![CDATA[]]></month>
    <day><![CDATA[]]></day>
    <accountname><![CDATA[]]></accountname>
    <entry><![CDATA[<p>£10.8.3 in Virga Cury is</p>
]]></entry>
    <subtotal><![CDATA[]]></subtotal>
    <page><![CDATA[]]></page>
    <symbol></symbol>
    <pounds><![CDATA[8]]></pounds>
    <shillings><![CDATA[6]]></shillings>
    <pence><![CDATA[7 1/2]]></pence>
    <dollars><![CDATA[]]></dollars>
    <cents><![CDATA[]]></cents>
    <date-attribute>1756-03-23</date-attribute>
    <Date>1756 March 23</Date>
    <AccountNameDataID>11833</AccountNameDataID>
    <AccountNameData>Cash</AccountNameData>
    <ClearText>£10.8.3 in Virginia Currency is</ClearText>
    <PoundsData>8</PoundsData>
    <ShillingsData>6</ShillingsData>
    <PenceData>7.5</PenceData>
    <DollarsData></DollarsData>
    <CentsData></CentsData>
    <CurrencyData>PA, VA</CurrencyData>
  </row>
  <row>
    <uuid>21747</uuid>
    <bookpage>Ledger A, 1750 - 1772: pg.27</bookpage>
    <folioside>Right</folioside>
    <drcr>Credit</drcr>
    <linenumber>35</linenumber>
    <year><![CDATA[]]></year>
    <month><![CDATA[]]></month>
    <day><![CDATA[]]></day>
    <accountname><![CDATA[]]></accountname>
    <entry><![CDATA[<p>By Cash to Lieutt Gladwin for a Tent &amp; Marquee</p>
]]></entry>
    <subtotal><![CDATA[]]></subtotal>
    <page><![CDATA[]]></page>
    <symbol></symbol>
    <pounds><![CDATA[10]]></pounds>
    <shillings><![CDATA[12]]></shillings>
    <pence><![CDATA[6]]></pence>
    <dollars><![CDATA[]]></dollars>
    <cents><![CDATA[]]></cents>
    <date-attribute>1756-03-23</date-attribute>
    <Date>1756 March 23</Date>
    <AccountNameDataID>11833</AccountNameDataID>
    <AccountNameData>Cash</AccountNameData>
    <ClearText>By Cash to Lieutenant Gladwin for a Tent &amp; Marquee</ClearText>
    <PoundsData>10</PoundsData>
    <ShillingsData>12</ShillingsData>
    <PenceData>6</PenceData>
    <DollarsData></DollarsData>
    <CentsData></CentsData>
    <CurrencyData></CurrencyData>
  </row>
  <row>
    <uuid>21748</uuid>
    <bookpage>Ledger A, 1750 - 1772: pg.27</bookpage>
    <folioside>Right</folioside>
    <drcr>Credit</drcr>
    <linenumber>36</linenumber>
    <year><![CDATA[]]></year>
    <month><![CDATA[]]></month>
    <day><![CDATA[]]></day>
    <accountname><![CDATA[]]></accountname>
    <entry><![CDATA[<p>By my Expences pd by Captn Mercer to Boston &amp;ca</p>
]]></entry>
    <subtotal><![CDATA[]]></subtotal>
    <page><![CDATA[]]></page>
    <symbol></symbol>
    <pounds><![CDATA[65]]></pounds>
    <shillings><![CDATA[15]]></shillings>
    <pence><![CDATA[11 1/2]]></pence>
    <dollars><![CDATA[]]></dollars>
    <cents><![CDATA[]]></cents>
    <date-attribute>1756-03-23</date-attribute>
    <Date>1756 March 23</Date>
    <AccountNameDataID>11833</AccountNameDataID>
    <AccountNameData>Cash</AccountNameData>
    <ClearText>By my Expenses paid by Captain Mercer to Boston &amp;ca</ClearText>
    <PoundsData>65</PoundsData>
    <ShillingsData>15</ShillingsData>
    <PenceData>11.5</PenceData>
    <DollarsData></DollarsData>
    <CentsData></CentsData>
    <CurrencyData></CurrencyData>
  </row>
  <row>
    <uuid>21749</uuid>
    <bookpage>Ledger A, 1750 - 1772: pg.27</bookpage>
    <folioside>Right</folioside>
    <drcr>Credit</drcr>
    <linenumber>37</linenumber>
    <year><![CDATA[]]></year>
    <month><![CDATA[]]></month>
    <day><![CDATA[]]></day>
    <accountname><![CDATA[]]></accountname>
    <entry><![CDATA[<p>By amount carried forward</p>
]]></entry>
    <subtotal><![CDATA[]]></subtotal>
    <page><![CDATA[]]></page>
    <symbol></symbol>
    <pounds><![CDATA[1295]]></pounds>
    <shillings><![CDATA[7]]></shillings>
    <pence><![CDATA[9]]></pence>
    <dollars><![CDATA[]]></dollars>
    <cents><![CDATA[]]></cents>
    <date-attribute>1756-03</date-attribute>
    <Date>1756 March</Date>
    <AccountNameDataID>11833</AccountNameDataID>
    <AccountNameData>Cash</AccountNameData>
    <ClearText>By amount carried forward</ClearText>
    <PoundsData>1295</PoundsData>
    <ShillingsData>7</ShillingsData>
    <PenceData>9</PenceData>
    <DollarsData></DollarsData>
    <CentsData></CentsData>
    <CurrencyData></CurrencyData>
  </row>
</transactions>
