<?xml version="1.0" encoding="UTF-8" ?>
<transactions>
  <row>
    <uuid>29722</uuid>
    <bookpage>Ledger A, 1750 - 1772: pg.28</bookpage>
    <folioside>Left</folioside>
    <drcr>Debit</drcr>
    <linenumber>1</linenumber>
    <year><![CDATA[]]></year>
    <month><![CDATA[]]></month>
    <day><![CDATA[]]></day>
    <accountname><![CDATA[Cash Dr
]]></accountname>
    <entry><![CDATA[]]></entry>
    <subtotal><![CDATA[]]></subtotal>
    <page><![CDATA[]]></page>
    <symbol></symbol>
    <pounds><![CDATA[]]></pounds>
    <shillings><![CDATA[]]></shillings>
    <pence><![CDATA[]]></pence>
    <dollars><![CDATA[]]></dollars>
    <cents><![CDATA[]]></cents>
    <date-attribute></date-attribute>
    <Date></Date>
    <AccountNameDataID>11833</AccountNameDataID>
    <AccountNameData>Cash</AccountNameData>
    <ClearText></ClearText>
    <PoundsData></PoundsData>
    <ShillingsData></ShillingsData>
    <PenceData></PenceData>
    <DollarsData></DollarsData>
    <CentsData></CentsData>
    <CurrencyData></CurrencyData>
  </row>
  <row>
    <uuid>15371</uuid>
    <bookpage>Ledger A, 1750 - 1772: pg.28</bookpage>
    <folioside>Left</folioside>
    <drcr>Debit</drcr>
    <linenumber>2</linenumber>
    <year><![CDATA[]]></year>
    <month><![CDATA[]]></month>
    <day><![CDATA[]]></day>
    <accountname><![CDATA[]]></accountname>
    <entry><![CDATA[<p>To Sum brot forward</p>
]]></entry>
    <subtotal><![CDATA[]]></subtotal>
    <page><![CDATA[]]></page>
    <symbol>£</symbol>
    <pounds><![CDATA[1580]]></pounds>
    <shillings><![CDATA[8]]></shillings>
    <pence><![CDATA[1/2]]></pence>
    <dollars><![CDATA[]]></dollars>
    <cents><![CDATA[]]></cents>
    <date-attribute>1756</date-attribute>
    <Date>1756</Date>
    <AccountNameDataID>11833</AccountNameDataID>
    <AccountNameData>Cash</AccountNameData>
    <ClearText>To Sum brought forward</ClearText>
    <PoundsData>1580</PoundsData>
    <ShillingsData>8</ShillingsData>
    <PenceData>1/2</PenceData>
    <DollarsData></DollarsData>
    <CentsData></CentsData>
    <CurrencyData></CurrencyData>
  </row>
  <row>
    <uuid>15372</uuid>
    <bookpage>Ledger A, 1750 - 1772: pg.28</bookpage>
    <folioside>Left</folioside>
    <drcr>Debit</drcr>
    <linenumber>3</linenumber>
    <year><![CDATA[1756]]></year>
    <month><![CDATA[Apl]]></month>
    <day><![CDATA[1]]></day>
    <accountname><![CDATA[]]></accountname>
    <entry><![CDATA[<p>To Cash of the Publick</p>
]]></entry>
    <subtotal><![CDATA[]]></subtotal>
    <page><![CDATA[]]></page>
    <symbol></symbol>
    <pounds><![CDATA[11]]></pounds>
    <shillings><![CDATA[5]]></shillings>
    <pence><![CDATA[]]></pence>
    <dollars><![CDATA[]]></dollars>
    <cents><![CDATA[]]></cents>
    <date-attribute>1756-04-01</date-attribute>
    <Date>1756 April 1</Date>
    <AccountNameDataID>11833</AccountNameDataID>
    <AccountNameData>Cash</AccountNameData>
    <ClearText>To Cash of the Publick</ClearText>
    <PoundsData>11</PoundsData>
    <ShillingsData>5</ShillingsData>
    <PenceData></PenceData>
    <DollarsData></DollarsData>
    <CentsData></CentsData>
    <CurrencyData></CurrencyData>
  </row>
  <row>
    <uuid>15373</uuid>
    <bookpage>Ledger A, 1750 - 1772: pg.28</bookpage>
    <folioside>Left</folioside>
    <drcr>Debit</drcr>
    <linenumber>4</linenumber>
    <year><![CDATA[]]></year>
    <month><![CDATA[]]></month>
    <day><![CDATA[17]]></day>
    <accountname><![CDATA[]]></accountname>
    <entry><![CDATA[<p>To Ditto won at Cards</p>
]]></entry>
    <subtotal><![CDATA[]]></subtotal>
    <page><![CDATA[]]></page>
    <symbol></symbol>
    <pounds><![CDATA[]]></pounds>
    <shillings><![CDATA[7]]></shillings>
    <pence><![CDATA[10]]></pence>
    <dollars><![CDATA[]]></dollars>
    <cents><![CDATA[]]></cents>
    <date-attribute>1756-04-17</date-attribute>
    <Date>1756 April 17</Date>
    <AccountNameDataID>11833</AccountNameDataID>
    <AccountNameData>Cash</AccountNameData>
    <ClearText>To Cash won at Cards</ClearText>
    <PoundsData></PoundsData>
    <ShillingsData>7</ShillingsData>
    <PenceData>10</PenceData>
    <DollarsData></DollarsData>
    <CentsData></CentsData>
    <CurrencyData></CurrencyData>
  </row>
  <row>
    <uuid>15374</uuid>
    <bookpage>Ledger A, 1750 - 1772: pg.28</bookpage>
    <folioside>Left</folioside>
    <drcr>Debit</drcr>
    <linenumber>5</linenumber>
    <year><![CDATA[]]></year>
    <month><![CDATA[]]></month>
    <day><![CDATA[27]]></day>
    <accountname><![CDATA[]]></accountname>
    <entry><![CDATA[<p>To Ditto of the Publick</p>
]]></entry>
    <subtotal><![CDATA[]]></subtotal>
    <page><![CDATA[]]></page>
    <symbol></symbol>
    <pounds><![CDATA[8]]></pounds>
    <shillings><![CDATA[]]></shillings>
    <pence><![CDATA[]]></pence>
    <dollars><![CDATA[]]></dollars>
    <cents><![CDATA[]]></cents>
    <date-attribute>1756-04-27</date-attribute>
    <Date>1756 April 27</Date>
    <AccountNameDataID>11833</AccountNameDataID>
    <AccountNameData>Cash</AccountNameData>
    <ClearText>To Cash of the Publick</ClearText>
    <PoundsData>8</PoundsData>
    <ShillingsData></ShillingsData>
    <PenceData></PenceData>
    <DollarsData></DollarsData>
    <CentsData></CentsData>
    <CurrencyData></CurrencyData>
  </row>
  <row>
    <uuid>15375</uuid>
    <bookpage>Ledger A, 1750 - 1772: pg.28</bookpage>
    <folioside>Left</folioside>
    <drcr>Debit</drcr>
    <linenumber>6</linenumber>
    <year><![CDATA[]]></year>
    <month><![CDATA[]]></month>
    <day><![CDATA[]]></day>
    <accountname><![CDATA[]]></accountname>
    <entry><![CDATA[<p>To sum carried forward</p>
]]></entry>
    <subtotal><![CDATA[]]></subtotal>
    <page><![CDATA[]]></page>
    <symbol>£</symbol>
    <pounds><![CDATA[1600]]></pounds>
    <shillings><![CDATA[]]></shillings>
    <pence><![CDATA[10 1/2]]></pence>
    <dollars><![CDATA[]]></dollars>
    <cents><![CDATA[]]></cents>
    <date-attribute>1756-04</date-attribute>
    <Date>1756 April</Date>
    <AccountNameDataID>11833</AccountNameDataID>
    <AccountNameData>Cash</AccountNameData>
    <ClearText>To sum carried forward</ClearText>
    <PoundsData>1600</PoundsData>
    <ShillingsData></ShillingsData>
    <PenceData>10.5</PenceData>
    <DollarsData></DollarsData>
    <CentsData></CentsData>
    <CurrencyData></CurrencyData>
  </row>
  <row>
    <uuid>29723</uuid>
    <bookpage>Ledger A, 1750 - 1772: pg.28</bookpage>
    <folioside>Right</folioside>
    <drcr>Credit</drcr>
    <linenumber>1</linenumber>
    <year><![CDATA[]]></year>
    <month><![CDATA[]]></month>
    <day><![CDATA[]]></day>
    <accountname><![CDATA[Contra Cr
]]></accountname>
    <entry><![CDATA[]]></entry>
    <subtotal><![CDATA[]]></subtotal>
    <page><![CDATA[]]></page>
    <symbol></symbol>
    <pounds><![CDATA[]]></pounds>
    <shillings><![CDATA[]]></shillings>
    <pence><![CDATA[]]></pence>
    <dollars><![CDATA[]]></dollars>
    <cents><![CDATA[]]></cents>
    <date-attribute></date-attribute>
    <Date></Date>
    <AccountNameDataID>11833</AccountNameDataID>
    <AccountNameData>Cash</AccountNameData>
    <ClearText></ClearText>
    <PoundsData></PoundsData>
    <ShillingsData></ShillingsData>
    <PenceData></PenceData>
    <DollarsData></DollarsData>
    <CentsData></CentsData>
    <CurrencyData></CurrencyData>
  </row>
  <row>
    <uuid>21750</uuid>
    <bookpage>Ledger A, 1750 - 1772: pg.28</bookpage>
    <folioside>Right</folioside>
    <drcr>Credit</drcr>
    <linenumber>2</linenumber>
    <year><![CDATA[1756]]></year>
    <month><![CDATA[]]></month>
    <day><![CDATA[]]></day>
    <accountname><![CDATA[]]></accountname>
    <entry><![CDATA[<p>By Sum brot over</p>
]]></entry>
    <subtotal><![CDATA[]]></subtotal>
    <page><![CDATA[]]></page>
    <symbol>£</symbol>
    <pounds><![CDATA[1295]]></pounds>
    <shillings><![CDATA[7s]]></shillings>
    <pence><![CDATA[9d]]></pence>
    <dollars><![CDATA[]]></dollars>
    <cents><![CDATA[]]></cents>
    <date-attribute>1756</date-attribute>
    <Date>1756</Date>
    <AccountNameDataID>11833</AccountNameDataID>
    <AccountNameData>Cash</AccountNameData>
    <ClearText>By Sum brought over</ClearText>
    <PoundsData>1295</PoundsData>
    <ShillingsData>7</ShillingsData>
    <PenceData>9</PenceData>
    <DollarsData></DollarsData>
    <CentsData></CentsData>
    <CurrencyData></CurrencyData>
  </row>
  <row>
    <uuid>21751</uuid>
    <bookpage>Ledger A, 1750 - 1772: pg.28</bookpage>
    <folioside>Right</folioside>
    <drcr>Credit</drcr>
    <linenumber>3</linenumber>
    <year><![CDATA[]]></year>
    <month><![CDATA[]]></month>
    <day><![CDATA[]]></day>
    <accountname><![CDATA[]]></accountname>
    <entry><![CDATA[<p>Sundry payments made by Bishop</p>
]]></entry>
    <subtotal><![CDATA[]]></subtotal>
    <page><![CDATA[]]></page>
    <symbol></symbol>
    <pounds><![CDATA[]]></pounds>
    <shillings><![CDATA[]]></shillings>
    <pence><![CDATA[]]></pence>
    <dollars><![CDATA[]]></dollars>
    <cents><![CDATA[]]></cents>
    <date-attribute>1756-02</date-attribute>
    <Date>1756 February</Date>
    <AccountNameDataID>11833</AccountNameDataID>
    <AccountNameData>Cash</AccountNameData>
    <ClearText>Sundry payments made by Bishop</ClearText>
    <PoundsData></PoundsData>
    <ShillingsData></ShillingsData>
    <PenceData></PenceData>
    <DollarsData></DollarsData>
    <CentsData></CentsData>
    <CurrencyData></CurrencyData>
  </row>
  <row>
    <uuid>21752</uuid>
    <bookpage>Ledger A, 1750 - 1772: pg.28</bookpage>
    <folioside>Right</folioside>
    <drcr>Credit</drcr>
    <linenumber>4</linenumber>
    <year><![CDATA[]]></year>
    <month><![CDATA[Feby 10]]></month>
    <day><![CDATA[]]></day>
    <accountname><![CDATA[]]></accountname>
    <entry><![CDATA[<p>By Cash for mending a Sword</p>
]]></entry>
    <subtotal><![CDATA[<p>[0].3s.9d</p>
]]></subtotal>
    <page><![CDATA[]]></page>
    <symbol></symbol>
    <pounds><![CDATA[]]></pounds>
    <shillings><![CDATA[]]></shillings>
    <pence><![CDATA[]]></pence>
    <dollars><![CDATA[]]></dollars>
    <cents><![CDATA[]]></cents>
    <date-attribute>1756-02-10</date-attribute>
    <Date>1756 February 10</Date>
    <AccountNameDataID>11833</AccountNameDataID>
    <AccountNameData>Cash</AccountNameData>
    <ClearText>By Cash for mending a Sword</ClearText>
    <PoundsData></PoundsData>
    <ShillingsData>3</ShillingsData>
    <PenceData>9</PenceData>
    <DollarsData></DollarsData>
    <CentsData></CentsData>
    <CurrencyData>PA</CurrencyData>
  </row>
  <row>
    <uuid>21753</uuid>
    <bookpage>Ledger A, 1750 - 1772: pg.28</bookpage>
    <folioside>Right</folioside>
    <drcr>Credit</drcr>
    <linenumber>5</linenumber>
    <year><![CDATA[]]></year>
    <month><![CDATA[]]></month>
    <day><![CDATA[]]></day>
    <accountname><![CDATA[]]></accountname>
    <entry><![CDATA[<p>for Ribon</p>
]]></entry>
    <subtotal><![CDATA[<p>[0].[0].2</p>
]]></subtotal>
    <page><![CDATA[]]></page>
    <symbol></symbol>
    <pounds><![CDATA[]]></pounds>
    <shillings><![CDATA[]]></shillings>
    <pence><![CDATA[]]></pence>
    <dollars><![CDATA[]]></dollars>
    <cents><![CDATA[]]></cents>
    <date-attribute>1756-02-10 to 1756-03-14</date-attribute>
    <Date>1756 February 10 to 1756 March 14</Date>
    <AccountNameDataID>11833</AccountNameDataID>
    <AccountNameData>Cash</AccountNameData>
    <ClearText>for Ribbon</ClearText>
    <PoundsData></PoundsData>
    <ShillingsData></ShillingsData>
    <PenceData>2</PenceData>
    <DollarsData></DollarsData>
    <CentsData></CentsData>
    <CurrencyData>PA</CurrencyData>
  </row>
  <row>
    <uuid>21754</uuid>
    <bookpage>Ledger A, 1750 - 1772: pg.28</bookpage>
    <folioside>Right</folioside>
    <drcr>Credit</drcr>
    <linenumber>6</linenumber>
    <year><![CDATA[]]></year>
    <month><![CDATA[]]></month>
    <day><![CDATA[]]></day>
    <accountname><![CDATA[]]></accountname>
    <entry><![CDATA[<p>Cards</p>
]]></entry>
    <subtotal><![CDATA[<p>[0].1.[0]</p>
]]></subtotal>
    <page><![CDATA[]]></page>
    <symbol></symbol>
    <pounds><![CDATA[]]></pounds>
    <shillings><![CDATA[]]></shillings>
    <pence><![CDATA[]]></pence>
    <dollars><![CDATA[]]></dollars>
    <cents><![CDATA[]]></cents>
    <date-attribute>1756-02-10 to 1756-03-14</date-attribute>
    <Date>1756 February 10 to 1756 March 14</Date>
    <AccountNameDataID>11833</AccountNameDataID>
    <AccountNameData>Cash</AccountNameData>
    <ClearText>Cards</ClearText>
    <PoundsData></PoundsData>
    <ShillingsData>1</ShillingsData>
    <PenceData></PenceData>
    <DollarsData></DollarsData>
    <CentsData></CentsData>
    <CurrencyData>PA</CurrencyData>
  </row>
  <row>
    <uuid>21755</uuid>
    <bookpage>Ledger A, 1750 - 1772: pg.28</bookpage>
    <folioside>Right</folioside>
    <drcr>Credit</drcr>
    <linenumber>7</linenumber>
    <year><![CDATA[]]></year>
    <month><![CDATA[]]></month>
    <day><![CDATA[to]]></day>
    <accountname><![CDATA[]]></accountname>
    <entry><![CDATA[<p>Cockades</p>
]]></entry>
    <subtotal><![CDATA[<p>[0].3.[0] } Pensylva.</p>
]]></subtotal>
    <page><![CDATA[]]></page>
    <symbol></symbol>
    <pounds><![CDATA[]]></pounds>
    <shillings><![CDATA[]]></shillings>
    <pence><![CDATA[]]></pence>
    <dollars><![CDATA[]]></dollars>
    <cents><![CDATA[]]></cents>
    <date-attribute>1756-02-10 to 1756-03-14</date-attribute>
    <Date>1756 February 10 to 1756 March 14</Date>
    <AccountNameDataID>11833</AccountNameDataID>
    <AccountNameData>Cash</AccountNameData>
    <ClearText>Cockades</ClearText>
    <PoundsData></PoundsData>
    <ShillingsData>3</ShillingsData>
    <PenceData></PenceData>
    <DollarsData></DollarsData>
    <CentsData></CentsData>
    <CurrencyData>PA</CurrencyData>
  </row>
  <row>
    <uuid>21756</uuid>
    <bookpage>Ledger A, 1750 - 1772: pg.28</bookpage>
    <folioside>Right</folioside>
    <drcr>Credit</drcr>
    <linenumber>8</linenumber>
    <year><![CDATA[]]></year>
    <month><![CDATA[]]></month>
    <day><![CDATA[]]></day>
    <accountname><![CDATA[]]></accountname>
    <entry><![CDATA[<p>Breeches Buckle</p>
]]></entry>
    <subtotal><![CDATA[<p>[0].1.4</p>
]]></subtotal>
    <page><![CDATA[]]></page>
    <symbol></symbol>
    <pounds><![CDATA[]]></pounds>
    <shillings><![CDATA[]]></shillings>
    <pence><![CDATA[]]></pence>
    <dollars><![CDATA[]]></dollars>
    <cents><![CDATA[]]></cents>
    <date-attribute>1756-02-10 to 1756-03-14</date-attribute>
    <Date>1756 February 10 to 1756 March 14</Date>
    <AccountNameDataID>11833</AccountNameDataID>
    <AccountNameData>Cash</AccountNameData>
    <ClearText>Breeches Buckle</ClearText>
    <PoundsData></PoundsData>
    <ShillingsData>1</ShillingsData>
    <PenceData>4</PenceData>
    <DollarsData></DollarsData>
    <CentsData></CentsData>
    <CurrencyData>PA</CurrencyData>
  </row>
  <row>
    <uuid>21757</uuid>
    <bookpage>Ledger A, 1750 - 1772: pg.28</bookpage>
    <folioside>Right</folioside>
    <drcr>Credit</drcr>
    <linenumber>9</linenumber>
    <year><![CDATA[]]></year>
    <month><![CDATA[]]></month>
    <day><![CDATA[]]></day>
    <accountname><![CDATA[]]></accountname>
    <entry><![CDATA[]]></entry>
    <subtotal><![CDATA[<p>[0].9.2 in Virga Cury is</p>
]]></subtotal>
    <page><![CDATA[]]></page>
    <symbol></symbol>
    <pounds><![CDATA[]]></pounds>
    <shillings><![CDATA[7]]></shillings>
    <pence><![CDATA[4]]></pence>
    <dollars><![CDATA[]]></dollars>
    <cents><![CDATA[]]></cents>
    <date-attribute>1756-02-10 to 1756-03-14</date-attribute>
    <Date>1756 February 10 to 1756 March 14</Date>
    <AccountNameDataID>11833</AccountNameDataID>
    <AccountNameData>Cash</AccountNameData>
    <ClearText>9.2 in Virginia Currency is </ClearText>
    <PoundsData></PoundsData>
    <ShillingsData>7</ShillingsData>
    <PenceData>4</PenceData>
    <DollarsData></DollarsData>
    <CentsData></CentsData>
    <CurrencyData>PA, VA</CurrencyData>
  </row>
  <row>
    <uuid>21758</uuid>
    <bookpage>Ledger A, 1750 - 1772: pg.28</bookpage>
    <folioside>Right</folioside>
    <drcr>Credit</drcr>
    <linenumber>10</linenumber>
    <year><![CDATA[]]></year>
    <month><![CDATA[Mar.]]></month>
    <day><![CDATA[14]]></day>
    <accountname><![CDATA[]]></accountname>
    <entry><![CDATA[<p>By Sundry other payments at New York &amp;ca amg to</p>
]]></entry>
    <subtotal><![CDATA[]]></subtotal>
    <page><![CDATA[]]></page>
    <symbol></symbol>
    <pounds><![CDATA[4]]></pounds>
    <shillings><![CDATA[12]]></shillings>
    <pence><![CDATA[4]]></pence>
    <dollars><![CDATA[]]></dollars>
    <cents><![CDATA[]]></cents>
    <date-attribute>1756-03-14</date-attribute>
    <Date>1756 March 14</Date>
    <AccountNameDataID>11833</AccountNameDataID>
    <AccountNameData>Cash</AccountNameData>
    <ClearText>By Sundry other payments at New York &amp;ca amounting to</ClearText>
    <PoundsData>4</PoundsData>
    <ShillingsData>12</ShillingsData>
    <PenceData>4</PenceData>
    <DollarsData></DollarsData>
    <CentsData></CentsData>
    <CurrencyData></CurrencyData>
  </row>
  <row>
    <uuid>21759</uuid>
    <bookpage>Ledger A, 1750 - 1772: pg.28</bookpage>
    <folioside>Right</folioside>
    <drcr>Credit</drcr>
    <linenumber>12</linenumber>
    <year><![CDATA[]]></year>
    <month><![CDATA[]]></month>
    <day><![CDATA[25]]></day>
    <accountname><![CDATA[]]></accountname>
    <entry><![CDATA[<p>By Cash to my Nurse</p>
]]></entry>
    <subtotal><![CDATA[]]></subtotal>
    <page><![CDATA[]]></page>
    <symbol></symbol>
    <pounds><![CDATA[1]]></pounds>
    <shillings><![CDATA[]]></shillings>
    <pence><![CDATA[]]></pence>
    <dollars><![CDATA[]]></dollars>
    <cents><![CDATA[]]></cents>
    <date-attribute>1756-03-25</date-attribute>
    <Date>1756 March 25</Date>
    <AccountNameDataID>11833</AccountNameDataID>
    <AccountNameData>Cash</AccountNameData>
    <ClearText>By Cash to my Nurse</ClearText>
    <PoundsData>1</PoundsData>
    <ShillingsData></ShillingsData>
    <PenceData></PenceData>
    <DollarsData></DollarsData>
    <CentsData></CentsData>
    <CurrencyData></CurrencyData>
  </row>
  <row>
    <uuid>21760</uuid>
    <bookpage>Ledger A, 1750 - 1772: pg.28</bookpage>
    <folioside>Right</folioside>
    <drcr>Credit</drcr>
    <linenumber>13</linenumber>
    <year><![CDATA[]]></year>
    <month><![CDATA[]]></month>
    <day><![CDATA[]]></day>
    <accountname><![CDATA[]]></accountname>
    <entry><![CDATA[<p>By Ditto Expences at Dumfries</p>
]]></entry>
    <subtotal><![CDATA[]]></subtotal>
    <page><![CDATA[]]></page>
    <symbol></symbol>
    <pounds><![CDATA[]]></pounds>
    <shillings><![CDATA[1]]></shillings>
    <pence><![CDATA[6]]></pence>
    <dollars><![CDATA[]]></dollars>
    <cents><![CDATA[]]></cents>
    <date-attribute>1756-03-25</date-attribute>
    <Date>1756 March 25</Date>
    <AccountNameDataID>11833</AccountNameDataID>
    <AccountNameData>Cash</AccountNameData>
    <ClearText>By Cash Expenses at Dumfries</ClearText>
    <PoundsData></PoundsData>
    <ShillingsData>1</ShillingsData>
    <PenceData>6</PenceData>
    <DollarsData></DollarsData>
    <CentsData></CentsData>
    <CurrencyData></CurrencyData>
  </row>
  <row>
    <uuid>21761</uuid>
    <bookpage>Ledger A, 1750 - 1772: pg.28</bookpage>
    <folioside>Right</folioside>
    <drcr>Credit</drcr>
    <linenumber>14</linenumber>
    <year><![CDATA[]]></year>
    <month><![CDATA[]]></month>
    <day><![CDATA[26]]></day>
    <accountname><![CDATA[]]></accountname>
    <entry><![CDATA[<p>By Ditto pd for making Shirts for John Alton</p>
]]></entry>
    <subtotal><![CDATA[]]></subtotal>
    <page><![CDATA[]]></page>
    <symbol></symbol>
    <pounds><![CDATA[]]></pounds>
    <shillings><![CDATA[4]]></shillings>
    <pence><![CDATA[]]></pence>
    <dollars><![CDATA[]]></dollars>
    <cents><![CDATA[]]></cents>
    <date-attribute>1756-03-26</date-attribute>
    <Date>1756 March 26</Date>
    <AccountNameDataID>11833</AccountNameDataID>
    <AccountNameData>Cash</AccountNameData>
    <ClearText>By Cash paid for making Shirts for John Alton</ClearText>
    <PoundsData></PoundsData>
    <ShillingsData>4</ShillingsData>
    <PenceData></PenceData>
    <DollarsData></DollarsData>
    <CentsData></CentsData>
    <CurrencyData></CurrencyData>
  </row>
  <row>
    <uuid>21762</uuid>
    <bookpage>Ledger A, 1750 - 1772: pg.28</bookpage>
    <folioside>Right</folioside>
    <drcr>Credit</drcr>
    <linenumber>15</linenumber>
    <year><![CDATA[]]></year>
    <month><![CDATA[]]></month>
    <day><![CDATA[27]]></day>
    <accountname><![CDATA[]]></accountname>
    <entry><![CDATA[<p>By Exps. at Caroline Ct House 5/2 <sup>1</sup>/<sub>2</sub> Ditto at Todds 10/</p>
]]></entry>
    <subtotal><![CDATA[]]></subtotal>
    <page><![CDATA[]]></page>
    <symbol></symbol>
    <pounds><![CDATA[]]></pounds>
    <shillings><![CDATA[15]]></shillings>
    <pence><![CDATA[2 1/2]]></pence>
    <dollars><![CDATA[]]></dollars>
    <cents><![CDATA[]]></cents>
    <date-attribute>1756-03-27</date-attribute>
    <Date>1756 March 27</Date>
    <AccountNameDataID>11833</AccountNameDataID>
    <AccountNameData>Cash</AccountNameData>
    <ClearText>By Expenses at Caroline Court House 5/2 1/2 By Expenses at Todds 10/</ClearText>
    <PoundsData></PoundsData>
    <ShillingsData>15</ShillingsData>
    <PenceData>2.5</PenceData>
    <DollarsData></DollarsData>
    <CentsData></CentsData>
    <CurrencyData></CurrencyData>
  </row>
  <row>
    <uuid>21763</uuid>
    <bookpage>Ledger A, 1750 - 1772: pg.28</bookpage>
    <folioside>Right</folioside>
    <drcr>Credit</drcr>
    <linenumber>16</linenumber>
    <year><![CDATA[]]></year>
    <month><![CDATA[]]></month>
    <day><![CDATA[28]]></day>
    <accountname><![CDATA[]]></accountname>
    <entry><![CDATA[<p>By Ditto at King Wm Ct House 10/. Spotswoods Chacka 13/3</p>
]]></entry>
    <subtotal><![CDATA[]]></subtotal>
    <page><![CDATA[]]></page>
    <symbol></symbol>
    <pounds><![CDATA[1]]></pounds>
    <shillings><![CDATA[3]]></shillings>
    <pence><![CDATA[3]]></pence>
    <dollars><![CDATA[]]></dollars>
    <cents><![CDATA[]]></cents>
    <date-attribute>1756-03-28</date-attribute>
    <Date>1756 March 28</Date>
    <AccountNameDataID>11833</AccountNameDataID>
    <AccountNameData>Cash</AccountNameData>
    <ClearText>By Expenses at King William Court House 10/. Spotswoods Chacka 13/3</ClearText>
    <PoundsData>1</PoundsData>
    <ShillingsData>3</ShillingsData>
    <PenceData>3</PenceData>
    <DollarsData></DollarsData>
    <CentsData></CentsData>
    <CurrencyData></CurrencyData>
  </row>
  <row>
    <uuid>21764</uuid>
    <bookpage>Ledger A, 1750 - 1772: pg.28</bookpage>
    <folioside>Right</folioside>
    <drcr>Credit</drcr>
    <linenumber>17</linenumber>
    <year><![CDATA[]]></year>
    <month><![CDATA[]]></month>
    <day><![CDATA[]]></day>
    <accountname><![CDATA[]]></accountname>
    <entry><![CDATA[<p>By the Hostler at Doncastles 1/10 <sup>1</sup>/<sub>2</sub></p>
]]></entry>
    <subtotal><![CDATA[]]></subtotal>
    <page><![CDATA[]]></page>
    <symbol></symbol>
    <pounds><![CDATA[]]></pounds>
    <shillings><![CDATA[1]]></shillings>
    <pence><![CDATA[10 1/2]]></pence>
    <dollars><![CDATA[]]></dollars>
    <cents><![CDATA[]]></cents>
    <date-attribute>1756-03-28</date-attribute>
    <Date>1756 March 28</Date>
    <AccountNameDataID>11833</AccountNameDataID>
    <AccountNameData>Cash</AccountNameData>
    <ClearText>By the Hostler at Doncastles 1/10 1/2</ClearText>
    <PoundsData></PoundsData>
    <ShillingsData>1</ShillingsData>
    <PenceData>10.5</PenceData>
    <DollarsData></DollarsData>
    <CentsData></CentsData>
    <CurrencyData></CurrencyData>
  </row>
  <row>
    <uuid>21765</uuid>
    <bookpage>Ledger A, 1750 - 1772: pg.28</bookpage>
    <folioside>Right</folioside>
    <drcr>Credit</drcr>
    <linenumber>18</linenumber>
    <year><![CDATA[]]></year>
    <month><![CDATA[]]></month>
    <day><![CDATA[30]]></day>
    <accountname><![CDATA[]]></accountname>
    <entry><![CDATA[<p>By Cash to John Alton 10/10 Exps. at Doncastles 3/6</p>
]]></entry>
    <subtotal><![CDATA[]]></subtotal>
    <page><![CDATA[]]></page>
    <symbol></symbol>
    <pounds><![CDATA[]]></pounds>
    <shillings><![CDATA[14]]></shillings>
    <pence><![CDATA[4]]></pence>
    <dollars><![CDATA[]]></dollars>
    <cents><![CDATA[]]></cents>
    <date-attribute>1756-03-30</date-attribute>
    <Date>1756 March 30</Date>
    <AccountNameDataID>11833</AccountNameDataID>
    <AccountNameData>Cash</AccountNameData>
    <ClearText>By Cash to John Alton 10/10 Expenses at Doncastles 3/6</ClearText>
    <PoundsData></PoundsData>
    <ShillingsData>14</ShillingsData>
    <PenceData>4</PenceData>
    <DollarsData></DollarsData>
    <CentsData></CentsData>
    <CurrencyData></CurrencyData>
  </row>
  <row>
    <uuid>21766</uuid>
    <bookpage>Ledger A, 1750 - 1772: pg.28</bookpage>
    <folioside>Right</folioside>
    <drcr>Credit</drcr>
    <linenumber>19</linenumber>
    <year><![CDATA[]]></year>
    <month><![CDATA[]]></month>
    <day><![CDATA[]]></day>
    <accountname><![CDATA[]]></accountname>
    <entry><![CDATA[<p>By Exps. at Weatherburns 2/6 Barber 3/1<sup>1</sup>/<sub>2</sub></p>
]]></entry>
    <subtotal><![CDATA[]]></subtotal>
    <page><![CDATA[]]></page>
    <symbol></symbol>
    <pounds><![CDATA[]]></pounds>
    <shillings><![CDATA[5]]></shillings>
    <pence><![CDATA[7 1/2]]></pence>
    <dollars><![CDATA[]]></dollars>
    <cents><![CDATA[]]></cents>
    <date-attribute>1756-03-30</date-attribute>
    <Date>1756 March 30</Date>
    <AccountNameDataID>11833</AccountNameDataID>
    <AccountNameData>Cash</AccountNameData>
    <ClearText>By Expenses at Weatherburns 2/6 Barber 3/1 1/2</ClearText>
    <PoundsData></PoundsData>
    <ShillingsData>5</ShillingsData>
    <PenceData>7.5</PenceData>
    <DollarsData></DollarsData>
    <CentsData></CentsData>
    <CurrencyData></CurrencyData>
  </row>
  <row>
    <uuid>21767</uuid>
    <bookpage>Ledger A, 1750 - 1772: pg.28</bookpage>
    <folioside>Right</folioside>
    <drcr>Credit</drcr>
    <linenumber>20</linenumber>
    <year><![CDATA[]]></year>
    <month><![CDATA[Apl]]></month>
    <day><![CDATA[1]]></day>
    <accountname><![CDATA[]]></accountname>
    <entry><![CDATA[<p>By cleaning my Pistols 3/9. Craik Sadlers acct 21/6</p>
]]></entry>
    <subtotal><![CDATA[]]></subtotal>
    <page><![CDATA[]]></page>
    <symbol></symbol>
    <pounds><![CDATA[1]]></pounds>
    <shillings><![CDATA[5]]></shillings>
    <pence><![CDATA[3]]></pence>
    <dollars><![CDATA[]]></dollars>
    <cents><![CDATA[]]></cents>
    <date-attribute>1756-04-01</date-attribute>
    <Date>1756 April 1</Date>
    <AccountNameDataID>11833</AccountNameDataID>
    <AccountNameData>Cash</AccountNameData>
    <ClearText>By cleaning my Pistols 3/9. Craik Sadlers account 21/6</ClearText>
    <PoundsData>1</PoundsData>
    <ShillingsData>5</ShillingsData>
    <PenceData>3</PenceData>
    <DollarsData></DollarsData>
    <CentsData></CentsData>
    <CurrencyData></CurrencyData>
  </row>
  <row>
    <uuid>21768</uuid>
    <bookpage>Ledger A, 1750 - 1772: pg.28</bookpage>
    <folioside>Right</folioside>
    <drcr>Credit</drcr>
    <linenumber>21</linenumber>
    <year><![CDATA[]]></year>
    <month><![CDATA[]]></month>
    <day><![CDATA[]]></day>
    <accountname><![CDATA[]]></accountname>
    <entry><![CDATA[<p>By Washing 7/. Barber 2/6. Exps. at Weatherbn 25/10</p>
]]></entry>
    <subtotal><![CDATA[]]></subtotal>
    <page><![CDATA[]]></page>
    <symbol></symbol>
    <pounds><![CDATA[1]]></pounds>
    <shillings><![CDATA[15]]></shillings>
    <pence><![CDATA[4]]></pence>
    <dollars><![CDATA[]]></dollars>
    <cents><![CDATA[]]></cents>
    <date-attribute>1756-04-01</date-attribute>
    <Date>1756 April 1</Date>
    <AccountNameDataID>11833</AccountNameDataID>
    <AccountNameData>Cash</AccountNameData>
    <ClearText>By Washing 7/. Barber 2/6. Expenses at Weatherburn 25/10</ClearText>
    <PoundsData>1</PoundsData>
    <ShillingsData>15</ShillingsData>
    <PenceData>4</PenceData>
    <DollarsData></DollarsData>
    <CentsData></CentsData>
    <CurrencyData></CurrencyData>
  </row>
  <row>
    <uuid>21769</uuid>
    <bookpage>Ledger A, 1750 - 1772: pg.28</bookpage>
    <folioside>Right</folioside>
    <drcr>Credit</drcr>
    <linenumber>22</linenumber>
    <year><![CDATA[]]></year>
    <month><![CDATA[]]></month>
    <day><![CDATA[2]]></day>
    <accountname><![CDATA[]]></accountname>
    <entry><![CDATA[<p>By given away 2/6. Expens. at Danzies 43/.</p>
]]></entry>
    <subtotal><![CDATA[]]></subtotal>
    <page><![CDATA[]]></page>
    <symbol></symbol>
    <pounds><![CDATA[2]]></pounds>
    <shillings><![CDATA[5]]></shillings>
    <pence><![CDATA[6]]></pence>
    <dollars><![CDATA[]]></dollars>
    <cents><![CDATA[]]></cents>
    <date-attribute>1756-04-02</date-attribute>
    <Date>1756 April 2</Date>
    <AccountNameDataID>11833</AccountNameDataID>
    <AccountNameData>Cash</AccountNameData>
    <ClearText>By given away 2/6. Expenses at Danzies 43/.</ClearText>
    <PoundsData>2</PoundsData>
    <ShillingsData>5</ShillingsData>
    <PenceData>6</PenceData>
    <DollarsData></DollarsData>
    <CentsData></CentsData>
    <CurrencyData></CurrencyData>
  </row>
  <row>
    <uuid>21770</uuid>
    <bookpage>Ledger A, 1750 - 1772: pg.28</bookpage>
    <folioside>Right</folioside>
    <drcr>Credit</drcr>
    <linenumber>23</linenumber>
    <year><![CDATA[]]></year>
    <month><![CDATA[]]></month>
    <day><![CDATA[]]></day>
    <accountname><![CDATA[]]></accountname>
    <entry><![CDATA[<p>By Exps. at Todds 2/6. gave Danzies Servts 3/9. Fert P 5/.</p>
]]></entry>
    <subtotal><![CDATA[]]></subtotal>
    <page><![CDATA[]]></page>
    <symbol></symbol>
    <pounds><![CDATA[]]></pounds>
    <shillings><![CDATA[11]]></shillings>
    <pence><![CDATA[3]]></pence>
    <dollars><![CDATA[]]></dollars>
    <cents><![CDATA[]]></cents>
    <date-attribute>1756-04-02</date-attribute>
    <Date>1756 April 2</Date>
    <AccountNameDataID>11833</AccountNameDataID>
    <AccountNameData>Cash</AccountNameData>
    <ClearText>By Expenses at Todds 2/6. gave Danzies Servants 3/9. Fert P 5/.</ClearText>
    <PoundsData></PoundsData>
    <ShillingsData>11</ShillingsData>
    <PenceData>3</PenceData>
    <DollarsData></DollarsData>
    <CentsData></CentsData>
    <CurrencyData></CurrencyData>
  </row>
  <row>
    <uuid>21771</uuid>
    <bookpage>Ledger A, 1750 - 1772: pg.28</bookpage>
    <folioside>Right</folioside>
    <drcr>Credit</drcr>
    <linenumber>24</linenumber>
    <year><![CDATA[]]></year>
    <month><![CDATA[]]></month>
    <day><![CDATA[]]></day>
    <accountname><![CDATA[]]></accountname>
    <entry><![CDATA[<p>By Horse hire &amp; crossing Potomack</p>
]]></entry>
    <subtotal><![CDATA[]]></subtotal>
    <page><![CDATA[]]></page>
    <symbol></symbol>
    <pounds><![CDATA[]]></pounds>
    <shillings><![CDATA[15]]></shillings>
    <pence><![CDATA[]]></pence>
    <dollars><![CDATA[]]></dollars>
    <cents><![CDATA[]]></cents>
    <date-attribute>1756-04-02</date-attribute>
    <Date>1756 April 2</Date>
    <AccountNameDataID>11833</AccountNameDataID>
    <AccountNameData>Cash</AccountNameData>
    <ClearText>By Horse hire &amp; crossing Potomack</ClearText>
    <PoundsData></PoundsData>
    <ShillingsData>15</ShillingsData>
    <PenceData></PenceData>
    <DollarsData></DollarsData>
    <CentsData></CentsData>
    <CurrencyData></CurrencyData>
  </row>
  <row>
    <uuid>21772</uuid>
    <bookpage>Ledger A, 1750 - 1772: pg.28</bookpage>
    <folioside>Right</folioside>
    <drcr>Credit</drcr>
    <linenumber>25</linenumber>
    <year><![CDATA[]]></year>
    <month><![CDATA[]]></month>
    <day><![CDATA[6]]></day>
    <accountname><![CDATA[]]></accountname>
    <entry><![CDATA[<p>By Postage of a Letter from Boston</p>
]]></entry>
    <subtotal><![CDATA[]]></subtotal>
    <page><![CDATA[]]></page>
    <symbol></symbol>
    <pounds><![CDATA[]]></pounds>
    <shillings><![CDATA[7]]></shillings>
    <pence><![CDATA[]]></pence>
    <dollars><![CDATA[]]></dollars>
    <cents><![CDATA[]]></cents>
    <date-attribute>1756-04-06</date-attribute>
    <Date>1756 April 6</Date>
    <AccountNameDataID>11833</AccountNameDataID>
    <AccountNameData>Cash</AccountNameData>
    <ClearText>By Postage of a Letter from Boston</ClearText>
    <PoundsData></PoundsData>
    <ShillingsData>7</ShillingsData>
    <PenceData></PenceData>
    <DollarsData></DollarsData>
    <CentsData></CentsData>
    <CurrencyData></CurrencyData>
  </row>
  <row>
    <uuid>21773</uuid>
    <bookpage>Ledger A, 1750 - 1772: pg.28</bookpage>
    <folioside>Right</folioside>
    <drcr>Credit</drcr>
    <linenumber>26</linenumber>
    <year><![CDATA[]]></year>
    <month><![CDATA[]]></month>
    <day><![CDATA[]]></day>
    <accountname><![CDATA[]]></accountname>
    <entry><![CDATA[<p>By John Alton's Exps. to Annapolis</p>
]]></entry>
    <subtotal><![CDATA[]]></subtotal>
    <page><![CDATA[]]></page>
    <symbol></symbol>
    <pounds><![CDATA[]]></pounds>
    <shillings><![CDATA[3]]></shillings>
    <pence><![CDATA[]]></pence>
    <dollars><![CDATA[]]></dollars>
    <cents><![CDATA[]]></cents>
    <date-attribute>1756-04-06</date-attribute>
    <Date>1756 April 6</Date>
    <AccountNameDataID>11833</AccountNameDataID>
    <AccountNameData>Cash</AccountNameData>
    <ClearText>By John Alton&#039;s Expenses to Annapolis</ClearText>
    <PoundsData></PoundsData>
    <ShillingsData>3</ShillingsData>
    <PenceData></PenceData>
    <DollarsData></DollarsData>
    <CentsData></CentsData>
    <CurrencyData></CurrencyData>
  </row>
  <row>
    <uuid>21774</uuid>
    <bookpage>Ledger A, 1750 - 1772: pg.28</bookpage>
    <folioside>Right</folioside>
    <drcr>Credit</drcr>
    <linenumber>27</linenumber>
    <year><![CDATA[]]></year>
    <month><![CDATA[]]></month>
    <day><![CDATA[]]></day>
    <accountname><![CDATA[]]></accountname>
    <entry><![CDATA[<p>By Colo. Carlyles Sam 3/9 Bridget 5/</p>
]]></entry>
    <subtotal><![CDATA[]]></subtotal>
    <page><![CDATA[]]></page>
    <symbol></symbol>
    <pounds><![CDATA[]]></pounds>
    <shillings><![CDATA[8]]></shillings>
    <pence><![CDATA[9]]></pence>
    <dollars><![CDATA[]]></dollars>
    <cents><![CDATA[]]></cents>
    <date-attribute>1756-04-06</date-attribute>
    <Date>1756 April 6</Date>
    <AccountNameDataID>11833</AccountNameDataID>
    <AccountNameData>Cash</AccountNameData>
    <ClearText>By Colonel Carlyles Sam 3/9 Bridget 5/</ClearText>
    <PoundsData></PoundsData>
    <ShillingsData>8</ShillingsData>
    <PenceData>9</PenceData>
    <DollarsData></DollarsData>
    <CentsData></CentsData>
    <CurrencyData></CurrencyData>
  </row>
  <row>
    <uuid>21775</uuid>
    <bookpage>Ledger A, 1750 - 1772: pg.28</bookpage>
    <folioside>Right</folioside>
    <drcr>Credit</drcr>
    <linenumber>28</linenumber>
    <year><![CDATA[]]></year>
    <month><![CDATA[]]></month>
    <day><![CDATA[]]></day>
    <accountname><![CDATA[]]></accountname>
    <entry><![CDATA[<p>By Doctr Beculler 10/. lent Captn Mercer for Do 10/</p>
]]></entry>
    <subtotal><![CDATA[]]></subtotal>
    <page><![CDATA[]]></page>
    <symbol></symbol>
    <pounds><![CDATA[1]]></pounds>
    <shillings><![CDATA[]]></shillings>
    <pence><![CDATA[]]></pence>
    <dollars><![CDATA[]]></dollars>
    <cents><![CDATA[]]></cents>
    <date-attribute>1756-04-06</date-attribute>
    <Date>1756 April 6</Date>
    <AccountNameDataID>11833</AccountNameDataID>
    <AccountNameData>Cash</AccountNameData>
    <ClearText>By Doctor Beculler 10/. lent Captain Mercer for Doctor Beculler 10/</ClearText>
    <PoundsData>1</PoundsData>
    <ShillingsData></ShillingsData>
    <PenceData></PenceData>
    <DollarsData></DollarsData>
    <CentsData></CentsData>
    <CurrencyData></CurrencyData>
  </row>
  <row>
    <uuid>21776</uuid>
    <bookpage>Ledger A, 1750 - 1772: pg.28</bookpage>
    <folioside>Right</folioside>
    <drcr>Credit</drcr>
    <linenumber>29</linenumber>
    <year><![CDATA[]]></year>
    <month><![CDATA[]]></month>
    <day><![CDATA[]]></day>
    <accountname><![CDATA[]]></accountname>
    <entry><![CDATA[<p>Sundries pd by Bishop at Winchester</p>
]]></entry>
    <subtotal><![CDATA[]]></subtotal>
    <page><![CDATA[]]></page>
    <symbol></symbol>
    <pounds><![CDATA[]]></pounds>
    <shillings><![CDATA[]]></shillings>
    <pence><![CDATA[]]></pence>
    <dollars><![CDATA[]]></dollars>
    <cents><![CDATA[]]></cents>
    <date-attribute>1756-04-06</date-attribute>
    <Date>1756 April 6</Date>
    <AccountNameDataID>11833</AccountNameDataID>
    <AccountNameData>Cash</AccountNameData>
    <ClearText>Sundries paid by Bishop at Winchester
</ClearText>
    <PoundsData></PoundsData>
    <ShillingsData></ShillingsData>
    <PenceData></PenceData>
    <DollarsData></DollarsData>
    <CentsData></CentsData>
    <CurrencyData></CurrencyData>
  </row>
  <row>
    <uuid>21777</uuid>
    <bookpage>Ledger A, 1750 - 1772: pg.28</bookpage>
    <folioside>Right</folioside>
    <drcr>Credit</drcr>
    <linenumber>30</linenumber>
    <year><![CDATA[]]></year>
    <month><![CDATA[]]></month>
    <day><![CDATA[]]></day>
    <accountname><![CDATA[]]></accountname>
    <entry><![CDATA[<p>By Washing 21/. Ruttling &amp; Mendg 3 Shirts 8/6</p>
]]></entry>
    <subtotal><![CDATA[]]></subtotal>
    <page><![CDATA[]]></page>
    <symbol></symbol>
    <pounds><![CDATA[1]]></pounds>
    <shillings><![CDATA[9]]></shillings>
    <pence><![CDATA[6]]></pence>
    <dollars><![CDATA[]]></dollars>
    <cents><![CDATA[]]></cents>
    <date-attribute>1756-04-06</date-attribute>
    <Date>1756 April 6</Date>
    <AccountNameDataID>11833</AccountNameDataID>
    <AccountNameData>Cash</AccountNameData>
    <ClearText>By Washing 21/. Ruttling &amp; Mending 3 Shirts 8/6</ClearText>
    <PoundsData>1</PoundsData>
    <ShillingsData>9</ShillingsData>
    <PenceData>6</PenceData>
    <DollarsData></DollarsData>
    <CentsData></CentsData>
    <CurrencyData></CurrencyData>
  </row>
  <row>
    <uuid>21778</uuid>
    <bookpage>Ledger A, 1750 - 1772: pg.28</bookpage>
    <folioside>Right</folioside>
    <drcr>Credit</drcr>
    <linenumber>31</linenumber>
    <year><![CDATA[]]></year>
    <month><![CDATA[]]></month>
    <day><![CDATA[8]]></day>
    <accountname><![CDATA[]]></accountname>
    <entry><![CDATA[<p>Brinkers Acct 21/3 Bitters 7d<sup>1</sup>/<sub>2</sub> Fowls 1/.</p>
]]></entry>
    <subtotal><![CDATA[]]></subtotal>
    <page><![CDATA[]]></page>
    <symbol></symbol>
    <pounds><![CDATA[1]]></pounds>
    <shillings><![CDATA[2]]></shillings>
    <pence><![CDATA[10 1/2]]></pence>
    <dollars><![CDATA[]]></dollars>
    <cents><![CDATA[]]></cents>
    <date-attribute>1756-04-08</date-attribute>
    <Date>1756 April 8</Date>
    <AccountNameDataID>11833</AccountNameDataID>
    <AccountNameData>Cash</AccountNameData>
    <ClearText>Brinkers Account 21/3 Bitters 7d 1/2 Fowls 1/.</ClearText>
    <PoundsData>1</PoundsData>
    <ShillingsData>2</ShillingsData>
    <PenceData>10.5</PenceData>
    <DollarsData></DollarsData>
    <CentsData></CentsData>
    <CurrencyData></CurrencyData>
  </row>
  <row>
    <uuid>21779</uuid>
    <bookpage>Ledger A, 1750 - 1772: pg.28</bookpage>
    <folioside>Right</folioside>
    <drcr>Credit</drcr>
    <linenumber>32</linenumber>
    <year><![CDATA[]]></year>
    <month><![CDATA[]]></month>
    <day><![CDATA[12]]></day>
    <accountname><![CDATA[]]></accountname>
    <entry><![CDATA[<p>Greens 3d/<sup>3</sup>/<sub>4</sub> Bitters 7d <sup>1</sup>/<sub>2</sub> Greens 3d <sup>3</sup>/<sub>4</sub> Butter 7 <sup>1</sup>/<sub>2</sub></p>
]]></entry>
    <subtotal><![CDATA[]]></subtotal>
    <page><![CDATA[]]></page>
    <symbol></symbol>
    <pounds><![CDATA[]]></pounds>
    <shillings><![CDATA[1]]></shillings>
    <pence><![CDATA[10 1/2]]></pence>
    <dollars><![CDATA[]]></dollars>
    <cents><![CDATA[]]></cents>
    <date-attribute>1756-04-12</date-attribute>
    <Date>1756 April 12</Date>
    <AccountNameDataID>11833</AccountNameDataID>
    <AccountNameData>Cash</AccountNameData>
    <ClearText>Greens 3d/3/4 Bitters 7d 1/2 Greens 3d 3/4 Butter 7 1/2</ClearText>
    <PoundsData></PoundsData>
    <ShillingsData>1</ShillingsData>
    <PenceData>10.5</PenceData>
    <DollarsData></DollarsData>
    <CentsData></CentsData>
    <CurrencyData></CurrencyData>
  </row>
  <row>
    <uuid>21780</uuid>
    <bookpage>Ledger A, 1750 - 1772: pg.28</bookpage>
    <folioside>Right</folioside>
    <drcr>Credit</drcr>
    <linenumber>33</linenumber>
    <year><![CDATA[]]></year>
    <month><![CDATA[]]></month>
    <day><![CDATA[13]]></day>
    <accountname><![CDATA[]]></accountname>
    <entry><![CDATA[<p>Veal 2/6. Fowls 1/. Washing 1/9. Butter 7d <sup>1</sup>/<sub>2</sub></p>
]]></entry>
    <subtotal><![CDATA[]]></subtotal>
    <page><![CDATA[]]></page>
    <symbol></symbol>
    <pounds><![CDATA[]]></pounds>
    <shillings><![CDATA[5]]></shillings>
    <pence><![CDATA[10 1/2]]></pence>
    <dollars><![CDATA[]]></dollars>
    <cents><![CDATA[]]></cents>
    <date-attribute>1756-04-13</date-attribute>
    <Date>1756 April 13</Date>
    <AccountNameDataID>11833</AccountNameDataID>
    <AccountNameData>Cash</AccountNameData>
    <ClearText>Veal 2/6. Fowls 1/. Washing 1/9. Butter 7d 1/2</ClearText>
    <PoundsData></PoundsData>
    <ShillingsData>5</ShillingsData>
    <PenceData>10.5</PenceData>
    <DollarsData></DollarsData>
    <CentsData></CentsData>
    <CurrencyData></CurrencyData>
  </row>
  <row>
    <uuid>21781</uuid>
    <bookpage>Ledger A, 1750 - 1772: pg.28</bookpage>
    <folioside>Right</folioside>
    <drcr>Credit</drcr>
    <linenumber>34</linenumber>
    <year><![CDATA[]]></year>
    <month><![CDATA[]]></month>
    <day><![CDATA[20]]></day>
    <accountname><![CDATA[]]></accountname>
    <entry><![CDATA[<p>Butter 1/. 28th Fowls 6d Milk 3/9</p>
]]></entry>
    <subtotal><![CDATA[]]></subtotal>
    <page><![CDATA[]]></page>
    <symbol></symbol>
    <pounds><![CDATA[]]></pounds>
    <shillings><![CDATA[5]]></shillings>
    <pence><![CDATA[3]]></pence>
    <dollars><![CDATA[]]></dollars>
    <cents><![CDATA[]]></cents>
    <date-attribute>1756-04-20</date-attribute>
    <Date>1756 April 20</Date>
    <AccountNameDataID>11833</AccountNameDataID>
    <AccountNameData>Cash</AccountNameData>
    <ClearText>Butter 1/. 28th Fowls 6d Milk 3/9</ClearText>
    <PoundsData></PoundsData>
    <ShillingsData>5</ShillingsData>
    <PenceData>3</PenceData>
    <DollarsData></DollarsData>
    <CentsData></CentsData>
    <CurrencyData></CurrencyData>
  </row>
  <row>
    <uuid>21782</uuid>
    <bookpage>Ledger A, 1750 - 1772: pg.28</bookpage>
    <folioside>Right</folioside>
    <drcr>Credit</drcr>
    <linenumber>35</linenumber>
    <year><![CDATA[]]></year>
    <month><![CDATA[]]></month>
    <day><![CDATA[28]]></day>
    <accountname><![CDATA[]]></accountname>
    <entry><![CDATA[<p>Baker's Acct 4/3. Butter 6/10 <sup>1</sup>/<sub>2</sub> Butter 4/2 <sup>1</sup>/<sub>2</sub></p>
]]></entry>
    <subtotal><![CDATA[]]></subtotal>
    <page><![CDATA[]]></page>
    <symbol></symbol>
    <pounds><![CDATA[]]></pounds>
    <shillings><![CDATA[15]]></shillings>
    <pence><![CDATA[1]]></pence>
    <dollars><![CDATA[]]></dollars>
    <cents><![CDATA[]]></cents>
    <date-attribute>1756-04-28</date-attribute>
    <Date>1756 April 28</Date>
    <AccountNameDataID>11833</AccountNameDataID>
    <AccountNameData>Cash</AccountNameData>
    <ClearText>Baker&#039;s Account 4/3. Butter 6/10 1/2 Butter 4/2 1/2</ClearText>
    <PoundsData></PoundsData>
    <ShillingsData>15</ShillingsData>
    <PenceData>1</PenceData>
    <DollarsData></DollarsData>
    <CentsData></CentsData>
    <CurrencyData></CurrencyData>
  </row>
  <row>
    <uuid>21783</uuid>
    <bookpage>Ledger A, 1750 - 1772: pg.28</bookpage>
    <folioside>Right</folioside>
    <drcr>Credit</drcr>
    <linenumber>36</linenumber>
    <year><![CDATA[]]></year>
    <month><![CDATA[]]></month>
    <day><![CDATA[]]></day>
    <accountname><![CDATA[]]></accountname>
    <entry><![CDATA[<p>Mr Dows Acct</p>
]]></entry>
    <subtotal><![CDATA[]]></subtotal>
    <page><![CDATA[]]></page>
    <symbol></symbol>
    <pounds><![CDATA[]]></pounds>
    <shillings><![CDATA[15]]></shillings>
    <pence><![CDATA[]]></pence>
    <dollars><![CDATA[]]></dollars>
    <cents><![CDATA[]]></cents>
    <date-attribute>1756-04-28</date-attribute>
    <Date>1756 April 28</Date>
    <AccountNameDataID>11833</AccountNameDataID>
    <AccountNameData>Cash</AccountNameData>
    <ClearText>Mr Dows Account</ClearText>
    <PoundsData></PoundsData>
    <ShillingsData>15</ShillingsData>
    <PenceData></PenceData>
    <DollarsData></DollarsData>
    <CentsData></CentsData>
    <CurrencyData></CurrencyData>
  </row>
  <row>
    <uuid>21784</uuid>
    <bookpage>Ledger A, 1750 - 1772: pg.28</bookpage>
    <folioside>Right</folioside>
    <drcr>Credit</drcr>
    <linenumber>37</linenumber>
    <year><![CDATA[]]></year>
    <month><![CDATA[Apl]]></month>
    <day><![CDATA[14]]></day>
    <accountname><![CDATA[]]></accountname>
    <entry><![CDATA[<p>By Cash gave a Soldiers Wife 5/. Fish 2/6</p>
]]></entry>
    <subtotal><![CDATA[]]></subtotal>
    <page><![CDATA[]]></page>
    <symbol></symbol>
    <pounds><![CDATA[]]></pounds>
    <shillings><![CDATA[7]]></shillings>
    <pence><![CDATA[6]]></pence>
    <dollars><![CDATA[]]></dollars>
    <cents><![CDATA[]]></cents>
    <date-attribute>1756-04-14</date-attribute>
    <Date>1756 April 14</Date>
    <AccountNameDataID>11833</AccountNameDataID>
    <AccountNameData>Cash</AccountNameData>
    <ClearText>By Cash gave a Soldiers Wife 5/. Fish 2/6</ClearText>
    <PoundsData></PoundsData>
    <ShillingsData>7</ShillingsData>
    <PenceData>6</PenceData>
    <DollarsData></DollarsData>
    <CentsData></CentsData>
    <CurrencyData></CurrencyData>
  </row>
  <row>
    <uuid>21785</uuid>
    <bookpage>Ledger A, 1750 - 1772: pg.28</bookpage>
    <folioside>Right</folioside>
    <drcr>Credit</drcr>
    <linenumber>38</linenumber>
    <year><![CDATA[]]></year>
    <month><![CDATA[]]></month>
    <day><![CDATA[18]]></day>
    <accountname><![CDATA[]]></accountname>
    <entry><![CDATA[<p>By Cocks's Betty 5/. To a cripplis Nun 5/.</p>
]]></entry>
    <subtotal><![CDATA[]]></subtotal>
    <page><![CDATA[]]></page>
    <symbol></symbol>
    <pounds><![CDATA[]]></pounds>
    <shillings><![CDATA[10]]></shillings>
    <pence><![CDATA[]]></pence>
    <dollars><![CDATA[]]></dollars>
    <cents><![CDATA[]]></cents>
    <date-attribute>1756-04-18</date-attribute>
    <Date>1756 April 18</Date>
    <AccountNameDataID>11833</AccountNameDataID>
    <AccountNameData>Cash</AccountNameData>
    <ClearText>By Cocks&#039;s Betty 5/. To a cripplis Nun 5/.</ClearText>
    <PoundsData></PoundsData>
    <ShillingsData>10</ShillingsData>
    <PenceData></PenceData>
    <DollarsData></DollarsData>
    <CentsData></CentsData>
    <CurrencyData></CurrencyData>
  </row>
  <row>
    <uuid>21786</uuid>
    <bookpage>Ledger A, 1750 - 1772: pg.28</bookpage>
    <folioside>Right</folioside>
    <drcr>Credit</drcr>
    <linenumber>39</linenumber>
    <year><![CDATA[]]></year>
    <month><![CDATA[]]></month>
    <day><![CDATA[]]></day>
    <accountname><![CDATA[]]></accountname>
    <entry><![CDATA[<p>By Abram Vanmeter to buy Amn for his Fort</p>
]]></entry>
    <subtotal><![CDATA[]]></subtotal>
    <page><![CDATA[]]></page>
    <symbol></symbol>
    <pounds><![CDATA[1]]></pounds>
    <shillings><![CDATA[]]></shillings>
    <pence><![CDATA[]]></pence>
    <dollars><![CDATA[]]></dollars>
    <cents><![CDATA[]]></cents>
    <date-attribute>1756-04-18</date-attribute>
    <Date>1756 April 18</Date>
    <AccountNameDataID>11833</AccountNameDataID>
    <AccountNameData>Cash</AccountNameData>
    <ClearText>By Abram Vanmeter to buy Ammunition for his Fort</ClearText>
    <PoundsData>1</PoundsData>
    <ShillingsData></ShillingsData>
    <PenceData></PenceData>
    <DollarsData></DollarsData>
    <CentsData></CentsData>
    <CurrencyData></CurrencyData>
  </row>
  <row>
    <uuid>21787</uuid>
    <bookpage>Ledger A, 1750 - 1772: pg.28</bookpage>
    <folioside>Right</folioside>
    <drcr>Credit</drcr>
    <linenumber>40</linenumber>
    <year><![CDATA[]]></year>
    <month><![CDATA[]]></month>
    <day><![CDATA[]]></day>
    <accountname><![CDATA[]]></accountname>
    <entry><![CDATA[<p>By Sum carried forward</p>
]]></entry>
    <subtotal><![CDATA[]]></subtotal>
    <page><![CDATA[]]></page>
    <symbol>£</symbol>
    <pounds><![CDATA[1319]]></pounds>
    <shillings><![CDATA[17]]></shillings>
    <pence><![CDATA[3]]></pence>
    <dollars><![CDATA[]]></dollars>
    <cents><![CDATA[]]></cents>
    <date-attribute>1756-04</date-attribute>
    <Date>1756 April</Date>
    <AccountNameDataID>11833</AccountNameDataID>
    <AccountNameData>Cash</AccountNameData>
    <ClearText>By Sum carried forward</ClearText>
    <PoundsData>1319</PoundsData>
    <ShillingsData>17</ShillingsData>
    <PenceData>3</PenceData>
    <DollarsData></DollarsData>
    <CentsData></CentsData>
    <CurrencyData></CurrencyData>
  </row>
</transactions>
