<?xml version="1.0" encoding="UTF-8" ?>
<transactions>
  <row>
    <uuid>29836</uuid>
    <bookpage>Ledger A, 1750 - 1772: pg.42</bookpage>
    <folioside>Left</folioside>
    <drcr>Debit</drcr>
    <linenumber>1</linenumber>
    <year><![CDATA[]]></year>
    <month><![CDATA[]]></month>
    <day><![CDATA[]]></day>
    <accountname><![CDATA[Captn Christopher Gist Dr
]]></accountname>
    <entry><![CDATA[]]></entry>
    <subtotal><![CDATA[]]></subtotal>
    <page><![CDATA[]]></page>
    <symbol></symbol>
    <pounds><![CDATA[]]></pounds>
    <shillings><![CDATA[]]></shillings>
    <pence><![CDATA[]]></pence>
    <dollars><![CDATA[]]></dollars>
    <cents><![CDATA[]]></cents>
    <date-attribute></date-attribute>
    <Date></Date>
    <AccountNameDataID>7520</AccountNameDataID>
    <AccountNameData>Gist, Christopher</AccountNameData>
    <ClearText></ClearText>
    <PoundsData></PoundsData>
    <ShillingsData></ShillingsData>
    <PenceData></PenceData>
    <DollarsData></DollarsData>
    <CentsData></CentsData>
    <CurrencyData></CurrencyData>
  </row>
  <row>
    <uuid>15524</uuid>
    <bookpage>Ledger A, 1750 - 1772: pg.42</bookpage>
    <folioside>Left</folioside>
    <drcr>Debit</drcr>
    <linenumber>2</linenumber>
    <year><![CDATA[1754]]></year>
    <month><![CDATA[]]></month>
    <day><![CDATA[]]></day>
    <accountname><![CDATA[]]></accountname>
    <entry><![CDATA[<p>To a Mare which you sold belonging to me being one of those we had to the French Fort</p>
]]></entry>
    <subtotal><![CDATA[]]></subtotal>
    <page><![CDATA[]]></page>
    <symbol></symbol>
    <pounds><![CDATA[]]></pounds>
    <shillings><![CDATA[]]></shillings>
    <pence><![CDATA[]]></pence>
    <dollars><![CDATA[]]></dollars>
    <cents><![CDATA[]]></cents>
    <date-attribute>1754</date-attribute>
    <Date>1754</Date>
    <AccountNameDataID>7520</AccountNameDataID>
    <AccountNameData>Gist, Christopher</AccountNameData>
    <ClearText>To a Mare which you sold belonging to me being one of those we had to the French Fort</ClearText>
    <PoundsData></PoundsData>
    <ShillingsData></ShillingsData>
    <PenceData></PenceData>
    <DollarsData></DollarsData>
    <CentsData></CentsData>
    <CurrencyData></CurrencyData>
  </row>
  <row>
    <uuid>15525</uuid>
    <bookpage>Ledger A, 1750 - 1772: pg.42</bookpage>
    <folioside>Left</folioside>
    <drcr>Debit</drcr>
    <linenumber>3</linenumber>
    <year><![CDATA[]]></year>
    <month><![CDATA[]]></month>
    <day><![CDATA[]]></day>
    <accountname><![CDATA[]]></accountname>
    <entry><![CDATA[<p>To a Silver Mounted Hanger for yr Son Nat</p>
]]></entry>
    <subtotal><![CDATA[]]></subtotal>
    <page><![CDATA[]]></page>
    <symbol></symbol>
    <pounds><![CDATA[2]]></pounds>
    <shillings><![CDATA[3]]></shillings>
    <pence><![CDATA[]]></pence>
    <dollars><![CDATA[]]></dollars>
    <cents><![CDATA[]]></cents>
    <date-attribute>1754</date-attribute>
    <Date>1754</Date>
    <AccountNameDataID>7520</AccountNameDataID>
    <AccountNameData>Gist, Christopher</AccountNameData>
    <ClearText>To a Silver Mounted Hanger for your Son Nathaniel</ClearText>
    <PoundsData>2</PoundsData>
    <ShillingsData>3</ShillingsData>
    <PenceData></PenceData>
    <DollarsData></DollarsData>
    <CentsData></CentsData>
    <CurrencyData></CurrencyData>
  </row>
  <row>
    <uuid>15526</uuid>
    <bookpage>Ledger A, 1750 - 1772: pg.42</bookpage>
    <folioside>Left</folioside>
    <drcr>Debit</drcr>
    <linenumber>4</linenumber>
    <year><![CDATA[1756]]></year>
    <month><![CDATA[May]]></month>
    <day><![CDATA[14]]></day>
    <accountname><![CDATA[]]></accountname>
    <entry><![CDATA[<p>To Cash lent you</p>
]]></entry>
    <subtotal><![CDATA[]]></subtotal>
    <page><![CDATA[]]></page>
    <symbol></symbol>
    <pounds><![CDATA[30]]></pounds>
    <shillings><![CDATA[]]></shillings>
    <pence><![CDATA[]]></pence>
    <dollars><![CDATA[]]></dollars>
    <cents><![CDATA[]]></cents>
    <date-attribute>1756-05-14</date-attribute>
    <Date>1756 May 14</Date>
    <AccountNameDataID>7520</AccountNameDataID>
    <AccountNameData>Gist, Christopher</AccountNameData>
    <ClearText>To Cash lent you</ClearText>
    <PoundsData>30</PoundsData>
    <ShillingsData></ShillingsData>
    <PenceData></PenceData>
    <DollarsData></DollarsData>
    <CentsData></CentsData>
    <CurrencyData></CurrencyData>
  </row>
  <row>
    <uuid>15527</uuid>
    <bookpage>Ledger A, 1750 - 1772: pg.42</bookpage>
    <folioside>Left</folioside>
    <drcr>Debit</drcr>
    <linenumber>5</linenumber>
    <year><![CDATA[1759]]></year>
    <month><![CDATA[Septr]]></month>
    <day><![CDATA[23]]></day>
    <accountname><![CDATA[]]></accountname>
    <entry><![CDATA[<p>To Ditto Ditto</p>
]]></entry>
    <subtotal><![CDATA[]]></subtotal>
    <page><![CDATA[]]></page>
    <symbol></symbol>
    <pounds><![CDATA[5]]></pounds>
    <shillings><![CDATA[]]></shillings>
    <pence><![CDATA[]]></pence>
    <dollars><![CDATA[]]></dollars>
    <cents><![CDATA[]]></cents>
    <date-attribute>1759-09-23</date-attribute>
    <Date>1759 September 23</Date>
    <AccountNameDataID>7520</AccountNameDataID>
    <AccountNameData>Gist, Christopher</AccountNameData>
    <ClearText>To Cash lent you</ClearText>
    <PoundsData>5</PoundsData>
    <ShillingsData></ShillingsData>
    <PenceData></PenceData>
    <DollarsData></DollarsData>
    <CentsData></CentsData>
    <CurrencyData></CurrencyData>
  </row>
  <row>
    <uuid>15528</uuid>
    <bookpage>Ledger A, 1750 - 1772: pg.42</bookpage>
    <folioside>Left</folioside>
    <drcr>Debit</drcr>
    <linenumber>6</linenumber>
    <year><![CDATA[1758]]></year>
    <month><![CDATA[Augt]]></month>
    <day><![CDATA[25]]></day>
    <accountname><![CDATA[]]></accountname>
    <entry><![CDATA[<p>To Ditto pd you in Pensylvania Curry</p>
]]></entry>
    <subtotal><![CDATA[<p>Pensa Curry £7.10.[0]</p>
]]></subtotal>
    <page><![CDATA[]]></page>
    <symbol></symbol>
    <pounds><![CDATA[]]></pounds>
    <shillings><![CDATA[]]></shillings>
    <pence><![CDATA[]]></pence>
    <dollars><![CDATA[]]></dollars>
    <cents><![CDATA[]]></cents>
    <date-attribute>1758-08-25</date-attribute>
    <Date>1758 August 25</Date>
    <AccountNameDataID>7520</AccountNameDataID>
    <AccountNameData>Gist, Christopher</AccountNameData>
    <ClearText>To Cash paid you in Pennsylvania Currency £7.10 Pennsylvania Currency</ClearText>
    <PoundsData>7</PoundsData>
    <ShillingsData>10</ShillingsData>
    <PenceData></PenceData>
    <DollarsData></DollarsData>
    <CentsData></CentsData>
    <CurrencyData>PA</CurrencyData>
  </row>
  <row>
    <uuid>15529</uuid>
    <bookpage>Ledger A, 1750 - 1772: pg.42</bookpage>
    <folioside>Left</folioside>
    <drcr>Debit</drcr>
    <linenumber>7</linenumber>
    <year><![CDATA[]]></year>
    <month><![CDATA[]]></month>
    <day><![CDATA[]]></day>
    <accountname><![CDATA[]]></accountname>
    <entry><![CDATA[<p>[Total]</p>
]]></entry>
    <subtotal><![CDATA[<p>£7.10.[0] &amp;</p>
]]></subtotal>
    <page><![CDATA[]]></page>
    <symbol>£</symbol>
    <pounds><![CDATA[37]]></pounds>
    <shillings><![CDATA[3]]></shillings>
    <pence><![CDATA[]]></pence>
    <dollars><![CDATA[]]></dollars>
    <cents><![CDATA[]]></cents>
    <date-attribute>1758-08-25</date-attribute>
    <Date>1758 August 25</Date>
    <AccountNameDataID>7520</AccountNameDataID>
    <AccountNameData>Gist, Christopher</AccountNameData>
    <ClearText>[Total]  £7.10.[0]</ClearText>
    <PoundsData>37</PoundsData>
    <ShillingsData>3</ShillingsData>
    <PenceData></PenceData>
    <DollarsData></DollarsData>
    <CentsData></CentsData>
    <CurrencyData></CurrencyData>
  </row>
  <row>
    <uuid>15530</uuid>
    <bookpage>Ledger A, 1750 - 1772: pg.42</bookpage>
    <folioside>Left</folioside>
    <drcr>Debit</drcr>
    <linenumber>8</linenumber>
    <year><![CDATA[]]></year>
    <month><![CDATA[]]></month>
    <day><![CDATA[]]></day>
    <accountname><![CDATA[]]></accountname>
    <entry><![CDATA[<p>To Balle pr Contra</p>
]]></entry>
    <subtotal><![CDATA[]]></subtotal>
    <page><![CDATA[]]></page>
    <symbol></symbol>
    <pounds><![CDATA[2]]></pounds>
    <shillings><![CDATA[3]]></shillings>
    <pence><![CDATA[0]]></pence>
    <dollars><![CDATA[]]></dollars>
    <cents><![CDATA[]]></cents>
    <date-attribute>1758</date-attribute>
    <Date>1758</Date>
    <AccountNameDataID>7520</AccountNameDataID>
    <AccountNameData>Gist, Christopher</AccountNameData>
    <ClearText>To Balance per Contra</ClearText>
    <PoundsData>2</PoundsData>
    <ShillingsData>3</ShillingsData>
    <PenceData>0</PenceData>
    <DollarsData></DollarsData>
    <CentsData></CentsData>
    <CurrencyData></CurrencyData>
  </row>
  <row>
    <uuid>29837</uuid>
    <bookpage>Ledger A, 1750 - 1772: pg.42</bookpage>
    <folioside>Left</folioside>
    <drcr>Debit</drcr>
    <linenumber>9</linenumber>
    <year><![CDATA[]]></year>
    <month><![CDATA[]]></month>
    <day><![CDATA[]]></day>
    <accountname><![CDATA[Jacob Jonus Dr
]]></accountname>
    <entry><![CDATA[]]></entry>
    <subtotal><![CDATA[]]></subtotal>
    <page><![CDATA[]]></page>
    <symbol></symbol>
    <pounds><![CDATA[]]></pounds>
    <shillings><![CDATA[]]></shillings>
    <pence><![CDATA[]]></pence>
    <dollars><![CDATA[]]></dollars>
    <cents><![CDATA[]]></cents>
    <date-attribute></date-attribute>
    <Date></Date>
    <AccountNameDataID>7581</AccountNameDataID>
    <AccountNameData>Jonus, Jacob</AccountNameData>
    <ClearText></ClearText>
    <PoundsData></PoundsData>
    <ShillingsData></ShillingsData>
    <PenceData></PenceData>
    <DollarsData></DollarsData>
    <CentsData></CentsData>
    <CurrencyData></CurrencyData>
  </row>
  <row>
    <uuid>15531</uuid>
    <bookpage>Ledger A, 1750 - 1772: pg.42</bookpage>
    <folioside>Left</folioside>
    <drcr>Debit</drcr>
    <linenumber>10</linenumber>
    <year><![CDATA[1756]]></year>
    <month><![CDATA[June]]></month>
    <day><![CDATA[26]]></day>
    <accountname><![CDATA[]]></accountname>
    <entry><![CDATA[<p>To Cash in part of Pay</p>
]]></entry>
    <subtotal><![CDATA[]]></subtotal>
    <page><![CDATA[]]></page>
    <symbol></symbol>
    <pounds><![CDATA[1]]></pounds>
    <shillings><![CDATA[]]></shillings>
    <pence><![CDATA[]]></pence>
    <dollars><![CDATA[]]></dollars>
    <cents><![CDATA[]]></cents>
    <date-attribute>1756-06-26</date-attribute>
    <Date>1756 June 26</Date>
    <AccountNameDataID>7581</AccountNameDataID>
    <AccountNameData>Jonus, Jacob</AccountNameData>
    <ClearText>To Cash in part of Pay</ClearText>
    <PoundsData>1</PoundsData>
    <ShillingsData></ShillingsData>
    <PenceData></PenceData>
    <DollarsData></DollarsData>
    <CentsData></CentsData>
    <CurrencyData></CurrencyData>
  </row>
  <row>
    <uuid>15532</uuid>
    <bookpage>Ledger A, 1750 - 1772: pg.42</bookpage>
    <folioside>Left</folioside>
    <drcr>Debit</drcr>
    <linenumber>11</linenumber>
    <year><![CDATA[]]></year>
    <month><![CDATA[Sepr]]></month>
    <day><![CDATA[1]]></day>
    <accountname><![CDATA[]]></accountname>
    <entry><![CDATA[<p>To Ditto Ditto</p>
]]></entry>
    <subtotal><![CDATA[]]></subtotal>
    <page><![CDATA[]]></page>
    <symbol></symbol>
    <pounds><![CDATA[1]]></pounds>
    <shillings><![CDATA[10]]></shillings>
    <pence><![CDATA[]]></pence>
    <dollars><![CDATA[]]></dollars>
    <cents><![CDATA[]]></cents>
    <date-attribute>1756-09-01</date-attribute>
    <Date>1756 September 1</Date>
    <AccountNameDataID>7581</AccountNameDataID>
    <AccountNameData>Jonus, Jacob</AccountNameData>
    <ClearText>To Cash in part of Pay</ClearText>
    <PoundsData>1</PoundsData>
    <ShillingsData>10</ShillingsData>
    <PenceData></PenceData>
    <DollarsData></DollarsData>
    <CentsData></CentsData>
    <CurrencyData></CurrencyData>
  </row>
  <row>
    <uuid>15533</uuid>
    <bookpage>Ledger A, 1750 - 1772: pg.42</bookpage>
    <folioside>Left</folioside>
    <drcr>Debit</drcr>
    <linenumber>12</linenumber>
    <year><![CDATA[]]></year>
    <month><![CDATA[Novr]]></month>
    <day><![CDATA[30]]></day>
    <accountname><![CDATA[]]></accountname>
    <entry><![CDATA[<p>To Ditto Ditto</p>
]]></entry>
    <subtotal><![CDATA[]]></subtotal>
    <page><![CDATA[]]></page>
    <symbol></symbol>
    <pounds><![CDATA[2]]></pounds>
    <shillings><![CDATA[]]></shillings>
    <pence><![CDATA[]]></pence>
    <dollars><![CDATA[]]></dollars>
    <cents><![CDATA[]]></cents>
    <date-attribute>1756-11-30</date-attribute>
    <Date>1756 November 30</Date>
    <AccountNameDataID>7581</AccountNameDataID>
    <AccountNameData>Jonus, Jacob</AccountNameData>
    <ClearText>To Cash in part of Pay</ClearText>
    <PoundsData>2</PoundsData>
    <ShillingsData></ShillingsData>
    <PenceData></PenceData>
    <DollarsData></DollarsData>
    <CentsData></CentsData>
    <CurrencyData></CurrencyData>
  </row>
  <row>
    <uuid>15534</uuid>
    <bookpage>Ledger A, 1750 - 1772: pg.42</bookpage>
    <folioside>Left</folioside>
    <drcr>Debit</drcr>
    <linenumber>13</linenumber>
    <year><![CDATA[]]></year>
    <month><![CDATA[Decr]]></month>
    <day><![CDATA[19]]></day>
    <accountname><![CDATA[]]></accountname>
    <entry><![CDATA[<p>To Ditto Ditto</p>
]]></entry>
    <subtotal><![CDATA[]]></subtotal>
    <page><![CDATA[]]></page>
    <symbol></symbol>
    <pounds><![CDATA[1]]></pounds>
    <shillings><![CDATA[10]]></shillings>
    <pence><![CDATA[2]]></pence>
    <dollars><![CDATA[]]></dollars>
    <cents><![CDATA[]]></cents>
    <date-attribute>1756-12-19</date-attribute>
    <Date>1756 December 19</Date>
    <AccountNameDataID>7581</AccountNameDataID>
    <AccountNameData>Jonus, Jacob</AccountNameData>
    <ClearText>To Cash in part of Pay</ClearText>
    <PoundsData>1</PoundsData>
    <ShillingsData>10</ShillingsData>
    <PenceData>2</PenceData>
    <DollarsData></DollarsData>
    <CentsData></CentsData>
    <CurrencyData></CurrencyData>
  </row>
  <row>
    <uuid>15535</uuid>
    <bookpage>Ledger A, 1750 - 1772: pg.42</bookpage>
    <folioside>Left</folioside>
    <drcr>Debit</drcr>
    <linenumber>14</linenumber>
    <year><![CDATA[]]></year>
    <month><![CDATA[Apl]]></month>
    <day><![CDATA[]]></day>
    <accountname><![CDATA[]]></accountname>
    <entry><![CDATA[<p>To Ditto Ditto</p>
]]></entry>
    <subtotal><![CDATA[]]></subtotal>
    <page><![CDATA[]]></page>
    <symbol></symbol>
    <pounds><![CDATA[1]]></pounds>
    <shillings><![CDATA[]]></shillings>
    <pence><![CDATA[]]></pence>
    <dollars><![CDATA[]]></dollars>
    <cents><![CDATA[]]></cents>
    <date-attribute>1757-04</date-attribute>
    <Date>1757 April</Date>
    <AccountNameDataID>7581</AccountNameDataID>
    <AccountNameData>Jonus, Jacob</AccountNameData>
    <ClearText>To Cash in part of Pay</ClearText>
    <PoundsData>1</PoundsData>
    <ShillingsData></ShillingsData>
    <PenceData></PenceData>
    <DollarsData></DollarsData>
    <CentsData></CentsData>
    <CurrencyData></CurrencyData>
  </row>
  <row>
    <uuid>15536</uuid>
    <bookpage>Ledger A, 1750 - 1772: pg.42</bookpage>
    <folioside>Left</folioside>
    <drcr>Debit</drcr>
    <linenumber>15</linenumber>
    <year><![CDATA[]]></year>
    <month><![CDATA[July]]></month>
    <day><![CDATA[19]]></day>
    <accountname><![CDATA[]]></accountname>
    <entry><![CDATA[<p>To Ditto Ditto</p>
]]></entry>
    <subtotal><![CDATA[]]></subtotal>
    <page><![CDATA[]]></page>
    <symbol></symbol>
    <pounds><![CDATA[3]]></pounds>
    <shillings><![CDATA[]]></shillings>
    <pence><![CDATA[]]></pence>
    <dollars><![CDATA[]]></dollars>
    <cents><![CDATA[]]></cents>
    <date-attribute>1757-07-19</date-attribute>
    <Date>1757 July 19</Date>
    <AccountNameDataID>7581</AccountNameDataID>
    <AccountNameData>Jonus, Jacob</AccountNameData>
    <ClearText>To Cash in part of Pay</ClearText>
    <PoundsData>3</PoundsData>
    <ShillingsData></ShillingsData>
    <PenceData></PenceData>
    <DollarsData></DollarsData>
    <CentsData></CentsData>
    <CurrencyData></CurrencyData>
  </row>
  <row>
    <uuid>15537</uuid>
    <bookpage>Ledger A, 1750 - 1772: pg.42</bookpage>
    <folioside>Left</folioside>
    <drcr>Debit</drcr>
    <linenumber>16</linenumber>
    <year><![CDATA[]]></year>
    <month><![CDATA[]]></month>
    <day><![CDATA[28]]></day>
    <accountname><![CDATA[]]></accountname>
    <entry><![CDATA[<p>To Ditto Ditto</p>
]]></entry>
    <subtotal><![CDATA[]]></subtotal>
    <page><![CDATA[]]></page>
    <symbol></symbol>
    <pounds><![CDATA[1]]></pounds>
    <shillings><![CDATA[10]]></shillings>
    <pence><![CDATA[]]></pence>
    <dollars><![CDATA[]]></dollars>
    <cents><![CDATA[]]></cents>
    <date-attribute>1757-07-28</date-attribute>
    <Date>1757 July 28</Date>
    <AccountNameDataID>7581</AccountNameDataID>
    <AccountNameData>Jonus, Jacob</AccountNameData>
    <ClearText>To Cash in part of Pay</ClearText>
    <PoundsData>1</PoundsData>
    <ShillingsData>10</ShillingsData>
    <PenceData></PenceData>
    <DollarsData></DollarsData>
    <CentsData></CentsData>
    <CurrencyData></CurrencyData>
  </row>
  <row>
    <uuid>15538</uuid>
    <bookpage>Ledger A, 1750 - 1772: pg.42</bookpage>
    <folioside>Left</folioside>
    <drcr>Debit</drcr>
    <linenumber>17</linenumber>
    <year><![CDATA[1758]]></year>
    <month><![CDATA[Apl]]></month>
    <day><![CDATA[14]]></day>
    <accountname><![CDATA[]]></accountname>
    <entry><![CDATA[<p>To Ditto Ditto</p>
]]></entry>
    <subtotal><![CDATA[]]></subtotal>
    <page><![CDATA[]]></page>
    <symbol></symbol>
    <pounds><![CDATA[2]]></pounds>
    <shillings><![CDATA[]]></shillings>
    <pence><![CDATA[]]></pence>
    <dollars><![CDATA[]]></dollars>
    <cents><![CDATA[]]></cents>
    <date-attribute>1758-04-14</date-attribute>
    <Date>1758 April 14</Date>
    <AccountNameDataID>7581</AccountNameDataID>
    <AccountNameData>Jonus, Jacob</AccountNameData>
    <ClearText>To Cash in part of Pay</ClearText>
    <PoundsData>2</PoundsData>
    <ShillingsData></ShillingsData>
    <PenceData></PenceData>
    <DollarsData></DollarsData>
    <CentsData></CentsData>
    <CurrencyData></CurrencyData>
  </row>
  <row>
    <uuid>15539</uuid>
    <bookpage>Ledger A, 1750 - 1772: pg.42</bookpage>
    <folioside>Left</folioside>
    <drcr>Debit</drcr>
    <linenumber>18</linenumber>
    <year><![CDATA[]]></year>
    <month><![CDATA[]]></month>
    <day><![CDATA[]]></day>
    <accountname><![CDATA[]]></accountname>
    <entry><![CDATA[<p>[Total]</p>
]]></entry>
    <subtotal><![CDATA[]]></subtotal>
    <page><![CDATA[]]></page>
    <symbol>£</symbol>
    <pounds><![CDATA[13]]></pounds>
    <shillings><![CDATA[10]]></shillings>
    <pence><![CDATA[2]]></pence>
    <dollars><![CDATA[]]></dollars>
    <cents><![CDATA[]]></cents>
    <date-attribute>1758</date-attribute>
    <Date>1758</Date>
    <AccountNameDataID>7581</AccountNameDataID>
    <AccountNameData>Jonus, Jacob</AccountNameData>
    <ClearText>[Total]</ClearText>
    <PoundsData>13</PoundsData>
    <ShillingsData>10</ShillingsData>
    <PenceData>2</PenceData>
    <DollarsData></DollarsData>
    <CentsData></CentsData>
    <CurrencyData></CurrencyData>
  </row>
  <row>
    <uuid>29838</uuid>
    <bookpage>Ledger A, 1750 - 1772: pg.42</bookpage>
    <folioside>Left</folioside>
    <drcr>Debit</drcr>
    <linenumber>19</linenumber>
    <year><![CDATA[]]></year>
    <month><![CDATA[]]></month>
    <day><![CDATA[]]></day>
    <accountname><![CDATA[John McClockland Dr
]]></accountname>
    <entry><![CDATA[]]></entry>
    <subtotal><![CDATA[]]></subtotal>
    <page><![CDATA[]]></page>
    <symbol></symbol>
    <pounds><![CDATA[]]></pounds>
    <shillings><![CDATA[]]></shillings>
    <pence><![CDATA[]]></pence>
    <dollars><![CDATA[]]></dollars>
    <cents><![CDATA[]]></cents>
    <date-attribute></date-attribute>
    <Date></Date>
    <AccountNameDataID>7649</AccountNameDataID>
    <AccountNameData>McLaughlan (McClockland), John</AccountNameData>
    <ClearText></ClearText>
    <PoundsData></PoundsData>
    <ShillingsData></ShillingsData>
    <PenceData></PenceData>
    <DollarsData></DollarsData>
    <CentsData></CentsData>
    <CurrencyData></CurrencyData>
  </row>
  <row>
    <uuid>15540</uuid>
    <bookpage>Ledger A, 1750 - 1772: pg.42</bookpage>
    <folioside>Left</folioside>
    <drcr>Debit</drcr>
    <linenumber>20</linenumber>
    <year><![CDATA[1762]]></year>
    <month><![CDATA[Jany]]></month>
    <day><![CDATA[1]]></day>
    <accountname><![CDATA[]]></accountname>
    <entry><![CDATA[<p>To Acct brot from Smiths Book <a href="http://financial.gwpapers.org/?q=content/ledger-1750-1772-pg7">folio 7</a></p>
]]></entry>
    <subtotal><![CDATA[]]></subtotal>
    <page><![CDATA[]]></page>
    <symbol></symbol>
    <pounds><![CDATA[]]></pounds>
    <shillings><![CDATA[11]]></shillings>
    <pence><![CDATA[]]></pence>
    <dollars><![CDATA[]]></dollars>
    <cents><![CDATA[]]></cents>
    <date-attribute>1762-01-01</date-attribute>
    <Date>1762 January 1</Date>
    <AccountNameDataID>7649</AccountNameDataID>
    <AccountNameData>McLaughlan (McClockland), John</AccountNameData>
    <ClearText>To Account brought from Smiths Book folio 7</ClearText>
    <PoundsData></PoundsData>
    <ShillingsData>11</ShillingsData>
    <PenceData></PenceData>
    <DollarsData></DollarsData>
    <CentsData></CentsData>
    <CurrencyData></CurrencyData>
  </row>
  <row>
    <uuid>15541</uuid>
    <bookpage>Ledger A, 1750 - 1772: pg.42</bookpage>
    <folioside>Left</folioside>
    <drcr>Debit</drcr>
    <linenumber>21</linenumber>
    <year><![CDATA[1763]]></year>
    <month><![CDATA[Augt]]></month>
    <day><![CDATA[25]]></day>
    <accountname><![CDATA[]]></accountname>
    <entry><![CDATA[<p>To Cash</p>
]]></entry>
    <subtotal><![CDATA[]]></subtotal>
    <page><![CDATA[]]></page>
    <symbol></symbol>
    <pounds><![CDATA[1]]></pounds>
    <shillings><![CDATA[3]]></shillings>
    <pence><![CDATA[6]]></pence>
    <dollars><![CDATA[]]></dollars>
    <cents><![CDATA[]]></cents>
    <date-attribute>1763-08-25</date-attribute>
    <Date>1763 August 25</Date>
    <AccountNameDataID>7649</AccountNameDataID>
    <AccountNameData>McLaughlan (McClockland), John</AccountNameData>
    <ClearText>To Cash</ClearText>
    <PoundsData>1</PoundsData>
    <ShillingsData>3</ShillingsData>
    <PenceData>6</PenceData>
    <DollarsData></DollarsData>
    <CentsData></CentsData>
    <CurrencyData></CurrencyData>
  </row>
  <row>
    <uuid>15542</uuid>
    <bookpage>Ledger A, 1750 - 1772: pg.42</bookpage>
    <folioside>Left</folioside>
    <drcr>Debit</drcr>
    <linenumber>22</linenumber>
    <year><![CDATA[]]></year>
    <month><![CDATA[]]></month>
    <day><![CDATA[]]></day>
    <accountname><![CDATA[]]></accountname>
    <entry><![CDATA[<p>To Smiths Acct</p>
]]></entry>
    <subtotal><![CDATA[]]></subtotal>
    <page><![CDATA[]]></page>
    <symbol></symbol>
    <pounds><![CDATA[1]]></pounds>
    <shillings><![CDATA[1]]></shillings>
    <pence><![CDATA[8]]></pence>
    <dollars><![CDATA[]]></dollars>
    <cents><![CDATA[]]></cents>
    <date-attribute>1763-08-25</date-attribute>
    <Date>1763 August 25</Date>
    <AccountNameDataID>7649</AccountNameDataID>
    <AccountNameData>McLaughlan (McClockland), John</AccountNameData>
    <ClearText>To Smiths Account</ClearText>
    <PoundsData>1</PoundsData>
    <ShillingsData>1</ShillingsData>
    <PenceData>8</PenceData>
    <DollarsData></DollarsData>
    <CentsData></CentsData>
    <CurrencyData></CurrencyData>
  </row>
  <row>
    <uuid>15543</uuid>
    <bookpage>Ledger A, 1750 - 1772: pg.42</bookpage>
    <folioside>Left</folioside>
    <drcr>Debit</drcr>
    <linenumber>23</linenumber>
    <year><![CDATA[1764]]></year>
    <month><![CDATA[May]]></month>
    <day><![CDATA[]]></day>
    <accountname><![CDATA[]]></accountname>
    <entry><![CDATA[<p>To Cash</p>
]]></entry>
    <subtotal><![CDATA[]]></subtotal>
    <page><![CDATA[]]></page>
    <symbol></symbol>
    <pounds><![CDATA[1]]></pounds>
    <shillings><![CDATA[1]]></shillings>
    <pence><![CDATA[4]]></pence>
    <dollars><![CDATA[]]></dollars>
    <cents><![CDATA[]]></cents>
    <date-attribute>1764-05</date-attribute>
    <Date>1764 May</Date>
    <AccountNameDataID>7649</AccountNameDataID>
    <AccountNameData>McLaughlan (McClockland), John</AccountNameData>
    <ClearText>To Cash</ClearText>
    <PoundsData>1</PoundsData>
    <ShillingsData>1</ShillingsData>
    <PenceData>4</PenceData>
    <DollarsData></DollarsData>
    <CentsData></CentsData>
    <CurrencyData></CurrencyData>
  </row>
  <row>
    <uuid>15544</uuid>
    <bookpage>Ledger A, 1750 - 1772: pg.42</bookpage>
    <folioside>Left</folioside>
    <drcr>Debit</drcr>
    <linenumber>24</linenumber>
    <year><![CDATA[]]></year>
    <month><![CDATA[]]></month>
    <day><![CDATA[]]></day>
    <accountname><![CDATA[]]></accountname>
    <entry><![CDATA[<p>[Total]</p>
]]></entry>
    <subtotal><![CDATA[]]></subtotal>
    <page><![CDATA[]]></page>
    <symbol>£</symbol>
    <pounds><![CDATA[3]]></pounds>
    <shillings><![CDATA[17]]></shillings>
    <pence><![CDATA[6]]></pence>
    <dollars><![CDATA[]]></dollars>
    <cents><![CDATA[]]></cents>
    <date-attribute>1764</date-attribute>
    <Date>1764</Date>
    <AccountNameDataID>7649</AccountNameDataID>
    <AccountNameData>McLaughlan (McClockland), John</AccountNameData>
    <ClearText></ClearText>
    <PoundsData>3</PoundsData>
    <ShillingsData>17</ShillingsData>
    <PenceData>6</PenceData>
    <DollarsData></DollarsData>
    <CentsData></CentsData>
    <CurrencyData></CurrencyData>
  </row>
  <row>
    <uuid>15545</uuid>
    <bookpage>Ledger A, 1750 - 1772: pg.42</bookpage>
    <folioside>Left</folioside>
    <drcr>Debit</drcr>
    <linenumber>25</linenumber>
    <year><![CDATA[1765]]></year>
    <month><![CDATA[Jany]]></month>
    <day><![CDATA[25]]></day>
    <accountname><![CDATA[]]></accountname>
    <entry><![CDATA[<p>To Cash</p>
]]></entry>
    <subtotal><![CDATA[]]></subtotal>
    <page><![CDATA[]]></page>
    <symbol></symbol>
    <pounds><![CDATA[1]]></pounds>
    <shillings><![CDATA[10]]></shillings>
    <pence><![CDATA[]]></pence>
    <dollars><![CDATA[]]></dollars>
    <cents><![CDATA[]]></cents>
    <date-attribute>1765-01-25</date-attribute>
    <Date>1765 January 25</Date>
    <AccountNameDataID>7649</AccountNameDataID>
    <AccountNameData>McLaughlan (McClockland), John</AccountNameData>
    <ClearText>To Cash</ClearText>
    <PoundsData>1</PoundsData>
    <ShillingsData>10</ShillingsData>
    <PenceData></PenceData>
    <DollarsData></DollarsData>
    <CentsData></CentsData>
    <CurrencyData></CurrencyData>
  </row>
  <row>
    <uuid>15546</uuid>
    <bookpage>Ledger A, 1750 - 1772: pg.42</bookpage>
    <folioside>Left</folioside>
    <drcr>Debit</drcr>
    <linenumber>26</linenumber>
    <year><![CDATA[]]></year>
    <month><![CDATA[Augt]]></month>
    <day><![CDATA[19]]></day>
    <accountname><![CDATA[]]></accountname>
    <entry><![CDATA[<p>To Ditto</p>
]]></entry>
    <subtotal><![CDATA[]]></subtotal>
    <page><![CDATA[]]></page>
    <symbol></symbol>
    <pounds><![CDATA[1]]></pounds>
    <shillings><![CDATA[16]]></shillings>
    <pence><![CDATA[3]]></pence>
    <dollars><![CDATA[]]></dollars>
    <cents><![CDATA[]]></cents>
    <date-attribute>1765-08-19</date-attribute>
    <Date>1765 August 19</Date>
    <AccountNameDataID>7649</AccountNameDataID>
    <AccountNameData>McLaughlan (McClockland), John</AccountNameData>
    <ClearText>To Cash</ClearText>
    <PoundsData>1</PoundsData>
    <ShillingsData>16</ShillingsData>
    <PenceData>3</PenceData>
    <DollarsData></DollarsData>
    <CentsData></CentsData>
    <CurrencyData></CurrencyData>
  </row>
  <row>
    <uuid>15547</uuid>
    <bookpage>Ledger A, 1750 - 1772: pg.42</bookpage>
    <folioside>Left</folioside>
    <drcr>Debit</drcr>
    <linenumber>27</linenumber>
    <year><![CDATA[1766]]></year>
    <month><![CDATA[Jany]]></month>
    <day><![CDATA[1]]></day>
    <accountname><![CDATA[]]></accountname>
    <entry><![CDATA[<p>To Smiths acct to ye [the] date</p>
]]></entry>
    <subtotal><![CDATA[]]></subtotal>
    <page><![CDATA[]]></page>
    <symbol></symbol>
    <pounds><![CDATA[]]></pounds>
    <shillings><![CDATA[2]]></shillings>
    <pence><![CDATA[1 1/2]]></pence>
    <dollars><![CDATA[]]></dollars>
    <cents><![CDATA[]]></cents>
    <date-attribute>1766-01-01</date-attribute>
    <Date>1766 January 1</Date>
    <AccountNameDataID>7649</AccountNameDataID>
    <AccountNameData>McLaughlan (McClockland), John</AccountNameData>
    <ClearText>To Smiths account to ye [the] date</ClearText>
    <PoundsData></PoundsData>
    <ShillingsData>2</ShillingsData>
    <PenceData>1.5</PenceData>
    <DollarsData></DollarsData>
    <CentsData></CentsData>
    <CurrencyData></CurrencyData>
  </row>
  <row>
    <uuid>15548</uuid>
    <bookpage>Ledger A, 1750 - 1772: pg.42</bookpage>
    <folioside>Left</folioside>
    <drcr>Debit</drcr>
    <linenumber>28</linenumber>
    <year><![CDATA[1766]]></year>
    <month><![CDATA[Jan:]]></month>
    <day><![CDATA[31]]></day>
    <accountname><![CDATA[]]></accountname>
    <entry><![CDATA[<p>To Cash paid Mr Magowan</p>
]]></entry>
    <subtotal><![CDATA[]]></subtotal>
    <page><![CDATA[]]></page>
    <symbol></symbol>
    <pounds><![CDATA[]]></pounds>
    <shillings><![CDATA[4]]></shillings>
    <pence><![CDATA[6]]></pence>
    <dollars><![CDATA[]]></dollars>
    <cents><![CDATA[]]></cents>
    <date-attribute>1766-01-31</date-attribute>
    <Date>1766 January 31</Date>
    <AccountNameDataID>7649</AccountNameDataID>
    <AccountNameData>McLaughlan (McClockland), John</AccountNameData>
    <ClearText>To Cash paid Mr Magowan</ClearText>
    <PoundsData></PoundsData>
    <ShillingsData>4</ShillingsData>
    <PenceData>6</PenceData>
    <DollarsData></DollarsData>
    <CentsData></CentsData>
    <CurrencyData></CurrencyData>
  </row>
  <row>
    <uuid>15549</uuid>
    <bookpage>Ledger A, 1750 - 1772: pg.42</bookpage>
    <folioside>Left</folioside>
    <drcr>Debit</drcr>
    <linenumber>29</linenumber>
    <year><![CDATA[]]></year>
    <month><![CDATA[]]></month>
    <day><![CDATA[]]></day>
    <accountname><![CDATA[]]></accountname>
    <entry><![CDATA[<p>To Balle Credited <a href="http://financial.gwpapers.org/?q=content/ledger-1750-1772-pg205">folio 205</a></p>
]]></entry>
    <subtotal><![CDATA[]]></subtotal>
    <page><![CDATA[]]></page>
    <symbol></symbol>
    <pounds><![CDATA[1]]></pounds>
    <shillings><![CDATA[1]]></shillings>
    <pence><![CDATA[3]]></pence>
    <dollars><![CDATA[]]></dollars>
    <cents><![CDATA[]]></cents>
    <date-attribute>1766-01-31</date-attribute>
    <Date>1766 January 31</Date>
    <AccountNameDataID>7649</AccountNameDataID>
    <AccountNameData>McLaughlan (McClockland), John</AccountNameData>
    <ClearText>To Balance Credited folio 205</ClearText>
    <PoundsData>1</PoundsData>
    <ShillingsData>1</ShillingsData>
    <PenceData>3</PenceData>
    <DollarsData></DollarsData>
    <CentsData></CentsData>
    <CurrencyData></CurrencyData>
  </row>
  <row>
    <uuid>15550</uuid>
    <bookpage>Ledger A, 1750 - 1772: pg.42</bookpage>
    <folioside>Left</folioside>
    <drcr>Debit</drcr>
    <linenumber>30</linenumber>
    <year><![CDATA[]]></year>
    <month><![CDATA[]]></month>
    <day><![CDATA[]]></day>
    <accountname><![CDATA[]]></accountname>
    <entry><![CDATA[<p>[Total]</p>
]]></entry>
    <subtotal><![CDATA[]]></subtotal>
    <page><![CDATA[]]></page>
    <symbol></symbol>
    <pounds><![CDATA[4]]></pounds>
    <shillings><![CDATA[14]]></shillings>
    <pence><![CDATA[1 1/2]]></pence>
    <dollars><![CDATA[]]></dollars>
    <cents><![CDATA[]]></cents>
    <date-attribute>1766</date-attribute>
    <Date>1766</Date>
    <AccountNameDataID>7649</AccountNameDataID>
    <AccountNameData>McLaughlan (McClockland), John</AccountNameData>
    <ClearText>[Total]</ClearText>
    <PoundsData>4</PoundsData>
    <ShillingsData>14</ShillingsData>
    <PenceData>1.5</PenceData>
    <DollarsData></DollarsData>
    <CentsData></CentsData>
    <CurrencyData></CurrencyData>
  </row>
  <row>
    <uuid>29839</uuid>
    <bookpage>Ledger A, 1750 - 1772: pg.42</bookpage>
    <folioside>Right</folioside>
    <drcr>Credit</drcr>
    <linenumber>1</linenumber>
    <year><![CDATA[]]></year>
    <month><![CDATA[]]></month>
    <day><![CDATA[]]></day>
    <accountname><![CDATA[Contra Cr
]]></accountname>
    <entry><![CDATA[]]></entry>
    <subtotal><![CDATA[]]></subtotal>
    <page><![CDATA[]]></page>
    <symbol></symbol>
    <pounds><![CDATA[]]></pounds>
    <shillings><![CDATA[]]></shillings>
    <pence><![CDATA[]]></pence>
    <dollars><![CDATA[]]></dollars>
    <cents><![CDATA[]]></cents>
    <date-attribute></date-attribute>
    <Date></Date>
    <AccountNameDataID>7520</AccountNameDataID>
    <AccountNameData>Gist, Christopher</AccountNameData>
    <ClearText></ClearText>
    <PoundsData></PoundsData>
    <ShillingsData></ShillingsData>
    <PenceData></PenceData>
    <DollarsData></DollarsData>
    <CentsData></CentsData>
    <CurrencyData></CurrencyData>
  </row>
  <row>
    <uuid>22224</uuid>
    <bookpage>Ledger A, 1750 - 1772: pg.42</bookpage>
    <folioside>Right</folioside>
    <drcr>Credit</drcr>
    <linenumber>2</linenumber>
    <year><![CDATA[1756]]></year>
    <month><![CDATA[Septr]]></month>
    <day><![CDATA[8]]></day>
    <accountname><![CDATA[]]></accountname>
    <entry><![CDATA[<p>By Cash of Mr Boyd</p>
]]></entry>
    <subtotal><![CDATA[]]></subtotal>
    <page><![CDATA[]]></page>
    <symbol></symbol>
    <pounds><![CDATA[10]]></pounds>
    <shillings><![CDATA[]]></shillings>
    <pence><![CDATA[]]></pence>
    <dollars><![CDATA[]]></dollars>
    <cents><![CDATA[]]></cents>
    <date-attribute>1756-09-08</date-attribute>
    <Date>1756 September 8</Date>
    <AccountNameDataID>7520</AccountNameDataID>
    <AccountNameData>Gist, Christopher</AccountNameData>
    <ClearText>By Cash of Mr Boyd</ClearText>
    <PoundsData>10</PoundsData>
    <ShillingsData></ShillingsData>
    <PenceData></PenceData>
    <DollarsData></DollarsData>
    <CentsData></CentsData>
    <CurrencyData></CurrencyData>
  </row>
  <row>
    <uuid>22225</uuid>
    <bookpage>Ledger A, 1750 - 1772: pg.42</bookpage>
    <folioside>Right</folioside>
    <drcr>Credit</drcr>
    <linenumber>3</linenumber>
    <year><![CDATA[]]></year>
    <month><![CDATA[Decr]]></month>
    <day><![CDATA[5]]></day>
    <accountname><![CDATA[]]></accountname>
    <entry><![CDATA[<p>By Ditto of yr Self</p>
]]></entry>
    <subtotal><![CDATA[]]></subtotal>
    <page><![CDATA[]]></page>
    <symbol></symbol>
    <pounds><![CDATA[20]]></pounds>
    <shillings><![CDATA[]]></shillings>
    <pence><![CDATA[]]></pence>
    <dollars><![CDATA[]]></dollars>
    <cents><![CDATA[]]></cents>
    <date-attribute>1756-12-05</date-attribute>
    <Date>1756 December 5</Date>
    <AccountNameDataID>7520</AccountNameDataID>
    <AccountNameData>Gist, Christopher</AccountNameData>
    <ClearText>By Cash of your Self</ClearText>
    <PoundsData>20</PoundsData>
    <ShillingsData></ShillingsData>
    <PenceData></PenceData>
    <DollarsData></DollarsData>
    <CentsData></CentsData>
    <CurrencyData></CurrencyData>
  </row>
  <row>
    <uuid>22226</uuid>
    <bookpage>Ledger A, 1750 - 1772: pg.42</bookpage>
    <folioside>Right</folioside>
    <drcr>Credit</drcr>
    <linenumber>4</linenumber>
    <year><![CDATA[]]></year>
    <month><![CDATA[Apl]]></month>
    <day><![CDATA[25]]></day>
    <accountname><![CDATA[]]></accountname>
    <entry><![CDATA[<p>By Yr Son Tom Gist</p>
]]></entry>
    <subtotal><![CDATA[]]></subtotal>
    <page><![CDATA[]]></page>
    <symbol></symbol>
    <pounds><![CDATA[5]]></pounds>
    <shillings><![CDATA[]]></shillings>
    <pence><![CDATA[]]></pence>
    <dollars><![CDATA[]]></dollars>
    <cents><![CDATA[]]></cents>
    <date-attribute>04-25</date-attribute>
    <Date>April 25</Date>
    <AccountNameDataID>7520</AccountNameDataID>
    <AccountNameData>Gist, Christopher</AccountNameData>
    <ClearText>By Your Son Thomas Gist</ClearText>
    <PoundsData>5</PoundsData>
    <ShillingsData></ShillingsData>
    <PenceData></PenceData>
    <DollarsData></DollarsData>
    <CentsData></CentsData>
    <CurrencyData></CurrencyData>
  </row>
  <row>
    <uuid>22227</uuid>
    <bookpage>Ledger A, 1750 - 1772: pg.42</bookpage>
    <folioside>Right</folioside>
    <drcr>Credit</drcr>
    <linenumber>5</linenumber>
    <year><![CDATA[]]></year>
    <month><![CDATA[]]></month>
    <day><![CDATA[]]></day>
    <accountname><![CDATA[]]></accountname>
    <entry><![CDATA[<p>By Pensylvania Money</p>
]]></entry>
    <subtotal><![CDATA[<p>£5.0.0</p>
]]></subtotal>
    <page><![CDATA[]]></page>
    <symbol></symbol>
    <pounds><![CDATA[]]></pounds>
    <shillings><![CDATA[]]></shillings>
    <pence><![CDATA[]]></pence>
    <dollars><![CDATA[]]></dollars>
    <cents><![CDATA[]]></cents>
    <date-attribute>04-25</date-attribute>
    <Date>April 25</Date>
    <AccountNameDataID>7520</AccountNameDataID>
    <AccountNameData>Gist, Christopher</AccountNameData>
    <ClearText>By Pennsylvania Money</ClearText>
    <PoundsData>5</PoundsData>
    <ShillingsData>0</ShillingsData>
    <PenceData>0</PenceData>
    <DollarsData></DollarsData>
    <CentsData></CentsData>
    <CurrencyData>PA</CurrencyData>
  </row>
  <row>
    <uuid>22228</uuid>
    <bookpage>Ledger A, 1750 - 1772: pg.42</bookpage>
    <folioside>Right</folioside>
    <drcr>Credit</drcr>
    <linenumber>6</linenumber>
    <year><![CDATA[]]></year>
    <month><![CDATA[May]]></month>
    <day><![CDATA[1st]]></day>
    <accountname><![CDATA[]]></accountname>
    <entry><![CDATA[<p>By Ditto Ditto</p>
]]></entry>
    <subtotal><![CDATA[<p>2.10.[0]</p>
]]></subtotal>
    <page><![CDATA[]]></page>
    <symbol></symbol>
    <pounds><![CDATA[]]></pounds>
    <shillings><![CDATA[]]></shillings>
    <pence><![CDATA[]]></pence>
    <dollars><![CDATA[]]></dollars>
    <cents><![CDATA[]]></cents>
    <date-attribute>05-01</date-attribute>
    <Date>May 1</Date>
    <AccountNameDataID>7520</AccountNameDataID>
    <AccountNameData>Gist, Christopher</AccountNameData>
    <ClearText>By Pennsylvania Money</ClearText>
    <PoundsData>2</PoundsData>
    <ShillingsData>10</ShillingsData>
    <PenceData></PenceData>
    <DollarsData></DollarsData>
    <CentsData></CentsData>
    <CurrencyData></CurrencyData>
  </row>
  <row>
    <uuid>22229</uuid>
    <bookpage>Ledger A, 1750 - 1772: pg.42</bookpage>
    <folioside>Right</folioside>
    <drcr>Credit</drcr>
    <linenumber>7</linenumber>
    <year><![CDATA[]]></year>
    <month><![CDATA[]]></month>
    <day><![CDATA[]]></day>
    <accountname><![CDATA[]]></accountname>
    <entry><![CDATA[<p>[Total]</p>
]]></entry>
    <subtotal><![CDATA[<p>£7.10.[0] and</p>
]]></subtotal>
    <page><![CDATA[]]></page>
    <symbol>£</symbol>
    <pounds><![CDATA[35]]></pounds>
    <shillings><![CDATA[]]></shillings>
    <pence><![CDATA[]]></pence>
    <dollars><![CDATA[]]></dollars>
    <cents><![CDATA[]]></cents>
    <date-attribute></date-attribute>
    <Date></Date>
    <AccountNameDataID>7520</AccountNameDataID>
    <AccountNameData>Gist, Christopher</AccountNameData>
    <ClearText></ClearText>
    <PoundsData>35</PoundsData>
    <ShillingsData></ShillingsData>
    <PenceData></PenceData>
    <DollarsData></DollarsData>
    <CentsData></CentsData>
    <CurrencyData></CurrencyData>
  </row>
  <row>
    <uuid>22230</uuid>
    <bookpage>Ledger A, 1750 - 1772: pg.42</bookpage>
    <folioside>Right</folioside>
    <drcr>Credit</drcr>
    <linenumber>8</linenumber>
    <year><![CDATA[]]></year>
    <month><![CDATA[]]></month>
    <day><![CDATA[]]></day>
    <accountname><![CDATA[]]></accountname>
    <entry><![CDATA[<p>By Balle due G. Wn. &amp; chargd pr Contra</p>
]]></entry>
    <subtotal><![CDATA[]]></subtotal>
    <page><![CDATA[]]></page>
    <symbol></symbol>
    <pounds><![CDATA[2]]></pounds>
    <shillings><![CDATA[3]]></shillings>
    <pence><![CDATA[]]></pence>
    <dollars><![CDATA[]]></dollars>
    <cents><![CDATA[]]></cents>
    <date-attribute></date-attribute>
    <Date></Date>
    <AccountNameDataID>7520</AccountNameDataID>
    <AccountNameData>Gist, Christopher</AccountNameData>
    <ClearText>By Balance due George Wasington &amp; charged per Contra</ClearText>
    <PoundsData>2</PoundsData>
    <ShillingsData>3</ShillingsData>
    <PenceData></PenceData>
    <DollarsData></DollarsData>
    <CentsData></CentsData>
    <CurrencyData></CurrencyData>
  </row>
  <row>
    <uuid>22231</uuid>
    <bookpage>Ledger A, 1750 - 1772: pg.42</bookpage>
    <folioside>Right</folioside>
    <drcr>Credit</drcr>
    <linenumber>9</linenumber>
    <year><![CDATA[]]></year>
    <month><![CDATA[]]></month>
    <day><![CDATA[]]></day>
    <accountname><![CDATA[]]></accountname>
    <entry><![CDATA[<p>[Total]</p>
]]></entry>
    <subtotal><![CDATA[<p>£7.10.[0] &amp;</p>
]]></subtotal>
    <page><![CDATA[]]></page>
    <symbol>£</symbol>
    <pounds><![CDATA[35]]></pounds>
    <shillings><![CDATA[3]]></shillings>
    <pence><![CDATA[]]></pence>
    <dollars><![CDATA[]]></dollars>
    <cents><![CDATA[]]></cents>
    <date-attribute></date-attribute>
    <Date></Date>
    <AccountNameDataID>7520</AccountNameDataID>
    <AccountNameData>Gist, Christopher</AccountNameData>
    <ClearText>[Total]</ClearText>
    <PoundsData>35</PoundsData>
    <ShillingsData>3</ShillingsData>
    <PenceData></PenceData>
    <DollarsData></DollarsData>
    <CentsData></CentsData>
    <CurrencyData></CurrencyData>
  </row>
  <row>
    <uuid>22232</uuid>
    <bookpage>Ledger A, 1750 - 1772: pg.42</bookpage>
    <folioside>Right</folioside>
    <drcr>Credit</drcr>
    <linenumber>10</linenumber>
    <year><![CDATA[]]></year>
    <month><![CDATA[]]></month>
    <day><![CDATA[]]></day>
    <accountname><![CDATA[]]></accountname>
    <entry><![CDATA[<p>By Acct for Loss</p>
]]></entry>
    <subtotal><![CDATA[]]></subtotal>
    <page><![CDATA[]]></page>
    <symbol></symbol>
    <pounds><![CDATA[2]]></pounds>
    <shillings><![CDATA[3]]></shillings>
    <pence><![CDATA[0]]></pence>
    <dollars><![CDATA[]]></dollars>
    <cents><![CDATA[]]></cents>
    <date-attribute></date-attribute>
    <Date></Date>
    <AccountNameDataID>7520</AccountNameDataID>
    <AccountNameData>Gist, Christopher</AccountNameData>
    <ClearText>By Account for Loss</ClearText>
    <PoundsData>2</PoundsData>
    <ShillingsData>3</ShillingsData>
    <PenceData></PenceData>
    <DollarsData></DollarsData>
    <CentsData></CentsData>
    <CurrencyData></CurrencyData>
  </row>
  <row>
    <uuid>22233</uuid>
    <bookpage>Ledger A, 1750 - 1772: pg.42</bookpage>
    <folioside>Right</folioside>
    <drcr>Credit</drcr>
    <linenumber>11</linenumber>
    <year><![CDATA[]]></year>
    <month><![CDATA[]]></month>
    <day><![CDATA[]]></day>
    <accountname><![CDATA[Contra Cr
]]></accountname>
    <entry><![CDATA[]]></entry>
    <subtotal><![CDATA[]]></subtotal>
    <page><![CDATA[]]></page>
    <symbol></symbol>
    <pounds><![CDATA[]]></pounds>
    <shillings><![CDATA[]]></shillings>
    <pence><![CDATA[]]></pence>
    <dollars><![CDATA[]]></dollars>
    <cents><![CDATA[]]></cents>
    <date-attribute></date-attribute>
    <Date></Date>
    <AccountNameDataID>7581</AccountNameDataID>
    <AccountNameData>Jonus, Jacob</AccountNameData>
    <ClearText></ClearText>
    <PoundsData></PoundsData>
    <ShillingsData></ShillingsData>
    <PenceData></PenceData>
    <DollarsData></DollarsData>
    <CentsData></CentsData>
    <CurrencyData></CurrencyData>
  </row>
  <row>
    <uuid>22234</uuid>
    <bookpage>Ledger A, 1750 - 1772: pg.42</bookpage>
    <folioside>Right</folioside>
    <drcr>Credit</drcr>
    <linenumber>12</linenumber>
    <year><![CDATA[]]></year>
    <month><![CDATA[]]></month>
    <day><![CDATA[]]></day>
    <accountname><![CDATA[]]></accountname>
    <entry><![CDATA[<p>By his Services as Cook 18 Months</p>
]]></entry>
    <subtotal><![CDATA[]]></subtotal>
    <page><![CDATA[]]></page>
    <symbol>£</symbol>
    <pounds><![CDATA[13]]></pounds>
    <shillings><![CDATA[10]]></shillings>
    <pence><![CDATA[2]]></pence>
    <dollars><![CDATA[]]></dollars>
    <cents><![CDATA[]]></cents>
    <date-attribute></date-attribute>
    <Date></Date>
    <AccountNameDataID>7581</AccountNameDataID>
    <AccountNameData>Jonus, Jacob</AccountNameData>
    <ClearText>By his Services as Cook 18 Months</ClearText>
    <PoundsData>13</PoundsData>
    <ShillingsData>10</ShillingsData>
    <PenceData>2</PenceData>
    <DollarsData></DollarsData>
    <CentsData></CentsData>
    <CurrencyData></CurrencyData>
  </row>
  <row>
    <uuid>22235</uuid>
    <bookpage>Ledger A, 1750 - 1772: pg.42</bookpage>
    <folioside>Right</folioside>
    <drcr>Credit</drcr>
    <linenumber>13</linenumber>
    <year><![CDATA[]]></year>
    <month><![CDATA[]]></month>
    <day><![CDATA[]]></day>
    <accountname><![CDATA[]]></accountname>
    <entry><![CDATA[<p>[Total]</p>
]]></entry>
    <subtotal><![CDATA[]]></subtotal>
    <page><![CDATA[]]></page>
    <symbol></symbol>
    <pounds><![CDATA[13]]></pounds>
    <shillings><![CDATA[10]]></shillings>
    <pence><![CDATA[2]]></pence>
    <dollars><![CDATA[]]></dollars>
    <cents><![CDATA[]]></cents>
    <date-attribute></date-attribute>
    <Date></Date>
    <AccountNameDataID>7581</AccountNameDataID>
    <AccountNameData>Jonus, Jacob</AccountNameData>
    <ClearText>[Total]</ClearText>
    <PoundsData>13</PoundsData>
    <ShillingsData>10</ShillingsData>
    <PenceData>2</PenceData>
    <DollarsData></DollarsData>
    <CentsData></CentsData>
    <CurrencyData></CurrencyData>
  </row>
  <row>
    <uuid>22236</uuid>
    <bookpage>Ledger A, 1750 - 1772: pg.42</bookpage>
    <folioside>Right</folioside>
    <drcr>Credit</drcr>
    <linenumber>14</linenumber>
    <year><![CDATA[]]></year>
    <month><![CDATA[]]></month>
    <day><![CDATA[]]></day>
    <accountname><![CDATA[Contra Cr
]]></accountname>
    <entry><![CDATA[]]></entry>
    <subtotal><![CDATA[]]></subtotal>
    <page><![CDATA[]]></page>
    <symbol></symbol>
    <pounds><![CDATA[]]></pounds>
    <shillings><![CDATA[]]></shillings>
    <pence><![CDATA[]]></pence>
    <dollars><![CDATA[]]></dollars>
    <cents><![CDATA[]]></cents>
    <date-attribute></date-attribute>
    <Date></Date>
    <AccountNameDataID>7649</AccountNameDataID>
    <AccountNameData>McLaughlan (McClockland), John</AccountNameData>
    <ClearText></ClearText>
    <PoundsData></PoundsData>
    <ShillingsData></ShillingsData>
    <PenceData></PenceData>
    <DollarsData></DollarsData>
    <CentsData></CentsData>
    <CurrencyData></CurrencyData>
  </row>
  <row>
    <uuid>22237</uuid>
    <bookpage>Ledger A, 1750 - 1772: pg.42</bookpage>
    <folioside>Right</folioside>
    <drcr>Credit</drcr>
    <linenumber>15</linenumber>
    <year><![CDATA[1763]]></year>
    <month><![CDATA[Jany]]></month>
    <day><![CDATA[26]]></day>
    <accountname><![CDATA[]]></accountname>
    <entry><![CDATA[<p>By Weaving</p>
]]></entry>
    <subtotal><![CDATA[]]></subtotal>
    <page><![CDATA[]]></page>
    <symbol></symbol>
    <pounds><![CDATA[]]></pounds>
    <shillings><![CDATA[11]]></shillings>
    <pence><![CDATA[]]></pence>
    <dollars><![CDATA[]]></dollars>
    <cents><![CDATA[]]></cents>
    <date-attribute>1763-01-26</date-attribute>
    <Date>1763 January 26</Date>
    <AccountNameDataID>7649</AccountNameDataID>
    <AccountNameData>McLaughlan (McClockland), John</AccountNameData>
    <ClearText>By Weaving</ClearText>
    <PoundsData></PoundsData>
    <ShillingsData>11</ShillingsData>
    <PenceData></PenceData>
    <DollarsData></DollarsData>
    <CentsData></CentsData>
    <CurrencyData></CurrencyData>
  </row>
  <row>
    <uuid>22238</uuid>
    <bookpage>Ledger A, 1750 - 1772: pg.42</bookpage>
    <folioside>Right</folioside>
    <drcr>Credit</drcr>
    <linenumber>16</linenumber>
    <year><![CDATA[]]></year>
    <month><![CDATA[Augt]]></month>
    <day><![CDATA[25]]></day>
    <accountname><![CDATA[]]></accountname>
    <entry><![CDATA[<p>By 48 Yards of &lt;coarse&gt; Virga Cloth @ 4d</p>
]]></entry>
    <subtotal><![CDATA[]]></subtotal>
    <page><![CDATA[]]></page>
    <symbol></symbol>
    <pounds><![CDATA[]]></pounds>
    <shillings><![CDATA[16]]></shillings>
    <pence><![CDATA[]]></pence>
    <dollars><![CDATA[]]></dollars>
    <cents><![CDATA[]]></cents>
    <date-attribute>1763-08-25</date-attribute>
    <Date>1763 August 25</Date>
    <AccountNameDataID>7649</AccountNameDataID>
    <AccountNameData>McLaughlan (McClockland), John</AccountNameData>
    <ClearText>By 48 Yards of coarse Virginia Cloth @ 4d</ClearText>
    <PoundsData></PoundsData>
    <ShillingsData>16</ShillingsData>
    <PenceData></PenceData>
    <DollarsData></DollarsData>
    <CentsData></CentsData>
    <CurrencyData></CurrencyData>
  </row>
  <row>
    <uuid>22239</uuid>
    <bookpage>Ledger A, 1750 - 1772: pg.42</bookpage>
    <folioside>Right</folioside>
    <drcr>Credit</drcr>
    <linenumber>17</linenumber>
    <year><![CDATA[]]></year>
    <month><![CDATA[Do]]></month>
    <day><![CDATA[Do]]></day>
    <accountname><![CDATA[]]></accountname>
    <entry><![CDATA[<p>By 9 yards of fine Ditto @ 10d</p>
]]></entry>
    <subtotal><![CDATA[]]></subtotal>
    <page><![CDATA[]]></page>
    <symbol></symbol>
    <pounds><![CDATA[]]></pounds>
    <shillings><![CDATA[7]]></shillings>
    <pence><![CDATA[6]]></pence>
    <dollars><![CDATA[]]></dollars>
    <cents><![CDATA[]]></cents>
    <date-attribute>1763-08-25</date-attribute>
    <Date>1763 August 25</Date>
    <AccountNameDataID>7649</AccountNameDataID>
    <AccountNameData>McLaughlan (McClockland), John</AccountNameData>
    <ClearText>By 9 yards of fine Virginia Cloth @ 10d</ClearText>
    <PoundsData></PoundsData>
    <ShillingsData>7</ShillingsData>
    <PenceData>6</PenceData>
    <DollarsData></DollarsData>
    <CentsData></CentsData>
    <CurrencyData></CurrencyData>
  </row>
  <row>
    <uuid>22240</uuid>
    <bookpage>Ledger A, 1750 - 1772: pg.42</bookpage>
    <folioside>Right</folioside>
    <drcr>Credit</drcr>
    <linenumber>18</linenumber>
    <year><![CDATA[]]></year>
    <month><![CDATA[]]></month>
    <day><![CDATA[]]></day>
    <accountname><![CDATA[]]></accountname>
    <entry><![CDATA[<p>By weaving 129 yds Virga Cloth</p>
]]></entry>
    <subtotal><![CDATA[]]></subtotal>
    <page><![CDATA[]]></page>
    <symbol></symbol>
    <pounds><![CDATA[2]]></pounds>
    <shillings><![CDATA[3]]></shillings>
    <pence><![CDATA[]]></pence>
    <dollars><![CDATA[]]></dollars>
    <cents><![CDATA[]]></cents>
    <date-attribute>1763-08-25</date-attribute>
    <Date>1763 August 25</Date>
    <AccountNameDataID>7649</AccountNameDataID>
    <AccountNameData>McLaughlan (McClockland), John</AccountNameData>
    <ClearText>By weaving 129 yards Virginia Cloth</ClearText>
    <PoundsData>2</PoundsData>
    <ShillingsData>3</ShillingsData>
    <PenceData></PenceData>
    <DollarsData></DollarsData>
    <CentsData></CentsData>
    <CurrencyData></CurrencyData>
  </row>
  <row>
    <uuid>22241</uuid>
    <bookpage>Ledger A, 1750 - 1772: pg.42</bookpage>
    <folioside>Right</folioside>
    <drcr>Credit</drcr>
    <linenumber>19</linenumber>
    <year><![CDATA[]]></year>
    <month><![CDATA[]]></month>
    <day><![CDATA[]]></day>
    <accountname><![CDATA[]]></accountname>
    <entry><![CDATA[<p>[Total]</p>
]]></entry>
    <subtotal><![CDATA[]]></subtotal>
    <page><![CDATA[]]></page>
    <symbol>£</symbol>
    <pounds><![CDATA[3]]></pounds>
    <shillings><![CDATA[17]]></shillings>
    <pence><![CDATA[6]]></pence>
    <dollars><![CDATA[]]></dollars>
    <cents><![CDATA[]]></cents>
    <date-attribute></date-attribute>
    <Date></Date>
    <AccountNameDataID>7649</AccountNameDataID>
    <AccountNameData>McLaughlan (McClockland), John</AccountNameData>
    <ClearText>[Total]</ClearText>
    <PoundsData>3</PoundsData>
    <ShillingsData>17</ShillingsData>
    <PenceData>6</PenceData>
    <DollarsData></DollarsData>
    <CentsData></CentsData>
    <CurrencyData></CurrencyData>
  </row>
  <row>
    <uuid>22242</uuid>
    <bookpage>Ledger A, 1750 - 1772: pg.42</bookpage>
    <folioside>Right</folioside>
    <drcr>Credit</drcr>
    <linenumber>20</linenumber>
    <year><![CDATA[1765]]></year>
    <month><![CDATA[Jany]]></month>
    <day><![CDATA[25]]></day>
    <accountname><![CDATA[]]></accountname>
    <entry><![CDATA[<p>By weavg 17 yds for a Carpet @ 5d</p>
]]></entry>
    <subtotal><![CDATA[<p>[0].7s.1d</p>
]]></subtotal>
    <page><![CDATA[]]></page>
    <symbol></symbol>
    <pounds><![CDATA[]]></pounds>
    <shillings><![CDATA[]]></shillings>
    <pence><![CDATA[]]></pence>
    <dollars><![CDATA[]]></dollars>
    <cents><![CDATA[]]></cents>
    <date-attribute>1765-01-25</date-attribute>
    <Date>1765 January 25</Date>
    <AccountNameDataID>7649</AccountNameDataID>
    <AccountNameData>McLaughlan (McClockland), John</AccountNameData>
    <ClearText>By weaving 17 yards for a Carpet @ 5d</ClearText>
    <PoundsData></PoundsData>
    <ShillingsData>7</ShillingsData>
    <PenceData>1</PenceData>
    <DollarsData></DollarsData>
    <CentsData></CentsData>
    <CurrencyData></CurrencyData>
  </row>
  <row>
    <uuid>22243</uuid>
    <bookpage>Ledger A, 1750 - 1772: pg.42</bookpage>
    <folioside>Right</folioside>
    <drcr>Credit</drcr>
    <linenumber>21</linenumber>
    <year><![CDATA[]]></year>
    <month><![CDATA[]]></month>
    <day><![CDATA[]]></day>
    <accountname><![CDATA[]]></accountname>
    <entry><![CDATA[<p>By Do 38<sup>1</sup>/<sub>2</sub> yds stripd Cloath</p>
]]></entry>
    <subtotal><![CDATA[]]></subtotal>
    <page><![CDATA[]]></page>
    <symbol></symbol>
    <pounds><![CDATA[]]></pounds>
    <shillings><![CDATA[]]></shillings>
    <pence><![CDATA[]]></pence>
    <dollars><![CDATA[]]></dollars>
    <cents><![CDATA[]]></cents>
    <date-attribute>1765-01-25</date-attribute>
    <Date>1765 January 25</Date>
    <AccountNameDataID>7649</AccountNameDataID>
    <AccountNameData>McLaughlan (McClockland), John</AccountNameData>
    <ClearText>By weaving 38 1/2 yards striped Cloath</ClearText>
    <PoundsData></PoundsData>
    <ShillingsData></ShillingsData>
    <PenceData></PenceData>
    <DollarsData></DollarsData>
    <CentsData></CentsData>
    <CurrencyData></CurrencyData>
  </row>
  <row>
    <uuid>22244</uuid>
    <bookpage>Ledger A, 1750 - 1772: pg.42</bookpage>
    <folioside>Right</folioside>
    <drcr>Credit</drcr>
    <linenumber>22</linenumber>
    <year><![CDATA[]]></year>
    <month><![CDATA[]]></month>
    <day><![CDATA[]]></day>
    <accountname><![CDATA[]]></accountname>
    <entry><![CDATA[<p>By Do 27<sup>1</sup>/<sub>2</sub> Do White Do @ 4d</p>
]]></entry>
    <subtotal><![CDATA[<p>1.2.0</p>
]]></subtotal>
    <page><![CDATA[]]></page>
    <symbol></symbol>
    <pounds><![CDATA[]]></pounds>
    <shillings><![CDATA[]]></shillings>
    <pence><![CDATA[]]></pence>
    <dollars><![CDATA[]]></dollars>
    <cents><![CDATA[]]></cents>
    <date-attribute>1765-01-25</date-attribute>
    <Date>1765 January 25</Date>
    <AccountNameDataID>7649</AccountNameDataID>
    <AccountNameData>McLaughlan (McClockland), John</AccountNameData>
    <ClearText>By weaving 27 1/2 yards White Cloath @ 4d</ClearText>
    <PoundsData>1</PoundsData>
    <ShillingsData>2</ShillingsData>
    <PenceData>0</PenceData>
    <DollarsData></DollarsData>
    <CentsData></CentsData>
    <CurrencyData></CurrencyData>
  </row>
  <row>
    <uuid>22245</uuid>
    <bookpage>Ledger A, 1750 - 1772: pg.42</bookpage>
    <folioside>Right</folioside>
    <drcr>Credit</drcr>
    <linenumber>23</linenumber>
    <year><![CDATA[]]></year>
    <month><![CDATA[]]></month>
    <day><![CDATA[]]></day>
    <accountname><![CDATA[]]></accountname>
    <entry><![CDATA[<p>[Total]</p>
]]></entry>
    <subtotal><![CDATA[]]></subtotal>
    <page><![CDATA[]]></page>
    <symbol></symbol>
    <pounds><![CDATA[1]]></pounds>
    <shillings><![CDATA[9]]></shillings>
    <pence><![CDATA[1]]></pence>
    <dollars><![CDATA[]]></dollars>
    <cents><![CDATA[]]></cents>
    <date-attribute>1765-01-25</date-attribute>
    <Date>1765 January 25</Date>
    <AccountNameDataID>7649</AccountNameDataID>
    <AccountNameData>McLaughlan (McClockland), John</AccountNameData>
    <ClearText>[Total]</ClearText>
    <PoundsData>1</PoundsData>
    <ShillingsData>9</ShillingsData>
    <PenceData>1</PenceData>
    <DollarsData></DollarsData>
    <CentsData></CentsData>
    <CurrencyData></CurrencyData>
  </row>
  <row>
    <uuid>22246</uuid>
    <bookpage>Ledger A, 1750 - 1772: pg.42</bookpage>
    <folioside>Right</folioside>
    <drcr>Credit</drcr>
    <linenumber>24</linenumber>
    <year><![CDATA[]]></year>
    <month><![CDATA[Augt]]></month>
    <day><![CDATA[19]]></day>
    <accountname><![CDATA[]]></accountname>
    <entry><![CDATA[<p>By weaving 3 pieces of Cloath viz</p>
]]></entry>
    <subtotal><![CDATA[<p>39 yds</p>
]]></subtotal>
    <page><![CDATA[]]></page>
    <symbol></symbol>
    <pounds><![CDATA[]]></pounds>
    <shillings><![CDATA[]]></shillings>
    <pence><![CDATA[]]></pence>
    <dollars><![CDATA[]]></dollars>
    <cents><![CDATA[]]></cents>
    <date-attribute>1765-08-19</date-attribute>
    <Date>1765 August 19</Date>
    <AccountNameDataID>7649</AccountNameDataID>
    <AccountNameData>McLaughlan (McClockland), John</AccountNameData>
    <ClearText>By weaving 3 pieces of Cloath viz. 39 yards</ClearText>
    <PoundsData></PoundsData>
    <ShillingsData></ShillingsData>
    <PenceData></PenceData>
    <DollarsData></DollarsData>
    <CentsData></CentsData>
    <CurrencyData></CurrencyData>
  </row>
  <row>
    <uuid>22247</uuid>
    <bookpage>Ledger A, 1750 - 1772: pg.42</bookpage>
    <folioside>Right</folioside>
    <drcr>Credit</drcr>
    <linenumber>25</linenumber>
    <year><![CDATA[]]></year>
    <month><![CDATA[]]></month>
    <day><![CDATA[]]></day>
    <accountname><![CDATA[]]></accountname>
    <entry><![CDATA[]]></entry>
    <subtotal><![CDATA[<p>38 [yds]</p>
]]></subtotal>
    <page><![CDATA[]]></page>
    <symbol></symbol>
    <pounds><![CDATA[]]></pounds>
    <shillings><![CDATA[]]></shillings>
    <pence><![CDATA[]]></pence>
    <dollars><![CDATA[]]></dollars>
    <cents><![CDATA[]]></cents>
    <date-attribute>1765-08-19</date-attribute>
    <Date>1765 August 19</Date>
    <AccountNameDataID>7649</AccountNameDataID>
    <AccountNameData>McLaughlan (McClockland), John</AccountNameData>
    <ClearText>38</ClearText>
    <PoundsData></PoundsData>
    <ShillingsData></ShillingsData>
    <PenceData></PenceData>
    <DollarsData></DollarsData>
    <CentsData></CentsData>
    <CurrencyData></CurrencyData>
  </row>
  <row>
    <uuid>22248</uuid>
    <bookpage>Ledger A, 1750 - 1772: pg.42</bookpage>
    <folioside>Right</folioside>
    <drcr>Credit</drcr>
    <linenumber>26</linenumber>
    <year><![CDATA[]]></year>
    <month><![CDATA[]]></month>
    <day><![CDATA[]]></day>
    <accountname><![CDATA[]]></accountname>
    <entry><![CDATA[]]></entry>
    <subtotal><![CDATA[<p>34 [yds] &lt;acctd&gt;</p>
]]></subtotal>
    <page><![CDATA[]]></page>
    <symbol></symbol>
    <pounds><![CDATA[1]]></pounds>
    <shillings><![CDATA[17]]></shillings>
    <pence><![CDATA[]]></pence>
    <dollars><![CDATA[]]></dollars>
    <cents><![CDATA[]]></cents>
    <date-attribute>1765-08-19</date-attribute>
    <Date>1765 August 19</Date>
    <AccountNameDataID>7649</AccountNameDataID>
    <AccountNameData>McLaughlan (McClockland), John</AccountNameData>
    <ClearText>34 accounted</ClearText>
    <PoundsData></PoundsData>
    <ShillingsData></ShillingsData>
    <PenceData></PenceData>
    <DollarsData></DollarsData>
    <CentsData></CentsData>
    <CurrencyData></CurrencyData>
  </row>
  <row>
    <uuid>22250</uuid>
    <bookpage>Ledger A, 1750 - 1772: pg.42</bookpage>
    <folioside>Right</folioside>
    <drcr>Credit</drcr>
    <linenumber>27</linenumber>
    <year><![CDATA[]]></year>
    <month><![CDATA[Octr]]></month>
    <day><![CDATA[&lt;29&gt;]]></day>
    <accountname><![CDATA[]]></accountname>
    <entry><![CDATA[<p>By weavg 1 pr Woolen Cloth</p>
]]></entry>
    <subtotal><![CDATA[<p>33 1/2 yds @ 4d</p>
]]></subtotal>
    <page><![CDATA[]]></page>
    <symbol></symbol>
    <pounds><![CDATA[]]></pounds>
    <shillings><![CDATA[11]]></shillings>
    <pence><![CDATA[2]]></pence>
    <dollars><![CDATA[]]></dollars>
    <cents><![CDATA[]]></cents>
    <date-attribute>1765-10-29</date-attribute>
    <Date>1765 October 29</Date>
    <AccountNameDataID>7649</AccountNameDataID>
    <AccountNameData>McLaughlan (McClockland), John</AccountNameData>
    <ClearText>By weaving 1 pair Woolen Cloth 33 1/2 yards @ 4d</ClearText>
    <PoundsData></PoundsData>
    <ShillingsData>11</ShillingsData>
    <PenceData>2</PenceData>
    <DollarsData></DollarsData>
    <CentsData></CentsData>
    <CurrencyData></CurrencyData>
  </row>
  <row>
    <uuid>22251</uuid>
    <bookpage>Ledger A, 1750 - 1772: pg.42</bookpage>
    <folioside>Right</folioside>
    <drcr>Credit</drcr>
    <linenumber>28</linenumber>
    <year><![CDATA[1766]]></year>
    <month><![CDATA[Jany]]></month>
    <day><![CDATA[31]]></day>
    <accountname><![CDATA[]]></accountname>
    <entry><![CDATA[<p>By weavg 1 pr Do Check&#039;d Do</p>
]]></entry>
    <subtotal><![CDATA[<p>40 1/2 yds 5d</p>
]]></subtotal>
    <page><![CDATA[]]></page>
    <symbol></symbol>
    <pounds><![CDATA[]]></pounds>
    <shillings><![CDATA[16]]></shillings>
    <pence><![CDATA[10 1/2]]></pence>
    <dollars><![CDATA[]]></dollars>
    <cents><![CDATA[]]></cents>
    <date-attribute>1766-01-31</date-attribute>
    <Date>1766 January 31</Date>
    <AccountNameDataID>7649</AccountNameDataID>
    <AccountNameData>McLaughlan (McClockland), John</AccountNameData>
    <ClearText>By weaving 1 pair Woolen Checked cloth 40 1/2 yards 5d</ClearText>
    <PoundsData></PoundsData>
    <ShillingsData>16</ShillingsData>
    <PenceData>10.5</PenceData>
    <DollarsData></DollarsData>
    <CentsData></CentsData>
    <CurrencyData></CurrencyData>
  </row>
  <row>
    <uuid>22252</uuid>
    <bookpage>Ledger A, 1750 - 1772: pg.42</bookpage>
    <folioside>Right</folioside>
    <drcr>Credit</drcr>
    <linenumber>29</linenumber>
    <year><![CDATA[]]></year>
    <month><![CDATA[]]></month>
    <day><![CDATA[]]></day>
    <accountname><![CDATA[]]></accountname>
    <entry><![CDATA[<p>[Total]</p>
]]></entry>
    <subtotal><![CDATA[]]></subtotal>
    <page><![CDATA[]]></page>
    <symbol></symbol>
    <pounds><![CDATA[4]]></pounds>
    <shillings><![CDATA[14]]></shillings>
    <pence><![CDATA[1 1/2]]></pence>
    <dollars><![CDATA[]]></dollars>
    <cents><![CDATA[]]></cents>
    <date-attribute>1766-01-31</date-attribute>
    <Date>1766 January 31</Date>
    <AccountNameDataID>7649</AccountNameDataID>
    <AccountNameData>McLaughlan (McClockland), John</AccountNameData>
    <ClearText>[Total]</ClearText>
    <PoundsData>4</PoundsData>
    <ShillingsData>14</ShillingsData>
    <PenceData>1.5</PenceData>
    <DollarsData></DollarsData>
    <CentsData></CentsData>
    <CurrencyData></CurrencyData>
  </row>
</transactions>
