<?xml version="1.0" encoding="UTF-8"?>
<TEI xmlns="http://www.tei-c.org/ns/1.0" xmlns:t="http://www.tei-c.org/ns/1.0">
   <teiHeader>
      <fileDesc>
         <titleStmt>
            <title>Ledger A, 1750 - 1772: pg.27</title>
         </titleStmt>
         <publicationStmt>
            <publisher>
               <orgName>University of Virginia</orgName>
            </publisher>
            <authority>
               <orgName ref="http://d-nb.info/gnd/1137284463"
                        corresp="https://informationsmodellierung.uni-graz.at">Zentrum für
    						Informationsmodellierung - Austrian Centre for Digital Humanities,
    						Karl-Franzens-Universität Graz</orgName>
            </authority>
            <distributor>
               <orgName ref="https://gams.uni-graz.at">GAMS -
    						Geisteswissenschaftliches Asset Management System</orgName>
            </distributor>
            <availability>
               <licence target="https://creativecommons.org/licenses/by-nc-sa/4.0">Creative
    							Commons BY-NC-SA 4.0</licence>
            </availability>
            <date when="2018">2018</date>
            <pubPlace>Graz</pubPlace>
            <idno type="PID">o:depcha.washington.1</idno>
         </publicationStmt>
         <seriesStmt>
            <title ref="http://gams.uni-graz.at/context:depcha">DEPCHA</title>
            <respStmt>
               <resp>Projektleitung</resp>
               <persName>
                  <forename>Georg</forename>
                  <surname>Vogeler</surname>
               </persName>
            </respStmt>
         </seriesStmt>
         <sourceDesc>
            <ab>Pagebook: Ledger A, 1750 - 1772: pg.27, Left</ab>
         </sourceDesc>
      </fileDesc>
      <encodingDesc>
         <editorialDecl>
            <p>was über die editionsregeln und kodierungsrichtlinien</p>
         </editorialDecl>
         <projectDesc>
            <ab>
               <ref target="info:fedora/context:depcha.wfp" type="context">The George Washington Financial Papers</ref>
            </ab>
            <p>Projektbeschreibungsabsatzerl</p>
         </projectDesc>
      </encodingDesc>
      <profileDesc>
         <langUsage>
            <language ident="eng">English</language>
         </langUsage>
         <textClass>
            <keywords scheme="cirilo:normalizedPlaceNames">
               <list>
                  <item/>
               </list>
            </keywords>
            <keywords ana="account">
               <list>
                  <item>
                     <term>
                        <ref target="11833">Cash</ref>
                     </term>
                  </item>
               </list>
            </keywords>
            <keywords ana="currency">
               <list>
                  <item>
                     <term>
                        <ref target="Rhode Island">Rhode Island</ref>
                     </term>
                  </item>
                  <item>
                     <term>
                        <ref target="Massachusetts">Massachusetts</ref>
                     </term>
                  </item>
                  <item>
                     <term>
                        <ref target="Massachusetts, VA">Massachusetts, VA</ref>
                     </term>
                  </item>
                  <item>
                     <term>
                        <ref target="NY">NY</ref>
                     </term>
                  </item>
                  <item>
                     <term>
                        <ref target="NY, VA">NY, VA</ref>
                     </term>
                  </item>
                  <item>
                     <term>
                        <ref target="PA">PA</ref>
                     </term>
                  </item>
                  <item>
                     <term>
                        <ref target="PA, VA">PA, VA</ref>
                     </term>
                  </item>
               </list>
            </keywords>
         </textClass>
      </profileDesc>
   </teiHeader>
   <text>
      <body>
         <table>
            <row xml:id="wfp_29720" n="1" ana="#bk_entry">
               <cell>
                  <name ref="11833" ana="#bk_to #bk_debit">Cash</name>
               </cell>
            </row>
            <row xml:id="wfp_15370" n="2" ana="#bk_entry">
               <cell>
                  <date ana="#bk_when" when="1756-01">1756</date>
               </cell>
               <cell>
                  <name ref="11833" ana="#bk_to #bk_debit">Cash</name>
               </cell>
               <cell>To Sum brought forward</cell>
               <cell>
                  <measure ana="#bk_money #bk_to"
                           commodity="currency"
                           unit="Pounds"
                           quantity="1580">1580</measure>
               </cell>
               <cell>
                  <measure ana="#bk_money #bk_to"
                           commodity="currency"
                           unit="Shillings"
                           quantity="8">8</measure>
               </cell>
               <cell>
                  <measure ana="#bk_money #bk_to"
                           commodity="currency"
                           unit="Pence"
                           quantity="0.5">0.5</measure>
               </cell>
            </row>
            <row xml:id="wfp_29721" n="1" ana="#bk_entry">
               <cell>
                  <name ref="11833" ana="#bk_to #bk_credit">Cash</name>
               </cell>
            </row>
            <row xml:id="wfp_21715" n="2" ana="#bk_entry">
               <cell>
                  <date ana="#bk_when" when="1756-01">1756</date>
               </cell>
               <cell>
                  <name ref="11833" ana="#bk_to #bk_credit">Cash</name>
               </cell>
               <cell>By Sum brought forward</cell>
               <cell>
                  <measure ana="#bk_money #bk_to"
                           commodity="currency"
                           unit="Pounds"
                           quantity="1179">1179</measure>
               </cell>
               <cell>
                  <measure ana="#bk_money #bk_to"
                           commodity="currency"
                           unit="Shillings"
                           quantity="13">13</measure>
               </cell>
               <cell>
                  <measure ana="#bk_money #bk_to"
                           commodity="currency"
                           unit="Pence"
                           quantity="7">7</measure>
               </cell>
            </row>
            <row xml:id="wfp_21716" n="3" ana="#bk_entry">
               <cell>
                  <date ana="#bk_when" when="1756-02-26">1756 February 26</date>
               </cell>
               <cell>
                  <name ref="11833" ana="#bk_to #bk_credit">Cash</name>
               </cell>
               <cell>By Cash, to Mr Malbones Servants</cell>
               <cell>
                  <measure ana="#bk_money #bk_to"
                           commodity="currency"
                           unit="Pounds"
                           quantity="4">4</measure>
               </cell>
               <cell>
                  <measure ana="#bk_money #bk_to"
                           commodity="currency"
                           unit="Shillings"
                           quantity="0">0</measure>
               </cell>
               <cell>
                  <measure ana="#bk_money #bk_to"
                           commodity="currency"
                           unit="Pence"
                           quantity="0">0</measure>
               </cell>
            </row>
            <row xml:id="wfp_21717" n="4" ana="#bk_entry">
               <cell>
                  <date ana="#bk_when" when="1756-02-26">1756 February 26</date>
               </cell>
               <cell>
                  <name ref="11833" ana="#bk_to #bk_credit">Cash</name>
               </cell>
               <cell>to a bowle broke</cell>
               <cell>
                  <measure ana="#bk_money #bk_to"
                           commodity="currency"
                           unit="Pounds"
                           quantity="4">4</measure>
               </cell>
            </row>
            <row xml:id="wfp_21718" n="5" ana="#bk_entry">
               <cell>
                  <date ana="#bk_when" when="1756-02-26">1756 February 26</date>
               </cell>
               <cell>
                  <name ref="11833" ana="#bk_to #bk_credit">Cash</name>
               </cell>
               <cell>£8.[0].[0] in Virginia Currency</cell>
               <cell>
                  <measure ana="#bk_money #bk_to"
                           commodity="currency"
                           unit="Shillings"
                           quantity="11">11</measure>
               </cell>
            </row>
            <row xml:id="wfp_21719" n="7" ana="#bk_entry">
               <cell>
                  <date ana="#bk_when" when="1756-02-26">1756 February 26</date>
               </cell>
               <cell>
                  <name ref="11833" ana="#bk_to #bk_credit">Cash</name>
               </cell>
               <cell>By Cash lent Captain Mercer</cell>
               <cell>
                  <measure ana="#bk_money #bk_to"
                           commodity="currency"
                           unit="Shillings"
                           quantity="19">19</measure>
               </cell>
               <cell>
                  <measure ana="#bk_money #bk_to"
                           commodity="currency"
                           unit="Pence"
                           quantity="4">4</measure>
               </cell>
            </row>
            <row xml:id="wfp_21720" n="8" ana="#bk_entry">
               <cell>
                  <date ana="#bk_when" when="1756-02-27">1756 February 27</date>
               </cell>
               <cell>
                  <name ref="11833" ana="#bk_to #bk_credit">Cash</name>
               </cell>
               <cell>By Cash lent to a Man of Wars Crew</cell>
               <cell>
                  <measure ana="#bk_money #bk_to"
                           commodity="currency"
                           unit="Shillings"
                           quantity="11">11</measure>
               </cell>
               <cell>
                  <measure ana="#bk_money #bk_to"
                           commodity="currency"
                           unit="Pence"
                           quantity="3">3</measure>
               </cell>
            </row>
            <row xml:id="wfp_21721" n="9" ana="#bk_entry">
               <cell>
                  <date ana="#bk_when" when="1756-02-27">1756 February 27 to 1756 March 10</date>
               </cell>
               <cell>
                  <name ref="11833" ana="#bk_to #bk_credit">Cash</name>
               </cell>
               <cell>at cards at the Governors</cell>
               <cell>
                  <measure ana="#bk_money #bk_to"
                           commodity="currency"
                           unit="Pounds"
                           quantity="1">1</measure>
               </cell>
               <cell>
                  <measure ana="#bk_money #bk_to"
                           commodity="currency"
                           unit="Shillings"
                           quantity="2">2</measure>
               </cell>
               <cell>
                  <measure ana="#bk_money #bk_to"
                           commodity="currency"
                           unit="Pence"
                           quantity="6">6</measure>
               </cell>
            </row>
            <row xml:id="wfp_21722" n="10" ana="#bk_entry">
               <cell>
                  <date ana="#bk_when" when="1756-02-27">1756 February 27 to 1756 March 10</date>
               </cell>
               <cell>
                  <name ref="11833" ana="#bk_to #bk_credit">Cash</name>
               </cell>
               <cell>crossing to Castle William .11.3</cell>
               <cell>
                  <measure ana="#bk_money #bk_to"
                           commodity="currency"
                           unit="Shillings"
                           quantity="11">11</measure>
               </cell>
               <cell>
                  <measure ana="#bk_money #bk_to"
                           commodity="currency"
                           unit="Pence"
                           quantity="3">3</measure>
               </cell>
            </row>
            <row xml:id="wfp_21723" n="11" ana="#bk_entry">
               <cell>
                  <date ana="#bk_when" when="1756-02-27">1756 February 27 to 1756 March 10</date>
               </cell>
               <cell>
                  <name ref="11833" ana="#bk_to #bk_credit">Cash</name>
               </cell>
               <cell>the Chamber Maid</cell>
               <cell>
                  <measure ana="#bk_money #bk_to"
                           commodity="currency"
                           unit="Pounds"
                           quantity="1">1</measure>
               </cell>
               <cell>
                  <measure ana="#bk_money #bk_to"
                           commodity="currency"
                           unit="Shillings"
                           quantity="2">2</measure>
               </cell>
               <cell>
                  <measure ana="#bk_money #bk_to"
                           commodity="currency"
                           unit="Pence"
                           quantity="6">6</measure>
               </cell>
            </row>
            <row xml:id="wfp_21724" n="12" ana="#bk_entry">
               <cell>
                  <date ana="#bk_when" when="1756-02-27">1756 February 27 to 1756 March 10</date>
               </cell>
               <cell>
                  <name ref="11833" ana="#bk_to #bk_credit">Cash</name>
               </cell>
               <cell>at Cards</cell>
               <cell>
                  <measure ana="#bk_money #bk_to"
                           commodity="currency"
                           unit="Pounds"
                           quantity="3">3</measure>
               </cell>
               <cell>
                  <measure ana="#bk_money #bk_to"
                           commodity="currency"
                           unit="Shillings"
                           quantity="18">18</measure>
               </cell>
               <cell>
                  <measure ana="#bk_money #bk_to"
                           commodity="currency"
                           unit="Pence"
                           quantity="9">9</measure>
               </cell>
            </row>
            <row xml:id="wfp_21725" n="13" ana="#bk_entry">
               <cell>
                  <date ana="#bk_when" when="1756-02-27">1756 February 27 to 1756 March 10</date>
               </cell>
               <cell>
                  <name ref="11833" ana="#bk_to #bk_credit">Cash</name>
               </cell>
               <cell>For a Hatt</cell>
               <cell>
                  <measure ana="#bk_money #bk_to"
                           commodity="currency"
                           unit="Pounds"
                           quantity="12">12</measure>
               </cell>
               <cell>
                  <measure ana="#bk_money #bk_to"
                           commodity="currency"
                           unit="Shillings"
                           quantity="10">10</measure>
               </cell>
            </row>
            <row xml:id="wfp_21726" n="14" ana="#bk_entry">
               <cell>
                  <date ana="#bk_when" when="1756-02-27">1756 February 27 to 1756 March 10</date>
               </cell>
               <cell>
                  <name ref="11833" ana="#bk_to #bk_credit">Cash</name>
               </cell>
               <cell>Taylors Bill</cell>
               <cell>
                  <measure ana="#bk_money #bk_to"
                           commodity="currency"
                           unit="Pounds"
                           quantity="95">95</measure>
               </cell>
               <cell>
                  <measure ana="#bk_money #bk_to"
                           commodity="currency"
                           unit="Shillings"
                           quantity="7">7</measure>
               </cell>
               <cell>
                  <measure ana="#bk_money #bk_to"
                           commodity="currency"
                           unit="Pence"
                           quantity="3">3</measure>
               </cell>
            </row>
            <row xml:id="wfp_21727" n="15" ana="#bk_entry">
               <cell>
                  <date ana="#bk_when" when="1756-02-27">1756 February 27 to 1756 March 10</date>
               </cell>
               <cell>
                  <name ref="11833" ana="#bk_to #bk_credit">Cash</name>
               </cell>
               <cell>Silver Lace</cell>
               <cell>
                  <measure ana="#bk_money #bk_to"
                           commodity="currency"
                           unit="Pounds"
                           quantity="94">94</measure>
               </cell>
               <cell>
                  <measure ana="#bk_money #bk_to"
                           commodity="currency"
                           unit="Shillings"
                           quantity="17">17</measure>
               </cell>
               <cell>
                  <measure ana="#bk_money #bk_to"
                           commodity="currency"
                           unit="Pence"
                           quantity="1">1</measure>
               </cell>
            </row>
            <row xml:id="wfp_21728" n="16" ana="#bk_entry">
               <cell>
                  <date ana="#bk_when" when="1756-03-10">1756 March 10</date>
               </cell>
               <cell>
                  <name ref="11833" ana="#bk_to #bk_credit">Cash</name>
               </cell>
               <cell>2 pair of Gloves</cell>
               <cell>
                  <measure ana="#bk_money #bk_to"
                           commodity="currency"
                           unit="Pounds"
                           quantity="1">1</measure>
               </cell>
               <cell>
                  <measure ana="#bk_money #bk_to"
                           commodity="currency"
                           unit="Shillings"
                           quantity="18">18</measure>
               </cell>
               <cell>
                  <measure ana="#bk_money #bk_to"
                           commodity="currency"
                           unit="Pence"
                           quantity="1">1</measure>
               </cell>
            </row>
            <row xml:id="wfp_21729" n="17" ana="#bk_entry">
               <cell>
                  <date ana="#bk_when" when="1756-03-10">1756 March 10</date>
               </cell>
               <cell>
                  <name ref="11833" ana="#bk_to #bk_credit">Cash</name>
               </cell>
               <cell>£211.18.8 is in Virginia Currency</cell>
               <cell>
                  <measure ana="#bk_money #bk_to"
                           commodity="currency"
                           unit="Pounds"
                           quantity="26">26</measure>
               </cell>
               <cell>
                  <measure ana="#bk_money #bk_to"
                           commodity="currency"
                           unit="Shillings"
                           quantity="9">9</measure>
               </cell>
               <cell>
                  <measure ana="#bk_money #bk_to"
                           commodity="currency"
                           unit="Pence"
                           quantity="10">10</measure>
               </cell>
            </row>
            <row xml:id="wfp_21730" n="18" ana="#bk_entry">
               <cell>
                  <date ana="#bk_when" when="1756-03-10">1756 March 10</date>
               </cell>
               <cell>
                  <name ref="11833" ana="#bk_to #bk_credit">Cash</name>
               </cell>
               <cell>By Cash to John Alton</cell>
               <cell>
                  <measure ana="#bk_money #bk_to"
                           commodity="currency"
                           unit="Shillings"
                           quantity="5">5</measure>
               </cell>
               <cell>
                  <measure ana="#bk_money #bk_to"
                           commodity="currency"
                           unit="Pence"
                           quantity="9">9</measure>
               </cell>
            </row>
            <row xml:id="wfp_21731" n="19" ana="#bk_entry">
               <cell>
                  <date ana="#bk_when" when="1756-03-10">1756 March 10</date>
               </cell>
               <cell>
                  <name ref="11833" ana="#bk_to #bk_credit">Cash</name>
               </cell>
               <cell>By Cash, at Cards</cell>
               <cell>
                  <measure ana="#bk_money #bk_to"
                           commodity="currency"
                           unit="Shillings"
                           quantity="7">7</measure>
               </cell>
            </row>
            <row xml:id="wfp_21732" n="20" ana="#bk_entry">
               <cell>
                  <date ana="#bk_when" when="1756-03-10">1756 March 10 to 1756 March 14</date>
               </cell>
               <cell>
                  <name ref="11833" ana="#bk_to #bk_credit">Cash</name>
               </cell>
               <cell>for a pair of Silk Stockings</cell>
               <cell>
                  <measure ana="#bk_money #bk_to"
                           commodity="currency"
                           unit="Pounds"
                           quantity="1">1</measure>
               </cell>
               <cell>
                  <measure ana="#bk_money #bk_to"
                           commodity="currency"
                           unit="Shillings"
                           quantity="14">14</measure>
               </cell>
            </row>
            <row xml:id="wfp_21733" n="21" ana="#bk_entry">
               <cell>
                  <date ana="#bk_when" when="1756-03-10">1756 March 10 to 1756 March 14</date>
               </cell>
               <cell>
                  <name ref="11833" ana="#bk_to #bk_credit">Cash</name>
               </cell>
               <cell>Mr Robinson's Servants</cell>
               <cell>
                  <measure ana="#bk_money #bk_to"
                           commodity="currency"
                           unit="Pounds"
                           quantity="1">1</measure>
               </cell>
               <cell>
                  <measure ana="#bk_money #bk_to"
                           commodity="currency"
                           unit="Shillings"
                           quantity="4">4</measure>
               </cell>
            </row>
            <row xml:id="wfp_21734" n="22" ana="#bk_entry">
               <cell>
                  <date ana="#bk_when" when="1756-03-14">1756 March 14</date>
               </cell>
               <cell>
                  <name ref="11833" ana="#bk_to #bk_credit">Cash</name>
               </cell>
               <cell>Paper</cell>
               <cell>
                  <measure ana="#bk_money #bk_to"
                           commodity="currency"
                           unit="Shillings"
                           quantity="1">1</measure>
               </cell>
            </row>
            <row xml:id="wfp_21735" n="23" ana="#bk_entry">
               <cell>
                  <date ana="#bk_when" when="1756-03-14">1756 March 14</date>
               </cell>
               <cell>
                  <name ref="11833" ana="#bk_to #bk_credit">Cash</name>
               </cell>
               <cell>£3.6—in Virginia Currency is</cell>
               <cell>
                  <measure ana="#bk_money #bk_to"
                           commodity="currency"
                           unit="Pounds"
                           quantity="2">2</measure>
               </cell>
               <cell>
                  <measure ana="#bk_money #bk_to"
                           commodity="currency"
                           unit="Shillings"
                           quantity="7">7</measure>
               </cell>
               <cell>
                  <measure ana="#bk_money #bk_to"
                           commodity="currency"
                           unit="Pence"
                           quantity="5">5</measure>
               </cell>
            </row>
            <row xml:id="wfp_21736" n="24" ana="#bk_entry">
               <cell>
                  <date ana="#bk_when" when="1756-03-14">1756 March 14</date>
               </cell>
               <cell>
                  <name ref="11833" ana="#bk_to #bk_credit">Cash</name>
               </cell>
               <cell>By Cash to John Alton</cell>
               <cell>
                  <measure ana="#bk_money #bk_to"
                           commodity="currency"
                           unit="Shillings"
                           quantity="5">5</measure>
               </cell>
               <cell>
                  <measure ana="#bk_money #bk_to"
                           commodity="currency"
                           unit="Pence"
                           quantity="9">9</measure>
               </cell>
            </row>
            <row xml:id="wfp_21737" n="25" ana="#bk_entry">
               <cell>
                  <date ana="#bk_when" when="1756-03-14">1756 March 14</date>
               </cell>
               <cell>
                  <name ref="11833" ana="#bk_to #bk_credit">Cash</name>
               </cell>
               <cell>By Cash for a Ticket to ye [the] Assembly</cell>
               <cell>
                  <measure ana="#bk_money #bk_to"
                           commodity="currency"
                           unit="Shillings"
                           quantity="7">7</measure>
               </cell>
               <cell>
                  <measure ana="#bk_money #bk_to"
                           commodity="currency"
                           unit="Pence"
                           quantity="6">6</measure>
               </cell>
            </row>
            <row xml:id="wfp_21738" n="26" ana="#bk_entry">
               <cell>
                  <date ana="#bk_when" when="1756-03-14">1756 March 14 to 1756 March 23</date>
               </cell>
               <cell>
                  <name ref="11833" ana="#bk_to #bk_credit">Cash</name>
               </cell>
               <cell>My board at Mr Woods</cell>
               <cell>
                  <measure ana="#bk_money #bk_to"
                           commodity="currency"
                           unit="Pounds"
                           quantity="1">1</measure>
               </cell>
            </row>
            <row xml:id="wfp_21739" n="27" ana="#bk_entry">
               <cell>
                  <date ana="#bk_when" when="1756-03-14">1756 March 14 to 1756 March 23</date>
               </cell>
               <cell>
                  <name ref="11833" ana="#bk_to #bk_credit">Cash</name>
               </cell>
               <cell>A pair of Gloves</cell>
               <cell>
                  <measure ana="#bk_money #bk_to"
                           commodity="currency"
                           unit="Shillings"
                           quantity="2">2</measure>
               </cell>
               <cell>
                  <measure ana="#bk_money #bk_to"
                           commodity="currency"
                           unit="Pence"
                           quantity="6">6</measure>
               </cell>
            </row>
            <row xml:id="wfp_21740" n="28" ana="#bk_entry">
               <cell>
                  <date ana="#bk_when" when="1756-03-14">1756 March 14 to 1756 March 23</date>
               </cell>
               <cell>
                  <name ref="11833" ana="#bk_to #bk_credit">Cash</name>
               </cell>
               <cell>Stockings for Bishop</cell>
               <cell>
                  <measure ana="#bk_money #bk_to"
                           commodity="currency"
                           unit="Pounds"
                           quantity="1">1</measure>
               </cell>
            </row>
            <row xml:id="wfp_21741" n="29" ana="#bk_entry">
               <cell>
                  <date ana="#bk_when" when="1756-03-14">1756 March 14 to 1756 March 23</date>
               </cell>
               <cell>
                  <name ref="11833" ana="#bk_to #bk_credit">Cash</name>
               </cell>
               <cell>the Barber &amp;ca</cell>
               <cell>
                  <measure ana="#bk_money #bk_to"
                           commodity="currency"
                           unit="Shillings"
                           quantity="3">3</measure>
               </cell>
               <cell>
                  <measure ana="#bk_money #bk_to"
                           commodity="currency"
                           unit="Pence"
                           quantity="9">9</measure>
               </cell>
            </row>
            <row xml:id="wfp_21742" n="30" ana="#bk_entry">
               <cell>
                  <date ana="#bk_when" when="1756-03-14">1756 March 14 to 1756 March 23</date>
               </cell>
               <cell>
                  <name ref="11833" ana="#bk_to #bk_credit">Cash</name>
               </cell>
               <cell>Sadler</cell>
               <cell>
                  <measure ana="#bk_money #bk_to"
                           commodity="currency"
                           unit="Shillings"
                           quantity="7">7</measure>
               </cell>
               <cell>
                  <measure ana="#bk_money #bk_to"
                           commodity="currency"
                           unit="Pence"
                           quantity="6">6</measure>
               </cell>
            </row>
            <row xml:id="wfp_21743" n="31" ana="#bk_entry">
               <cell>
                  <date ana="#bk_when" when="1756-03-14">1756 March 14 to 1756 March 23</date>
               </cell>
               <cell>
                  <name ref="11833" ana="#bk_to #bk_credit">Cash</name>
               </cell>
               <cell>The House Maid</cell>
               <cell>
                  <measure ana="#bk_money #bk_to"
                           commodity="currency"
                           unit="Shillings"
                           quantity="5">5</measure>
               </cell>
            </row>
            <row xml:id="wfp_21744" n="32" ana="#bk_entry">
               <cell>
                  <date ana="#bk_when" when="1756-03-14">1756 March 14 to 1756 March 23</date>
               </cell>
               <cell>
                  <name ref="11833" ana="#bk_to #bk_credit">Cash</name>
               </cell>
               <cell>Expenses at Chester</cell>
               <cell>
                  <measure ana="#bk_money #bk_to"
                           commodity="currency"
                           unit="Shillings"
                           quantity="10">10</measure>
               </cell>
               <cell>
                  <measure ana="#bk_money #bk_to"
                           commodity="currency"
                           unit="Pence"
                           quantity="6">6</measure>
               </cell>
            </row>
            <row xml:id="wfp_21745" n="33" ana="#bk_entry">
               <cell>
                  <date ana="#bk_when" when="1756-03-23">1756 March 23</date>
               </cell>
               <cell>
                  <name ref="11833" ana="#bk_to #bk_credit">Cash</name>
               </cell>
               <cell>Expenses from Philadelphia to Alexandria</cell>
               <cell>
                  <measure ana="#bk_money #bk_to"
                           commodity="currency"
                           unit="Pounds"
                           quantity="6">6</measure>
               </cell>
               <cell>
                  <measure ana="#bk_money #bk_to"
                           commodity="currency"
                           unit="Shillings"
                           quantity="11">11</measure>
               </cell>
               <cell>
                  <measure ana="#bk_money #bk_to"
                           commodity="currency"
                           unit="Pence"
                           quantity="6">6</measure>
               </cell>
            </row>
            <row xml:id="wfp_21746" n="34" ana="#bk_entry">
               <cell>
                  <date ana="#bk_when" when="1756-03-23">1756 March 23</date>
               </cell>
               <cell>
                  <name ref="11833" ana="#bk_to #bk_credit">Cash</name>
               </cell>
               <cell>£10.8.3 in Virginia Currency is</cell>
               <cell>
                  <measure ana="#bk_money #bk_to"
                           commodity="currency"
                           unit="Pounds"
                           quantity="8">8</measure>
               </cell>
               <cell>
                  <measure ana="#bk_money #bk_to"
                           commodity="currency"
                           unit="Shillings"
                           quantity="6">6</measure>
               </cell>
               <cell>
                  <measure ana="#bk_money #bk_to"
                           commodity="currency"
                           unit="Pence"
                           quantity="7.5">7.5</measure>
               </cell>
            </row>
            <row xml:id="wfp_21747" n="35" ana="#bk_entry">
               <cell>
                  <date ana="#bk_when" when="1756-03-23">1756 March 23</date>
               </cell>
               <cell>
                  <name ref="11833" ana="#bk_to #bk_credit">Cash</name>
               </cell>
               <cell>By Cash to Lieutenant Gladwin for a Tent &amp; Marquee</cell>
               <cell>
                  <measure ana="#bk_money #bk_to"
                           commodity="currency"
                           unit="Pounds"
                           quantity="10">10</measure>
               </cell>
               <cell>
                  <measure ana="#bk_money #bk_to"
                           commodity="currency"
                           unit="Shillings"
                           quantity="12">12</measure>
               </cell>
               <cell>
                  <measure ana="#bk_money #bk_to"
                           commodity="currency"
                           unit="Pence"
                           quantity="6">6</measure>
               </cell>
            </row>
            <row xml:id="wfp_21748" n="36" ana="#bk_entry">
               <cell>
                  <date ana="#bk_when" when="1756-03-23">1756 March 23</date>
               </cell>
               <cell>
                  <name ref="11833" ana="#bk_to #bk_credit">Cash</name>
               </cell>
               <cell>By my Expenses paid by Captain Mercer to Boston &amp;ca</cell>
               <cell>
                  <measure ana="#bk_money #bk_to"
                           commodity="currency"
                           unit="Pounds"
                           quantity="65">65</measure>
               </cell>
               <cell>
                  <measure ana="#bk_money #bk_to"
                           commodity="currency"
                           unit="Shillings"
                           quantity="15">15</measure>
               </cell>
               <cell>
                  <measure ana="#bk_money #bk_to"
                           commodity="currency"
                           unit="Pence"
                           quantity="11.5">11.5</measure>
               </cell>
            </row>
            <row xml:id="wfp_21749" n="37" ana="#bk_entry">
               <cell>
                  <date ana="#bk_when" when="1756-03">1756 March</date>
               </cell>
               <cell>
                  <name ref="11833" ana="#bk_to #bk_credit">Cash</name>
               </cell>
               <cell>By amount carried forward</cell>
               <cell>
                  <measure ana="#bk_money #bk_to"
                           commodity="currency"
                           unit="Pounds"
                           quantity="1295">1295</measure>
               </cell>
               <cell>
                  <measure ana="#bk_money #bk_to"
                           commodity="currency"
                           unit="Shillings"
                           quantity="7">7</measure>
               </cell>
               <cell>
                  <measure ana="#bk_money #bk_to"
                           commodity="currency"
                           unit="Pence"
                           quantity="9">9</measure>
               </cell>
            </row>
         </table>
      </body>
   </text>
</TEI>
