<?xml version="1.0" encoding="UTF-8"?>
<TEI xmlns="http://www.tei-c.org/ns/1.0" xmlns:t="http://www.tei-c.org/ns/1.0">
   <teiHeader>
      <fileDesc>
         <titleStmt>
            <title>Ledger A, 1750 - 1772: pg.28</title>
         </titleStmt>
         <publicationStmt>
            <publisher>
               <orgName>University of Virginia</orgName>
            </publisher>
            <authority>
               <orgName ref="http://d-nb.info/gnd/1137284463"
                        corresp="https://informationsmodellierung.uni-graz.at">Zentrum für
    						Informationsmodellierung - Austrian Centre for Digital Humanities,
    						Karl-Franzens-Universität Graz</orgName>
            </authority>
            <distributor>
               <orgName ref="https://gams.uni-graz.at">GAMS -
    						Geisteswissenschaftliches Asset Management System</orgName>
            </distributor>
            <availability>
               <licence target="https://creativecommons.org/licenses/by-nc-sa/4.0">Creative
    							Commons BY-NC-SA 4.0</licence>
            </availability>
            <date when="2018">2018</date>
            <pubPlace>Graz</pubPlace>
            <idno type="PID">o:depcha.washington.2</idno>
         </publicationStmt>
         <seriesStmt>
            <title ref="http://gams.uni-graz.at/cpntext:depcha">DEPCHA</title>
            <respStmt>
               <resp>Projektleitung</resp>
               <persName>
                  <forename>Georg</forename>
                  <surname>Vogeler</surname>
               </persName>
            </respStmt>
         </seriesStmt>
         <sourceDesc>
            <ab>Pagebook: Ledger A, 1750 - 1772: pg.28, Left</ab>
         </sourceDesc>
      </fileDesc>
      <encodingDesc>
         <editorialDecl>
            <p>was über die editionsregeln und kodierungsrichtlinien</p>
         </editorialDecl>
         <projectDesc>
            <ab>
               <ref target="info:fedora/context:depcha.wfp" type="context">The George Washington Financial Papers</ref>
            </ab>
            <p>Projektbeschreibungsabsatzerl</p>
         </projectDesc>
      </encodingDesc>
      <profileDesc>
         <langUsage>
            <language ident="eng">English</language>
         </langUsage>
         <textClass>
            <keywords scheme="cirilo:normalizedPlaceNames">
               <list>
                  <item/>
               </list>
            </keywords>
            <keywords ana="account">
               <list>
                  <item>
                     <term>
                        <ref target="11833">Cash</ref>
                     </term>
                  </item>
               </list>
            </keywords>
            <keywords ana="currency">
               <list>
                  <item>
                     <term>
                        <ref target="PA">PA</ref>
                     </term>
                  </item>
                  <item>
                     <term>
                        <ref target="PA, VA">PA, VA</ref>
                     </term>
                  </item>
               </list>
            </keywords>
         </textClass>
      </profileDesc>
   </teiHeader>
   <text>
      <body>
         <table>
            <row xml:id="wfp_29722" n="1" ana="#bk_entry">
               <cell>
                  <name ref="11833" ana="#bk_to #bk_debit">Cash</name>
               </cell>
            </row>
            <row xml:id="wfp_15371" n="2" ana="#bk_entry">
               <cell>
                  <date ana="#bk_when" when="1756-01">1756</date>
               </cell>
               <cell>
                  <name ref="11833" ana="#bk_to #bk_debit">Cash</name>
               </cell>
               <cell>To Sum brought forward</cell>
               <cell>
                  <measure ana="#bk_money #bk_to"
                           commodity="currency"
                           unit="Pounds"
                           quantity="1580">1580</measure>
               </cell>
               <cell>
                  <measure ana="#bk_money #bk_to"
                           commodity="currency"
                           unit="Shillings"
                           quantity="8">8</measure>
               </cell>
               <cell>
                  <measure ana="#bk_money #bk_to"
                           commodity="currency"
                           unit="Pence"
                           quantity="1/2">1/2</measure>
               </cell>
            </row>
            <row xml:id="wfp_15372" n="3" ana="#bk_entry">
               <cell>
                  <date ana="#bk_when" when="1756-04-01">1756 April 1</date>
               </cell>
               <cell>
                  <name ref="11833" ana="#bk_to #bk_debit">Cash</name>
               </cell>
               <cell>To Cash of the Publick</cell>
               <cell>
                  <measure ana="#bk_money #bk_to"
                           commodity="currency"
                           unit="Pounds"
                           quantity="11">11</measure>
               </cell>
               <cell>
                  <measure ana="#bk_money #bk_to"
                           commodity="currency"
                           unit="Shillings"
                           quantity="5">5</measure>
               </cell>
            </row>
            <row xml:id="wfp_15373" n="4" ana="#bk_entry">
               <cell>
                  <date ana="#bk_when" when="1756-04-17">1756 April 17</date>
               </cell>
               <cell>
                  <name ref="11833" ana="#bk_to #bk_debit">Cash</name>
               </cell>
               <cell>To Cash won at Cards</cell>
               <cell>
                  <measure ana="#bk_money #bk_to"
                           commodity="currency"
                           unit="Shillings"
                           quantity="7">7</measure>
               </cell>
               <cell>
                  <measure ana="#bk_money #bk_to"
                           commodity="currency"
                           unit="Pence"
                           quantity="10">10</measure>
               </cell>
            </row>
            <row xml:id="wfp_15374" n="5" ana="#bk_entry">
               <cell>
                  <date ana="#bk_when" when="1756-04-27">1756 April 27</date>
               </cell>
               <cell>
                  <name ref="11833" ana="#bk_to #bk_debit">Cash</name>
               </cell>
               <cell>To Cash of the Publick</cell>
               <cell>
                  <measure ana="#bk_money #bk_to"
                           commodity="currency"
                           unit="Pounds"
                           quantity="8">8</measure>
               </cell>
            </row>
            <row xml:id="wfp_15375" n="6" ana="#bk_entry">
               <cell>
                  <date ana="#bk_when" when="1756-04">1756 April</date>
               </cell>
               <cell>
                  <name ref="11833" ana="#bk_to #bk_debit">Cash</name>
               </cell>
               <cell>To sum carried forward</cell>
               <cell>
                  <measure ana="#bk_money #bk_to"
                           commodity="currency"
                           unit="Pounds"
                           quantity="1600">1600</measure>
               </cell>
               <cell>
                  <measure ana="#bk_money #bk_to"
                           commodity="currency"
                           unit="Pence"
                           quantity="10.5">10.5</measure>
               </cell>
            </row>
            <row xml:id="wfp_29723" n="1" ana="#bk_entry">
               <cell>
                  <name ref="11833" ana="#bk_to #bk_credit">Cash</name>
               </cell>
            </row>
            <row xml:id="wfp_21750" n="2" ana="#bk_entry">
               <cell>
                  <date ana="#bk_when" when="1756-01">1756</date>
               </cell>
               <cell>
                  <name ref="11833" ana="#bk_to #bk_credit">Cash</name>
               </cell>
               <cell>By Sum brought over</cell>
               <cell>
                  <measure ana="#bk_money #bk_to"
                           commodity="currency"
                           unit="Pounds"
                           quantity="1295">1295</measure>
               </cell>
               <cell>
                  <measure ana="#bk_money #bk_to"
                           commodity="currency"
                           unit="Shillings"
                           quantity="7">7</measure>
               </cell>
               <cell>
                  <measure ana="#bk_money #bk_to"
                           commodity="currency"
                           unit="Pence"
                           quantity="9">9</measure>
               </cell>
            </row>
            <row xml:id="wfp_21751" n="3" ana="#bk_entry">
               <cell>
                  <date ana="#bk_when" when="1756-02">1756 February</date>
               </cell>
               <cell>
                  <name ref="11833" ana="#bk_to #bk_credit">Cash</name>
               </cell>
               <cell>Sundry payments made by Bishop</cell>
            </row>
            <row xml:id="wfp_21752" n="4" ana="#bk_entry">
               <cell>
                  <date ana="#bk_when" when="1756-02-10">1756 February 10</date>
               </cell>
               <cell>
                  <name ref="11833" ana="#bk_to #bk_credit">Cash</name>
               </cell>
               <cell>By Cash for mending a Sword</cell>
               <cell>
                  <measure ana="#bk_money #bk_to"
                           commodity="currency"
                           unit="Shillings"
                           quantity="3">3</measure>
               </cell>
               <cell>
                  <measure ana="#bk_money #bk_to"
                           commodity="currency"
                           unit="Pence"
                           quantity="9">9</measure>
               </cell>
            </row>
            <row xml:id="wfp_21753" n="5" ana="#bk_entry">
               <cell>
                  <date ana="#bk_when" when="1756-02-10">1756 February 10 to 1756 March 14</date>
               </cell>
               <cell>
                  <name ref="11833" ana="#bk_to #bk_credit">Cash</name>
               </cell>
               <cell>for Ribbon</cell>
               <cell>
                  <measure ana="#bk_money #bk_to"
                           commodity="currency"
                           unit="Pence"
                           quantity="2">2</measure>
               </cell>
            </row>
            <row xml:id="wfp_21754" n="6" ana="#bk_entry">
               <cell>
                  <date ana="#bk_when" when="1756-02-10">1756 February 10 to 1756 March 14</date>
               </cell>
               <cell>
                  <name ref="11833" ana="#bk_to #bk_credit">Cash</name>
               </cell>
               <cell>Cards</cell>
               <cell>
                  <measure ana="#bk_money #bk_to"
                           commodity="currency"
                           unit="Shillings"
                           quantity="1">1</measure>
               </cell>
            </row>
            <row xml:id="wfp_21755" n="7" ana="#bk_entry">
               <cell>
                  <date ana="#bk_when" when="1756-02-10">1756 February 10 to 1756 March 14</date>
               </cell>
               <cell>
                  <name ref="11833" ana="#bk_to #bk_credit">Cash</name>
               </cell>
               <cell>Cockades</cell>
               <cell>
                  <measure ana="#bk_money #bk_to"
                           commodity="currency"
                           unit="Shillings"
                           quantity="3">3</measure>
               </cell>
            </row>
            <row xml:id="wfp_21756" n="8" ana="#bk_entry">
               <cell>
                  <date ana="#bk_when" when="1756-02-10">1756 February 10 to 1756 March 14</date>
               </cell>
               <cell>
                  <name ref="11833" ana="#bk_to #bk_credit">Cash</name>
               </cell>
               <cell>Breeches Buckle</cell>
               <cell>
                  <measure ana="#bk_money #bk_to"
                           commodity="currency"
                           unit="Shillings"
                           quantity="1">1</measure>
               </cell>
               <cell>
                  <measure ana="#bk_money #bk_to"
                           commodity="currency"
                           unit="Pence"
                           quantity="4">4</measure>
               </cell>
            </row>
            <row xml:id="wfp_21757" n="9" ana="#bk_entry">
               <cell>
                  <date ana="#bk_when" when="1756-02-10">1756 February 10 to 1756 March 14</date>
               </cell>
               <cell>
                  <name ref="11833" ana="#bk_to #bk_credit">Cash</name>
               </cell>
               <cell>9.2 in Virginia Currency is </cell>
               <cell>
                  <measure ana="#bk_money #bk_to"
                           commodity="currency"
                           unit="Shillings"
                           quantity="7">7</measure>
               </cell>
               <cell>
                  <measure ana="#bk_money #bk_to"
                           commodity="currency"
                           unit="Pence"
                           quantity="4">4</measure>
               </cell>
            </row>
            <row xml:id="wfp_21758" n="10" ana="#bk_entry">
               <cell>
                  <date ana="#bk_when" when="1756-03-14">1756 March 14</date>
               </cell>
               <cell>
                  <name ref="11833" ana="#bk_to #bk_credit">Cash</name>
               </cell>
               <cell>By Sundry other payments at New York &amp;ca amounting to</cell>
               <cell>
                  <measure ana="#bk_money #bk_to"
                           commodity="currency"
                           unit="Pounds"
                           quantity="4">4</measure>
               </cell>
               <cell>
                  <measure ana="#bk_money #bk_to"
                           commodity="currency"
                           unit="Shillings"
                           quantity="12">12</measure>
               </cell>
               <cell>
                  <measure ana="#bk_money #bk_to"
                           commodity="currency"
                           unit="Pence"
                           quantity="4">4</measure>
               </cell>
            </row>
            <row xml:id="wfp_21759" n="12" ana="#bk_entry">
               <cell>
                  <date ana="#bk_when" when="1756-03-25">1756 March 25</date>
               </cell>
               <cell>
                  <name ref="11833" ana="#bk_to #bk_credit">Cash</name>
               </cell>
               <cell>By Cash to my Nurse</cell>
               <cell>
                  <measure ana="#bk_money #bk_to"
                           commodity="currency"
                           unit="Pounds"
                           quantity="1">1</measure>
               </cell>
            </row>
            <row xml:id="wfp_21760" n="13" ana="#bk_entry">
               <cell>
                  <date ana="#bk_when" when="1756-03-25">1756 March 25</date>
               </cell>
               <cell>
                  <name ref="11833" ana="#bk_to #bk_credit">Cash</name>
               </cell>
               <cell>By Cash Expenses at Dumfries</cell>
               <cell>
                  <measure ana="#bk_money #bk_to"
                           commodity="currency"
                           unit="Shillings"
                           quantity="1">1</measure>
               </cell>
               <cell>
                  <measure ana="#bk_money #bk_to"
                           commodity="currency"
                           unit="Pence"
                           quantity="6">6</measure>
               </cell>
            </row>
            <row xml:id="wfp_21761" n="14" ana="#bk_entry">
               <cell>
                  <date ana="#bk_when" when="1756-03-26">1756 March 26</date>
               </cell>
               <cell>
                  <name ref="11833" ana="#bk_to #bk_credit">Cash</name>
               </cell>
               <cell>By Cash paid for making Shirts for John Alton</cell>
               <cell>
                  <measure ana="#bk_money #bk_to"
                           commodity="currency"
                           unit="Shillings"
                           quantity="4">4</measure>
               </cell>
            </row>
            <row xml:id="wfp_21762" n="15" ana="#bk_entry">
               <cell>
                  <date ana="#bk_when" when="1756-03-27">1756 March 27</date>
               </cell>
               <cell>
                  <name ref="11833" ana="#bk_to #bk_credit">Cash</name>
               </cell>
               <cell>By Expenses at Caroline Court House 5/2 1/2 By Expenses at Todds 10/</cell>
               <cell>
                  <measure ana="#bk_money #bk_to"
                           commodity="currency"
                           unit="Shillings"
                           quantity="15">15</measure>
               </cell>
               <cell>
                  <measure ana="#bk_money #bk_to"
                           commodity="currency"
                           unit="Pence"
                           quantity="2.5">2.5</measure>
               </cell>
            </row>
            <row xml:id="wfp_21763" n="16" ana="#bk_entry">
               <cell>
                  <date ana="#bk_when" when="1756-03-28">1756 March 28</date>
               </cell>
               <cell>
                  <name ref="11833" ana="#bk_to #bk_credit">Cash</name>
               </cell>
               <cell>By Expenses at King William Court House 10/. Spotswoods Chacka 13/3</cell>
               <cell>
                  <measure ana="#bk_money #bk_to"
                           commodity="currency"
                           unit="Pounds"
                           quantity="1">1</measure>
               </cell>
               <cell>
                  <measure ana="#bk_money #bk_to"
                           commodity="currency"
                           unit="Shillings"
                           quantity="3">3</measure>
               </cell>
               <cell>
                  <measure ana="#bk_money #bk_to"
                           commodity="currency"
                           unit="Pence"
                           quantity="3">3</measure>
               </cell>
            </row>
            <row xml:id="wfp_21764" n="17" ana="#bk_entry">
               <cell>
                  <date ana="#bk_when" when="1756-03-28">1756 March 28</date>
               </cell>
               <cell>
                  <name ref="11833" ana="#bk_to #bk_credit">Cash</name>
               </cell>
               <cell>By the Hostler at Doncastles 1/10 1/2</cell>
               <cell>
                  <measure ana="#bk_money #bk_to"
                           commodity="currency"
                           unit="Shillings"
                           quantity="1">1</measure>
               </cell>
               <cell>
                  <measure ana="#bk_money #bk_to"
                           commodity="currency"
                           unit="Pence"
                           quantity="10.5">10.5</measure>
               </cell>
            </row>
            <row xml:id="wfp_21765" n="18" ana="#bk_entry">
               <cell>
                  <date ana="#bk_when" when="1756-03-30">1756 March 30</date>
               </cell>
               <cell>
                  <name ref="11833" ana="#bk_to #bk_credit">Cash</name>
               </cell>
               <cell>By Cash to John Alton 10/10 Expenses at Doncastles 3/6</cell>
               <cell>
                  <measure ana="#bk_money #bk_to"
                           commodity="currency"
                           unit="Shillings"
                           quantity="14">14</measure>
               </cell>
               <cell>
                  <measure ana="#bk_money #bk_to"
                           commodity="currency"
                           unit="Pence"
                           quantity="4">4</measure>
               </cell>
            </row>
            <row xml:id="wfp_21766" n="19" ana="#bk_entry">
               <cell>
                  <date ana="#bk_when" when="1756-03-30">1756 March 30</date>
               </cell>
               <cell>
                  <name ref="11833" ana="#bk_to #bk_credit">Cash</name>
               </cell>
               <cell>By Expenses at Weatherburns 2/6 Barber 3/1 1/2</cell>
               <cell>
                  <measure ana="#bk_money #bk_to"
                           commodity="currency"
                           unit="Shillings"
                           quantity="5">5</measure>
               </cell>
               <cell>
                  <measure ana="#bk_money #bk_to"
                           commodity="currency"
                           unit="Pence"
                           quantity="7.5">7.5</measure>
               </cell>
            </row>
            <row xml:id="wfp_21767" n="20" ana="#bk_entry">
               <cell>
                  <date ana="#bk_when" when="1756-04-01">1756 April 1</date>
               </cell>
               <cell>
                  <name ref="11833" ana="#bk_to #bk_credit">Cash</name>
               </cell>
               <cell>By cleaning my Pistols 3/9. Craik Sadlers account 21/6</cell>
               <cell>
                  <measure ana="#bk_money #bk_to"
                           commodity="currency"
                           unit="Pounds"
                           quantity="1">1</measure>
               </cell>
               <cell>
                  <measure ana="#bk_money #bk_to"
                           commodity="currency"
                           unit="Shillings"
                           quantity="5">5</measure>
               </cell>
               <cell>
                  <measure ana="#bk_money #bk_to"
                           commodity="currency"
                           unit="Pence"
                           quantity="3">3</measure>
               </cell>
            </row>
            <row xml:id="wfp_21768" n="21" ana="#bk_entry">
               <cell>
                  <date ana="#bk_when" when="1756-04-01">1756 April 1</date>
               </cell>
               <cell>
                  <name ref="11833" ana="#bk_to #bk_credit">Cash</name>
               </cell>
               <cell>By Washing 7/. Barber 2/6. Expenses at Weatherburn 25/10</cell>
               <cell>
                  <measure ana="#bk_money #bk_to"
                           commodity="currency"
                           unit="Pounds"
                           quantity="1">1</measure>
               </cell>
               <cell>
                  <measure ana="#bk_money #bk_to"
                           commodity="currency"
                           unit="Shillings"
                           quantity="15">15</measure>
               </cell>
               <cell>
                  <measure ana="#bk_money #bk_to"
                           commodity="currency"
                           unit="Pence"
                           quantity="4">4</measure>
               </cell>
            </row>
            <row xml:id="wfp_21769" n="22" ana="#bk_entry">
               <cell>
                  <date ana="#bk_when" when="1756-04-02">1756 April 2</date>
               </cell>
               <cell>
                  <name ref="11833" ana="#bk_to #bk_credit">Cash</name>
               </cell>
               <cell>By given away 2/6. Expenses at Danzies 43/.</cell>
               <cell>
                  <measure ana="#bk_money #bk_to"
                           commodity="currency"
                           unit="Pounds"
                           quantity="2">2</measure>
               </cell>
               <cell>
                  <measure ana="#bk_money #bk_to"
                           commodity="currency"
                           unit="Shillings"
                           quantity="5">5</measure>
               </cell>
               <cell>
                  <measure ana="#bk_money #bk_to"
                           commodity="currency"
                           unit="Pence"
                           quantity="6">6</measure>
               </cell>
            </row>
            <row xml:id="wfp_21770" n="23" ana="#bk_entry">
               <cell>
                  <date ana="#bk_when" when="1756-04-02">1756 April 2</date>
               </cell>
               <cell>
                  <name ref="11833" ana="#bk_to #bk_credit">Cash</name>
               </cell>
               <cell>By Expenses at Todds 2/6. gave Danzies Servants 3/9. Fert P 5/.</cell>
               <cell>
                  <measure ana="#bk_money #bk_to"
                           commodity="currency"
                           unit="Shillings"
                           quantity="11">11</measure>
               </cell>
               <cell>
                  <measure ana="#bk_money #bk_to"
                           commodity="currency"
                           unit="Pence"
                           quantity="3">3</measure>
               </cell>
            </row>
            <row xml:id="wfp_21771" n="24" ana="#bk_entry">
               <cell>
                  <date ana="#bk_when" when="1756-04-02">1756 April 2</date>
               </cell>
               <cell>
                  <name ref="11833" ana="#bk_to #bk_credit">Cash</name>
               </cell>
               <cell>By Horse hire &amp; crossing Potomack</cell>
               <cell>
                  <measure ana="#bk_money #bk_to"
                           commodity="currency"
                           unit="Shillings"
                           quantity="15">15</measure>
               </cell>
            </row>
            <row xml:id="wfp_21772" n="25" ana="#bk_entry">
               <cell>
                  <date ana="#bk_when" when="1756-04-06">1756 April 6</date>
               </cell>
               <cell>
                  <name ref="11833" ana="#bk_to #bk_credit">Cash</name>
               </cell>
               <cell>By Postage of a Letter from Boston</cell>
               <cell>
                  <measure ana="#bk_money #bk_to"
                           commodity="currency"
                           unit="Shillings"
                           quantity="7">7</measure>
               </cell>
            </row>
            <row xml:id="wfp_21773" n="26" ana="#bk_entry">
               <cell>
                  <date ana="#bk_when" when="1756-04-06">1756 April 6</date>
               </cell>
               <cell>
                  <name ref="11833" ana="#bk_to #bk_credit">Cash</name>
               </cell>
               <cell>By John Alton's Expenses to Annapolis</cell>
               <cell>
                  <measure ana="#bk_money #bk_to"
                           commodity="currency"
                           unit="Shillings"
                           quantity="3">3</measure>
               </cell>
            </row>
            <row xml:id="wfp_21774" n="27" ana="#bk_entry">
               <cell>
                  <date ana="#bk_when" when="1756-04-06">1756 April 6</date>
               </cell>
               <cell>
                  <name ref="11833" ana="#bk_to #bk_credit">Cash</name>
               </cell>
               <cell>By Colonel Carlyles Sam 3/9 Bridget 5/</cell>
               <cell>
                  <measure ana="#bk_money #bk_to"
                           commodity="currency"
                           unit="Shillings"
                           quantity="8">8</measure>
               </cell>
               <cell>
                  <measure ana="#bk_money #bk_to"
                           commodity="currency"
                           unit="Pence"
                           quantity="9">9</measure>
               </cell>
            </row>
            <row xml:id="wfp_21775" n="28" ana="#bk_entry">
               <cell>
                  <date ana="#bk_when" when="1756-04-06">1756 April 6</date>
               </cell>
               <cell>
                  <name ref="11833" ana="#bk_to #bk_credit">Cash</name>
               </cell>
               <cell>By Doctor Beculler 10/. lent Captain Mercer for Doctor Beculler 10/</cell>
               <cell>
                  <measure ana="#bk_money #bk_to"
                           commodity="currency"
                           unit="Pounds"
                           quantity="1">1</measure>
               </cell>
            </row>
            <row xml:id="wfp_21776" n="29" ana="#bk_entry">
               <cell>
                  <date ana="#bk_when" when="1756-04-06">1756 April 6</date>
               </cell>
               <cell>
                  <name ref="11833" ana="#bk_to #bk_credit">Cash</name>
               </cell>
               <cell>Sundries paid by Bishop at Winchester
</cell>
            </row>
            <row xml:id="wfp_21777" n="30" ana="#bk_entry">
               <cell>
                  <date ana="#bk_when" when="1756-04-06">1756 April 6</date>
               </cell>
               <cell>
                  <name ref="11833" ana="#bk_to #bk_credit">Cash</name>
               </cell>
               <cell>By Washing 21/. Ruttling &amp; Mending 3 Shirts 8/6</cell>
               <cell>
                  <measure ana="#bk_money #bk_to"
                           commodity="currency"
                           unit="Pounds"
                           quantity="1">1</measure>
               </cell>
               <cell>
                  <measure ana="#bk_money #bk_to"
                           commodity="currency"
                           unit="Shillings"
                           quantity="9">9</measure>
               </cell>
               <cell>
                  <measure ana="#bk_money #bk_to"
                           commodity="currency"
                           unit="Pence"
                           quantity="6">6</measure>
               </cell>
            </row>
            <row xml:id="wfp_21778" n="31" ana="#bk_entry">
               <cell>
                  <date ana="#bk_when" when="1756-04-08">1756 April 8</date>
               </cell>
               <cell>
                  <name ref="11833" ana="#bk_to #bk_credit">Cash</name>
               </cell>
               <cell>Brinkers Account 21/3 Bitters 7d 1/2 Fowls 1/.</cell>
               <cell>
                  <measure ana="#bk_money #bk_to"
                           commodity="currency"
                           unit="Pounds"
                           quantity="1">1</measure>
               </cell>
               <cell>
                  <measure ana="#bk_money #bk_to"
                           commodity="currency"
                           unit="Shillings"
                           quantity="2">2</measure>
               </cell>
               <cell>
                  <measure ana="#bk_money #bk_to"
                           commodity="currency"
                           unit="Pence"
                           quantity="10.5">10.5</measure>
               </cell>
            </row>
            <row xml:id="wfp_21779" n="32" ana="#bk_entry">
               <cell>
                  <date ana="#bk_when" when="1756-04-12">1756 April 12</date>
               </cell>
               <cell>
                  <name ref="11833" ana="#bk_to #bk_credit">Cash</name>
               </cell>
               <cell>Greens 3d/3/4 Bitters 7d 1/2 Greens 3d 3/4 Butter 7 1/2</cell>
               <cell>
                  <measure ana="#bk_money #bk_to"
                           commodity="currency"
                           unit="Shillings"
                           quantity="1">1</measure>
               </cell>
               <cell>
                  <measure ana="#bk_money #bk_to"
                           commodity="currency"
                           unit="Pence"
                           quantity="10.5">10.5</measure>
               </cell>
            </row>
            <row xml:id="wfp_21780" n="33" ana="#bk_entry">
               <cell>
                  <date ana="#bk_when" when="1756-04-13">1756 April 13</date>
               </cell>
               <cell>
                  <name ref="11833" ana="#bk_to #bk_credit">Cash</name>
               </cell>
               <cell>Veal 2/6. Fowls 1/. Washing 1/9. Butter 7d 1/2</cell>
               <cell>
                  <measure ana="#bk_money #bk_to"
                           commodity="currency"
                           unit="Shillings"
                           quantity="5">5</measure>
               </cell>
               <cell>
                  <measure ana="#bk_money #bk_to"
                           commodity="currency"
                           unit="Pence"
                           quantity="10.5">10.5</measure>
               </cell>
            </row>
            <row xml:id="wfp_21781" n="34" ana="#bk_entry">
               <cell>
                  <date ana="#bk_when" when="1756-04-20">1756 April 20</date>
               </cell>
               <cell>
                  <name ref="11833" ana="#bk_to #bk_credit">Cash</name>
               </cell>
               <cell>Butter 1/. 28th Fowls 6d Milk 3/9</cell>
               <cell>
                  <measure ana="#bk_money #bk_to"
                           commodity="currency"
                           unit="Shillings"
                           quantity="5">5</measure>
               </cell>
               <cell>
                  <measure ana="#bk_money #bk_to"
                           commodity="currency"
                           unit="Pence"
                           quantity="3">3</measure>
               </cell>
            </row>
            <row xml:id="wfp_21782" n="35" ana="#bk_entry">
               <cell>
                  <date ana="#bk_when" when="1756-04-28">1756 April 28</date>
               </cell>
               <cell>
                  <name ref="11833" ana="#bk_to #bk_credit">Cash</name>
               </cell>
               <cell>Baker's Account 4/3. Butter 6/10 1/2 Butter 4/2 1/2</cell>
               <cell>
                  <measure ana="#bk_money #bk_to"
                           commodity="currency"
                           unit="Shillings"
                           quantity="15">15</measure>
               </cell>
               <cell>
                  <measure ana="#bk_money #bk_to"
                           commodity="currency"
                           unit="Pence"
                           quantity="1">1</measure>
               </cell>
            </row>
            <row xml:id="wfp_21783" n="36" ana="#bk_entry">
               <cell>
                  <date ana="#bk_when" when="1756-04-28">1756 April 28</date>
               </cell>
               <cell>
                  <name ref="11833" ana="#bk_to #bk_credit">Cash</name>
               </cell>
               <cell>Mr Dows Account</cell>
               <cell>
                  <measure ana="#bk_money #bk_to"
                           commodity="currency"
                           unit="Shillings"
                           quantity="15">15</measure>
               </cell>
            </row>
            <row xml:id="wfp_21784" n="37" ana="#bk_entry">
               <cell>
                  <date ana="#bk_when" when="1756-04-14">1756 April 14</date>
               </cell>
               <cell>
                  <name ref="11833" ana="#bk_to #bk_credit">Cash</name>
               </cell>
               <cell>By Cash gave a Soldiers Wife 5/. Fish 2/6</cell>
               <cell>
                  <measure ana="#bk_money #bk_to"
                           commodity="currency"
                           unit="Shillings"
                           quantity="7">7</measure>
               </cell>
               <cell>
                  <measure ana="#bk_money #bk_to"
                           commodity="currency"
                           unit="Pence"
                           quantity="6">6</measure>
               </cell>
            </row>
            <row xml:id="wfp_21785" n="38" ana="#bk_entry">
               <cell>
                  <date ana="#bk_when" when="1756-04-18">1756 April 18</date>
               </cell>
               <cell>
                  <name ref="11833" ana="#bk_to #bk_credit">Cash</name>
               </cell>
               <cell>By Cocks's Betty 5/. To a cripplis Nun 5/.</cell>
               <cell>
                  <measure ana="#bk_money #bk_to"
                           commodity="currency"
                           unit="Shillings"
                           quantity="10">10</measure>
               </cell>
            </row>
            <row xml:id="wfp_21786" n="39" ana="#bk_entry">
               <cell>
                  <date ana="#bk_when" when="1756-04-18">1756 April 18</date>
               </cell>
               <cell>
                  <name ref="11833" ana="#bk_to #bk_credit">Cash</name>
               </cell>
               <cell>By Abram Vanmeter to buy Ammunition for his Fort</cell>
               <cell>
                  <measure ana="#bk_money #bk_to"
                           commodity="currency"
                           unit="Pounds"
                           quantity="1">1</measure>
               </cell>
            </row>
            <row xml:id="wfp_21787" n="40" ana="#bk_entry">
               <cell>
                  <date ana="#bk_when" when="1756-04">1756 April</date>
               </cell>
               <cell>
                  <name ref="11833" ana="#bk_to #bk_credit">Cash</name>
               </cell>
               <cell>By Sum carried forward</cell>
               <cell>
                  <measure ana="#bk_money #bk_to"
                           commodity="currency"
                           unit="Pounds"
                           quantity="1319">1319</measure>
               </cell>
               <cell>
                  <measure ana="#bk_money #bk_to"
                           commodity="currency"
                           unit="Shillings"
                           quantity="17">17</measure>
               </cell>
               <cell>
                  <measure ana="#bk_money #bk_to"
                           commodity="currency"
                           unit="Pence"
                           quantity="3">3</measure>
               </cell>
            </row>
         </table>
      </body>
   </text>
</TEI>
