<?xml version="1.0" encoding="UTF-8"?>
<TEI xmlns="http://www.tei-c.org/ns/1.0" xmlns:t="http://www.tei-c.org/ns/1.0">
   <teiHeader>
      <fileDesc>
         <titleStmt>
            <title>Ledger A, 1750 - 1772: pg.42</title>
         </titleStmt>
         <publicationStmt>
            <publisher>
               <orgName>University of Virginia</orgName>
            </publisher>
            <authority>
               <orgName ref="http://d-nb.info/gnd/1137284463"
                        corresp="https://informationsmodellierung.uni-graz.at">Zentrum für
    						Informationsmodellierung - Austrian Centre for Digital Humanities,
    						Karl-Franzens-Universität Graz</orgName>
            </authority>
            <distributor>
               <orgName ref="https://gams.uni-graz.at">GAMS -
    						Geisteswissenschaftliches Asset Management System</orgName>
            </distributor>
            <availability>
               <licence target="https://creativecommons.org/licenses/by-nc-sa/4.0">Creative
    							Commons BY-NC-SA 4.0</licence>
            </availability>
            <date when="2018">2018</date>
            <pubPlace>Graz</pubPlace>
            <idno type="PID">o:depcha.washington.3</idno>
         </publicationStmt>
         <seriesStmt>
            <title ref="http://gams.uni-graz.at/cpntext:depcha">DEPCHA</title>
            <respStmt>
               <resp>Projektleitung</resp>
               <persName>
                  <forename>Georg</forename>
                  <surname>Vogeler</surname>
               </persName>
            </respStmt>
         </seriesStmt>
         <sourceDesc>
            <ab>Pagebook: Ledger A, 1750 - 1772: pg.42, Left</ab>
         </sourceDesc>
      </fileDesc>
      <encodingDesc>
         <editorialDecl>
            <p>was über die editionsregeln und kodierungsrichtlinien</p>
         </editorialDecl>
         <projectDesc>
            <ab>
               <ref target="info:fedora/context:depcha.wfp" type="context">The George Washington Financial Papers</ref>
            </ab>
            <p>Projektbeschreibungsabsatzerl</p>
         </projectDesc>
      </encodingDesc>
      <profileDesc>
         <langUsage>
            <language ident="eng">English</language>
         </langUsage>
         <textClass>
            <keywords scheme="cirilo:normalizedPlaceNames">
               <list>
                  <item/>
               </list>
            </keywords>
            <keywords ana="account">
               <list>
                  <item>
                     <term>
                        <ref target="7520">Gist, Christopher</ref>
                     </term>
                  </item>
                  <item>
                     <term>
                        <ref target="7581">Jonus, Jacob</ref>
                     </term>
                  </item>
                  <item>
                     <term>
                        <ref target="7649">McLaughlan (McClockland), John</ref>
                     </term>
                  </item>
               </list>
            </keywords>
            <keywords ana="currency">
               <list>
                  <item>
                     <term>
                        <ref target="PA">PA</ref>
                     </term>
                  </item>
               </list>
            </keywords>
         </textClass>
      </profileDesc>
   </teiHeader>
   <text>
      <body>
         <table>
            <row xml:id="wfp_29836" n="1" ana="#bk_entry">
               <cell>
                  <name ref="7520" ana="#bk_to #bk_debit">Gist, Christopher</name>
               </cell>
            </row>
            <row xml:id="wfp_15524" n="2" ana="#bk_entry">
               <cell>
                  <date ana="#bk_when" when="1754-01">1754</date>
               </cell>
               <cell>
                  <name ref="7520" ana="#bk_to #bk_debit">Gist, Christopher</name>
               </cell>
               <cell>To a Mare which you sold belonging to me being one of those we had to the French Fort</cell>
            </row>
            <row xml:id="wfp_15525" n="3" ana="#bk_entry">
               <cell>
                  <date ana="#bk_when" when="1754-01">1754</date>
               </cell>
               <cell>
                  <name ref="7520" ana="#bk_to #bk_debit">Gist, Christopher</name>
               </cell>
               <cell>To a Silver Mounted Hanger for your Son Nathaniel</cell>
               <cell>
                  <measure ana="#bk_money #bk_to"
                           commodity="currency"
                           unit="Pounds"
                           quantity="2">2</measure>
               </cell>
               <cell>
                  <measure ana="#bk_money #bk_to"
                           commodity="currency"
                           unit="Shillings"
                           quantity="3">3</measure>
               </cell>
            </row>
            <row xml:id="wfp_15526" n="4" ana="#bk_entry">
               <cell>
                  <date ana="#bk_when" when="1756-05-14">1756 May 14</date>
               </cell>
               <cell>
                  <name ref="7520" ana="#bk_to #bk_debit">Gist, Christopher</name>
               </cell>
               <cell>To Cash lent you</cell>
               <cell>
                  <measure ana="#bk_money #bk_to"
                           commodity="currency"
                           unit="Pounds"
                           quantity="30">30</measure>
               </cell>
            </row>
            <row xml:id="wfp_15527" n="5" ana="#bk_entry">
               <cell>
                  <date ana="#bk_when" when="1759-09-23">1759 September 23</date>
               </cell>
               <cell>
                  <name ref="7520" ana="#bk_to #bk_debit">Gist, Christopher</name>
               </cell>
               <cell>To Cash lent you</cell>
               <cell>
                  <measure ana="#bk_money #bk_to"
                           commodity="currency"
                           unit="Pounds"
                           quantity="5">5</measure>
               </cell>
            </row>
            <row xml:id="wfp_15528" n="6" ana="#bk_entry">
               <cell>
                  <date ana="#bk_when" when="1758-08-25">1758 August 25</date>
               </cell>
               <cell>
                  <name ref="7520" ana="#bk_to #bk_debit">Gist, Christopher</name>
               </cell>
               <cell>To Cash paid you in Pennsylvania Currency £7.10 Pennsylvania Currency</cell>
               <cell>
                  <measure ana="#bk_money #bk_to"
                           commodity="currency"
                           unit="Pounds"
                           quantity="7">7</measure>
               </cell>
               <cell>
                  <measure ana="#bk_money #bk_to"
                           commodity="currency"
                           unit="Shillings"
                           quantity="10">10</measure>
               </cell>
            </row>
            <row xml:id="wfp_15529" n="7" ana="#bk_total">
               <cell>
                  <date ana="#bk_when" when="1758-08-25">1758 August 25</date>
               </cell>
               <cell>
                  <name ref="7520" ana="#bk_to #bk_debit">Gist, Christopher</name>
               </cell>
               <cell>[Total]  £7.10.[0]</cell>
               <cell>
                  <measure ana="#bk_money #bk_to"
                           commodity="currency"
                           unit="Pounds"
                           quantity="37">37</measure>
               </cell>
               <cell>
                  <measure ana="#bk_money #bk_to"
                           commodity="currency"
                           unit="Shillings"
                           quantity="3">3</measure>
               </cell>
            </row>
            <row xml:id="wfp_15530" n="8" ana="#bk_entry">
               <cell>
                  <date ana="#bk_when" when="1758-01">1758</date>
               </cell>
               <cell>
                  <name ref="7520" ana="#bk_to #bk_debit">Gist, Christopher</name>
               </cell>
               <cell>To Balance per Contra</cell>
               <cell>
                  <measure ana="#bk_money #bk_to"
                           commodity="currency"
                           unit="Pounds"
                           quantity="2">2</measure>
               </cell>
               <cell>
                  <measure ana="#bk_money #bk_to"
                           commodity="currency"
                           unit="Shillings"
                           quantity="3">3</measure>
               </cell>
               <cell>
                  <measure ana="#bk_money #bk_to"
                           commodity="currency"
                           unit="Pence"
                           quantity="0">0</measure>
               </cell>
            </row>
            <row xml:id="wfp_29837" n="9" ana="#bk_entry">
               <cell>
                  <name ref="7581" ana="#bk_to #bk_debit">Jonus, Jacob</name>
               </cell>
            </row>
            <row xml:id="wfp_15531" n="10" ana="#bk_entry">
               <cell>
                  <date ana="#bk_when" when="1756-06-26">1756 June 26</date>
               </cell>
               <cell>
                  <name ref="7581" ana="#bk_to #bk_debit">Jonus, Jacob</name>
               </cell>
               <cell>To Cash in part of Pay</cell>
               <cell>
                  <measure ana="#bk_money #bk_to"
                           commodity="currency"
                           unit="Pounds"
                           quantity="1">1</measure>
               </cell>
            </row>
            <row xml:id="wfp_15532" n="11" ana="#bk_entry">
               <cell>
                  <date ana="#bk_when" when="1756-09-01">1756 September 1</date>
               </cell>
               <cell>
                  <name ref="7581" ana="#bk_to #bk_debit">Jonus, Jacob</name>
               </cell>
               <cell>To Cash in part of Pay</cell>
               <cell>
                  <measure ana="#bk_money #bk_to"
                           commodity="currency"
                           unit="Pounds"
                           quantity="1">1</measure>
               </cell>
               <cell>
                  <measure ana="#bk_money #bk_to"
                           commodity="currency"
                           unit="Shillings"
                           quantity="10">10</measure>
               </cell>
            </row>
            <row xml:id="wfp_15533" n="12" ana="#bk_entry">
               <cell>
                  <date ana="#bk_when" when="1756-11-30">1756 November 30</date>
               </cell>
               <cell>
                  <name ref="7581" ana="#bk_to #bk_debit">Jonus, Jacob</name>
               </cell>
               <cell>To Cash in part of Pay</cell>
               <cell>
                  <measure ana="#bk_money #bk_to"
                           commodity="currency"
                           unit="Pounds"
                           quantity="2">2</measure>
               </cell>
            </row>
            <row xml:id="wfp_15534" n="13" ana="#bk_entry">
               <cell>
                  <date ana="#bk_when" when="1756-12-19">1756 December 19</date>
               </cell>
               <cell>
                  <name ref="7581" ana="#bk_to #bk_debit">Jonus, Jacob</name>
               </cell>
               <cell>To Cash in part of Pay</cell>
               <cell>
                  <measure ana="#bk_money #bk_to"
                           commodity="currency"
                           unit="Pounds"
                           quantity="1">1</measure>
               </cell>
               <cell>
                  <measure ana="#bk_money #bk_to"
                           commodity="currency"
                           unit="Shillings"
                           quantity="10">10</measure>
               </cell>
               <cell>
                  <measure ana="#bk_money #bk_to"
                           commodity="currency"
                           unit="Pence"
                           quantity="2">2</measure>
               </cell>
            </row>
            <row xml:id="wfp_15535" n="14" ana="#bk_entry">
               <cell>
                  <date ana="#bk_when" when="1757-04">1757 April</date>
               </cell>
               <cell>
                  <name ref="7581" ana="#bk_to #bk_debit">Jonus, Jacob</name>
               </cell>
               <cell>To Cash in part of Pay</cell>
               <cell>
                  <measure ana="#bk_money #bk_to"
                           commodity="currency"
                           unit="Pounds"
                           quantity="1">1</measure>
               </cell>
            </row>
            <row xml:id="wfp_15536" n="15" ana="#bk_entry">
               <cell>
                  <date ana="#bk_when" when="1757-07-19">1757 July 19</date>
               </cell>
               <cell>
                  <name ref="7581" ana="#bk_to #bk_debit">Jonus, Jacob</name>
               </cell>
               <cell>To Cash in part of Pay</cell>
               <cell>
                  <measure ana="#bk_money #bk_to"
                           commodity="currency"
                           unit="Pounds"
                           quantity="3">3</measure>
               </cell>
            </row>
            <row xml:id="wfp_15537" n="16" ana="#bk_entry">
               <cell>
                  <date ana="#bk_when" when="1757-07-28">1757 July 28</date>
               </cell>
               <cell>
                  <name ref="7581" ana="#bk_to #bk_debit">Jonus, Jacob</name>
               </cell>
               <cell>To Cash in part of Pay</cell>
               <cell>
                  <measure ana="#bk_money #bk_to"
                           commodity="currency"
                           unit="Pounds"
                           quantity="1">1</measure>
               </cell>
               <cell>
                  <measure ana="#bk_money #bk_to"
                           commodity="currency"
                           unit="Shillings"
                           quantity="10">10</measure>
               </cell>
            </row>
            <row xml:id="wfp_15538" n="17" ana="#bk_entry">
               <cell>
                  <date ana="#bk_when" when="1758-04-14">1758 April 14</date>
               </cell>
               <cell>
                  <name ref="7581" ana="#bk_to #bk_debit">Jonus, Jacob</name>
               </cell>
               <cell>To Cash in part of Pay</cell>
               <cell>
                  <measure ana="#bk_money #bk_to"
                           commodity="currency"
                           unit="Pounds"
                           quantity="2">2</measure>
               </cell>
            </row>
            <row xml:id="wfp_15539" n="18" ana="#bk_total">
               <cell>
                  <date ana="#bk_when" when="1758-01">1758</date>
               </cell>
               <cell>
                  <name ref="7581" ana="#bk_to #bk_debit">Jonus, Jacob</name>
               </cell>
               <cell>[Total]</cell>
               <cell>
                  <measure ana="#bk_money #bk_to"
                           commodity="currency"
                           unit="Pounds"
                           quantity="13">13</measure>
               </cell>
               <cell>
                  <measure ana="#bk_money #bk_to"
                           commodity="currency"
                           unit="Shillings"
                           quantity="10">10</measure>
               </cell>
               <cell>
                  <measure ana="#bk_money #bk_to"
                           commodity="currency"
                           unit="Pence"
                           quantity="2">2</measure>
               </cell>
            </row>
            <row xml:id="wfp_29838" n="19" ana="#bk_entry">
               <cell>
                  <name ref="7649" ana="#bk_to #bk_debit">McLaughlan (McClockland), John</name>
               </cell>
            </row>
            <row xml:id="wfp_15540" n="20" ana="#bk_entry">
               <cell>
                  <date ana="#bk_when" when="1762-01-01">1762 January 1</date>
               </cell>
               <cell>
                  <name ref="7649" ana="#bk_to #bk_debit">McLaughlan (McClockland), John</name>
               </cell>
               <cell>To Account brought from Smiths Book folio 7</cell>
               <cell>
                  <measure ana="#bk_money #bk_to"
                           commodity="currency"
                           unit="Shillings"
                           quantity="11">11</measure>
               </cell>
            </row>
            <row xml:id="wfp_15541" n="21" ana="#bk_entry">
               <cell>
                  <date ana="#bk_when" when="1763-08-25">1763 August 25</date>
               </cell>
               <cell>
                  <name ref="7649" ana="#bk_to #bk_debit">McLaughlan (McClockland), John</name>
               </cell>
               <cell>To Cash</cell>
               <cell>
                  <measure ana="#bk_money #bk_to"
                           commodity="currency"
                           unit="Pounds"
                           quantity="1">1</measure>
               </cell>
               <cell>
                  <measure ana="#bk_money #bk_to"
                           commodity="currency"
                           unit="Shillings"
                           quantity="3">3</measure>
               </cell>
               <cell>
                  <measure ana="#bk_money #bk_to"
                           commodity="currency"
                           unit="Pence"
                           quantity="6">6</measure>
               </cell>
            </row>
            <row xml:id="wfp_15542" n="22" ana="#bk_entry">
               <cell>
                  <date ana="#bk_when" when="1763-08-25">1763 August 25</date>
               </cell>
               <cell>
                  <name ref="7649" ana="#bk_to #bk_debit">McLaughlan (McClockland), John</name>
               </cell>
               <cell>To Smiths Account</cell>
               <cell>
                  <measure ana="#bk_money #bk_to"
                           commodity="currency"
                           unit="Pounds"
                           quantity="1">1</measure>
               </cell>
               <cell>
                  <measure ana="#bk_money #bk_to"
                           commodity="currency"
                           unit="Shillings"
                           quantity="1">1</measure>
               </cell>
               <cell>
                  <measure ana="#bk_money #bk_to"
                           commodity="currency"
                           unit="Pence"
                           quantity="8">8</measure>
               </cell>
            </row>
            <row xml:id="wfp_15543" n="23" ana="#bk_entry">
               <cell>
                  <date ana="#bk_when" when="1764-05">1764 May</date>
               </cell>
               <cell>
                  <name ref="7649" ana="#bk_to #bk_debit">McLaughlan (McClockland), John</name>
               </cell>
               <cell>To Cash</cell>
               <cell>
                  <measure ana="#bk_money #bk_to"
                           commodity="currency"
                           unit="Pounds"
                           quantity="1">1</measure>
               </cell>
               <cell>
                  <measure ana="#bk_money #bk_to"
                           commodity="currency"
                           unit="Shillings"
                           quantity="1">1</measure>
               </cell>
               <cell>
                  <measure ana="#bk_money #bk_to"
                           commodity="currency"
                           unit="Pence"
                           quantity="4">4</measure>
               </cell>
            </row>
            <row xml:id="wfp_15544" n="24" ana="#bk_entry">
               <cell>
                  <date ana="#bk_when" when="1764-01">1764</date>
               </cell>
               <cell>
                  <name ref="7649" ana="#bk_to #bk_debit">McLaughlan (McClockland), John</name>
               </cell>
               <cell>
                  <measure ana="#bk_money #bk_to"
                           commodity="currency"
                           unit="Pounds"
                           quantity="3">3</measure>
               </cell>
               <cell>
                  <measure ana="#bk_money #bk_to"
                           commodity="currency"
                           unit="Shillings"
                           quantity="17">17</measure>
               </cell>
               <cell>
                  <measure ana="#bk_money #bk_to"
                           commodity="currency"
                           unit="Pence"
                           quantity="6">6</measure>
               </cell>
            </row>
            <row xml:id="wfp_15545" n="25" ana="#bk_entry">
               <cell>
                  <date ana="#bk_when" when="1765-01-25">1765 January 25</date>
               </cell>
               <cell>
                  <name ref="7649" ana="#bk_to #bk_debit">McLaughlan (McClockland), John</name>
               </cell>
               <cell>To Cash</cell>
               <cell>
                  <measure ana="#bk_money #bk_to"
                           commodity="currency"
                           unit="Pounds"
                           quantity="1">1</measure>
               </cell>
               <cell>
                  <measure ana="#bk_money #bk_to"
                           commodity="currency"
                           unit="Shillings"
                           quantity="10">10</measure>
               </cell>
            </row>
            <row xml:id="wfp_15546" n="26" ana="#bk_entry">
               <cell>
                  <date ana="#bk_when" when="1765-08-19">1765 August 19</date>
               </cell>
               <cell>
                  <name ref="7649" ana="#bk_to #bk_debit">McLaughlan (McClockland), John</name>
               </cell>
               <cell>To Cash</cell>
               <cell>
                  <measure ana="#bk_money #bk_to"
                           commodity="currency"
                           unit="Pounds"
                           quantity="1">1</measure>
               </cell>
               <cell>
                  <measure ana="#bk_money #bk_to"
                           commodity="currency"
                           unit="Shillings"
                           quantity="16">16</measure>
               </cell>
               <cell>
                  <measure ana="#bk_money #bk_to"
                           commodity="currency"
                           unit="Pence"
                           quantity="3">3</measure>
               </cell>
            </row>
            <row xml:id="wfp_15547" n="27" ana="#bk_entry">
               <cell>
                  <date ana="#bk_when" when="1766-01-01">1766 January 1</date>
               </cell>
               <cell>
                  <name ref="7649" ana="#bk_to #bk_debit">McLaughlan (McClockland), John</name>
               </cell>
               <cell>To Smiths account to ye [the] date</cell>
               <cell>
                  <measure ana="#bk_money #bk_to"
                           commodity="currency"
                           unit="Shillings"
                           quantity="2">2</measure>
               </cell>
               <cell>
                  <measure ana="#bk_money #bk_to"
                           commodity="currency"
                           unit="Pence"
                           quantity="1.5">1.5</measure>
               </cell>
            </row>
            <row xml:id="wfp_15548" n="28" ana="#bk_entry">
               <cell>
                  <date ana="#bk_when" when="1766-01-31">1766 January 31</date>
               </cell>
               <cell>
                  <name ref="7649" ana="#bk_to #bk_debit">McLaughlan (McClockland), John</name>
               </cell>
               <cell>To Cash paid Mr Magowan</cell>
               <cell>
                  <measure ana="#bk_money #bk_to"
                           commodity="currency"
                           unit="Shillings"
                           quantity="4">4</measure>
               </cell>
               <cell>
                  <measure ana="#bk_money #bk_to"
                           commodity="currency"
                           unit="Pence"
                           quantity="6">6</measure>
               </cell>
            </row>
            <row xml:id="wfp_15549" n="29" ana="#bk_entry">
               <cell>
                  <date ana="#bk_when" when="1766-01-31">1766 January 31</date>
               </cell>
               <cell>
                  <name ref="7649" ana="#bk_to #bk_debit">McLaughlan (McClockland), John</name>
               </cell>
               <cell>To Balance Credited folio 205</cell>
               <cell>
                  <measure ana="#bk_money #bk_to"
                           commodity="currency"
                           unit="Pounds"
                           quantity="1">1</measure>
               </cell>
               <cell>
                  <measure ana="#bk_money #bk_to"
                           commodity="currency"
                           unit="Shillings"
                           quantity="1">1</measure>
               </cell>
               <cell>
                  <measure ana="#bk_money #bk_to"
                           commodity="currency"
                           unit="Pence"
                           quantity="3">3</measure>
               </cell>
            </row>
            <row xml:id="wfp_15550" n="30" ana="#bk_total">
               <cell>
                  <date ana="#bk_when" when="1766-01">1766</date>
               </cell>
               <cell>
                  <name ref="7649" ana="#bk_to #bk_debit">McLaughlan (McClockland), John</name>
               </cell>
               <cell>[Total]</cell>
               <cell>
                  <measure ana="#bk_money #bk_to"
                           commodity="currency"
                           unit="Pounds"
                           quantity="4">4</measure>
               </cell>
               <cell>
                  <measure ana="#bk_money #bk_to"
                           commodity="currency"
                           unit="Shillings"
                           quantity="14">14</measure>
               </cell>
               <cell>
                  <measure ana="#bk_money #bk_to"
                           commodity="currency"
                           unit="Pence"
                           quantity="1.5">1.5</measure>
               </cell>
            </row>
            <row xml:id="wfp_29839" n="1" ana="#bk_entry">
               <cell>
                  <name ref="7520" ana="#bk_to #bk_credit">Gist, Christopher</name>
               </cell>
            </row>
            <row xml:id="wfp_22224" n="2" ana="#bk_entry">
               <cell>
                  <date ana="#bk_when" when="1756-09-08">1756 September 8</date>
               </cell>
               <cell>
                  <name ref="7520" ana="#bk_to #bk_credit">Gist, Christopher</name>
               </cell>
               <cell>By Cash of Mr Boyd</cell>
               <cell>
                  <measure ana="#bk_money #bk_to"
                           commodity="currency"
                           unit="Pounds"
                           quantity="10">10</measure>
               </cell>
            </row>
            <row xml:id="wfp_22225" n="3" ana="#bk_entry">
               <cell>
                  <date ana="#bk_when" when="1756-12-05">1756 December 5</date>
               </cell>
               <cell>
                  <name ref="7520" ana="#bk_to #bk_credit">Gist, Christopher</name>
               </cell>
               <cell>By Cash of your Self</cell>
               <cell>
                  <measure ana="#bk_money #bk_to"
                           commodity="currency"
                           unit="Pounds"
                           quantity="20">20</measure>
               </cell>
            </row>
            <row xml:id="wfp_22226" n="4" ana="#bk_entry">
               <cell>
                  <date ana="#bk_when" when="1756-04-25">April 25</date>
               </cell>
               <cell>
                  <name ref="7520" ana="#bk_to #bk_credit">Gist, Christopher</name>
               </cell>
               <cell>By Your Son Thomas Gist</cell>
               <cell>
                  <measure ana="#bk_money #bk_to"
                           commodity="currency"
                           unit="Pounds"
                           quantity="5">5</measure>
               </cell>
            </row>
            <row xml:id="wfp_22227" n="5" ana="#bk_entry">
               <cell>
                  <date ana="#bk_when" when="1756-04-25">April 25</date>
               </cell>
               <cell>
                  <name ref="7520" ana="#bk_to #bk_credit">Gist, Christopher</name>
               </cell>
               <cell>By Pennsylvania Money</cell>
               <cell>
                  <measure ana="#bk_money #bk_to"
                           commodity="currency"
                           unit="Pounds"
                           quantity="5">5</measure>
               </cell>
               <cell>
                  <measure ana="#bk_money #bk_to"
                           commodity="currency"
                           unit="Shillings"
                           quantity="0">0</measure>
               </cell>
               <cell>
                  <measure ana="#bk_money #bk_to"
                           commodity="currency"
                           unit="Pence"
                           quantity="0">0</measure>
               </cell>
            </row>
            <row xml:id="wfp_22228" n="6" ana="#bk_entry">
               <cell>
                  <date ana="#bk_when" when="1756-05-01">May 1</date>
               </cell>
               <cell>
                  <name ref="7520" ana="#bk_to #bk_credit">Gist, Christopher</name>
               </cell>
               <cell>By Pennsylvania Money</cell>
               <cell>
                  <measure ana="#bk_money #bk_to"
                           commodity="currency"
                           unit="Pounds"
                           quantity="2">2</measure>
               </cell>
               <cell>
                  <measure ana="#bk_money #bk_to"
                           commodity="currency"
                           unit="Shillings"
                           quantity="10">10</measure>
               </cell>
            </row>
            <row xml:id="wfp_22229" n="7" ana="#bk_entry">
               <cell>
                  <name ref="7520" ana="#bk_to #bk_credit">Gist, Christopher</name>
               </cell>
               <cell>
                  <measure ana="#bk_money #bk_to"
                           commodity="currency"
                           unit="Pounds"
                           quantity="35">35</measure>
               </cell>
            </row>
            <row xml:id="wfp_22230" n="8" ana="#bk_entry">
               <cell>
                  <name ref="7520" ana="#bk_to #bk_credit">Gist, Christopher</name>
               </cell>
               <cell>By Balance due George Wasington &amp; charged per Contra</cell>
               <cell>
                  <measure ana="#bk_money #bk_to"
                           commodity="currency"
                           unit="Pounds"
                           quantity="2">2</measure>
               </cell>
               <cell>
                  <measure ana="#bk_money #bk_to"
                           commodity="currency"
                           unit="Shillings"
                           quantity="3">3</measure>
               </cell>
            </row>
            <row xml:id="wfp_22231" n="9" ana="#bk_total">
               <cell>
                  <name ref="7520" ana="#bk_to #bk_credit">Gist, Christopher</name>
               </cell>
               <cell>[Total]</cell>
               <cell>
                  <measure ana="#bk_money #bk_to"
                           commodity="currency"
                           unit="Pounds"
                           quantity="35">35</measure>
               </cell>
               <cell>
                  <measure ana="#bk_money #bk_to"
                           commodity="currency"
                           unit="Shillings"
                           quantity="3">3</measure>
               </cell>
            </row>
            <row xml:id="wfp_22232" n="10" ana="#bk_entry">
               <cell>
                  <name ref="7520" ana="#bk_to #bk_credit">Gist, Christopher</name>
               </cell>
               <cell>By Account for Loss</cell>
               <cell>
                  <measure ana="#bk_money #bk_to"
                           commodity="currency"
                           unit="Pounds"
                           quantity="2">2</measure>
               </cell>
               <cell>
                  <measure ana="#bk_money #bk_to"
                           commodity="currency"
                           unit="Shillings"
                           quantity="3">3</measure>
               </cell>
            </row>
            <row xml:id="wfp_22233" n="11" ana="#bk_entry">
               <cell>
                  <name ref="7581" ana="#bk_to #bk_credit">Jonus, Jacob</name>
               </cell>
            </row>
            <row xml:id="wfp_22234" n="12" ana="#bk_entry">
               <cell>
                  <name ref="7581" ana="#bk_to #bk_credit">Jonus, Jacob</name>
               </cell>
               <cell>By his Services as Cook 18 Months</cell>
               <cell>
                  <measure ana="#bk_money #bk_to"
                           commodity="currency"
                           unit="Pounds"
                           quantity="13">13</measure>
               </cell>
               <cell>
                  <measure ana="#bk_money #bk_to"
                           commodity="currency"
                           unit="Shillings"
                           quantity="10">10</measure>
               </cell>
               <cell>
                  <measure ana="#bk_money #bk_to"
                           commodity="currency"
                           unit="Pence"
                           quantity="2">2</measure>
               </cell>
            </row>
            <row xml:id="wfp_22235" n="13" ana="#bk_total">
               <cell>
                  <name ref="7581" ana="#bk_to #bk_credit">Jonus, Jacob</name>
               </cell>
               <cell>[Total]</cell>
               <cell>
                  <measure ana="#bk_money #bk_to"
                           commodity="currency"
                           unit="Pounds"
                           quantity="13">13</measure>
               </cell>
               <cell>
                  <measure ana="#bk_money #bk_to"
                           commodity="currency"
                           unit="Shillings"
                           quantity="10">10</measure>
               </cell>
               <cell>
                  <measure ana="#bk_money #bk_to"
                           commodity="currency"
                           unit="Pence"
                           quantity="2">2</measure>
               </cell>
            </row>
            <row xml:id="wfp_22236" n="14" ana="#bk_entry">
               <cell>
                  <name ref="7649" ana="#bk_to #bk_credit">McLaughlan (McClockland), John</name>
               </cell>
            </row>
            <row xml:id="wfp_22237" n="15" ana="#bk_entry">
               <cell>
                  <date ana="#bk_when" when="1763-01-26">1763 January 26</date>
               </cell>
               <cell>
                  <name ref="7649" ana="#bk_to #bk_credit">McLaughlan (McClockland), John</name>
               </cell>
               <cell>By Weaving</cell>
               <cell>
                  <measure ana="#bk_money #bk_to"
                           commodity="currency"
                           unit="Shillings"
                           quantity="11">11</measure>
               </cell>
            </row>
            <row xml:id="wfp_22238" n="16" ana="#bk_entry">
               <cell>
                  <date ana="#bk_when" when="1763-08-25">1763 August 25</date>
               </cell>
               <cell>
                  <name ref="7649" ana="#bk_to #bk_credit">McLaughlan (McClockland), John</name>
               </cell>
               <cell>By 48 Yards of coarse Virginia Cloth @ 4d</cell>
               <cell>
                  <measure ana="#bk_money #bk_to"
                           commodity="currency"
                           unit="Shillings"
                           quantity="16">16</measure>
               </cell>
            </row>
            <row xml:id="wfp_22239" n="17" ana="#bk_entry">
               <cell>
                  <date ana="#bk_when" when="1763-08-25">1763 August 25</date>
               </cell>
               <cell>
                  <name ref="7649" ana="#bk_to #bk_credit">McLaughlan (McClockland), John</name>
               </cell>
               <cell>By 9 yards of fine Virginia Cloth @ 10d</cell>
               <cell>
                  <measure ana="#bk_money #bk_to"
                           commodity="currency"
                           unit="Shillings"
                           quantity="7">7</measure>
               </cell>
               <cell>
                  <measure ana="#bk_money #bk_to"
                           commodity="currency"
                           unit="Pence"
                           quantity="6">6</measure>
               </cell>
            </row>
            <row xml:id="wfp_22240" n="18" ana="#bk_entry">
               <cell>
                  <date ana="#bk_when" when="1763-08-25">1763 August 25</date>
               </cell>
               <cell>
                  <name ref="7649" ana="#bk_to #bk_credit">McLaughlan (McClockland), John</name>
               </cell>
               <cell>By weaving 129 yards Virginia Cloth</cell>
               <cell>
                  <measure ana="#bk_money #bk_to"
                           commodity="currency"
                           unit="Pounds"
                           quantity="2">2</measure>
               </cell>
               <cell>
                  <measure ana="#bk_money #bk_to"
                           commodity="currency"
                           unit="Shillings"
                           quantity="3">3</measure>
               </cell>
            </row>
            <row xml:id="wfp_22241" n="19" ana="#bk_total">
               <cell>
                  <name ref="7649" ana="#bk_to #bk_credit">McLaughlan (McClockland), John</name>
               </cell>
               <cell>[Total]</cell>
               <cell>
                  <measure ana="#bk_money #bk_to"
                           commodity="currency"
                           unit="Pounds"
                           quantity="3">3</measure>
               </cell>
               <cell>
                  <measure ana="#bk_money #bk_to"
                           commodity="currency"
                           unit="Shillings"
                           quantity="17">17</measure>
               </cell>
               <cell>
                  <measure ana="#bk_money #bk_to"
                           commodity="currency"
                           unit="Pence"
                           quantity="6">6</measure>
               </cell>
            </row>
            <row xml:id="wfp_22242" n="20" ana="#bk_entry">
               <cell>
                  <date ana="#bk_when" when="1765-01-25">1765 January 25</date>
               </cell>
               <cell>
                  <name ref="7649" ana="#bk_to #bk_credit">McLaughlan (McClockland), John</name>
               </cell>
               <cell>By weaving 17 yards for a Carpet @ 5d</cell>
               <cell>
                  <measure ana="#bk_money #bk_to"
                           commodity="currency"
                           unit="Shillings"
                           quantity="7">7</measure>
               </cell>
               <cell>
                  <measure ana="#bk_money #bk_to"
                           commodity="currency"
                           unit="Pence"
                           quantity="1">1</measure>
               </cell>
            </row>
            <row xml:id="wfp_22243" n="21" ana="#bk_entry">
               <cell>
                  <date ana="#bk_when" when="1765-01-25">1765 January 25</date>
               </cell>
               <cell>
                  <name ref="7649" ana="#bk_to #bk_credit">McLaughlan (McClockland), John</name>
               </cell>
               <cell>By weaving 38 1/2 yards striped Cloath</cell>
            </row>
            <row xml:id="wfp_22244" n="22" ana="#bk_entry">
               <cell>
                  <date ana="#bk_when" when="1765-01-25">1765 January 25</date>
               </cell>
               <cell>
                  <name ref="7649" ana="#bk_to #bk_credit">McLaughlan (McClockland), John</name>
               </cell>
               <cell>By weaving 27 1/2 yards White Cloath @ 4d</cell>
               <cell>
                  <measure ana="#bk_money #bk_to"
                           commodity="currency"
                           unit="Pounds"
                           quantity="1">1</measure>
               </cell>
               <cell>
                  <measure ana="#bk_money #bk_to"
                           commodity="currency"
                           unit="Shillings"
                           quantity="2">2</measure>
               </cell>
               <cell>
                  <measure ana="#bk_money #bk_to"
                           commodity="currency"
                           unit="Pence"
                           quantity="0">0</measure>
               </cell>
            </row>
            <row xml:id="wfp_22245" n="23" ana="#bk_total">
               <cell>
                  <date ana="#bk_when" when="1765-01-25">1765 January 25</date>
               </cell>
               <cell>
                  <name ref="7649" ana="#bk_to #bk_credit">McLaughlan (McClockland), John</name>
               </cell>
               <cell>[Total]</cell>
               <cell>
                  <measure ana="#bk_money #bk_to"
                           commodity="currency"
                           unit="Pounds"
                           quantity="1">1</measure>
               </cell>
               <cell>
                  <measure ana="#bk_money #bk_to"
                           commodity="currency"
                           unit="Shillings"
                           quantity="9">9</measure>
               </cell>
               <cell>
                  <measure ana="#bk_money #bk_to"
                           commodity="currency"
                           unit="Pence"
                           quantity="1">1</measure>
               </cell>
            </row>
            <row xml:id="wfp_22246" n="24" ana="#bk_entry">
               <cell>
                  <date ana="#bk_when" when="1765-08-19">1765 August 19</date>
               </cell>
               <cell>
                  <name ref="7649" ana="#bk_to #bk_credit">McLaughlan (McClockland), John</name>
               </cell>
               <cell>By weaving 3 pieces of Cloath viz. 39 yards</cell>
            </row>
            <row xml:id="wfp_22247" n="25" ana="#bk_entry">
               <cell>
                  <date ana="#bk_when" when="1765-08-19">1765 August 19</date>
               </cell>
               <cell>
                  <name ref="7649" ana="#bk_to #bk_credit">McLaughlan (McClockland), John</name>
               </cell>
               <cell>38</cell>
            </row>
            <row xml:id="wfp_22248" n="26" ana="#bk_entry">
               <cell>
                  <date ana="#bk_when" when="1765-08-19">1765 August 19</date>
               </cell>
               <cell>
                  <name ref="7649" ana="#bk_to #bk_credit">McLaughlan (McClockland), John</name>
               </cell>
               <cell>34 accounted</cell>
            </row>
            <row xml:id="wfp_22250" n="27" ana="#bk_entry">
               <cell>
                  <date ana="#bk_when" when="1765-10-29">1765 October 29</date>
               </cell>
               <cell>
                  <name ref="7649" ana="#bk_to #bk_credit">McLaughlan (McClockland), John</name>
               </cell>
               <cell>By weaving 1 pair Woolen Cloth 33 1/2 yards @ 4d</cell>
               <cell>
                  <measure ana="#bk_money #bk_to"
                           commodity="currency"
                           unit="Shillings"
                           quantity="11">11</measure>
               </cell>
               <cell>
                  <measure ana="#bk_money #bk_to"
                           commodity="currency"
                           unit="Pence"
                           quantity="2">2</measure>
               </cell>
            </row>
            <row xml:id="wfp_22251" n="28" ana="#bk_entry">
               <cell>
                  <date ana="#bk_when" when="1766-01-31">1766 January 31</date>
               </cell>
               <cell>
                  <name ref="7649" ana="#bk_to #bk_credit">McLaughlan (McClockland), John</name>
               </cell>
               <cell>By weaving 1 pair Woolen Checked cloth 40 1/2 yards 5d</cell>
               <cell>
                  <measure ana="#bk_money #bk_to"
                           commodity="currency"
                           unit="Shillings"
                           quantity="16">16</measure>
               </cell>
               <cell>
                  <measure ana="#bk_money #bk_to"
                           commodity="currency"
                           unit="Pence"
                           quantity="10.5">10.5</measure>
               </cell>
            </row>
            <row xml:id="wfp_22252" n="29" ana="#bk_total">
               <cell>
                  <date ana="#bk_when" when="1766-01-31">1766 January 31</date>
               </cell>
               <cell>
                  <name ref="7649" ana="#bk_to #bk_credit">McLaughlan (McClockland), John</name>
               </cell>
               <cell>[Total]</cell>
               <cell>
                  <measure ana="#bk_money #bk_to"
                           commodity="currency"
                           unit="Pounds"
                           quantity="4">4</measure>
               </cell>
               <cell>
                  <measure ana="#bk_money #bk_to"
                           commodity="currency"
                           unit="Shillings"
                           quantity="14">14</measure>
               </cell>
               <cell>
                  <measure ana="#bk_money #bk_to"
                           commodity="currency"
                           unit="Pence"
                           quantity="1.5">1.5</measure>
               </cell>
            </row>
         </table>
      </body>
   </text>
</TEI>
