<?xml version="1.0" encoding="UTF-8"?>
<oai_dc:dc xmlns:oai_dc="http://www.openarchives.org/OAI/2.0/oai_dc/"
    xmlns:dc="http://purl.org/dc/elements/1.1/"
    xmlns:xsi="http://www.w3.org/2001/XMLSchema-instance"
    xsi:schemaLocation="http://www.openarchives.org/OAI/2.0/oai_dc/ http://www.openarchives.org/OAI/2.0/oai_dc.xsd">
    <dc:title>Stagville Accounts</dc:title>
    <dc:creator/>
    <dc:subject>Business Accounts</dc:subject>
    <dc:description>The Cameron Family Papers are held at the Southern History Collection at UNC, and incldue substantial business records. Some of these record transactions between the plantation store and members of the community. Of particular interest to this conference is the "slave ledger"; a separate account book recording transactions between the Cameron store and and enslaved customers.</dc:description>
    <dc:publisher>FromThePage</dc:publisher>
    <dc:contributor>Anna Agbe-Davies</dc:contributor>
    <dc:contributor>Ben W. Brumfield</dc:contributor>
    <dc:contributor>Sara Brumfield</dc:contributor>
    <dc:date>1808</dc:date>
    <dc:coverage>USA</dc:coverage>
    <dc:language>en</dc:language>
    <dc:rights>https://creativecommons.org/licenses/by/4.0/</dc:rights>
    <dc:source>Southern Historical Collection, Chapel Hill, NC, USA</dc:source>
    <dc:relation>https://fromthepage.com/agbedavies/stagville-accounts</dc:relation>
    <dc:relation>https://content.fromthepage.com/stagville-accounts-in-depcha/</dc:relation>
    <dc:format>XML/TEI</dc:format>
    <dc:type>Collection</dc:type>
    <dc:identifier>https://gams.uni-graz.at/context:depcha.stagville</dc:identifier>
    <dc:identifier>https://fromthepage.com/agbedavies/stagville-accounts</dc:identifier>
</oai_dc:dc>
