<?xml version='1.0' encoding='UTF-8'?>    
      <page>
        <p>Stagville August 16 1808</p><p><entryHeading depth='2' title='70 Samuel Carey Self Dr.'>70 <link link_id='341995' target_id='19307' target_title='Samuel Carey'>Samuel Carey</link> Self Dr.</entryHeading><lb/><table class='tabular'><lb/><thead><lb/><tr><th class='bang'>Date</th> <th class='bang'>Item and price</th> <th class='bang'>L</th> <th class='bang'>s</th> <th class='bang'>d</th></tr></thead> <tbody> <tr><td/> <td>1 <link link_id='341996' target_id='10761' target_title='salt'>Bushel Salt</link> 20/-</td> <td>1</td> <td/> <td/> </tr> </tbody> </table> <entryHeading depth='2' title='70 Robert Cates To Profit &amp; Loss Dr.'>70 <link link_id='341997' target_id='19308' target_title='Robert Cates'>Robert Cates</link> To Profit &amp; Loss Dr.</entryHeading><lb/><table class='tabular'><lb/><thead><lb/><tr><th class='bang'>Date</th> <th class='bang'>Item and price</th> <th class='bang'>L</th> <th class='bang'>s</th> <th class='bang'>d</th></tr></thead> <tbody> <tr><td> 17</td> <td>for Interest on his accot</td> <td/> <td>6</td> <td>3 </td> </tr> </tbody> </table> <entryHeading depth='2' title='70 Robert Cates Self Dr.'>70 <link link_id='341998' target_id='19308' target_title='Robert Cates'>Robert Cates</link> Self Dr.</entryHeading><lb/><table class='tabular'><lb/><thead><lb/><tr><th class='bang'>Date</th> <th class='bang'>Item and price</th> <th class='bang'>L</th> <th class='bang'>s</th> <th class='bang'>d</th></tr></thead> <tbody> <tr><td> 17</td> <td>1/2 ~ <link link_id='341999' target_id='10756' target_title='powder'>Powder</link> 2/6 1 ~ <link link_id='342000' target_id='10757' target_title='shot'>Shot</link> 2/6</td> <td/> <td>5</td> <td/> </tr> </tbody> </table> <entryHeading depth='2' title='70 John Ray PP Order Dr.'>70 <link link_id='342001' target_id='19309' target_title='John Ray'>John Ray</link> PP Order Dr.</entryHeading><lb/><table class='tabular'><lb/><thead><lb/><tr><th class='bang'>Date</th> <th class='bang'>Item and price</th> <th class='bang'>L</th> <th class='bang'>s</th> <th class='bang'>d</th></tr></thead> <tbody> <tr><td> 18</td> <td>Merche pd Saml Southerland['s?] Plato</td> <td/> <td>10</td> <td/> </tr> </tbody> </table> <entryHeading depth='2' title='70 Elisha Chisenhall Self Dr.'>70 <link link_id='342002' target_id='19310' target_title='Elisha Chisenhall'>Elisha Chisenhall</link> Self Dr.</entryHeading><lb/><table class='tabular'><lb/><thead><lb/><tr><th class='bang'>Date</th> <th class='bang'>Item and price</th> <th class='bang'>L</th> <th class='bang'>s</th> <th class='bang'>d</th></tr></thead> <tbody> <tr><td> 18</td> <td>1 ~ <link link_id='342003' target_id='10756' target_title='powder'>Powder</link> 10/- 5 ~ <link link_id='342004' target_id='10757' target_title='shot'>Shot</link> 12/6</td> <td>1</td> <td>2</td> <td>6 </td> </tr> <tr><td> "</td> <td>1 [?] <link link_id='342005' target_id='10763' target_title='copperas'>Copperas</link> 1/6 1 P Knife 5/ 1 [Gimblet?] 1/</td> <td/> <td>7</td> <td>6 </td> </tr> <tr><td/> <td/> <td>1</td> <td>10</td> <td/> </tr> </tbody> </table> <entryHeading depth='2' title='71 Jesse Hunter Self Dr.'>71 <link link_id='342006' target_id='19311' target_title='Jesse Hunter'>Jesse Hunter</link> Self Dr.</entryHeading><lb/><table class='tabular'><lb/><thead><lb/><tr><th class='bang'>Date</th> <th class='bang'>Item and price</th> <th class='bang'>L</th> <th class='bang'>s</th> <th class='bang'>d</th></tr></thead> <tbody> <tr><td> 18</td> <td>1 doz <link link_id='342007' target_id='10770' target_title='pipe'>Pipes</link> 2/6</td> <td/> <td>2</td> <td>6 </td> </tr> </tbody> </table> <entryHeading depth='2' title='71 James Wood Self Dr.'>71 <link link_id='342008' target_id='10796' target_title='James Wood'>James Wood</link> Self Dr.</entryHeading><lb/><table class='tabular'><lb/><thead><lb/><tr><th class='bang'>Date</th> <th class='bang'>Item and price</th> <th class='bang'>L</th> <th class='bang'>s</th> <th class='bang'>d</th></tr></thead> <tbody> <tr><td> 19</td> <td>[items struck out] 3/4 yds <link link_id='342009' target_id='10767' target_title='mode'>blk Mode</link> 13/</td> <td/> <td>13</td> <td/> </tr> <tr><td> "</td> <td>1 <link link_id='342010' target_id='10580' target_title='silk'>Hank Silk</link> 1/3 1 <link link_id='342011' target_id='10783' target_title='paste board'>paste Board</link> 1/</td> <td/> <td>2</td> <td>3 </td> </tr> <tr><td> "</td> <td>2 yds <link link_id='342012' target_id='10564' target_title='ribbon'>Ribbon</link> 4/ 1 <link link_id='342013' target_id='10758' target_title='knife'>Shoe Knife</link> 1/6</td> <td/> <td>5</td> <td>6 </td> </tr> <tr><td> 22</td> <td>3/4 yds <link link_id='342014' target_id='10767' target_title='mode'>blk Mode</link> 13/3/ 2 yds <link link_id='342015' target_id='10564' target_title='ribbon'>Ribbon</link> 4/</td> <td/> <td>17</td> <td>3 </td> </tr> <tr><td> "</td> <td>1 <link link_id='342016' target_id='10580' target_title='silk'>hank Silk</link> 1/- 1 <link link_id='342017' target_id='10783' target_title='paste board'>Paste Board</link> 1/</td> <td/> <td>2</td> <td/> </tr> <tr><td> "</td> <td>2 bunches <link link_id='342018' target_id='10769' target_title='wire'>Wire</link> 2/ 4 oz <link link_id='342019' target_id='10761' target_title='salt'>Salt</link> 1/3 1/2 oz [??] @9</td> <td/> <td>4</td> <td/> </tr> <tr><td/> <td/> <td>2</td> <td>4</td> <td/> </tr> </tbody> </table> <entryHeading depth='2' title='71 Mary Wood PP Son James Dr.'>71 <link link_id='342020' target_id='19312' target_title='Mary Wood'>Mary Wood</link> PP Son <link link_id='342021' target_id='10796' target_title='James Wood'>James</link> Dr.</entryHeading><lb/><table class='tabular'><lb/><thead><lb/><tr><th class='bang'>Date</th> <th class='bang'>Item and price</th> <th class='bang'>L</th> <th class='bang'>s</th> <th class='bang'>d</th></tr></thead> <tbody> <tr><td> 19</td> <td>1/2 ~ <link link_id='342022' target_id='10780' target_title='pepper'>Pepper</link> 3/-</td> <td/> <td>3</td> <td/> </tr> </tbody> </table></p>
      </page>
