<?xml version='1.0' encoding='UTF-8'?>    
      <page>
        <p>Stagville August 19th 1808</p><p><entryHeading depth='2' title='71 Temperance Wilburn PP Miss [P?] Dr.'>71 <link link_id='342156' target_id='19331' target_title='Temperance Wilburn'>Temperance Wilburn</link> PP Miss [P?] Dr.</entryHeading><lb/><table class='tabular'><lb/><thead><lb/><tr><th class='bang'>Date</th> <th class='bang'>Item and price</th> <th class='bang'>L</th> <th class='bang'>s</th> <th class='bang'>d</th></tr></thead> <tbody> <tr><td/> <td>1 <link link_id='342157' target_id='10580' target_title='silk'>hank Silk</link> 1/-</td> <td/> <td>1</td> <td/> </tr> </tbody> </table> <entryHeading depth='2' title='71 James Hopkins Self Dr.'>71 <link link_id='342158' target_id='10796' target_title='James Wood'>James</link> Hopkins Self Dr.</entryHeading><lb/><table class='tabular'><lb/><thead><lb/><tr><th class='bang'>Date</th> <th class='bang'>Item and price</th> <th class='bang'>L</th> <th class='bang'>s</th> <th class='bang'>d</th></tr></thead> <tbody> <tr><td> 20</td> <td>2 <link link_id='342159' target_id='10764' target_title='comb'>Hair Combs</link> 6/</td> <td/> <td>6</td> <td/> </tr> </tbody> </table> <entryHeading depth='2' title='71 John Roberts Self Dr.'>71 <link link_id='342160' target_id='19305' target_title='John Roberts'>John Roberts</link> Self Dr.</entryHeading><lb/><table class='tabular'><lb/><thead><lb/><tr><th class='bang'>Date</th> <th class='bang'>Item and price</th> <th class='bang'>L</th> <th class='bang'>s</th> <th class='bang'>d</th></tr></thead> <tbody> <tr><td> 20</td> <td>1 <link link_id='342161' target_id='19322' target_title='draw knife'>Drawing Knife</link> 6/-</td> <td/> <td>6</td> <td/> </tr> </tbody> </table> [Crossed out: item described as "Entd. in next Mo."]</p><p>[Entd in Memo??]<lb/><entryHeading depth='2' title='Nathan Ellis Self Dr.'><link link_id='342162' target_id='19332' target_title='Nathan Ellis'>Nathan Ellis</link> Self Dr.</entryHeading><lb/><table class='tabular'><lb/><thead><lb/><tr><th class='bang'>Date</th> <th class='bang'>Item and price</th> <th class='bang'>L</th> <th class='bang'>s</th> <th class='bang'>d</th></tr></thead> <tbody> <tr><td> 20</td> <td>1/2 ~ <link link_id='342163' target_id='10756' target_title='powder'>Powder</link> 5/- 2 ~ <link link_id='342164' target_id='10757' target_title='shot'>Shot</link> 5/</td> <td/> <td>10</td> <td/> </tr> <tr><td> "</td> <td>1 Wool <link link_id='342165' target_id='10520' target_title='hat'>Hat</link> 17/6 1 oz <link link_id='342166' target_id='16132' target_title='Red Cotton'>Red Cotton</link> 2/6</td> <td>1</td> <td/> <td/> </tr> <tr><td/> <td/> <td>1</td> <td>10</td> <td/> </tr> </tbody> </table> <entryHeading depth='2' title='71 John Wilburn Self Dr.'>71 <link link_id='342167' target_id='19327' target_title='John Wilburn'>John Wilburn</link> Self Dr.</entryHeading><lb/><table class='tabular'><lb/><thead><lb/><tr><th class='bang'>Date</th> <th class='bang'>Item and price</th> <th class='bang'>L</th> <th class='bang'>s</th> <th class='bang'>d</th></tr></thead> <tbody> <tr><td> 20</td> <td>2 <link link_id='342168' target_id='19323' target_title='tumbler'>Tumblers</link> 2/6 1 vial [Oil?] amber 3/n</td> <td/> <td>5</td> <td>6 </td> </tr> <tr><td> 29</td> <td>2 yds <link link_id='342169' target_id='19324' target_title='calico'>Calico</link> 20/ [F th?] @ d6 1 pr <link link_id='342170' target_id='19325' target_title='spectacles'>Spectacles</link> 10/-</td> <td>1</td> <td>10</td> <td>6 </td> </tr> <tr><td/> <td/> <td>1</td> <td>16</td> <td/> </tr> </tbody> </table> <entryHeading depth='2' title='71 Sutherland May Self Dr.'>71 <link link_id='342171' target_id='19328' target_title='Sutherland May'>Sutherland May</link> Self Dr.</entryHeading><lb/><table class='tabular'><lb/><thead><lb/><tr><th class='bang'>Date</th> <th class='bang'>Item and price</th> <th class='bang'>L</th> <th class='bang'>s</th> <th class='bang'>d</th></tr></thead> <tbody> <tr><td> 20</td> <td>1 <link link_id='342172' target_id='19323' target_title='tumbler'>Tumbler</link> 2/- 1 <link link_id='342173' target_id='19326' target_title='decanter'>Decanter</link> &amp; <link link_id='342174' target_id='10541' target_title='brandy'>Brandy</link> 5/</td> <td/> <td>7</td> <td/> </tr> </tbody> </table> <entryHeading depth='2' title='71 Elisha Umstead Self Dr.'>71 <link link_id='342175' target_id='19329' target_title='Elisha Umstead'>Elisha Umstead</link> Self Dr.</entryHeading><lb/><table class='tabular'><lb/><thead><lb/><tr><th class='bang'>Date</th> <th class='bang'>Item and price</th> <th class='bang'>L</th> <th class='bang'>s</th> <th class='bang'>d</th></tr></thead> <tbody> <tr><td> 20</td> <td>1 Quart <link link_id='342176' target_id='10572' target_title='whiskey paid Phillip'>Whisky</link> 3/-</td> <td/> <td>3</td> <td/> </tr> </tbody> </table> <entryHeading depth='2' title='71 Anthony Cozart PP Son Robert Dr.'>71 <link link_id='342177' target_id='19330' target_title='Anthony Cozart'>Anthony Cozart</link> PP Son Robert Dr.</entryHeading><lb/><table class='tabular'><lb/><thead><lb/><tr><th class='bang'>Date</th> <th class='bang'>Item and price</th> <th class='bang'>L</th> <th class='bang'>s</th> <th class='bang'>d</th></tr></thead> <tbody> <tr><td> 20</td> <td>200 <link link_id='342178' target_id='10774' target_title='nails'>d8 Nails</link> 5/- 1 Penknife 2/6</td> <td/> <td>7</td> <td>6 </td> </tr> <tr><td> "</td> <td><link link_id='342179' target_id='10517' target_title='cash'>Cash</link> paid him $5</td> <td>2</td> <td>10</td> <td/> </tr> <tr><td/> <td/> <td>2</td> <td>17</td> <td>6 </td> </tr> </tbody> </table></p>
      </page>
