<?xml version='1.0' encoding='UTF-8'?>    
      <page>
        <p><entryHeading depth='2' title='Stagville August 22nd, 1808'>Stagville August 22nd, 1808</entryHeading></p><p><entryHeading depth='2' title='71 John Vaughan Self Dr.'>71 <link link_id='342199' target_id='19333' target_title='John Vaughan'>John Vaughan</link> Self Dr.</entryHeading><lb/><table class='tabular'><lb/><thead><lb/><tr><th class='bang'>Date</th> <th class='bang'>Item and price</th> <th class='bang'>L</th> <th class='bang'>s</th> <th class='bang'>d</th></tr></thead> <tbody> <tr><td/> <td>1~ <link link_id='342200' target_id='10756' target_title='powder'>Powder</link> 10/- 2 ~ <link link_id='342201' target_id='10757' target_title='shot'>Shot</link> 5/-</td> <td/> <td>15</td> <td/> </tr> </tbody> </table> <lb/><entryHeading depth='2' title='71 Moses Leathers PP Son Moses Dr'>71 <link link_id='342202' target_id='19334' target_title='Moses Leathers'>Moses Leathers</link> PP Son Moses Dr</entryHeading><lb/><table class='tabular'><lb/><thead><lb/><tr><th class='bang'>Date</th> <th class='bang'>Item and price</th> <th class='bang'>L</th> <th class='bang'>s</th> <th class='bang'>d</th></tr></thead> <tbody> <tr><td> 22</td> <td>1 <link link_id='342203' target_id='10764' target_title='comb'>Hair Comb</link> 2/0</td> <td/> <td>2</td> <td>6 </td> </tr> </tbody> </table> <lb/><entryHeading depth='2' title='71 William Glenn? Self Dr.'>71 <link link_id='342204' target_id='19335' target_title='William Glenn?'>William Glenn?</link> Self Dr.</entryHeading><lb/><table class='tabular'><lb/><thead><lb/><tr><th class='bang'>Date</th> <th class='bang'>Item and price</th> <th class='bang'>L</th> <th class='bang'>s</th> <th class='bang'>d</th></tr></thead> <tbody> <tr><td> 23</td> <td>Merchs Paid John Wheeler 2/6</td> <td/> <td>2</td> <td>6 </td> </tr> <tr><td> "</td> <td>1/2 doz E <link link_id='342205' target_id='19336' target_title='plates'>Plates</link> 7/6 1 Pr <link link_id='342206' target_id='19337' target_title='Tailors Shears'>Tailors Shears</link> 2/6</td> <td/> <td>10</td> <td/> </tr> <tr><td> "</td> <td>1 Case <link link_id='342207' target_id='19338' target_title='Knives &amp; Forks'>Knives &amp; Forks</link> 15/ 1 [?] <link link_id='342208' target_id='10763' target_title='copperas'>Copperas</link> 1/6</td> <td/> <td>16</td> <td>6 </td> </tr> <tr><td> "</td> <td>1 oz <link link_id='342209' target_id='16132' target_title='Red Cotton'>Red Cotton</link> 2/6 1 <link link_id='342210' target_id='10758' target_title='knife'>Pocket Knife</link> 5/-</td> <td/> <td>7</td> <td>6 </td> </tr> <tr><td/> <td/> <td>1</td> <td>16</td> <td>6 </td> </tr> </tbody> </table> <lb/><entryHeading depth='2' title='Entd in Memo| Robert Duke Self Dr.'>Entd in Memo| Robert Duke Self Dr.</entryHeading><lb/><table class='tabular'><lb/><thead><lb/><tr><th class='bang'>Date</th> <th class='bang'>Item and price</th> <th class='bang'>L</th> <th class='bang'>s</th> <th class='bang'>d</th></tr></thead> <tbody> <tr><td> 23</td> <td>1 Case <link link_id='342211' target_id='19338' target_title='Knives &amp; Forks'>Knives &amp; Forks</link> 20/- 2 <link link_id='342212' target_id='19339' target_title='Shoe Knives'>Shoe Knives</link> 3/-</td> <td>1</td> <td>3</td> <td/> </tr> <tr><td> "</td> <td>1 <link link_id='342213' target_id='10566' target_title='pins'>Paper Pins</link> 3/-</td> <td/> <td>3</td> <td/> </tr> <tr><td/> <td/> <td>1</td> <td>6</td> <td/> </tr> </tbody> </table> <lb/><entryHeading depth='2' title='71 Leonard Waggoner PP Daughter Eliza Dr'>71 Leonard Waggoner PP Daughter Eliza Dr</entryHeading><lb/><table class='tabular'><lb/><thead><lb/><tr><th class='bang'>Date</th> <th class='bang'>Item and price</th> <th class='bang'>L</th> <th class='bang'>s</th> <th class='bang'>d</th></tr></thead> <tbody> <tr><td> 23</td> <td>1/8 yd <link link_id='342214' target_id='19340' target_title='Black Mode'>Black Mode</link> 2/3</td> <td/> <td>2</td> <td>3 </td> </tr> </tbody> </table> <lb/><entryHeading depth='2' title='71 William Jones PP M. Wheeler Dr.'>71 <link link_id='342215' target_id='14358' target_title='William Veazey'>William</link> Jones PP M. Wheeler Dr.</entryHeading><lb/><table class='tabular'><lb/><thead><lb/><tr><th class='bang'>Date</th> <th class='bang'>Item and price</th> <th class='bang'>L</th> <th class='bang'>s</th> <th class='bang'>d</th></tr></thead> <tbody> <tr><td> 23</td> <td>1 quire <link link_id='342216' target_id='19341' target_title='Paper'>Paper</link> 4/-</td> <td/> <td>4</td> <td/> </tr> </tbody> </table> <lb/><entryHeading depth='2' title='71 Martin Wheeler Self Dr.'>71 Martin Wheeler Self Dr.</entryHeading><lb/><table class='tabular'><lb/><thead><lb/><tr><th class='bang'>Date</th> <th class='bang'>Item and price</th> <th class='bang'>L</th> <th class='bang'>s</th> <th class='bang'>d</th></tr></thead> <tbody> <tr><td> 23</td> <td>1/4 ~ <link link_id='342217' target_id='10780' target_title='pepper'>Pepper</link> 1/6</td> <td/> <td>1</td> <td>6 </td> </tr> </tbody> </table> <lb/></p>
      </page>
