<?xml version='1.0' encoding='UTF-8'?>    
      <page>
        <p>Stagville August 24th 1808<lb/><entryHeading depth='2' title='71 Daniel Umstead Self Dr.'>71 Daniel Umstead Self Dr.</entryHeading><lb/><table class='tabular'><lb/><thead><lb/><tr><th class='bang'>Date</th> <th class='bang'>Item and price</th> <th class='bang'>L</th> <th class='bang'>s</th> <th class='bang'>d</th></tr></thead> <tbody> <tr><td/> <td>1/2 ~ <link link_id='342257' target_id='10756' target_title='powder'>Powder</link> 5/- 2 1/2 ~ <link link_id='342258' target_id='10757' target_title='shot'>Shot</link> 6/3</td> <td/> <td>11</td> <td>3</td> </tr> </tbody> </table> <entryHeading depth='2' title='71 James Walker Esq. PP W. Roberts Jr Dr.'>71 <link link_id='342259' target_id='19345' target_title='James Walker'>James Walker Esq.</link> PP W. Roberts Jr Dr.</entryHeading><lb/><table class='tabular'><lb/><thead><lb/><tr><th class='bang'>Date</th> <th class='bang'>Item and price</th> <th class='bang'>L</th> <th class='bang'>s</th> <th class='bang'>d</th></tr></thead> </table> <table class='tabular'><lb/><thead><lb/><tr><th/> <th>"</th> <th>2 Vials <link link_id='342260' target_id='19342' target_title='bark'>Bark</link> 10/-</th> <th/> <th>10</th></tr></thead> <tbody> <tr><td/> <td/> <td>1</td> <td>9</td> <td>6 </td> </tr> </tbody> </table> <entryHeading depth='2' title='71 Edward Harris Self Dr'>71 <link link_id='342261' target_id='19346' target_title='Edward Harris'>Edward Harris</link> Self Dr</entryHeading><lb/><table class='tabular'><lb/><thead><lb/><tr><th class='bang'>Date</th> <th class='bang'>Item and price</th> <th class='bang'>L</th> <th class='bang'>s</th> <th class='bang'>d</th></tr></thead> <tbody> <tr><td> 25</td> <td>1 <link link_id='342262' target_id='10764' target_title='comb'>Fine Comb</link> 3/- 4 [Plane?] Irons 8/-</td> <td/> <td>11</td> <td/> </tr> <tr><td> "</td> <td>1 <link link_id='342263' target_id='10566' target_title='pins'>Paper Pins</link> 3/</td> <td/> <td>3</td> <td/> </tr> <tr><td/> <td/> <td/> <td>14</td> <td/> </tr> </tbody> </table> <entryHeading depth='2' title='71 John Glenne Self Dr.'>71 <link link_id='342264' target_id='19347' target_title='John Glenne'>John Glenne</link> Self Dr.</entryHeading><lb/><table class='tabular'><lb/><thead><lb/><tr><th class='bang'>Date</th> <th class='bang'>Item and price</th> <th class='bang'>L</th> <th class='bang'>s</th> <th class='bang'>d</th></tr></thead> <tbody> <tr><td> 26</td> <td>1 <link link_id='342265' target_id='19352' target_title='Jews harp'>Jews harp</link> @6</td> <td/> <td/> <td>6 </td> </tr> </tbody> </table> <entryHeading depth='2' title='71 Thomas Laycock Self Dr.'>71 <link link_id='342266' target_id='19348' target_title='Thomas Laycock'>Thomas Laycock</link> Self Dr.</entryHeading><lb/><table class='tabular'><lb/><thead><lb/><tr><th class='bang'>Date</th> <th class='bang'>Item and price</th> <th class='bang'>L</th> <th class='bang'>s</th> <th class='bang'>d</th></tr></thead> <tbody> <tr><td> 26</td> <td><link link_id='342267' target_id='10506' target_title='rum'>1 qt Rum</link> 5/- 1 ~ <link link_id='342268' target_id='10760' target_title='coffee'>Coffee</link> 6/- 3 ~ <link link_id='342269' target_id='7930' target_title='sugar'>Sugar</link> 7/6</td> <td/> <td>18</td> <td>6 </td> </tr> <tr><td> "</td> <td>1/4 ~ <link link_id='342270' target_id='10778' target_title='allspice'>Allspice</link> 1/3  1 ~ <link link_id='342271' target_id='10763' target_title='copperas'>Copperas</link> 1/6 1 pr <link link_id='342272' target_id='19343' target_title='scissors'>Scissars</link> 4/6</td> <td/> <td>7</td> <td>3 </td> </tr> <tr><td/> <td/> <td>1</td> <td>5</td> <td>9 </td> </tr> </tbody> </table> <entryHeading depth='2' title='71 Peyton Madison Self Dr.'>71 <link link_id='342273' target_id='19349' target_title='Peyton Madison'>Peyton Madison</link> Self Dr.</entryHeading><lb/><table class='tabular'><lb/><thead><lb/><tr><th class='bang'>Date</th> <th class='bang'>Item and price</th> <th class='bang'>L</th> <th class='bang'>s</th> <th class='bang'>d</th></tr></thead> <tbody> <tr><td> 26</td> <td>1/4~ <link link_id='342274' target_id='10756' target_title='powder'>Powder</link> 2/6 1 ~ <link link_id='342275' target_id='10757' target_title='shot'>Shot</link> 2/6</td> <td/> <td>5</td> <td/> </tr> </tbody> </table> <entryHeading depth='2' title='71 John Alston PP Son Alfred Dr.'>71 <link link_id='342276' target_id='19350' target_title='John Alston'>John Alston</link> PP Son Alfred Dr.</entryHeading><lb/><table class='tabular'><lb/><thead><lb/><tr><th class='bang'>Date</th> <th class='bang'>Item and price</th> <th class='bang'>L</th> <th class='bang'>s</th> <th class='bang'>d</th></tr></thead> <tbody> <tr><td> 27</td> <td>1 <link link_id='342277' target_id='10758' target_title='knife'>penknife</link> 3/-</td> <td/> <td>3</td> <td/> </tr> </tbody> </table> <entryHeading depth='2' title='71 Willis Roberts Self Dr.'>71 <link link_id='342278' target_id='19351' target_title='Willis Roberts'>Willis Roberts</link> Self Dr.</entryHeading><lb/><table class='tabular'><lb/><thead><lb/><tr><th class='bang'>Date</th> <th class='bang'>Item and price</th> <th class='bang'>L</th> <th class='bang'>s</th> <th class='bang'>d</th></tr></thead> <tbody> <tr><td> 27</td> <td>1 Sett <link link_id='342279' target_id='19344' target_title='tea cups and saucers'>Tea Cups &amp; saucers</link> 7/6</td> <td/> <td>7</td> <td>6 </td> </tr> </tbody> </table></p>
      </page>
