<?xml version='1.0' encoding='UTF-8'?>    
      <page>
        <p><entryHeading depth='2' title='Stagville August 29th 1808'>Stagville August 29th 1808</entryHeading></p><p><entryHeading depth='2' title='71 John Hung Self Dr.'>71 <link link_id='342336' target_id='19353' target_title='John Hung'>John Hung</link> Self Dr.</entryHeading><lb/><table class='tabular'><lb/><thead><lb/><tr><th class='bang'>Date</th> <th class='bang'>Item and price</th> <th class='bang'>L</th> <th class='bang'>s</th> <th class='bang'>d</th></tr></thead> <tbody> <tr><td/> <td>1/4 ~ <link link_id='342337' target_id='10756' target_title='powder'>Powder</link> 2/6 1 <link link_id='342338' target_id='10757' target_title='shot'>Shot</link> 2/6</td> <td/> <td>5</td> <td/> </tr> </tbody> </table> <lb/><entryHeading depth='2' title='71 James Leathers PP Jack Dr.'>71 <link link_id='342339' target_id='19354' target_title='James Leathers'>James Leathers</link> PP Jack Dr.</entryHeading><lb/><table class='tabular'><lb/><thead><lb/><tr><th class='bang'>Date</th> <th class='bang'>Item and price</th> <th class='bang'>L</th> <th class='bang'>s</th> <th class='bang'>d</th></tr></thead> <tbody> <tr><td> 30</td> <td>1 [Core?] <link link_id='342340' target_id='19355' target_title='Salts'>Salts</link> @ 6</td> <td/> <td/> <td>6 </td> </tr> </tbody> </table> <lb/><entryHeading depth='2' title='71 Elijah Pearce Self Dr'>71 Elijah Pearce Self Dr</entryHeading><lb/><table class='tabular'><lb/><thead><lb/><tr><th class='bang'>Date</th> <th class='bang'>Item and price</th> <th class='bang'>L</th> <th class='bang'>s</th> <th class='bang'>d</th></tr></thead> <tbody> <tr><td> 31</td> <td>1/2 <link link_id='342341' target_id='10761' target_title='salt'>bushel Salt</link> 10/-  2 oz <link link_id='342342' target_id='19355' target_title='Salts'>Salts</link> 9d</td> <td/> <td>10</td> <td>9 </td> </tr> </tbody> </table> <lb/><entryHeading depth='2' title='71 David Glenn Self Dr.'>71 David Glenn Self Dr.</entryHeading><lb/><table class='tabular'><lb/><thead><lb/><tr><th class='bang'>Date</th> <th class='bang'>Item and price</th> <th class='bang'>L</th> <th class='bang'>s</th> <th class='bang'>d</th></tr></thead> <tbody> <tr><td> 31</td> <td>1 <link link_id='342343' target_id='10758' target_title='knife'>Pocket Knife</link> 5/- 1 doz <link link_id='342344' target_id='19356' target_title='Marbles'>Marbles</link> 1/</td> <td/> <td>6</td> <td/> </tr> </tbody> </table> <lb/><entryHeading depth='2' title='72 Elijah Patterson Self Dr.'>72 Elijah Patterson Self Dr.</entryHeading><lb/><table class='tabular'><lb/><thead><lb/><tr><th class='bang'>Date</th> <th class='bang'>Item and price</th> <th class='bang'>L</th> <th class='bang'>s</th> <th class='bang'>d</th></tr></thead> <tbody> <tr><td> May 20</td> <td>1 yd Linen 10/- 2 [Strans?] <link link_id='342345' target_id='19357' target_title='Necklace'>Necklace</link> 3/-</td> <td/> <td>13</td> <td/> </tr> <tr><td> "</td> <td>1 pr Slippers 15/- 1 <link link_id='342346' target_id='19358' target_title='silk handkerchief'>Sillk Hkf</link> 12/6 2 ~ <link link_id='342347' target_id='7930' target_title='sugar'>Sugar</link> 5/-</td> <td>1</td> <td>12</td> <td>6 </td> </tr> <tr><td> "</td> <td>1/4~ <link link_id='342348' target_id='10778' target_title='allspice'>Allspice</link> 1/3 <link link_id='342349' target_id='10541' target_title='brandy'>1 qt Brandy</link> 4/ 1/4~ <link link_id='342350' target_id='10756' target_title='powder'>Powder</link> 2/6</td> <td/> <td>7</td> <td>9 </td> </tr> <tr><td> " 29</td> <td>3 Pints <link link_id='342351' target_id='10541' target_title='brandy'>Brandy</link> 6/1 1 ~ <link link_id='342352' target_id='10757' target_title='shot'>Shot</link> 2/</td> <td/> <td>8</td> <td/> </tr> <tr><td> "</td> <td>1 1/2 ~ <link link_id='342353' target_id='19359' target_title='Steel'>Steel</link> Work'd at the Shop  @ 3/-</td> <td/> <td>4</td> <td>6 </td> </tr> <tr><td> June 6</td> <td>1 quart <link link_id='342354' target_id='10519' target_title='whiskey'>Whisky</link></td> <td/> <td>3</td> <td/> </tr> <tr><td> " 10</td> <td><link link_id='342355' target_id='10541' target_title='brandy'>1 qt Brandy</link> 4/-1 Vial <link link_id='342356' target_id='19360' target_title='Turlingtons Balsam'>Turlingtons Balsam</link> 5/-</td> <td/> <td>9</td> <td/> </tr> <tr><td> "</td> <td>2 Check <link link_id='342357' target_id='10546' target_title='handkerchief'>Hkfs</link> @ 4/</td> <td/> <td>8</td> <td/> </tr> <tr><td> " 20</td> <td><link link_id='342358' target_id='10541' target_title='brandy'>1 qt Brandy</link> 4/- 1 Pocket Hkf 7/6</td> <td/> <td>11</td> <td>6 </td> </tr> <tr><td> " 24</td> <td><link link_id='342359' target_id='10541' target_title='brandy'>1 qt Brandy</link> 4/- 1/4 ~ Steel Work'd at Shop @9</td> <td/> <td>4</td> <td>9 </td> </tr> <tr><td> July 2</td> <td>1 pr <link link_id='342360' target_id='19361' target_title='Blue Nankeen'>Blue Nankeen</link> 35/ <link link_id='342361' target_id='10560' target_title='Thread'>Thread</link> 1/</td> <td>1</td> <td>16</td> <td/> </tr> <tr><td> "</td> <td>3 1/2 yds <link link_id='342362' target_id='19362' target_title='Linen'>Linen</link> 38/6 1/8 yd <link link_id='342363' target_id='19363' target_title='Cotton Cambrick'>Cotton Cambrick</link> 2/3</td> <td>2</td> <td/> <td>9 </td> </tr> <tr><td> "</td> <td>2 <link link_id='342364' target_id='19358' target_title='silk handkerchief'>hanks Silk</link> 2/6 <link link_id='342365' target_id='10541' target_title='brandy'>1 qt Brandy</link> 4/-</td> <td/> <td>6</td> <td>6 </td> </tr> <tr><td> " 19</td> <td>Merchs pd <link link_id='342366' target_id='19364' target_title='Mrs Chambliss'>Mrs Chambliss</link> PP verbal Order</td> <td/> <td>17</td> <td>6 </td> </tr> <tr><td> " 22</td> <td><link link_id='342367' target_id='10541' target_title='brandy'>1 qt Brandy</link> 4/- Powwder &amp; <link link_id='342368' target_id='10757' target_title='shot'>Shot</link> 5/-</td> <td/> <td>9</td> <td/> </tr> <tr><td> " 29</td> <td><link link_id='342369' target_id='10541' target_title='brandy'>1 qt Brandy</link> 4/-</td> <td/> <td>4</td> <td/> </tr> <tr><td> Augt 2</td> <td>1 qt <link link_id='342370' target_id='10541' target_title='Brandy'>Ditto</link> 4/-</td> <td/> <td>4</td> <td/> </tr> <tr><td> " 6</td> <td>2 <link link_id='342371' target_id='19358' target_title='silk handkerchief'>hks Silk</link> 2/6 1 pr C <link link_id='342372' target_id='19365' target_title='Stockings'>Stockings</link> 14/- <link link_id='342373' target_id='10541' target_title='brandy'>1 qt Brandy</link> 4/</td> <td>1</td> <td/> <td>6 </td> </tr> <tr><td> " 10</td> <td><link link_id='342374' target_id='10541' target_title='brandy'>1 qt Brandy</link> 4/- 1 <link link_id='342375' target_id='19358' target_title='silk handkerchief'>hk Silk</link> 1/3 1 ~ <link link_id='342376' target_id='7930' target_title='sugar'>Sugar</link> 2/6</td> <td/> <td>7</td> <td>9 </td> </tr> <tr><td> " 11</td> <td><link link_id='342377' target_id='10517' target_title='cash'>Cash</link> paid him 10/- 1 yd <link link_id='342378' target_id='10564' target_title='ribbon'>Ribbon</link> 2/</td> <td/> <td>12</td> <td/> </tr> <tr><td> " 13</td> <td><link link_id='342379' target_id='10541' target_title='brandy'>1 qt Brandy</link> 4/- <link link_id='342380' target_id='10541' target_title='brandy'>1 quart Ditto</link> (15th) 4/</td> <td/> <td>8</td> <td/> </tr> <tr><td> 16</td> <td>2 <link link_id='342381' target_id='19358' target_title='silk handkerchief'>hanks Silk</link> 2/6</td> <td/> <td>2</td> <td>6 </td> </tr> <tr><td> " 18</td> <td><link link_id='342382' target_id='10541' target_title='brandy'>1 qt Brandy</link> 4/1 1/2 <link link_id='342383' target_id='10578' target_title='molasses'>Gallon Molasses</link> 6/3 ""</td> <td/> <td>10</td> <td>3 </td> </tr> <tr><td> " 24</td> <td><link link_id='342384' target_id='10541' target_title='brandy'>1 qt Brandy</link> 4/- 2 ~ <link link_id='342385' target_id='7930' target_title='sugar'>Sugar</link> 5/-</td> <td/> <td>9</td> <td/> </tr> <tr><td> " 27</td> <td><link link_id='342386' target_id='10541' target_title='brandy'>1 quart Brandy</link> 4/- 1 <link link_id='342387' target_id='19358' target_title='silk handkerchief'>hank Silk</link> 1/3</td> <td/> <td>5</td> <td>3 </td> </tr> <tr><td> " 29</td> <td><link link_id='342388' target_id='10541' target_title='brandy'>1 qt Brandy</link> 4/- 1 quire <link link_id='342389' target_id='19341' target_title='Paper'>Paper</link> 4/-</td> <td/> <td>8</td> <td/> </tr> <tr><td> " 30</td> <td>1 <link link_id='342390' target_id='19366' target_title='Slate'>Slate</link> 4/6 1 <link link_id='342391' target_id='19367' target_title='Brass Ink Stand'>Brass Ink Stand</link> 3/6</td> <td/> <td>8</td> <td/> </tr> <tr><td/> <td/> <td>15</td> <td>11</td> <td/> </tr> </tbody> </table></p>
      </page>
