<?xml version='1.0' encoding='UTF-8'?>    
      <page>
        <p>Stagville August 31st 1808<lb/></p><p> 72| Merchandise To Sundries Dr.<lb/> | Gracie Anderson &amp; Co for Sundries<lb/> PP Bill L26.11.11 [V C F?] |44|6|6|<lb/> | John Asborne [Osborne?] PP Ditto L 7.7.1 [V C F?] |12|5|2|<lb/> |56|11|8|<lb/></p><p> 72| Cash To Sundries Dr<lb/></p><p> 2| Richard Standby in full |4|4|3|<lb/></p><p> "| Thomas Horner " |14|8|9|<lb/></p><p> 10| Richmond Harris " |5|11|9|<lb/></p><p> "| Notes &amp; anotr recd of Osborne<lb/> Jeffreys by J Green in full |2|10|0|<lb/></p><p> "| Ditto recd of Robert Davis<lb/> by J Green in full |1|8|9|<lb/></p><p> 13| Ditto rec'd of Solomon Williams in full ||5|0|<lb/></p><p> 25| Ditto recd of Rueben Smith<lb/> in full of Diana Jones's Judgement &amp; Interest |2|7|3|<lb/> |6|11||<lb/></p><p> 25 Duncan Cameron pd for 8 hhds Tobacco<lb/> 60~ Wool &amp; 7 pr. Leading Lines |191|6|3|<lb/></p><p> 26 General Charges recd for Wheat L||7|6|<lb/></p><p> <table class='tabular'><lb/><thead><lb/><tr><th>27 &amp; 29</th> <th>Ditto recd for 130 ~ Bacon</th> <th>6</th> <th>10</th> <th>0</th></tr></thead> </table> "| Ditto recd of Doctor Umstead for<lb/> Horse Shoeing |1|3|0|<lb/></p><p> "| Ditto recd of Ditto for Carriage of 650~ from Petersburg |3|5|0|<lb/></p><p> <table class='tabular'><lb/><thead><lb/><tr><th>"</th> <th>Ditto recd of Ditto for 1 doz<lb/></th></tr></thead> </table> <lb/> 31| Ditto recd of John Wilkins for 1<lb/> bbl Flour Sold on the road |2|10|0|<lb/> |19|7|6|<lb/></p><p> | Merchands PP Doctor Umstead PP Memo in full |15|0|0|<lb/></p><p> | Ditto for Sundries sold this Month PP Sales |12|10|9|<lb/></p><p> 27|10|9|<lb/></p><p> Profit &amp; Loss Surplus ||5|6|<lb/></p><p> |269|5|9|<lb/></p>
      </page>
