<?xml version='1.0' encoding='UTF-8'?>    
      <page>
        <p>Stagville August 31, 1808<lb/></p><p> Sundries To Cash Dr.<lb/></p><p> 11| Shadrach Roberts pd him ||5||<lb/></p><p> 14| Genl Charges pd Dick for Onions L..5.0<lb/></p><p> 18| Ditto pd the Editor of the<lb/> Washington Federalist for<lb/> 1 Years Subscription $5 2.10.0<lb/></p><p> 18| Ditto pd the Editor of the<lb/> Richmond Enquirer for 1<lb/> yrs Subscription ending 11th <lb/> January last $5 2.10.0<lb/></p><p> 25| Ditto pd Mr. Kirkland for<lb/> 60~ Wool a 3/6 &amp; 7 pr Lines for 20/- 11.10.0<lb/></p><p> 25| DItto pd Jerry Holt for a Wheat<lb/> Fan &amp; Carriage of the same<lb/> to this place $26 13.0.0<lb/></p><p> 30| Ditto pd Doctor Umstead for the<lb/> hire of Isaac 6 Weeks $15 7.10.0<lb/></p><p> | Ditto pd Sarah Chavis in part<lb/> for Sundry Carpenter's Tools<lb/> PP Inventory valued by Young Dortch<lb/> &amp; Anderson Clements $20 10.0.0<lb/></p><p> 31| Ditto pd for Waggon Expences to<lb/> Petersburg PP J Wilkins's Statement ..12.6<lb/></p><p> |47|17|6|<lb/></p><p> 11| Elijah Patterson pd him $1 ||10||<lb/></p><p> 18| John Wilkins pd him at twice $3 1/2 |1|15||<lb/></p><p> 20| Anthony Cozart pd his son Robt |2|10|0|<lb/></p><p> 25| Tobacco accot pd for 8 Hhds 10789 ~<lb/> Nett a 33/[?] |179|16|3|<lb/></p><p> 30| Richard Bennehan &amp; Son paid<lb/> Doctor Umstead his accot for visits &amp;<lb/> attendance on Mrs B PP Bill Recd $180 |90|||<lb/></p><p> |322|13|9|</p>
      </page>
