<?xml version='1.0' encoding='UTF-8'?>    
      <page>
        <p>Stagville September 1st 1808<lb/></p><p> 74| Temperance Wilburn PP Miss Philips Dr.<lb/> 1 pr Short Gloves 5/ ||5||<lb/> 3| 1 pr Steel Knitting Pins @9 |||9|<lb/> 16| 1 hank Silk 1/ ||1||<lb/> 17| 1 hank Ditto 1/ ||1||<lb/></p><p> ||7|9|<lb/></p><p> 74| John Wilkins Self Dr<lb/> 1? 1 Felt Hat 20/- |1|||<lb/></p><p> 74| Archer harris PP Daughter Ruth Dr<lb/> 1| 1 pr Slippers 15/- 4 yds Calico 30/- |2|5||<lb/> 1| 1 oz Fine Thread 5/- ||5||<lb/> 12| 1/2 Bushel Salt 10/- 2 Haircombs 7/- ||9||<lb/> 12| 1/2 doz pint Tin Cups 9/- PP Williams ||9||<lb/> |3|16||<lb/></p><p> 74| James Briggs Self Dr<lb/> 1 Fine Comb 5/- 1 [bent?] Ditto ||7|6|<lb/></p><p> 74| Elijah Patterson Self Dr.<lb/> 1| 1 qt Brandy 4/- 1 hank Silk 1/3 ||5|3|<lb/> 2| 1 qt Brandy 4/ 1 hank Silk 1/3 ||5|3|<lb/> 5| 1 qt Brandy 4/ 1 qt Brandy (6th) ||8||<lb/> 10| 1 qt Brandy 4/- 1 hank Silk 1/3 ||5|3|<lb/> 15| 1 quart Brandy 4/ ||4||<lb/> 16| 1 Hkf 7/6 2 Strain Bead 1/- 2 ~ Sugar 5/ ||13|6|<lb/> 23| 1 Decanter 6/- 1 Tumbler 2/- 1 qt Brandy 4/ ||12||<lb/> 23| 3 ~ Sugar 7/6 1 Hair Comb 3/6 ||11||<lb/> 28|1 quart Brandy 4/ ||4||<lb/> |3|8|3|<lb/></p><p/>
      </page>
