<?xml version='1.0' encoding='UTF-8'?>    
      <page>
        <p>Stagville September 2d 1808<lb/></p><p> 74| [Onby?] Owins PP Son Thomas Dr<lb/> | 1 Bushel Salt 20/ |1|||<lb/> | 6 1/2 ~ Iron Workd at the Shop in Apl ||6|6|<lb/> |1|6|6|<lb/></p><p> 74| James Walker Esq PP Wife Dr<lb/> 2| 1 doz Needles 1/- 1 Stran Beads 5/ ||6||<lb/> 2| 6 Tumblers 12/- 1 yd L Ribbon d6 ||12|6|<lb/> ||18|6|<lb/></p><p> 74| Joshua Welsh PP Order Dr<lb/> 3| Genl Charges for 48~ Bacon 1/ |2|8||<lb/> 17| 1 brass Ink Stand 3/5 1 Tickler Whisky 1/9 ||5|3|<lb/> |2|13|3|<lb/></p><p> 74| James Hopkins Self Dr<lb/> 3| 1 Sq Shaving Soap 2/- ||2||<lb/></p><p> 75| William Laycock Self Dr.<lb/> 3| 1 1/2 yds Cotton Shirting 11/3 1/2 ~ Pepper 3/ ||14|3|<lb/> 3| 1/2 doz Pipes 1/ ||1||<lb/> ||15|3|<lb/></p>
      </page>
