<?xml version='1.0' encoding='UTF-8'?>    
      <page>
        <p>Stagville September 3rd 1808<lb/></p><p> 75| James Wood Jr Self Dr<lb/> | 1 doz Coat buttons 4/- 1 doz Vest Ditto {buttons}<lb/></p><p> 75| William Montgomery Self Dr<lb/> 3| 6 [pt?] Tin Cups 9/- 1/4 ~ Pepper 1/6<lb/> 16 3/8 yds Muslin 3/9 F thd @6 2 yds Ribbon 2/ ||6|3|<lb/> ||16|9|<lb/></p><p> 75| John Roberts PP Son Lewis Dr<lb/> 5| 1 Bushel Salt 20/- 2 1/4 ~ Iron 2/3 |1|2|3|<lb/> | 3/4 ~ Iron @9 1/4 ~ Steel @ 9 Work'd at the Shop ||1|6|<lb/> |1|3|9|<lb/></p><p> 75| Hugh Morris Self Dr<lb/> 6| 1 Bottle Spts Turpentine 3/6 2 doz Needles 2/- ||5|6|<lb/> 6| 50 @6 Nails 1/ 1 pr Spectacles 12/6 1 Peck Salt 5/- ||18|6|<lb/> |1|4||<lb/></p><p> 75| Moses Jones Junr PP Order Dr.<lb/> 6| Merchd paid [Sion?] Parrish ||10||<lb/> 10| 1/2 yd Linen PP [?] Stephenson ||5||<lb/> ||15||<lb/></p><p> 75| Jonathan Moize Self Dr.<lb/> 6| 3 Shoe Knives @ 1/6 ||4|6|<lb/></p>
      </page>
