<?xml version='1.0' encoding='UTF-8'?>    
      <page>
        <p>1 Hhd <link link_id='151993' target_id='7930' target_title='sugar'>Sugar</link> bought of Wm J H Haxall<lb/></p><p> July 1808 barrel'd Vizt.<lb/></p><p> <table class='tabular'><lb/><thead><lb/><tr><th class='bang'>quantity</th> <th class='bang'>unit</th> <th class='bang'>subtracted unit</th> <th class='bang'>total unit</th> <th class='bang'>destination</th></tr></thead> <tbody> <tr><td>1  bbl</td> <td>249</td> <td>21</td> <td>228</td> <td>Stagville<lb/></td> </tr> <tr><td>1  "</td> <td>227</td> <td>19</td> <td>258</td> <td>FD Store<lb/></td> </tr> <tr><td>1  "</td> <td>112</td> <td>12</td> <td>100</td> <td>Family</td> </tr> </tbody> </table></p>
      </page>
