<?xml version='1.0' encoding='UTF-8'?>    
      <page>
        <p>Stagville September 6th 1808<lb/> 75| William Veazey PP Sister Becky Dr<lb/> | 1 doz Needles 1/- ||1||<lb/></p><p> 75| Thomas Horner Self Dr.<lb/> 6| 1 ~ Copperas 1/6 1 quire Paper 4/- ||5|6|<lb/> 26| 3 quires Paper 12/ ||12||<lb/> ||17|6|<lb/></p><p> 75| Anthony Cozart PP Order Dr<lb/> 6| Merchandise paid John Watters |2|||<lb/></p><p> 75| Moses Fussell Self Dr<lb/> 8| Pocket Hkf 5/- ||5||<lb/> 20| 2 1/4 yds Calico 22/ 3/4 yd Muslin 7/6 |1|9|6|<lb/> 20| 3 yds Edging 106 1 Pilgrims Progress 7/6 PP Wife ||18||<lb/> |2|12|6|<lb/></p><p> 75| Allen Moize Self Dr<lb/> 8| 1 hank Silk 1/3 1/2 doz buttons 1/3 ||2|6|<lb/></p><p> 75| Davis Glenn Self Dr<lb/> 8| 3 Tin Cups 3/- ||3||<lb/></p>
      </page>
