<?xml version='1.0' encoding='UTF-8'?>    
      <page>
        <p>Stagville September 10th 1808<lb/></p><p> 75| James Haley Self Dr<lb/> | 1 Peck Salt 5/ ||5||<lb/></p><p> 75| Thomas Haley Self Dr.<lb/> 10| 1 Peck Salt 5/- ||5||<lb/></p><p> 75| John Alston PP Son Alfred Dr<lb/> 10| 3 ~ Sugar 7/6 1 ~ Coffee 6/- 1 quire Paper 4/ ||17|6|<lb/></p><p> 75| Sutherland May PP Phillip Bennet Dr.<lb/> 10| 1 ~ Sugar 2/6 1 ~ Copperas 1/6 1 qt Whisky 3/ ||7||<lb/></p><p> 75| Frederic Moize Self Dr.<lb/> 10| 1 Peck Salt 5/- ||5||<lb/></p><p> | William Lewis Self Dr<lb/> 12| 200 12@ Nails 3/6 ||7||<lb/></p><p> 75| Joel Chambliss Self Dr<lb/> 12| 1 Paper Pins 3/- 1 Bushel Salt 20/- |1|3||<lb/></p>
      </page>
