<?xml version='1.0' encoding='UTF-8'?>    
      <page>
        <p>Stagville September 12th 1808<lb/></p><p> 75| John Telley Jr Self Dr<lb/> |1 pr Suspenders 6/- ||6||<lb/></p><p> 75| Twitty Chambliss Self Dr.<lb/> 12| 1 Pasteboard 1/ ||1||<lb/> 24| 1/2 Gallon Molasses 6/3 ||6|3|<lb/> ||7|3|<lb/></p><p> 75| Mary Wood PP [Zad?] Browning Dr<lb/> 13| 1 qt Brandy 4/- 1 Peck Salt 5/- 2 pipes 6d ||9|6|<lb/></p><p> 75| Allen Cain Self Dr<lb/> 13| 3 ~ Copperas 4/6 1 P Pins 3/- 1/2 ~ Shot 1/3 ||8|9|<lb/></p><p> 75| Thomas Cash Self Dr<lb/> 14| 1 Tin Cup 1/- ||1||<lb/></p><p> 75| Lazarus Telley Self Dr<lb/> 14| 1 Bushel Salt 20/- Powder &amp; Shot 5/ |1|5||<lb/></p><p> 75| Isaac Weaver To Profit &amp; Loss Dr<lb/> 14| for Interest on his Note ||12|6|<lb/></p><p/>
      </page>
