<?xml version='1.0' encoding='UTF-8'?>    
      <page>
        <p>Stagville September 14th 1808<lb/></p><p> 75| Sundries To Isaac Weaver Dr<lb/> | Cash recd in part |4|5|0|<lb/> | New accot for balance PP Note |2|10|9|<lb/> |6|15|9|<lb/></p><p> 76| John Shepperd Self Dr<lb/> 15| 1/2 peck Salt 2/6 ||2|6|<lb/></p><p> 76| William P. Sample PP Order Dr<lb/> 15| 3/4 ~ Powder 7/6 4 ~ Shot 10/- ||17|6|<lb/> 29| 1 Stock Lock 5/6 1 Frying Pan 15/9 |1|1|3|<lb/> 29| 1 yd Cotton Cambrick 13/6 F thd - 6d Self ||14||<lb/> |2|12|9|<lb/></p><p> 76| Joseph Wood Jr Self Dr<lb/> 16| Vest buttons 2/6 1/2 doz Coat Ditto 2/6 ||5||<lb/> 16| Fine thread 1/ 1 Scotts Lessons 11/3 ||12|3|<lb/> 21| 1/4 ~ Powder 2/6 1 ~ Shot 2/6 ||5||<lb/> |1|2|3|<lb/></p><p> 76| Joseph Wood Jr PP Son Joseph Dr<lb/> 16 1 Dictionary 12/6 ||12|6|<lb/></p><p> 76\ James Meadowes PP Son Ephm Dr<lb/> 16| 1/2 ~ Powder 5/- 3 ~ Shot 7/6 1 Sett Knitting Pins @6 ||13||<lb/></p><p> 76| Nathaniel Carrington Self Dr<lb/> 16| 1/2 ~ Powder 5/- 5 ~ Shot 12/6 6 Gun flints 1/ ||18|6|<lb/></p>
      </page>
