<?xml version='1.0' encoding='UTF-8'?>    
      <page>
        <p>Stagville September 17th 1808<lb/></p><p> 76| Arthur Mangum PP Order Dr<lb/> | 1/2 ~ Powder 5/- 2 ~ Shot 5/- (20th August) ||10||<lb/> 17| 2 Bottles Snuff 10/- 1 Snuff Box 3/6 ||13|6|<lb/> 17| 1/2 ~ Powder 5/- 2 ~ Shot 5/- PP F Moize ||10||<lb/> 30| 2 quires Paper 8/- PP Order ||8||<lb/> |2|1|6|<lb/></p><p> 76| Knolon Hampton PP F. Moize Dr<lb/> 17| 1 quire Paper 4/- ||4||<lb/></p><p> 76| Willis Roberts Self Dr<lb/> 17| 2 ~ Sugar 5/ F thd 1/- 1/2 yd C Cambrick 6/3 ||12|3|<lb/></p><p> 76| Daniel Umstead PP Wife Dr.<lb/> 17? 1 ~ Copperas 1/6 1/2 ~ Pepper 3/- ||4|6|<lb/></p><p> 76| James Watson PP Bro: William Dr.<lb/> 18| 1 Vial Castor Oil 4/6 ||4|6|<lb/> 28| 1/4 ~ powder 2/6 1 ~ Shot 2/6 1 Vial C. Oil 4/ PP Order ||9||<lb/> ||13|6|<lb/></p><p> 76| John Hudgins Self Dr.<lb/> 21| 1 Peck Salt 5/- 1 Pepper Box 1/- ||6||<lb/></p><p> 76| Knight Dalby Self Dr<lb/> 21| 1 Dutch Blanket 25/- 1 Tipt Bridle 25/ |2|10||<lb/></p>
      </page>
