<?xml version='1.0' encoding='UTF-8'?>    
      <page>
        <p>Stagville September 21st 1808<lb/></p><p> 76| Nathaniel Waller Self Dr<lb/> | 1 vial C Oil 2/- 1 [Creuet?] &amp; Whisky 3/6 ||5|6|<lb/></p><p> [entry crossed out--Fort, Sept 23]]<lb/></p><p> 76| Thomas King PP Brewer Dr<lb/> 24| 1 peck Salt 5/- 50 d8 Nails 1/3 ||6|3|<lb/></p><p> 76| [Levine?] Carey Self Dr<lb/> 24| 1/4 ~ Powder 2/6 1 ~ Shot 2/6 1 paste board 1/- ||6||<lb/> 24| 1 oz Red Cotton 2/6 ||2|6|<lb/> ||8|6|<lb/></p><p> 76| Josiah Stephenson Self Dr<lb/> 24| 2 Wool Hats 30/- 1 Peck Salt 5/ |1|15||<lb/></p><p> [entry crossed out--John Phipps, Sept 24]</p>
      </page>
