<?xml version='1.0' encoding='UTF-8'?>    
      <page>
        <p>Stagville September 26 1808<lb/></p><p> 76| William Pettigrew Jr Self Dr<lb/> | 1/2~ Brimstone 1/- 1 Peck Salt 5/ ||6||<lb/></p><p> 76| Richard Umsted Self Dr<lb/> 26| 1 oz Red Cotton 2/6 1/4 ~ Powder 2/6 ||5||<lb/> 26| 1 ~ Shot 2/6 ||2|6|<lb/> | 4/34 ~ Iron Work'd at the Shop ||4|9|<lb/> ||12|3|<lb/></p><p> 76| Daniel Green Self Dr<lb/> 27| 1/4~ Powder 2/6 1 ~ Shot 2/6 1 qt Brandy 4/ ||9||<lb/></p><p> 76| Sarah Cozart PP Wm Horton Dr<lb/> 27| 4 ~ Copperas 6/ ||6||<lb/></p><p> 76| Peyton Madison Self Dr<lb/> 27| 1 ~ Sugar 2/6 1 qt Whisky 3/- ||5|6|<lb/></p><p> 76| Veazey Ferrell Self Dr<lb/> 28| 1/2 ~ powder 5/- 3 ~ Shot 7/6 ||12|6|<lb/> 28| 3 Gunflints d6 1 Thimble 1/ ||1|6|<lb/> ||14||<lb/></p><p> 76| William Hopkins Dr<lb/> 29| Merchs pd Rob. [Watt? Nutt?] for your Note |3|12||<lb/></p>
      </page>
