<?xml version='1.0' encoding='UTF-8'?>    
      <page>
        <p>Stagville September 30th 1808<lb/> 77| Cash To Sundries Dr<lb/> 13| General Charges recd for a bbl Flour sold to T. Banks $6 3.0.0<lb/></p><p> 15| Ditto recd for 24 1/4 ~ Bacon 1.4.3<lb/></p><p> 17| Ditto recd of WA for 100~ Bacon 5.0.0<lb/> |9|4|3|<lb/></p><p> 14| Isaac Weaver inpart 4|5||<lb/></p><p> 17| Daniel Umstead recd of F Moize ||10||<lb/></p><p> 24| John Phipps in part |8|||<lb/></p><p> 30| Merchandise for Sundries sold this Month PP Sales |17|10|3|<lb/></p><p> 30| Profit &amp; Loss Surplus ||6|6|<lb/></p><p> |39|16||<lb/></p><p> 77| General Charges To Cash Dr<lb/> paid for fixing 9 Scythe Blades a 10/ |4|10||</p>
      </page>
