<?xml version='1.0' encoding='UTF-8'?>    
      <page>
        <p>Stagville October 1st 1808<lb/></p><p> 78| Henry Moize Self Dr<lb/> | 1 peck Salt 5/- 1/2 ~ Brimstone 1/ ||6||<lb/> 1/2 ~ Pepper 3/- 1 Square Soap 2 ||5||<lb/> ||11||<lb/></p><p> 78| Elijah Patterson Self Dr<lb/> 1| 1 qt Brandy 4/ 1 Tumbler 2/ ||6||<lb/> 1| 2 blue cotton Bandanna's 7/6 ||15||<lb/> 6| 1 ~ Sugar 2/6 2 hanks Silk 2/6 ||5||<lb/> 8| 1 qt Brandy 4/- 2 pipes d6 [Ferreting?] d6 ||5||<lb/> 8| 1 pr Silk &amp; Cotton Hose 15/ 1/4 yd Red Flannel 2/3 ||17|3|<lb/> 10| 1 qt Brandy 4/ 3 pipes 6d ||4|6|<lb/> 14| 1 quart Brandy 4/ ||4||<lb/> 14| Cash paid him $2 |1|10||<lb/> 18| 2 qts Brandy 8/ 2 blankets 60/ |3|8||<lb/> 22| 1 pr C. Stockings 15/ 2 ~ Sugar 4/ ||19||<lb/> 25| 2 hks Silk 2/6 1 ~ Sugar 2/ ||4|6|<lb/> 27| 1 qt Whisky 3/ ||3||<lb/> 29| 1 Razor 6/ 2 pipes d6 1 Bandanna 15/ 1 qt Whisky 3/ |1|4|6|<lb/> |10|5|9|<lb/></p><p> 78| James Wood Jr PP Son Dr<lb/> 1| 1 quire Paper 4 1/4 ~ Powder 2/6 1 ~ Shot 2/6 ||9||<lb/> 1| 2 Bottle Snuff 5/ 1 Snuff Box 3/6 ||8|6|<lb/> 1| 1 Vial Burgamot 2/6 ||2|6|<lb/> 20| 1 pr Wool cards 7/6 Fine Thread 1/6 Self ||9||<lb/> |1|9||<lb/></p><p> 78| Thomas Hunt Self Dr<lb/> 1| 1 ~ Copperas 1/6 ||1|6|<lb/> 14| 1 Tipt Curb Bridle 25/ |1|5||<lb/> 14| 1 1/4 ~ Iron Workd at the Shop @ 1/ ||1|3|<lb/> |1|7|9|<lb/></p><p> 78| Joseph Wood Jr Self Dr<lb/> 1| 1/2 ~ Shot 1/3 ||1|3|<lb/></p>
      </page>
