<?xml version='1.0' encoding='UTF-8'?>    
      <page>
        <p>Stagville October 1st 1808<lb/></p><p> 78| Richard Omary Self Dr<lb/> | 1 ~ Powder 10/ 5 ~ Shot 12/6 1 pr Spectacles 12/6 |1|15||<lb/></p><p> 78| George Laws Jr Self Dr<lb/> 1| 1 Slate 4/6 1 Penknife 4/6 ||9||<lb/> 11| 2 quarts Brandy @ 4/ ||8||<lb/> ||17||<lb/></p><p> 78| William Roberts Jr Self Dr<lb/> 1| 1 pr Worsted Stockings 15/ ||15||<lb/></p><p> 79| Young Dortch Self Dr<lb/> 1| 2 ~ Coffee 10/ 1 Pocket Knife 5/ ||15||<lb/> 1| 1/2 ~ Ginger 2/6 ||2|6|<lb/> 1| General Charges for 20 ~ 1/4 Bacon @ 1/ |1||3|<lb/> 1| Cash pd him $10 |5|||<lb/> 14| 2 yds blk Ribbon 2/6 1 yd Edging 2/6 ||5||<lb/> 14| 1/2 doz Needles 6d 5 ~ Sugar 10/ 1 S of Soap 2/ ||12|6|<lb/> 14| 2 Handsawfiles 2/ 1/2 ~ Pepper 3/- 1/2 ~ Allspice 2/6 ||7|6|<lb/> |8|2|9|<lb/></p><p> 79| Joel Chambliss Self Dr<lb/> 1| 17 ~ Iron 17/- 1/2 ~ Tea 10/ 6 ~ Sugar 15/ |2|2||<lb/> 17| 1 ~ Coffee 6/- 1 ~ Chocolate 4/6 ||10|6|<lb/> |2|12|6|<lb/></p><p> 79| James Daniel Self Dr<lb/> 2| 1 doz awl blades 1/- ||1||<lb/> 20| 2 quarts Brandy 8/ ||8||<lb/> ||9||<lb/></p>
      </page>
