<?xml version='1.0' encoding='UTF-8'?>    
      <page>
        <p><entryHeading depth='3' title='Stagville August 1st 1808'>Stagville August 1st 1808</entryHeading><lb/> <entryHeading depth='2' title='69  James Haley Self Dr.'>69  <link link_id='152410' target_id='10787' target_title='James Haley'>James Haley</link> Self Dr.</entryHeading><lb/> <table class='tabular'><lb/><thead><lb/><tr><th class='bang'>Date</th> <th class='bang'>Item and price</th> <th class='bang'>L</th> <th class='bang'>s</th> <th class='bang'>d</th></tr></thead> <tbody> <tr><td/> <td>1/4 lb <link link_id='152411' target_id='10756' target_title='powder'>Powder</link> 2/6 1 lb <link link_id='152412' target_id='10757' target_title='shot'>Shot</link> 2/6 1 lb <link link_id='152413' target_id='7930' target_title='sugar'>Sugar</link> 2/6</td> <td/> <td>7</td> <td>6</td> </tr> <tr><td/> <td>1 <link link_id='152414' target_id='10758' target_title='knife'>Shoe Knife</link> 1/6</td> <td/> <td>1</td> <td>6</td> </tr> <tr><td/> <td/> <td/> <td>9</td> <td>-</td> </tr> </tbody> </table> <lb/> <entryHeading depth='2' title='69 William Pettigrew Jr. Self Dr.'>69 <link link_id='152415' target_id='10788' target_title='William Pettigrew, Jr'>William Pettigrew Jr.</link> Self Dr.</entryHeading><lb/> <table class='tabular'><lb/><thead><lb/><tr><th class='bang'>Date</th> <th class='bang'>Item and price</th> <th class='bang'>L</th> <th class='bang'>s</th> <th class='bang'>d</th></tr></thead> <tbody> <tr><td>1</td> <td>1/4 lb <link link_id='152416' target_id='10756' target_title='powder'>Powder</link> 2/6 2 lb <link link_id='152417' target_id='10757' target_title='shot'>Shot</link> 5/</td> <td/> <td>7</td> <td>6</td> </tr> <tr><td>8</td> <td>3 lb <link link_id='152418' target_id='7930' target_title='sugar'>Sugar</link> 7/6 1/4 lb <link link_id='152419' target_id='10759' target_title='ginger'>Ginger</link> 1/3 1 Gallon <link link_id='152420' target_id='10541' target_title='brandy'>Brandy</link> 15/</td> <td>1</td> <td>3</td> <td>9</td> </tr> <tr><td>8</td> <td>1/2 lb <link link_id='152421' target_id='10760' target_title='coffee'>Coffee</link> 3/- 1 Peck <link link_id='152422' target_id='10761' target_title='salt'>Salt</link> 5/-</td> <td/> <td>8</td> <td>-</td> </tr> </tbody> </table> <lb/> <entryHeading depth='2' title='69 John Telley Jr Dr.'>69 <link link_id='152423' target_id='10789' target_title='John Telley Jr'>John Telley Jr</link> Dr.</entryHeading><lb/></p><p> <table class='tabular'><lb/><thead><lb/><tr><th class='bang'>Date</th> <th class='bang'>Item and price</th> <th class='bang'>L</th> <th class='bang'>s</th> <th class='bang'>d</th></tr></thead> <tbody> <tr><td/> <td>9 1/4 lb <link link_id='152424' target_id='10762' target_title='iron'>Iron work'd at the Shop in July</link></td> <td/> <td>9</td> <td>3</td> </tr> <tr><td>26</td> <td>Bushel <link link_id='152425' target_id='10761' target_title='salt'>Salt</link> 10/- Self</td> <td/> <td>10</td> <td>-</td> </tr> <tr><td/> <td/> <td/> <td>19</td> <td>3</td> </tr> </tbody> </table> <lb/> Examd with <link link_id='152426' target_id='10790' target_title='Thomas Dudley Bennehan'>TDB</link><lb/></p><p> <entryHeading depth='2' title='69 Henry Moize PP Bro Jonathan Dr.'>69 <link link_id='152427' target_id='10791' target_title='Henry Moize'>Henry Moize</link> PP Bro <link link_id='152428' target_id='10792' target_title='Jonathan Moize'>Jonathan</link> Dr.</entryHeading><lb/></p><p> <table class='tabular'><lb/><thead><lb/><tr><th class='bang'>Date</th> <th class='bang'>Item and price</th> <th class='bang'>L</th> <th class='bang'>s</th> <th class='bang'>d</th></tr></thead> <tbody> <tr><td>2</td> <td>1/2 lb <link link_id='152429' target_id='10756' target_title='powder'>Powder</link> 5/-</td> <td/> <td>5</td> <td>-</td> </tr> <tr><td>16</td> <td>2 lb <link link_id='152430' target_id='10763' target_title='copperas'>Copperas</link> 3/- 1 <link link_id='152431' target_id='10764' target_title='comb'>fine comb</link> 5/- 1 <link link_id='152432' target_id='10566' target_title='pins'>P Pins</link> 3/-</td> <td/> <td>11</td> <td>-</td> </tr> <tr><td>"</td> <td>13 1/2 lb <link link_id='152433' target_id='10762' target_title='iron'>Iron</link> 13/6 Self</td> <td/> <td>13</td> <td>6</td> </tr> <tr><td/> <td/> <td>1</td> <td>9</td> <td>6</td> </tr> </tbody> </table> <lb/> <entryHeading depth='2' title='69 Jonathan Moize Self Dr.'>69 <link link_id='152434' target_id='10792' target_title='Jonathan Moize'>Jonathan Moize</link> Self Dr.</entryHeading><lb/></p><p> <table class='tabular'><lb/><thead><lb/><tr><th class='bang'>Date</th> <th class='bang'>Item and price</th> <th class='bang'>L</th> <th class='bang'>s</th> <th class='bang'>d</th></tr></thead> <tbody> <tr><td>2</td> <td>1/2 lb <link link_id='152435' target_id='10765' target_title='brimstone'>Brimstone</link> 1/- 1 <link link_id='152436' target_id='10766' target_title='pot'>Small Pot</link> 5/-</td> <td>-</td> <td>6</td> <td>-</td> </tr> <tr><td>16</td> <td>1/2 yd <link link_id='152437' target_id='10767' target_title='mode'>blk Mode</link> 8/9 1/4 yd <link link_id='152438' target_id='10768' target_title='cambric'>Red Cambrick</link> 3/6</td> <td>-</td> <td>12</td> <td>3</td> </tr> <tr><td>"</td> <td>4 yds <link link_id='152439' target_id='10564' target_title='ribbon'>Ribbon</link> 4/- 1 <link link_id='152440' target_id='10580' target_title='silk'>hk Silk</link> 1/- 1 bunch <link link_id='152441' target_id='10769' target_title='wire'>wire</link> 1/- PP <link link_id='152442' target_id='10793' target_title='Henry'>B. Henry</link></td> <td>-</td> <td>6</td> <td>-</td> </tr> <tr><td>27</td> <td>3 <link link_id='152443' target_id='10770' target_title='pipe'>pipes</link> 6d PP Bro <link link_id='152444' target_id='10794' target_title='Frederick Moize'>Frederick</link></td> <td>-</td> <td>-</td> <td>6</td> </tr> <tr><td>30</td> <td>2 lb <link link_id='152445' target_id='7930' target_title='sugar'>Sugar</link> 5/- 1/2 lb <link link_id='152446' target_id='10760' target_title='coffee'>Coffee</link> 3/0 1/2 oz <link link_id='152447' target_id='10771' target_title='camphor'>Camphor</link> 2/-</td> <td>-</td> <td>10</td> <td>-</td> </tr> <tr><td>"</td> <td>1 <link link_id='152448' target_id='10772' target_title='cruet'>Cruet</link> 2/6 Self</td> <td>-</td> <td>2</td> <td>6</td> </tr> <tr><td/> <td/> <td>1</td> <td>7</td> <td>3</td> </tr> </tbody> </table> <lb/> <entryHeading depth='2' title='69 Joseph Wood Jr Self Dr.'>69 <link link_id='152449' target_id='10795' target_title='Joseph Wood Jr'>Joseph Wood Jr</link> Self Dr.</entryHeading><lb/></p><p> <table class='tabular'><lb/><thead><lb/><tr><th class='bang'>Date</th> <th class='bang'>Item and price</th> <th class='bang'>L</th> <th class='bang'>s</th> <th class='bang'>d</th></tr></thead> <tbody> <tr><td>2</td> <td>1/2 lb <link link_id='152450' target_id='10756' target_title='powder'>powder</link> 5/ 2 1/2 lb <link link_id='152451' target_id='10757' target_title='shot'>Shot</link> 6/3</td> <td>-</td> <td>11</td> <td>3</td> </tr> <tr><td>"</td> <td>1 <link link_id='152452' target_id='10764' target_title='comb'>Hair Comb</link> 2/16 1 qt <link link_id='152453' target_id='10519' target_title='whiskey'>Whisky</link> 3/-</td> <td>-</td> <td>5</td> <td>6</td> </tr> <tr><td>22</td> <td>3 <link link_id='152454' target_id='10773' target_title='gunflint'>Gunflints</link> PP Brother <link link_id='152455' target_id='10796' target_title='James Wood'>James</link></td> <td>-</td> <td>-</td> <td>6</td> </tr> </tbody> </table> <lb/></p><p/>
      </page>
