<?xml version='1.0' encoding='UTF-8'?>    
      <page>
        <p>Stagville October 3rd 1808<lb/></p><p> 79| Temperence Wilburn PP Miss Philips Dr<lb/> | 1/2 yd Linen 3/3 ||3|3|<lb/> 16| 2 ~ Coffee 10/- PP Webbs Dick<lb/> 24 3/8 yds Cotton Cambric 6/6 Fine thread 3d ||6|9|<lb/> |1|||<lb/></p><p> 79| Capt William Ray Self Dr<lb/> 3| 2 ~ Coffee 12/- 3 ~ Sugar 7/6 1/2 ~ Copperas 2/3 |1|1|9|<lb/> 12| 1 pr Scissors 4/6 3 Sugar 7/6 1/2 ~ Copperas 2/3 |1|1|9|<lb/> 12| 1 1/2 Bushels Salt @ 20/ |1|10||<lb/> |4|1|3|<lb/></p><p> 79| John Ray PP Father Dr<lb/> 3| 1 ~ Coffee 6/ 1 coarse Comb 1/6 ||7|6|<lb/></p><p> 79| Stephen Clements Self Dr<lb/> 3| 3 pts Rum 7/6 1/2 ~ Pepper 3/ 1 Decanter 6/ ||16|6|<lb/> 16| 1 pint Rum 2/6 ||2|6|<lb/> ||19||<lb/></p><p> 79| John Vaughan Self Dr<lb/> 3| 1 peck Salt 5/- 1 doz Needles 1/ ||6||<lb/> 24| 1/2 Bushel Salt 10/ ||10||<lb/> ||16||<lb/></p><p> 79| Frances Veazey Self Dr<lb/> 3| 1 ~ Copperas 1/6 ||1|6|<lb/></p>
      </page>
