<?xml version='1.0' encoding='UTF-8'?>    
      <page>
        <p>Stagville October 3rd 1808<lb/> 79| Martin Wheeler, Self Dr<lb/> 1 Sett Knitting pins 6d |||6|<lb/></p><p> 79| James Wheeler Self Dr<lb/> 3| 1 Stick blacking 2/6 ||2|6|<lb/></p><p> 79| James Roberts Self Dr<lb/> 4| 1 peck Salt 5/- 1 ~ Copperas 1/6 ||6|6|<lb/></p><p> 79| John Jenkins PP son Wm Dr<lb/> 4| 1 Wool Hat 15/ ||15||<lb/></p><p> 79| Josuha Welsh Self D<lb/> 4| Fish dam Store PP accot rendd |9|9|3|<lb/> 4| James Curry for 12/1/2 days work a 7/ |4|7|6|<lb/> 4| 2 ~ Coffee 10/ 1 Tickler of Whisky 1/9 ||11|9|<lb/> 4| Cash paid him 12/6 ||12|6|<lb/> |15|1|0|<lb/></p>
      </page>
