<?xml version='1.0' encoding='UTF-8'?>    
      <page>
        <p>Stagville October 5th 1808<lb/></p><p> 79| Sarah Horton Self Dr.<lb/> | 1 Peck Salt 5/- ||5||<lb/></p><p> 79| William Hopkins PP Son John Dr<lb/> 5| 1 peck Salt 5/ ||5||<lb/> 14| 1/2 Bushel Salt 10/- 1/4 ~ Pepper 1/6 Self ||11|6|<lb/> | 1/2 ~ Iron workd at the Shop |||6|<lb/> ||17||<lb/></p><p> 79| John Green To Sundries Dr<lb/> 6| Cash paid D Cameron |30|||<lb/> 6| Fish dam Store PP accot there |69|5|9|<lb/> |99|5|9|<lb/></p><p> 79| John [Tilley?] Junr Self Dr<lb/> 6| 1/2 yd C. Cambrick 6/9 F Thread d6 ||7|3|<lb/> 20| 1/2 Bushel Salt 10/ ||10||<lb/> | 1 ~ Iron Workd at the Shop ||1||<lb/> ||18|3|<lb/></p><p> 79| Judith Stagg PP Son James Dr<lb/> 6| 1 peck Salt 5/- 1/4 ~ Brimstone d6 ||5|6|<lb/></p><p> 79| Leonard Laws Self Dr<lb/> 7| 1/4 ~ Powder 2/6 ||2|6|<lb/> 15| 1 ~ Sugar 2/ ||2||<lb/> 21| 1 Peck Salt 5/- [PP?] Girl Hagar ||5||<lb/> ||9|6|<lb/></p>
      </page>
