<?xml version='1.0' encoding='UTF-8'?>    
      <page>
        <p>Stagville October 8th 1808<lb/></p><p> 79| Richard Cragg Self Dr<lb/> | 9 Awls 9d 1 dox Shoe Tacks d6 ||1|3|<lb/></p><p> 80| Moses Leathers Self Dr<lb/> 8| 100 d8 Nails 2/6 ||2|6|<lb/> 27| 1 quart Brandy 4/- ||4||<lb/> ||6|6|<lb/></p><p> 80| Allen Moize Self Dr<lb/> 8| 2 oz Indigo 5/- 1 oz Fig blue 1/6 ||6|6|<lb/></p><p> 80| John Glenn Self Dr<lb/> 10| 1 pr Large Scissars 4/6 1/2 ~ powder 5/ ||9|6|<lb/></p><p> 80| Arthur Bobbitt Self Dr<lb/> 10| 1 pr Cotton Cards 16/- 1 Tumbler 2/ ||18||<lb/> 10| 1 blue Bandanna 12/6 1 ~ Coffee 6/- ||18|6|<lb/> |1|16|6|<lb/></p>
      </page>
