<?xml version='1.0' encoding='UTF-8'?>    
      <page>
        <p>Stagville October 10th 1808<lb/></p><p> 80| Arthur Mangum Self Dr<lb/> | 2 Bandanna's 30/= 1/2 doz flints 1/- |1|11||<lb/> | 1 pr Cotton Cards 16/- 1/2 ~ Powder 5/- |1|1||<lb/> | 2 ~ Shot 5/- 1/2 ~ Pepper 3/- ||8||<lb/> | 3 yds Linen 33/- Thread &amp; Buttons 2/6 |1|15|6|<lb/> | 1 Pepper box 1/- 2 ~ Coffee 12/- ||13||<lb/> | 2 ~ Sugar 5/- 1 Coffee Pot 6/6 ||11|6|<lb/> | 3 Tin cups 3/6 1 Cutting Knife 15/- ||18|6|<lb/> | 2 hanks Silk 2/6 1 Tumbler 2/- ||4|6|<lb/> | 22 1/4 ~ Iron 22/3 |1|2|3|<lb/> 31| 1/2~ Powder 5/ 2~ Shot 5/- PP [Nt?] Carringn ||10||<lb/> |8|15|3|<lb/></p><p> 80| Benton Badgett Self Dr<lb/> 10| 1 1/2 ~ Copperas 2/3 400 d8 Nails 10/- ||12|3|<lb/> 10| 400 12d Nails 14/ 100 20d Nails 4/6 ||18|6|<lb/> 10| 1 Iron Square 7/6 1 Padlock 7/6 ||15||<lb/> |2|5|9|<lb/></p><p> 80| James Walker Esq PP W Roberts Jr Dr<lb/> 10| 1 quire Paper 4/- ||4||<lb/></p><p> 80| Joseph Wood Jr Self Dr<lb/> 11| 3 ~ Shot 7/6 500 d8 Nails 12/6 3 G flints d6 |1||6|<lb/> | 1 ~ Iron 1/- 1/2~ Steel 1/6 Work'd at the Shop ||2|6|<lb/> |1|3||<lb/></p><p/>
      </page>
