<?xml version='1.0' encoding='UTF-8'?>    
      <page>
        <p>Stagville October 11th 1808<lb/></p><p> 80| William Horton, Self Dr<lb/> | 1 oz Red Cotton 2/6 1/2 yd [illegible] Cotton 2/6 ||5||<lb/> 29| 1 qt Brandy 4/- 1 qt Molasses 3/3 ||7|3|<lb/></p><p> 80| William Veazey PP Robt Lewis Dr<lb/> 12| Red Cotton 2/9 ||2|9|<lb/></p><p> 80| America Jones PP Mother Dr<lb/> 12| 1/4 ~ Pepper 1/6 ||1|6|<lb/> 26| 1 ~ Copperas 1/6 Self ||1|6|<lb/> ||3||<lb/></p><p> 80| Josiah Stephenson Self Dr.<lb/> 12| 1 qt Brandy 4/- 1 Bushel Salt 20/- |1|4||<lb/> 12| 1/4 ~ Allspice 1/3 1/2 ~ Ginger 2/6 ||3|9|<lb/> |1|7|9|<lb/></p><p> [STRUCK OUT, marked "Settled" : Jesse Bonner Self Dr 12| 1pr Steel 8/- ||8||]<lb/></p><p> 80| Mark Veazey Self Dr.<lb/> 12| 1/2 Bushel Salt 10/- 1 ~ Copperas 1/6 ||11|6|<lb/> | 1/2 ~ Iron 6d Work'd at the Shop |||6|<lb/> ||12||<lb/></p><p/>
      </page>
