<?xml version='1.0' encoding='UTF-8'?>    
      <page>
        <p>Stagville October 12th 1808<lb/></p><p> [Struck out: John Hall Self Chd to Henry Dr 1/4~ Powder 2/6 [illegible] shot 2/6 ||5||]<lb/></p><p> 80| Henry Hall Self Dr<lb/> 12| 1 ~ Lead 2/- 1 Pocket Knife 3/6 ||5|6|<lb/></p><p> 80| Lazarus Telley Self Dr<lb/> 12| 1 Bushel Salt 20/- 2 ~ Sugar 4/ |1|4||<lb/> 12| 1 Curb Bridle 15/ ||15||<lb/> |1|19||<lb/></p><p> 80| John Green (of Danl) Self Dr.<lb/> 13| 1 cutting Knife 15/- 1 fine Comb 5/ |1|||<lb/> 13| 1 yd Linen 7/6 F thd 6d ||8||<lb/> 13| 2 doz Shoe Tacks 1/- 1 doz Needles 1/- ||2||<lb/> 13| 1/2 yd Red Cambrick 7/ ||7||<lb/> |1|17||<lb/></p><p> 80| James Walker Senr Self Dr.<lb/> 13| 1 Pocket Knife 3/6 ||3|6|<lb/></p><p> 80| Taylor Duke Self Dr<lb/> 13| 1 1/4 yds blk Silk 21/9 1 hank silk 1/3 |1|3||<lb/> 13| 2 yds blk &amp; blue Ribbon 3/9 1 Razor 6/ ||9|9|<lb/> |1|12|9|</p>
      </page>
