<?xml version='1.0' encoding='UTF-8'?>    
      <page>
        <p>Stagville October 13th 1808<lb/></p><p> 80| Frederick Moize PP Wife Dr<lb/> | 1 hank Silk 1/3 ||1|3|<lb/></p><p> 80| Riley Vickers Jr PP Jno Watson (of Danl) Dr<lb/> 13| 1/2 Bushel Salt 10/ ||10||<lb/></p><p> 80| John Wilson Self Dr<lb/> 13| 3 ~ Sugar 6/- 1/2 ~ Powder 5/ ||11||<lb/></p><p> 80| John Wilkins Self Dr<lb/> 14| 3 yds Country Cloth 5/ ||15||<lb/> | Cash paid Dr. James Webb PP [Ausn?] [Ricd?] |1|||<lb/> |1|15||<lb/></p><p> 80| John Cain Self Dr<lb/> 14| 1/2 ~ Powder 5/- 1 ~ Shot 2/6 ||7|6|<lb/> 29| 1 Vial Castor Oil PP M. Cole ||4||<lb/> ||11|6|<lb/></p><p> 81| William Lingo Self Dr<lb/> 14| 1/2 Bushel Salt 10/- 1/4 ~ Powder 2/6 ||12|6|<lb/> 14| 1 ~ Shot 2/6 ||2|6|<lb/> ||15||<lb/></p><p> 81| Michael Carey Self Dr<lb/> 14| 1/4 ~ Powder 2/6 1 ~ Shot 2/6 ||5||<lb/></p>
      </page>
