<?xml version='1.0' encoding='UTF-8'?>    
      <page>
        <p>Stagville October 15th 1808<lb/></p><p> 81| Daniel Umstead Self Dr<lb/> | 2 3/4 ~ Steel 8/3 1 Smith's Rasp 5/- ||13|3|<lb/> | 1 Smiths file 3/- 1 x Cut [file] 1/6 ||4|6|<lb/> ||17|9|<lb/></p><p> 81| John Phipps Self Dr<lb/> 15| 1/4 yd blk Mode 4/6 3 yds blk Lace 15?- ||19|6|<lb/> 15| 1 penknife 4/6 1 ~ Copperas 1/6 ||6|<lb/> 15| 1 doz buttons 2/6 1 qr Paper [inpt?] 2/ ||4|6|<lb/> |1|10||<lb/></p><p> 81| Elias Turner Jr Self Dr<lb/> 15| 1 qr Paper 4/ 1 bottle Snuff 5/ ||9||<lb/></p><p> 81| Jeremiah Roberts Self Dr<lb/> 15| 1/2 doz awls @6 1 Gimblet 1/- ||1|6|<lb/> 15| 100 12d Nails 3/6 ||3|6|<lb/> ||5||<lb/></p><p> 81| John Scarlett Self Dr<lb/> 17| 1 doz Shoe Tacks @6 |||6|<lb/> 22| 1 peck Salt 5/- 1 Pad Lock 3/6 ||8|6|<lb/> 22| 1 pr Spectacles 6/ ||6||<lb/> 29| 3 Shoe Knives 4/6 ||4|6|<lb/> ||19|6|<lb/></p><p> 81| Capt George Carrington PP Son James Dr<lb/> 17| 10 Tumblers 20/- 1 yd Linen 4/- 2 Loaf Sugar 10?- |1|14||<lb/> 17| 2 Nutmegs 3/- 4 ~ brown Sugar 8/- ||11||<lb/> 19| 1 pr gloves 5/- 1 pr Stockings 15/ 1 Sq Cravats 15/ |1|15||<lb/> 19| 2 1/2 hanks Silk 2/6 1 penknife 7/-  Self ||9|6|<lb/> 27| 1 qt Whisky 3/ 2 Quires Paper 8/- ||11||<lb/> 29| 1 qt Whisky 3/ 500 @8 Nails 12/6 2 yds Locket 1/ ||16|6|<lb/> |5|17||<lb/></p>
      </page>
