<?xml version='1.0' encoding='UTF-8'?>    
      <page>
        <p>Stagville October 19th 1808<lb/></p><p> 81| James Leathers PP Negro Jack Dr.<lb/> | 1 ~ Copperas 1/6 ||1|6|<lb/></p><p> 81| William Laycock Self Dr<lb/> 19| 1 Shoe Knife 1/6 ||1|6|<lb/> 22| 1 pr Scissars 3/6 2 Pipes @ 6 ||4||<lb/> 26| 1 Shoe Knife 1/6 1 pr Knippers 2/ ||3|6|<lb/> 29| 1/2 yd Cotton Cambric 6/3 fine Thread @ 1/ ||7|3|<lb/> 29| 1 peck Salt 5/- 1 qt Brandy 4/- 1 Tickler 2/6 ||11|6|<lb/> |1|7|9|<lb/></p><p> 81| Thomas Horner PP Order Dr<lb/> 22| Merchs pd Reuben Cardin ||10||<lb/> 29| Merchs pd Rubin Cardin PP Ditto ||7|6|<lb/> ||17|6|<lb/></p><p> 81| William Montgomery Self Dr<lb/> 22| 1/2 doz awl blades 6d 1 Shoe Knife 1/6 ||2||<lb/> 22| 1 Shoe Hammer 3/6 ||3|6|<lb/> 31| 4 [Wm?] Stirrup Irons 10/2 Sett Saddle bosses 9 PP Son ||16||<lb/></p><p> 81| Charles Roberts Self Dr<lb/> 22| 1 Peck Salt 5/- ||5||<lb/></p><p> 81| Solomon Wood Self Dr<lb/> 25| 1 ~ Copperas 1/6 1 ~ Sugar 2/- 1 Handsaw file 1/- ||4|6|<lb/></p><p> 81| James Wood Junr Self Dr.<lb/> 25| 3 Strans beads 2/6 1 Fine Comb 3/- ||5|6|<lb/> 25| 12 doz Needles @6 1 Tickler 2/6 ||3||<lb/> ||8|6|<lb/></p>
      </page>
