<?xml version='1.0' encoding='UTF-8'?>    
      <page>
        <p><entryHeading depth='3' title='Stagville August 3rd 1808'>Stagville August 3rd 1808</entryHeading><lb/></p><p> <entryHeading depth='2' title='69  Nathaniel Carrington PP Son Dr.'>69  <link link_id='190398' target_id='14350' target_title='Nathaniel Carrington'>Nathaniel Carrington</link> PP Son Dr.</entryHeading><lb/></p><p> <table class='tabular'><lb/><thead><lb/><tr><th class='bang'>Date</th> <th class='bang'>Item and price</th> <th class='bang'>L</th> <th class='bang'>s</th> <th class='bang'>d</th></tr></thead> <tbody> <tr><td/> <td>500 <link link_id='190399' target_id='10774' target_title='nails'>d8 Nails</link> 12/6 400 <link link_id='190400' target_id='10774' target_title='nails'>20d Ditto</link> 22/6</td> <td>1</td> <td>15</td> <td>-</td> </tr> <tr><td/> <td>1 1/4 yds <link link_id='190401' target_id='10564' target_title='ribbon'>Ribbon</link> 5/- 4 <link link_id='190402' target_id='10775' target_title='instrument'>Jews Harps</link> 4/-</td> <td>-</td> <td>9</td> <td>-</td> </tr> <tr><td/> <td>1 <link link_id='190403' target_id='10758' target_title='knife'>Pocket Knife</link> 5/-</td> <td>-</td> <td>5</td> <td>-</td> </tr> </tbody> </table> <lb/> <entryHeading depth='2' title='69  Leonard Laws Self Dr.'>69  <link link_id='190404' target_id='14351' target_title='Leonard Laws'>Leonard Laws</link> Self Dr.</entryHeading><lb/></p><p> <table class='tabular'><lb/><thead><lb/><tr><th class='bang'>Date</th> <th class='bang'>Item and price</th> <th class='bang'>L</th> <th class='bang'>s</th> <th class='bang'>d</th></tr></thead> <tbody> <tr><td> 3</td> <td>1 Peck <link link_id='190405' target_id='10761' target_title='salt'>Salt</link> 5/-</td> <td>-</td> <td>5</td> <td>-</td> </tr> <tr><td> 13</td> <td>1 lb <link link_id='190406' target_id='7930' target_title='sugar'>Sugar</link> 2/6 1 lb <link link_id='190407' target_id='10760' target_title='coffee'>Coffee</link> 6/- 2 <link link_id='190408' target_id='10776' target_title='storage vessel'>Tins</link> 3/-</td> <td>-</td> <td>10</td> <td>6</td> </tr> <tr><td> 20</td> <td>1 qt <link link_id='190409' target_id='10519' target_title='whiskey'>Whisky</link> 3/-</td> <td>-</td> <td>3</td> <td>-</td> </tr> <tr><td/> <td/> <td>-</td> <td>19</td> <td>6</td> </tr> </tbody> </table> <lb/></p><p> <entryHeading depth='2' title='69  James Watson PP Order Dr.'>69  <link link_id='190410' target_id='14352' target_title='James Watson'>James Watson</link> PP Order Dr.</entryHeading><lb/></p><p> <table class='tabular'><lb/><thead><lb/><tr><th class='bang'>Date</th> <th class='bang'>Item and price</th> <th class='bang'>L</th> <th class='bang'>s</th> <th class='bang'>d</th></tr></thead> <tbody> <tr><td> 4</td> <td>1/4 lb <link link_id='190411' target_id='10756' target_title='powder'>Powder</link> 2/6 1 lb <link link_id='190412' target_id='10757' target_title='shot'>Shot</link> 2/6</td> <td>-</td> <td>5</td> <td>-</td> </tr> </tbody> </table> Examd with TDB<lb/></p><p> <entryHeading depth='2' title='69  William Meadowes Self Dr.'>69  <link link_id='190413' target_id='14353' target_title='William Meadowes'>William Meadowes</link> Self Dr.</entryHeading><lb/></p><p> <table class='tabular'><lb/><thead><lb/><tr><th class='bang'>Date</th> <th class='bang'>Item and price</th> <th class='bang'>L</th> <th class='bang'>s</th> <th class='bang'>d</th></tr></thead> <tbody> <tr><td> 4</td> <td>1/4 lb <link link_id='190414' target_id='10777' target_title='alum'>Alum</link> @ 6 1/4 <link link_id='190415' target_id='10759' target_title='ginger'>Ginger</link> 1/3 1/4 <link link_id='190416' target_id='10778' target_title='allspice'>Allspice</link> 1/3</td> <td/> <td>3</td> <td/> </tr> <tr><td> 4</td> <td>1 <link link_id='190417' target_id='10758' target_title='knife'>Cutting Knife</link> 15/- 3 lb <link link_id='190418' target_id='7930' target_title='sugar'>Sugar</link> 7/6</td> <td>1</td> <td>2</td> <td>6 </td> </tr> <tr><td> 4</td> <td>50 <link link_id='190419' target_id='10774' target_title='nails'>d6 Nails</link> 1/ 1 <link link_id='190420' target_id='10566' target_title='pins'>Paper pins</link> 3/</td> <td/> <td>4</td> <td/> </tr> <tr><td/> <td/> <td>1</td> <td>9</td> <td>6 </td> </tr> </tbody> </table> <entryHeading depth='2' title='69  Knight Dalby Self Dr.'>69  <link link_id='190421' target_id='14354' target_title='Knight Dalby'>Knight Dalby</link> Self Dr.</entryHeading><lb/></p><p> <table class='tabular'><lb/><thead><lb/><tr><th class='bang'>Date</th> <th class='bang'>Item and price</th> <th class='bang'>L</th> <th class='bang'>s</th> <th class='bang'>d</th></tr></thead> <tbody> <tr><td> 4</td> <td>4 lb <link link_id='190422' target_id='10757' target_title='shot'>Shot</link> 10/- 1/2 doz <link link_id='190423' target_id='10773' target_title='gunflint'>Gunflints</link> 1/-</td> <td>-</td> <td>11</td> <td>-</td> </tr> <tr><td> "</td> <td>1 <link link_id='190424' target_id='10566' target_title='pins'>Paper pins</link> 3/- 1 yd <link link_id='190425' target_id='10562' target_title='cotton'>India Cotton</link> 5/-</td> <td>-</td> <td>8</td> <td>-</td> </tr> <tr><td/> <td/> <td>-</td> <td>19</td> <td>-</td> </tr> </tbody> </table> <lb/> <entryHeading depth='2' title='69  Majr Micajah Bullock PP Kt Dalby Dr.'>69  <link link_id='190426' target_id='14355' target_title='Majr Micajah Bullock'>Majr Micajah Bullock</link> PP <link link_id='190427' target_id='14354' target_title='Knight Dalby'>Kt Dalby</link> Dr.</entryHeading><lb/></p><p> <table class='tabular'><lb/><thead><lb/><tr><th class='bang'>Date</th> <th class='bang'>Item and price</th> <th class='bang'>L</th> <th class='bang'>s</th> <th class='bang'>d</th></tr></thead> <tbody> <tr><td> Chd to KDalby 4</td> <td>1 <link link_id='190428' target_id='10756' target_title='powder'>Powder</link> 10/- 7 lb <link link_id='190429' target_id='10757' target_title='shot'>Shot</link> 17/6 1 <link link_id='190430' target_id='10566' target_title='pins'>P Pins</link> 3/-</td> <td>1</td> <td>10</td> <td>6</td> </tr> </tbody> </table> <lb/></p>
      </page>
