<?xml version='1.0' encoding='UTF-8'?>    
      <page>
        <p>Stagville October 25th 1808<lb/> 81| Richard Standley PP Wife Dr<lb/> | 1 Pewter Bason 22/6 |1|2|6|<lb/></p><p> 81| Shadrach Roberts Self Dr<lb/> 25| 1/4 yd Kersey 2/- ||2||<lb/></p><p> 81| William Washington PP Order Dr<lb/> <table class='tabular'><lb/><thead><lb/><tr><th>26</th> <th>1/2 Bushel Salt 10/</th> <th/> <th>10</th></tr></thead> </table> 81| Mary Wood PP Z Browning Dr<lb/> 27| 1 Gallons Whisky @ 10/ |1|||<lb/></p><p> 81| John Wilburn PP Boy Jerry Dr<lb/> 28| 1 Jug Brandy 18/9 5 ~ Sugar 10/ |1|8|9|<lb/> 28| 1/4 ~ Pepper 1/6 200 d8 Nails 5/ ||6|6|<lb/> 28| 300 12d Ditto [Nails] 10/6 ||10|6|<lb/> | 1 1/2 ~ Iron 1/6 Work'd at the Shop ||1|6|<lb/> |2|7|3|<lb/></p><p> 81| Knolon Hampton PP Boy Jerry Dr<lb/> 28 1 ~ Copperas 1/6 ||1|6|<lb/></p><p> 81| William P. Sample Self Dr<lb/> 28| 1 Purple Cardinal 75/ |3|15||<lb/> 28| 1 qt Whisky 3/ 2 Wine Glasses 2/ ||5||<lb/> |4|||<lb/></p>
      </page>
