<?xml version='1.0' encoding='UTF-8'?>    
      <page>
        <p>Stagville October 28 1808<lb/></p><p> | Ezekiel Bonner Self Dr<lb/> | 1 Dutch Oven 40/ |2|||<lb/> 29| 1/2 doz G buckles 1/3 4 Tin Cups 5/- ||6|3|<lb/></p><p> 81| Moses Jones Junr Self Dr<lb/> 28| 1 Paper Pins 2/ ||3||<lb/></p><p> 82| Thomas Bonner Self Dr<lb/> 29| 1 quart Brandy 4/ ||4||<lb/></p><p> 82| James Haley Self Dr<lb/> 29| Fine thread 6d 1 ~ Sugar 2/- ||2|6|<lb/></p><p> 82| Nathaniel Hicks Self Dr<lb/> 29| 1 ~ Copperas 1/6 2 ~ Sugar 4/ 6 pipes 1/6 ||7||<lb/></p><p> 82| Burton Clark PP John Scarlet Dr<lb/> 29| 1 Bottle Molasses 2/6 ||2|6|<lb/></p><p> 82| James Curry Self Dr<lb/> 29| 1 ~ Copperas 1/6 ||1|6|<lb/></p><p> 82| Nathaniel Carrington Self Dr.<lb/> 31| 1 ~ Shot 2/6 2 almanac's 2/- 22~ Iron 22/- |1|6|6|<lb/></p><p> 82| John Hunt Self Dr.<lb/> 31| 1/4 ~ Powder 2/6 2 ~ Shot 5/- 1 pr Suspenders 6/- ||13|6|<lb/> | 1 1/4 ~ Iron Work'd at the Shop ||1|3|<lb/> ||14|9|<lb/></p>
      </page>
