<?xml version='1.0' encoding='UTF-8'?>    
      <page>
        <p>Stagville October 31st 1808<lb/></p><p> 82| Thomas King Dr<lb/> | 2 1/2 ~ Iron work'd at the Shop ||2|6|<lb/></p><p> 78| Elijah Patterson Dr<lb/> | 1 1/4 ~ Iron 1/3 1/2 ~ Steel 1/6 work'd at the shop ||2|9|<lb/></p><p> 82| Merchandise To Sundries Dr.<lb/> 5| John Osborne for a cask Nails PP Bill } [vo C 4??] 4.5.6 |7|2|6|<lb/> 5| Gracie Anderson &amp; Co for 12 Sacks Salt PP Bill } 13.10.0<lb/> 24| Gracie Anderson &amp; Co for 16 Ditto <link link_id='207287' target_id='10761' target_title='salt'>salt</link> PP Bill 18.0.0<lb/> L 31.10.0 |52|10|0|<lb/> |59|12|6|<lb/></p><p> 82| Cash To Sundries Dr.<lb/> 1| Frederic Moize in part |5|||<lb/> 3| General Charges rec'd for 33 Bacon sold A Wilkins} 1.13.0<lb/> 7| General Charges rec'd for 1/2 Bbl Corn .10.0<lb/> | General Charges rec'd for 2 Feather Beds &amp;ct [illegible] 52.5.0<lb/> | General Charges rec'd for 1 Waggon &amp; Gear 66.13.3<lb/> | General Charges rec'd for3 Horses $280 140.0.0<lb/> | General Charges rec'd for Corn &amp; Bacon 5.6.0<lb/> | General Charges rec'd for Shop work &amp;ct 5.5.9<lb/> | General Charges rec'd for Corn &amp; Wheat sold Dr Jas Webb} 2.13.0<lb/> | General Charges rec'd for Shop work for Ditto <link link_id='207288' target_id='15372' target_title='Dr. James Webb'>Dr. James Webb</link> .3.9<lb/> 26| General Charges rec'd for bal [illegible] Bacon sold W. A. .3.0<lb/> 31| General Charges rec'd for 1 Barrel Flour $6 3.0.0<lb/> |277|17|9|<lb/></p><p> 5| Sarah Horton in part |24|10||<lb/> 10| John Glenn in part 3|10||<lb/> 12| William Jones PP Wife in part ||17|6|<lb/></p><p> Fish dam Store recd for Bledsoe's Bill ag't Dr.  J Webb $6 1/2 } L 3.5.0<lb/> 28| Ditto  rec'd of Jesse Bonner in full of his accot there} 4.4.6 |7|9|6|<lb/> 31| Merchs for Sunds Sold this Mo. PP Sales |28|2||<lb/> |347|6|9|<lb/></p>
      </page>
