<?xml version='1.0' encoding='UTF-8'?>    
      <page>
        <p>Stagville November 1st 1808</p><p>83| Lewis Roberts Self Dr<lb/>| 1 doz Fish Hooks 1/- 2 1/2 ~ Sugar 5/6 in May last ||6|6|<lb/>[entry crossed out]<lb/>8| 4 yds brown fearnought 20/ |4|||<lb/>8| 1 doz buttons 2/6 1 Stick Twist 1/3 ||3|9|<lb/>26| 1 Penknife 4/- ||4||<lb/>|4|14|3|</p><p>83| John Glenn PP Wife Dr<lb/>1| 3 ~ Copperas 4/6 ||4|6|</p><p>83| Archer Harris PP Son Wm Dr<lb/>2| 1 Bushel Salt 20/ 1 qr Paper 4/ |1|4||</p><p>83| James Roberts Self Dr<lb/>2| 1 ~ Copperas 1/6 1/2 Bushel Salt 10/ ||11|6|</p><p>83| Anderson Clements Self Dr<lb/>| 1 quart Whisky ||3||<lb/>| Fish dam Store for his accot there |17||3|<lb/>| Cash paid him in full |25|16||<lb/>|42|19|3|</p><p>83| General Charges To Anderson Clements Dr.<lb/>|for his Services from 31st Decemr 1807 }<lb/>to 31 Octo 1808 10 Months at $100 Pr Year } |14|13|4|<lb/>|for the difference between $80 &amp; $100 }<lb/>pr Year from 2 d Novemr to 31 Decemr 1807 } |1|13|5|<lb/>|43|6|9|</p><p/>
      </page>
