<?xml version='1.0' encoding='UTF-8'?>    
      <page>
        <p>Stagville November 3rd 1808</p><p>83| Genl Charges To James Daniel Dr.<lb/>| for Making 11 pr [Stitchdowns?] @ 3/4 |1|16|6|<lb/>| for Making 1 pr Welted Shoes 5/ ||5||<lb/>|2|1|6|</p><p>83| Allen Parrish PP Wm Horton Dr.<lb/>3| 5 ~ Sugar 10/ ||10||</p><p>83| William Horton Self Dr.<lb/>3| 2 ~ Sugar 4/- 1/4 ~ Powder 2/6 1 ~ Shot 2/6 ||9||</p><p>83| Sarah Cozart PP Richd Brinkley Dr.<lb/>3| 1 ~ Copperas 1/6 5 3/4 ~ Iron 5/9 1 pr Steel 3/6 ||10|9|</p><p>83| Joel Cambliss Self Dr<lb/>4| 100 d6 Nails 2/-  8 ~ Iron 8/- 50 20d Nails 2/8 ||12|3|<lb/>4| 5 ~ Sugar 10/- ||10||<lb/>|1|2|3|</p><p>83| Joseph Wood Junr Self Dr.<lb/>4| 1 brass Ink Stand 3/6 1 Bandanna Hkf 15/- ||18|6|<lb/>25| 1/4 ~ Powder 2/6 1 ~ Shot 2/6 ||5||<lb/>|1|3|6|<lb/></p>
      </page>
