<?xml version='1.0' encoding='UTF-8'?>    
      <page>
        <p>Stagville November 4th 1808</p><p>83| James Daniel PP Solomon Dr.<lb/>| 1 ~ Sugar 2/- ||2||<lb/>23| 1 qt Whisky 3/- PP Lewis ||3||<lb/>30| 1/4 ~ powder 2/6 1 1/2 ~ Shot 3/9 pr Order ||6|3|<lb/>||11|3|</p><p>83| John Wilburn PP Jerry Dr<lb/>4| 1 ~ Copperas 1/6 ||1|6|<lb/>28| 5 [Slipps?] Paper 4/- 1 Almanac 1/ ||5||<lb/>28| 1 little Book 2/6 Self ||2|6|<lb/>11 1/2 ~ Iron 11/6 1 3/4 ~ Steel 6/- Work'd at Shop ||17|6|<lb/>|1|6|6|</p><p>83| Knolon Hampton PP Jerry Dr<lb/>4| 1 horn Comb 1/- ||1||</p><p>83| Capt George Carrington Self Dr<lb/>4| 1 almanac 1/- ||1||<lb/>10| 8 Tumblers 12/9 1 ~ Allspice 5/- 1/2 ~ papper 3/- |1||9|<lb/>10| 1 Loaf Sugar 5/- 1 Hkf 2/6 PP son ||7|6|<lb/>|1|9|3|</p><p>83| Thomas Hunt Self Dr<lb/>5| 4 yds Ribbon 5/- !/2 Bushel Salt 10/- ||15||<lb/>12| 125 8d Nails 3/3 2 ~ Sugar 4/ 1 ~ Coffee 6/- ||13|3|<lb/>12| 1 Sett Cups &amp; Saucers 7/6 1 Handkf 4/- ||11|6|<lb/>19| 1 Decanter &amp; Brandy 12/ ||12||<lb/>19| 3 ~ Iron 3/- 1 1/4 Steel 4/3 Work'd at Shop ||7|3|<lb/>|2|19||</p><p>83| Richard Roberts Self Dr<lb/>5| 2 Girth Buckles @6 |||6|</p><p/>
      </page>
