<?xml version='1.0' encoding='UTF-8'?>    
      <page>
        <p>Stagville November 5th 1808</p><p>83| Jonathan Moize Self Dr.<lb/>| 1/2 ~ Powder 5/- 1 Almanac 1/- ||6||</p><p>83| Arthur Mangum PP Jon. Moize Dr.<lb/>5| 1 Bottle Snuff 5/- ||5||<lb/>30| 1 Bandanna Hkf 15/0 5 1/4 ~ Sugar 10/6 PP Wife |1|5|6|<lb/>|1|10|6|</p><p>83| Joseph Wood Senr. Self Dr.<lb/>5| 1 quart Whisky 3/- 1 Handsaw file 1/ ||4||<lb/>5| 2 1/2 ~ Copperas 3/9 ||3|9|<lb/>12| 1/4 ~ Powder 2/6 1 Pocket Knife 5/- 1 qt Whisky 3/ ||10|6|<lb/>||18|3|</p><p>84| William Laycock Self Dr.<lb/>5| 1 fine Comb 4/- ||4||<lb/>19| 1 Paper Pins 4/ ||4||<lb/>26| 1 ~ Copperas 1/6 6 ~ Sugar 10/- 1 Hkf 4?- ||15|6|<lb/>26| 1 quart Brandy 4/ ||4||<lb/>|1|7|6|</p><p>|84| Edward Harris PP Sister Dr.<lb/>5| 1 oz Camphor 4/- 1/4 ~ Brimstone d6 ||4|6|<lb/>18| 1 Handsaw file 1/- 1 X Cut Ditto <link link_id='218195' target_id='16122' target_title='file'>file</link> |1|2|6|<lb/>18| 2 Gimblets [?] PP Order ||2||<lb/>||9||<lb/></p>
      </page>
