<?xml version='1.0' encoding='UTF-8'?>    
      <page>
        <p>Stagville November 7th 1808</p><p>84| Mathew Jones PP Order Dr.<lb/>| 200 d8 Nails 5/- 1/2 ~ Salt 2/6 2 ~ Shot 5/- ||12|6|</p><p>84| John Roberts PP Son Lewis Dr<lb/>8| Merchs pd William Insco |2|||<lb/>8| 100 d6 Nails 2/- ||2||<lb/>|2|2||</p><p>84| Peyton Madison PP Wife Dr.<lb/>8| 1 pr Cotton Cards 13/ ||14||</p><p>84| William Veazey PP Bro Fielding Dr.<lb/>8| 100 d8 Nails 2/6 ||2|6|</p><p>84| Solomon Wood Self Dr.<lb/>8| 1 1/8 Gallons Whisky 10/ ||11|3|</p><p>84| Thomas King PP Miss Vaughan Dr.<lb/>8| 1 Peck Salt 5/- 1 ~ Coffee 6/ ||11||</p><p/>
      </page>
