<?xml version='1.0' encoding='UTF-8'?>    
      <page>
        <p>Stagville November 8th 1808</p><p>84| James Thomason Self Dr.<lb/>| 1 Fine Hat 42/6 2 Wool Ditto <link link_id='218226' target_id='10520' target_title='hat'>hat</link> 30/ |3|12|6|<lb/>| 2 Dutch Blankets 22/6 |2|5||<lb/>|5|7|6|</p><p>84| Elijah Patterson Self Dr.<lb/>8| 1 quart Whisky 3/- 1 Tumbler 1/6 ||4|6|<lb/>10| 1 ~ Sugar 2/ ||2||<lb/>12| 1 qt Whisky 3/- 1 pr Scissars 3/6 Fine Thread 1/3 ||7|9|<lb/>12| 3 1/2 yds Cotton Cambrick 12/6 |2|3|9|<lb/>13| 1 yd Linen 10?6 2 pipes d6 ||11||<lb/>13|  Cash paid him $2 |1|||<lb/>14| 2 hanks Silk 2/6 1 qt Whisky 3/ ||5|6|<lb/>16| 1 ~ Copperas 1/6 1 Handkf 7/6 ||9||<lb/>19| 1 penknife 4/6 1 ~ Chocolate 4/6 4 ~ Sugar 8/ ||17||<lb/>23| 1 qt Brandy 4/- 1 Tumbler 1/6 ||5|6|<lb/>25| 1 doz Needles 1/- 2 Sett Knitting Pins 1/ ||2||<lb/>25| 1 hank Silk 1/3 2 qts Brandy 8/ ||9|3|<lb/>|7|17|3|</p><p>84| Richard Umstead Self Dr.<lb/>11| 100 d8 Nails 2/6 1 Gimblet 1/ ||3|6|</p><p>84| Josiah Stephenson Self Dr<lb/>11| 2 ~ Copperas 3/- 150 d6 Nails 3/- ||6||<lb/>24| 1 hank Silk 1/3 PP Arthur ||1|3|<lb/>28| 1/4 ~ Tea 5/- 1/4 ~ Allspice 1/3 1 Tumbler 2/- ||8|3|<lb/>28| 1 Sett coffee cups &amp; Saucers 10/- 2 qts Whisky 6/- ||16||<lb/>|1|11|6|</p><p>84| William Montgomery Self Dr.<lb/>11| 300 d8 Nails 7/6 1 Gimblet 1/- ||8|6|</p><p/>
      </page>
