<?xml version='1.0' encoding='UTF-8'?>    
      <page>
        <p><entryHeading depth='3' title='Stagville August 4th 1808'>Stagville August 4th 1808</entryHeading><lb/></p><p> <entryHeading depth='2' title='69  Richard Roberts Self Dr.'>69  <link link_id='190431' target_id='14356' target_title='Richard Roberts'>Richard Roberts</link> Self Dr.</entryHeading><lb/> <table class='tabular'><lb/><thead><lb/><tr><th class='bang'>Date</th> <th class='bang'>Item and price</th> <th class='bang'>L</th> <th class='bang'>s</th> <th class='bang'>d</th></tr></thead> <tbody> <tr><td/> <td>1 lb <link link_id='190432' target_id='10763' target_title='copperas'>Copperas</link> 1/6  2 1/2 yds <link link_id='190433' target_id='10520' target_title='hat'>hat binding</link> 2/-</td> <td/> <td>3</td> <td>6</td> </tr> <tr><td/> <td>1 hank <link link_id='190434' target_id='10580' target_title='silk'>Silk</link> 1/ 1 yd <link link_id='190435' target_id='10564' target_title='ribbon'>Ribbon</link> 1/3</td> <td/> <td>2</td> <td>3</td> </tr> <tr><td/> <td/> <td/> <td>5</td> <td>9</td> </tr> </tbody> </table> <lb/> <entryHeading depth='2' title='69  Mark Veazey PP Bro William Dr.'>69  <link link_id='190436' target_id='14357' target_title='Mark Veazey'>Mark Veazey</link> PP Bro <link link_id='190437' target_id='14358' target_title='William Veazey'>William</link> Dr.</entryHeading><lb/> <table class='tabular'><lb/><thead><lb/><tr><th class='bang'>Date</th> <th class='bang'>Item and price</th> <th class='bang'>L</th> <th class='bang'>s</th> <th class='bang'>d</th></tr></thead> <tbody> <tr><td> 4</td> <td><link link_id='190438' target_id='10756' target_title='powder'>Powder</link> &amp; <link link_id='190439' target_id='10757' target_title='shot'>Shot</link> 5/</td> <td/> <td>5</td> <td/> </tr> </tbody> </table> <lb/> <entryHeading depth='2' title='69  William Veazey Self Dr.'>69  <link link_id='190440' target_id='14358' target_title='William Veazey'>William Veazey</link> Self Dr.</entryHeading><lb/> <table class='tabular'><lb/><thead><lb/><tr><th class='bang'>Date</th> <th class='bang'>Item and price</th> <th class='bang'>L</th> <th class='bang'>s</th> <th class='bang'>d</th></tr></thead> <tbody> <tr><td/> <td><link link_id='190441' target_id='10756' target_title='powder'>Powder</link> &amp; <link link_id='190442' target_id='10757' target_title='shot'>Shot</link> 5/- 3 <link link_id='190443' target_id='10773' target_title='gunflint'>flints</link> d6</td> <td/> <td>5</td> <td>6</td> </tr> </tbody> </table> <lb/> Examd with TDB<lb/></p><p> <entryHeading depth='2' title='69  James Cash PP Brother Bryant Dr.'>69  <link link_id='190444' target_id='14359' target_title='James Cash'>James Cash</link> PP Brother <link link_id='190445' target_id='14360' target_title='Bryant Cash'>Bryant</link> Dr.</entryHeading><lb/> <table class='tabular'><lb/><thead><lb/><tr><th class='bang'>Date</th> <th class='bang'>Item and price</th> <th class='bang'>L</th> <th class='bang'>s</th> <th class='bang'>d</th></tr></thead> <tbody> <tr><td> 5</td> <td>1/2 lb <link link_id='190446' target_id='10756' target_title='powder'>Powder</link> 5/ 2 1/2 lb <link link_id='190447' target_id='10757' target_title='shot'>Shot</link> 6/3 3 lb <link link_id='190448' target_id='7930' target_title='sugar'>Sugar</link> 7/6</td> <td/> <td>18</td> <td>9</td> </tr> <tr><td> 27</td> <td>3 Pts <link link_id='190449' target_id='10506' target_title='rum'>Rum</link> 7/6 1/4 lb <link link_id='190450' target_id='10759' target_title='ginger'>Ginger</link> 1/3</td> <td/> <td>8</td> <td>9</td> </tr> <tr><td> 27</td> <td>1/4 lb <link link_id='190451' target_id='10780' target_title='pepper'>Pepper</link> 1/6 1 <link link_id='190452' target_id='10580' target_title='silk'>hank Silk</link> 1/3</td> <td/> <td>2</td> <td>9</td> </tr> <tr><td> 27</td> <td>1 <link link_id='190453' target_id='10781' target_title='container'>Pepper Box</link> 1/- 1 <link link_id='190454' target_id='10764' target_title='comb'>Fine Comb</link> 3/- Self</td> <td/> <td>4</td> <td/> </tr> <tr><td/> <td/> <td>1</td> <td>14</td> <td>3 </td> </tr> </tbody> </table> <lb/></p><p> Examd with TDB<lb/></p><p> <entryHeading depth='2' title='69  Bryant Cash Self Dr.'>69  <link link_id='190455' target_id='14360' target_title='Bryant Cash'>Bryant Cash</link> Self Dr.</entryHeading><lb/> <table class='tabular'><lb/><thead><lb/><tr><th class='bang'>Date</th> <th class='bang'>Item and price</th> <th class='bang'>L</th> <th class='bang'>s</th> <th class='bang'>d</th></tr></thead> <tbody> <tr><td> 5</td> <td>1/2 lb <link link_id='190456' target_id='10756' target_title='powder'>Powder</link> 5/- 2 1/2 <link link_id='190457' target_id='10757' target_title='shot'>Shot</link> 6/3 1  <link link_id='190458' target_id='10758' target_title='knife'>P? Knife</link> 4/-</td> <td/> <td>15</td> <td>3</td> </tr> <tr><td> 5</td> <td>2 lb <link link_id='190459' target_id='7930' target_title='sugar'>Sugar</link> 5/-</td> <td/> <td>5</td> <td/> </tr> <tr><td> 27</td> <td>3 Pts <link link_id='190460' target_id='10506' target_title='rum'>Rum</link> 7/6 1/4 lb <link link_id='190461' target_id='10780' target_title='pepper'>Pepper</link> 1/6 PP Bro James</td> <td/> <td>9</td> <td/> </tr> <tr><td/> <td/> <td>1</td> <td>9</td> <td>3</td> </tr> </tbody> </table> <lb/> <entryHeading depth='2' title='69 William Walker Jr Self Dr'>69 <link link_id='190462' target_id='14361' target_title='William Walker Jr'>William Walker Jr</link> Self Dr</entryHeading><lb/> <table class='tabular'><lb/><thead><lb/><tr><th class='bang'>Date</th> <th class='bang'>Item and price</th> <th class='bang'>L</th> <th class='bang'>s</th> <th class='bang'>d</th></tr></thead> <tbody> <tr><td> 5</td> <td>4 lb <link link_id='190463' target_id='7930' target_title='sugar'>Sugar</link> 10/-</td> <td/> <td>10</td> <td/> </tr> </tbody> </table> <lb/> <entryHeading depth='2' title='69 George Carey Self Dr'>69 <link link_id='190464' target_id='14362' target_title='George Carey'>George Carey</link> Self Dr</entryHeading><lb/> <table class='tabular'><lb/><thead><lb/><tr><th class='bang'>Date</th> <th class='bang'>Item and price</th> <th class='bang'>L</th> <th class='bang'>s</th> <th class='bang'>d</th></tr></thead> <tbody> <tr><td> 5</td> <td>3 1/2 lb <link link_id='190465' target_id='10757' target_title='shot'>Shot</link> 8/9 1 <link link_id='190466' target_id='10761' target_title='salt'>Bushel Salt</link> 20/-</td> <td>1</td> <td>8</td> <td>9</td> </tr> <tr><td> 13</td> <td>3/4 yds <link link_id='190467' target_id='10767' target_title='mode'>blk Mode</link> 13/- 1/4 yd <link link_id='190468' target_id='10768' target_title='cambric'>C Cambrick</link> 4/6</td> <td/> <td>17</td> <td>6</td> </tr> <tr><td> 13</td> <td><link link_id='190469' target_id='10560' target_title='thread'>Fine thd</link> 1/- 2 yds <link link_id='190470' target_id='10564' target_title='ribbon'>Locket</link> 1/- 1 <link link_id='190471' target_id='10580' target_title='silk'>hank Silk</link> 1/3</td> <td/> <td>3</td> <td>3</td> </tr> <tr><td> 13</td> <td>1 <link link_id='190472' target_id='10783' target_title='paste board'>paste Board</link> 1/- 2 <link link_id='190473' target_id='10764' target_title='comb'>Hair Combs</link> 5/</td> <td/> <td>6</td> <td/> </tr> <tr><td/> <td/> <td>2</td> <td>15</td> <td>6</td> </tr> </tbody> </table> <lb/></p><p/>
      </page>
