<?xml version='1.0' encoding='UTF-8'?>    
      <page>
        <p>Stagville November 12 1808</p><p>84| Thomas Horner PP Wife Dr<lb/>| 10 ~ Sugar 20/- 1 ~ Coffee 6/- 1/2 ~ Allspice 2/6 |1|8|6|<lb/>| 1/4 ~ Ginger 1/3 1/2 doz Needles d6 ||1|9|<lb/>| 1 Sett Cups &amp; Saucers 7/6 1/2 doz E plates 7/6 ||15||<lb/>| 3 1/2 yds Mill'd Drab Cloth 40/ |7|||<lb/>| 1 doz buttons 5/- Silk [?] Twist 2/6 ||7|6|<lb/>28| 200 d8 Nails 5/- PP Son ||5||<lb/>|9|17|9|</p><p>84| Jeremiah Roberts PP Son Dr<lb/>12| 2 ~ Copperas 3/- 100 d8 Nails 2/6 ||5|6|</p><p>84| John Hunt Self Dr.<lb/>12| 100 d8 Nails 2/6 1 Tumbler 1/6 ||4||<lb/>| 4 1/2 ~ Iron 4/6 1/4 ~ Steel 1/- Workd at Shop ||5|6|<lb/>||9|6|</p><p>84| William Gooch Self Dr.<lb/>14| 2500 4d Cut Nails 18/9 600 d6 Nails 12/- |1|10|9|</p><p>84| Bryant Cash Self Dr.<lb/>14| 1/2 Bushel Salt 10/- 1/4 ~ Powder 2/6 1/ ~ Shot 2/6 ||15||<lb/>22| 1 qt Brandy 4/- 1 Paper Pins 4/- ||8||<lb/>|1|3||</p><p>84| James Walker Senr Self Dr.<lb/>14| 1 Sack [Bay? Bag?] 10/- 1/2 Bushel Salt 10/ |1|||<lb/>14| 1/4 ~ Powder 1 ~ Shot 5/- 1 pr Yarn Hose 7/6 ||12|6|<lb/>|1|12|6|<lb/></p>
      </page>
