<?xml version='1.0' encoding='UTF-8'?>    
      <page>
        <p>Stagville November 14.. 1808</p><p>84| Moses Jones Junr PP [Ia?] Wheeler Dr<lb/>| 50 12 d Nails 1/9 1/4 ~ [Salts?] 1/3 1/2 ~ Pepper 3/- ||6||<lb/>1/2 ~ Allspice 2/6<lb/>||8|6|</p><p>84| Hugh Morris Self Dr.<lb/>14| 1 quart Whisky 3/- ||3||<lb/>23| 1/2 doz Gunflints 1/- 1 Butcher Knife 1/6 ||2|6|<lb/>23| 1 Box Wafers 1/6 ||1|6|<lb/>||7||</p><p>85| Elisha Umstead Self Dr.<lb/>15| 3 1/2 yds Drab cloth 25/ |4|7|6|<lb/>15| 1 yd Baize 7/6 1 dox Buttons 2/6 ||10||<lb/>15| 1 Stick Twist 1/3 1 Tumbler 1/3 |5|||</p><p>85| William Pettigrew Junr PP Negro Tamar Dr.<lb/>15| 1/2 Gallon Molasses 6/3 ||6|3|<lb/>21| 1/4 ~ Alum d6 Self |||6|</p><p>85| Leonard Laws Self Dr.<lb/>15| 50 Nails 1/9 ||1|9|<lb/>19| 1/2 ~ Copperas 9d PP Negro Girl |||9|<lb/>29| 1 Spelling Book 4/1 Self ||4||<lb/>30| 1 Pocket Knife ||5||<lb/>||11|6|</p><p>85| Temperance Wilburn PP Miss Philips Dr<lb/>16| 1 doz Needles 1/- ||1||<lb/>21| 3 yds Ribbon 3/- 1pr Morocco Slippers 12/6 ||15|6|<lb/>23| Cash pd Mr. Kirkland for Gloves ||15||<lb/>|1|11|6|</p><p>85| Henry Moize PP Self Dr<lb/>16| 1/2 Bushel Salt 10/ ||10||<lb/></p>
      </page>
