<?xml version='1.0' encoding='UTF-8'?>    
      <page>
        <p>Stagville November 17th 1808<lb/>85| George Laws Junr Self Dr<lb/>| 1 oz Red Cotton 2/6 ||2|6|<lb/>21| 1 oz Ditto <link link_id='218568' target_id='16132' target_title='Red Cotton'>Red Cotton</link> 2/6 ||2|6|<lb/>||5||</p><p>85| Lazarus [Tilley?] Self Dr.<lb/>17| 9 3/4 ~ Iron @ 1/ ||9|9|</p><p>85| Mark Veazey Self Dr<lb/>18| 100 d8 Nails 2/6 ||2|6|<lb/>24| 1 Hair Comb 3/6 PP Bro Fielding ||3|6|<lb/>||6||</p><p>85| Nicholas Green Self Dr.<lb/>18| 1 ~ Copperas 1/6 ||1|6|</p><p>85| Anthony Cozart Self Dr.<lb/>19| 1 ~ Copperas 1/6 1 doz Needles 1/- ||2|6|<lb/>19| 3 1/2 yds blue fearnought @ 25/ |4|7|6|<lb/>19| 1 Stick Twist 1/3 1 doz buttons 5/- ||6|3|<lb/>19| 1 Paper Pins 4/- 16 1/4 ~ Iron 16/3 |1|0|3|<lb/>|5|16|6|</p><p>85| Nathaniel Hicks PP Order Dr.<lb/>19| Merchs paid Hugh Lovings ||12|6|<lb/></p>
      </page>
