<?xml version='1.0' encoding='UTF-8'?>    
      <page>
        <p>Stagville November 19th 1808</p><p>85| James Meadowes Self Dr.<lb/>| 2 yds Grey Coating 40/ 1 P Pins 4/ |2|4||<lb/>| 2 Dutch Blankets 47/6 |2|7|6|<lb/>|4|11|6|</p><p>85| John Scarlett Self Dr<lb/>19| 1 Tickler &amp; Whiskey 4/ ||4||<lb/>24| 1 peck Salt 5/- 15 Needles 1/3 PP Son ||6|3|<lb/>| General Charges for Shop accot ||5|6|<lb/>| Profit &amp; Loss for Int on his Note ||11||<lb/>|1|6|9|</p><p>85 |General Charges To John Scarlet Dr<lb/>for his work for making Shoes &amp;ca for<lb/>1807 &amp; 1808 PP accot Rendered |18|16||</p><p>85| Shadrach Roberts Self Dr.<lb/>|1/8 yd blue Kersey 1/- ||1||<lb/>19| 1 [bent?] Comb 3/6 ||3|6|<lb/>29| 2 yds blue broad Cloth 100/ 3 yds blue Casimere 65/- |8|5||<lb/>29| 1 Dimity Vest Shape &amp;ca 6/9 3 hanks Silk 3/9 ||10|6|<lb/>29| 2 Sticks Twist 2/6 2 doz Coat Buttons 10/ ||12|6|<lb/>|9|12|6|</p><p>85| Michael Carey Self Dr.<lb/>21| 1 Almanac 1/- 1 Books 3/9 ||4|9|</p><p>85| George Carey pp Wife Dr<lb/>21| 1 Case Knives &amp; forks 15/ ||15||</p><p>85| John Tilley Jr Self Dr.<lb/>21| 200 d8 Nails 5/- ||5||</p>
      </page>
