<?xml version='1.0' encoding='UTF-8'?>    
      <page>
        <p>Stagville November 22d 1808</p><p>85| James Wheeler Self Dr<lb/>| Merchandise paid Mrs Lanier ||5|6|<lb/>| 1 yd Ribbon 1/- 1 pr Shoes 20/ |1|1||<lb/>|1|6|6|</p><p>85| Taylor Duke Self Dr.<lb/>11| 1 Peck Salt 5/- 1 Ink Stand 2/6 ||7|6|<lb/>22| 1 Paper Ink Powder 2/6 ||2|6|<lb/>25| 1 pr C. Cards 14/- 21 1/4 ~ Iron 21/3 PP Rob [Nutt?] |1|15|3|<lb/>|2|5|3|</p><p>85| Hugh Woods PP Luke Dr<lb/>| 1 ~ Coffee 6/- had 7th August ||6||<lb/>| 2 Gallons Whisky 20/- PP Shadrach 17th Sepr |1|||<lb/>| General Charges for Carriage of 28th [9? 8?]<lb/>| Tobacco to Petersburg at 10/ PP C. [Nett?] |14|9|9|<lb/>| Ferriage 7/6 Turning up 2 hds 10/- ||17|6|<lb/>|16|13|3|</p><p>86| General Charges To Hugh Woods Dr.</p><p>|for his part of 10 hhds Tobo 14492 [qt?]<lb/>| made at H. Mountain Plantation in <lb/>the year 1807 being [289 th&amp; ?] at $4 PP [illegible] <lb/>|57|19|3|</p><p>86| Zepheniah Waller To Profit &amp; Loss Dr<lb/>22| for Interest on his Judgements |1|9|9|</p><p>86| William Ray Junr PP Son Dr.<lb/>23| 1 Gallon Brandy 15/ ||15||</p><p>86| Claiborn Parrish Self Dr.<lb/>23| 2 ~ Copperas 3/- 2 yds Ribbon 2/6 ||5|6|<lb/>23| 1 Paste Board 1/6 200 d8 Nails 5/ ||6|6|<lb/>23| 5 Slips Paper 4/- 1 pr Cotton Cards 15/- ||19||<lb/>|1|11||</p><p/>
      </page>
