<?xml version='1.0' encoding='UTF-8'?>    
      <page>
        <p>Stagville November 25th 1808</p><p>86| John Cain PP Order Dr<lb/>| 100 20d Nails 4/6 ||4|6|</p><p>86| Thomas Rhew Self Dr<lb/>25| 1/2 B Salt 10/- 1 ~ Copperas 1/6 ||11|6|<lb/>25| 1 doz Needles 1/- ||1||<lb/>||12|6|</p><p>86| John Jenkins Self Dr<lb/>25| 1 Testament 5/6 1 Childs Spelling Book 2/6 ||8||<lb/>25| 1 doz Pipes 1/- 1 bottle Spts Turpentine 3/6 ||4|6|<lb/>||12|6|</p><p>86| James Leathers Self Dr.<lb/>26| fine Thread 1/6 ||1|6|</p><p>86| Peter Cash Junr Self Dr<lb/>26| 1 pr Cotton Cards 15/- 1 fine Comb 5/- |1|||<lb/>26| 1 Pocket Knife 5/ ||5||<lb/>|1|5||</p><p>86| William P Sample PP Order Dr<lb/>26| 8 ~ Sugar 16/- 1 Pocket Hkf 4/- 1/2 ~ Ginger 2/6 |1|2|6|<lb/>26| 1/2 ~ Allspice 2/6 1/2 ~ Pepper 3/- 1 ~ Coffee 6?- ||11|6|<lb/>26| 1 1/2 yds C Shirting 10/6 2 doz Button Moulds 2/ ||12|6|<lb/>26| 1 Frying Pan 15/6 1 Dutch Blanket 25/ |2||6|<lb/>26| 1 Pocket Knife 5/- 1 Sack Bag 10/- ||15||<lb/>26| 1 Paper Pins 4/- 1 ~ Shot 2/6 delivd [G. Justice?] ||6|6|<lb/>|5|8|6|</p><p/>
      </page>
