<?xml version='1.0' encoding='UTF-8'?>    
      <page>
        <p>Stagville November 26th 1808<lb/>86| Henry Wood To Sundries Dr<lb/>Profit &amp; Loss for Interest on his Notes ||17|6|<lb/>Cash Paid him in full PP Rect. |11|15||<lb/>|12|12|6|</p><p>86| General Charges to Henry Wood Dr<lb/>By his services for teh year 1808 after<lb/>deducting for loss of time } |33|17|6|</p><p>86| William Meadowes Self Dr.<lb/>28| 1 ~ Copperas 1/6 1 pr. Cotton Cards 16/ ||17|6|<lb/>28| 1 ~ Shot 2/6 1/ Gimblet 1/- Awl blades d6 ||4||<lb/>28| 1 Almanac 1/- ||1||<lb/>|1|2|6|</p><p>86| William Roberts Jr Self Dr.<lb/>28| 1 ~ Copperas 1/6 1 Almanac 1/- ||2|6|<lb/>| 2 1/2 ~ Iron 2/6 1 ~ Steel 3/6 Work'd at Shop ||6||<lb/>||8|6|</p><p>86| William Lingo Self Dr<lb/>30| 2 Spelling Books 6/6 1 Pitsaw file 3/ ||9|6|<lb/>30| 75 d8 Nails 1/9 1 pr Shears 2/6 1 ~ Copps 1/6 ||5|9|<lb/>30| 1 Paper pins 4/- 1/2 Bushel Salt 10/ ||14||<lb/>30| 2 ~ Iron 2/- 1/4 ~ Steel 1/- Work'd at the Shop ||3||<lb/>|1|12|3|</p><p>86| John Phipps Self Dr.<lb/>30| 1 Almanac 1/- ||1||</p><p>86| Willie Mangum PP Order Dr<lb/>30| 2 ~ Sugar 4/- 1 ~ Coffee 6/- 1 Bottle Snuff 5/- ||15||<lb/>30| 1 Bandanna Hkf 15/- 16 ~ Iron 16/ |1|11||<lb/>|2|6||</p><p>86| Arthur Bobbitt PP Mrs. Mangum Dr.<lb/>30 1 ~ Copperas 1/6 ||1|6|</p><p/>
      </page>
