<?xml version='1.0' encoding='UTF-8'?>    
      <page>
        <p>Stagville November 30th 1808<lb/>86| Abner Roberts Self Dr<lb/>75 d8 Nails 1/9 ||1|9|</p><p>86| William Jones to Profit &amp; Loss Dr.<lb/>for Interest on his Judgements |1|15||</p><p>87| Gracie Anderson &amp; Co To Sundries Dr.<lb/>General Charges for 36 Bacon Hams} <lb/>[VCQ?]}<lb/>350 ~ at 10 cents [L 10.10.0 struck through]} |17|10||<lb/>Tobacco Accot for 61 Hhds}<lb/>Nett 84,028 [?] at 24/- } 1008.6.8 |1680|11||<lb/>1018.16.8<lb/>|1698|1||</p><p>87| Sundries To Gracie Anderson &amp; Co Dr.<lb/>Profit &amp; Loss for Interest on their}<lb/>accot to the 2d Inst} L 15.14.7 1/2 |26|4|5|<lb/>Cash received in full 89.9.5 |149|2|4|<lb/>L 105.4.0 1/2 |175|6|9|</p><p>87| John Osborne To Sundries Dr.<lb/>Genl Charges for 36 Bacon Hams}<lb/>PP Statement} 11.4.8 |18|14|6|<lb/>Cash paid in full PP Receipt 5.8.5 |9|0|8|<lb/>L 16.13.1 |27|15|20|</p><p>87| James &amp; John Dunlop To Tobacco accot Dr<lb/>for 2 hhds Nett 4497 @ 24/ L 29.19.3 |49|18|9|</p><p>87 Merchandise To Sundries Dr.<lb/>Bells &amp; McRae for Sundries}<lb/>PP Invoice} 139.17.6 |233|2|6|<lb/>Robert Caldwell for [Do?] PP [Do?] L 45.18.0 |76|10||<lb/>William &amp; Henry Waxall}<lb/>for Sundries PP Invoice} 26.5.6 1/2<lb/>Ditto for Do PP Ditto 6.8.7<lb/>32.14.1 1/2 |54|10|2|<lb/>James &amp; John Dunlop for}<lb/>Sundries PP Invoice} 10.0.0<lb/>Ditto for Ditto PP Do 31.11.8 [1/4 struck through]<lb/>41.11.8. [1/4 struck through] |69|6|1|<lb/>Gracie Anderson &amp; Co New Accot }<lb/>for Sundries PP Invoice } 8.15.1 1/2 |14|11|10|<lb/>John Osborn for 1 Cask Nails PP}<lb/>Invoice} 5.0.6 |8|7|6|<lb/>|456|8|1|<lb/></p>
      </page>
