<?xml version='1.0' encoding='UTF-8'?>    
      <page>
        <p>Stagville November 30, 1808</p><p>87| Cash To Sundries Dr.<lb/>William Jones in full of his}<lb/>Judgments &amp; Interest $93} |46|10||</p><p>2| Gracie Anderson &amp; Co in full L 89.9.5 |149|2|6|<lb/>2| Fish dam Store recd for 2 hhds}<lb/>Tobacco 2350 ~ @ 31/6 Sold at Fayetteville}<lb/>L 37.0.3<lb/>2| Ditto pd A Clements in full 25.16.0 |62|16|3|<lb/>9| Notes &amp; Accots recd of John Dalby}<lb/>by Rob Lanier in full of 1 Judgmt}<lb/>&amp; [Jant?] &amp; 5$ in part of the other} |19|16||<lb/>18| Nicholas Green in part |8|14|3|<lb/>18| Benjamin Lanier in full ||7|6|<lb/>22| Zephaniah Waller |32|11|3|<lb/>25| General Charges recd for Corn ||10||<lb/>30| Merchandise for Sundries sold}<lb/>this Month PP Sales} |14|15|9|<lb/>Profit &amp; Loss Surplus ||6|6|<lb/>|335|10||</p><p>86| Mordecai Sutherland Senr To General Charges Dr.<lb/>for Carriage of 2 hhd Tobacco to}<lb/>Petersburg Nett 2730~ at 10/- |13|13||<lb/>Ferriage 7/6 Turning up 10/- ||17|6|<lb/>|14|10|6|</p><p>86| Tobacco [Accot?] To Mordecai Sutherland Senr Dr.<lb/>for 2 hhd Nett 2730 ~ @ 37/6 |51|3|9|</p><p/>
      </page>
