<?xml version='1.0' encoding='UTF-8'?>    
      <page>
        <p>Stagville November 30th 1808</p><p>87| Sundries To Cash Dr<lb/>4| Wm &amp; Henry Haxall PP Rect in full $161.70 [illegible] |80|17||<lb/>8| Robert Caldwell 53 |26|10||<lb/>8| John Osborne L 5.8.5 [V. C. Y. ?] |9||9|<lb/>8| Merchandise for Sundries Vizt<lb/>Thomas Nelson &amp; Co PP Bills &amp; Receipts L 48.18.0<lb/>J. W. Campbell PP Bills &amp; Receipts $21.62 1/2 [illegible] 6.9.9<lb/>Benjamin Cocke PP Bills &amp; Receipts 21 6.6.0<lb/>Joseph Bragg PP Bills &amp; Receipts 6.3.3.<lb/>L67.17.- |113|1|9|<lb/>8| Tobacco accot Vizt<lb/>Inspectors at B Brook for 227 ~}<lb/>Tobacco @ 23/6} 2.13.3<lb/>Picking &amp; Reprizing P. Bullocks hhd: .15.0<lb/>Opening [6?] Hhds: Nails &amp; Brandy 1.4.0<lb/>Turning up 2 hhds last carried .6..<lb/>4.18.3 |8|3|9|<lb/>8| Richard Bennehan &amp; Son Vizt<lb/>Expences to Richmond [&amp;ca?] L2.10.9<lb/>Ball Mayers for 6 yds Flannel}<lb/>PP bill &amp; Reciept} 1.16.0<lb/>William Morris PP Bill &amp; Rect 3.10.9<lb/>7.17.6 |13|2|6|</p><p>8| General Charges Vizt<lb/>paid for 1 Cheese PP Bill &amp; Receipt $3 L 1.10.0<lb/>21|paid for Robert Lewis for breaking}<lb/>535 ~ Flax in full} 3.14.3<lb/>21|paid for Waggon Expences PP}<lb/>J Wilkins's Statement} 2.12.6<lb/>|7|16|9|</p><p>8| Charges on Merchandise Vizt<lb/>Travelling Expences to &amp; from}<lb/>Petersburg} L 2.19.0 [VGY?]<lb/>Daniel Dodson PP Bills &amp; Receipts 6.11.0<lb/>9.10.- |15|16|9|</p><p>2| Anderson Clements pd him in full PP Rect |25|16||</p><p>13| Elijah Patterson pd him at twice |2|||</p><p>21 Temperance Wilburn pd for Gloves for M.E.P. ||15||<lb/>26| Robert Seay pd him |7|10||<lb/>26| Henry Wood pd him in full PP rect 11|15||</p><p>|322|5|3|</p><p/>
      </page>
