<?xml version='1.0' encoding='UTF-8'?>    
      <page>
        <p><entryHeading depth='3' title='Stagville August 5th 1808'>Stagville August 5th 1808</entryHeading><lb/></p><p> <entryHeading depth='2' title='69 Twitty Chambliss Self Dr'>69 <link link_id='190500' target_id='10786' target_title='Twitty Chambliss'>Twitty Chambliss</link> Self Dr</entryHeading><lb/> <table class='tabular'><lb/><thead><lb/><tr><th class='bang'>Date</th> <th class='bang'>Item and price</th> <th class='bang'>L</th> <th class='bang'>s</th> <th class='bang'>d</th></tr></thead> <tbody> <tr><td/> <td>1/4 lb <link link_id='190501' target_id='10761' target_title='salt'>Salt</link> 1/3</td> <td/> <td>1</td> <td>3</td> </tr> </tbody> </table> <lb/> <entryHeading depth='2' title='69 Thomas Hunt Self Dr'>69 <link link_id='190502' target_id='14363' target_title='Thomas Hunt'>Thomas Hunt</link> Self Dr</entryHeading><lb/> <table class='tabular'><lb/><thead><lb/><tr><th class='bang'>Date</th> <th class='bang'>Item and price</th> <th class='bang'>L</th> <th class='bang'>s</th> <th class='bang'>d</th></tr></thead> <tbody> <tr><td> 6</td> <td>1 <link link_id='190503' target_id='10520' target_title='hat'>Fine Hat</link> $5</td> <td>2</td> <td>10</td> <td/> </tr> <tr><td> 20</td> <td>1 Peck <link link_id='190504' target_id='10761' target_title='salt'>Salt</link> 5/ PP Dick</td> <td/> <td>5</td> <td/> </tr> <tr><td/> <td/> <td>2</td> <td>15</td> <td/> </tr> </tbody> </table> <lb/> <entryHeading depth='2' title='69 Richard Cragg Self Dr'>69 <link link_id='190505' target_id='14364' target_title='Richard Cragg'>Richard Cragg</link> Self Dr</entryHeading><lb/> <table class='tabular'><lb/><thead><lb/><tr><th class='bang'>Date</th> <th class='bang'>Item and price</th> <th class='bang'>L</th> <th class='bang'>s</th> <th class='bang'>d</th></tr></thead> <tbody> <tr><td> 6</td> <td>1/4 lb <link link_id='190506' target_id='10756' target_title='powder'>powder</link> 2/6 1/4 lb <link link_id='190507' target_id='10757' target_title='shot'>Shot</link> 3/- <link link_id='190508' target_id='10784' target_title='buttons'>1/2 doz v buttons</link> 3/9</td> <td/> <td>9</td> <td>3</td> </tr> <tr><td> 6</td> <td>1 <link link_id='190509' target_id='10520' target_title='hat'>Fine Hat</link> $5</td> <td>2</td> <td>10</td> <td/> </tr> <tr><td/> <td/> <td>2</td> <td>19</td> <td>3</td> </tr> </tbody> </table> Examd with TDB<lb/></p><p> <entryHeading depth='2' title='69 William Horton Self Dr'>69 <link link_id='190510' target_id='14365' target_title='William Horton'>William Horton</link> Self Dr</entryHeading><lb/> <table class='tabular'><lb/><thead><lb/><tr><th class='bang'>Date</th> <th class='bang'>Item and price</th> <th class='bang'>L</th> <th class='bang'>s</th> <th class='bang'>d</th></tr></thead> <tbody> <tr><td> 6</td> <td>1 1/2 doz <link link_id='190511' target_id='10821' target_title='moulds'>Moulds</link> 1/6 3 <link link_id='190512' target_id='10770' target_title='pipe'>pipes</link> d9</td> <td/> <td>2</td> <td>3</td> </tr> </tbody> </table> <lb/> <entryHeading depth='2' title='69 Sarah Cozart PP Wm Horton Dr'>69 <link link_id='190513' target_id='14366' target_title='Sarah Cozart'>Sarah Cozart</link> PP <link link_id='190514' target_id='14365' target_title='William Horton'>Wm Horton</link> Dr</entryHeading><lb/> <table class='tabular'><lb/><thead><lb/><tr><th class='bang'>Date</th> <th class='bang'>Item and price</th> <th class='bang'>L</th> <th class='bang'>s</th> <th class='bang'>d</th></tr></thead> <tbody> <tr><td> 6</td> <td>3 yds <link link_id='190515' target_id='10562' target_title='cotton'>I cotton</link> 15/- 1 <link link_id='190516' target_id='10764' target_title='comb'>Ivory comb</link> 5/-</td> <td>1</td> <td/> <td/> </tr> <tr><td> 6</td> <td>1 <link link_id='190517' target_id='10566' target_title='pins'>Paper pins</link> 3/</td> <td/> <td>3</td> <td/> </tr> <tr><td/> <td/> <td>1</td> <td>3</td> <td/> </tr> </tbody> </table> <lb/> <entryHeading depth='2' title='70 James Daniel Self Dr'>70 <link link_id='190518' target_id='14367' target_title='James Daniel'>James Daniel</link> Self Dr</entryHeading><lb/> <table class='tabular'><lb/><thead><lb/><tr><th class='bang'>Date</th> <th class='bang'>Item and price</th> <th class='bang'>L</th> <th class='bang'>s</th> <th class='bang'>d</th></tr></thead> <tbody> <tr><td> 8</td> <td>1/4 lb <link link_id='190519' target_id='10756' target_title='powder'>Powder</link> 2/6 1 lb <link link_id='190520' target_id='10757' target_title='shot'>Shot</link> 2/6 2 <link link_id='190521' target_id='10764' target_title='comb'>Hair Combs</link> 7/-</td> <td/> <td>12</td> <td/> </tr> <tr><td/> <td>Genl Charges for 8 3/4 lb <link link_id='190522' target_id='10785' target_title='lard'>Hogs Lard</link> a 1/ L0.8.9</td> <td/> <td/> <td/> </tr> <tr><td/> <td>Ditto for 3 pr 20 lb <link link_id='190523' target_id='10822' target_title='bacon'>Bacon</link> a 1/- 1/-/-</td> <td>1</td> <td>8</td> <td>9</td> </tr> </tbody> </table> <lb/></p><p> <entryHeading depth='2' title='70 Baxter Self PP Self Dr'>70 <link link_id='190524' target_id='14368' target_title='Baxter'>Baxter</link> Self PP Self Dr</entryHeading><lb/> <table class='tabular'><lb/><thead><lb/><tr><th class='bang'>Date</th> <th class='bang'>Item and price</th> <th class='bang'>L</th> <th class='bang'>s</th> <th class='bang'>d</th></tr></thead> <tbody> <tr><td> 8</td> <td>1/2 Bushel <link link_id='190525' target_id='10761' target_title='salt'>Salt</link> 10/-</td> <td/> <td>10</td> <td/> </tr> </tbody> </table></p>
      </page>
