<?xml version='1.0' encoding='UTF-8'?>    
      <page>
        <p>Stagville December 1st 1808</p><p>88| Elijah Patterson Self Dr<lb/>| 1/2 yd blue fearnought 12/6 2 1/2 doz buttons 12/6 |1|5||<lb/>| 2 3/4 Grey casimere 68/9 2 hks Silk 2/6 |3|11|3|<lb/>| 2 Sticks Twist 2/6 1 qt Brandy 4/- ||6|6|<lb/>3| 1 qt Brandy 4/- 1 hk Silk 1/3 2 yds Ribbon 2/ ||7|3|<lb/>3| Cash paid him $20 |1|||<lb/>10| 1 quart Whisky 3/<lb break='no'/>12| 1 qt Whisky 3/- 1 hank Silk 1/3 ||4|3|<lb/>13| 1 qt Whisky 3/- 1 pt Brandy 2/- 2 yds Ribbon 2/- ||7||<lb/>16| Powder &amp; Shot 10/- 1 qt Brandy 4/- 1 yds Baize 7/6 |1|1|6|<lb/>19| 1 qt Brandy 4/- 2 hks Silk 2/6 ||6|6|<lb/>19| Merchandise pd Aunt Aggy |2|8||<lb/>23| 2 pr. C Stockings 29/- 1 qt Whisky 3/- 1|12||<lb/>24| 2 qts Whisky 6/ 1 qt Brandy 4/- 3 ~ Sugar 6/- ||16||<lb/>26| 2 hanks Silk 2/6 1 qt Whisky 3/- ||5|6|<lb/>31 1 quart Whisky 3/ ||3||<lb/>| To his Shop accot to 31st Decemr ||10||<lb/>|14|6|9|</p><p>88| Thomas Hunt Self Dr.<lb/>1| 3 1/2 yds Mill'd Drab Cloth @ 40/ |7|||<lb/>1| 3/8 yds blk fancy Cord 6/6 1 1/2 yds red Flannel 15?- 1|1|6|<lb/>1| 2 hanks Silk 2/6 1 Stick Twist 1/3 ||3|9|<lb/>1| 1 doz Buttons 5/- 1 doz Needles 1/- ||6||<lb/>1| 200 d8 Nails 5/- ||5||<lb/>19| 1 doz Vest Buttons 2/6 ||2|6|<lb/>21| 1/2 Bushel Salt 10/- for J Joohnston PP [V. O.?] ||10||<lb/>29| 2 qt Brandy 8/- 4 ~ Sugar 8/- ||16||<lb/>29| 1 ~ Coffee 6/- 150 d8 Nails 3/9 PP Dick ||9|9|<lb/>| Genl Charges for his Shop accot to 31st Inst 1|11||</p><p>88| Johnathan Moize Self Dr<lb/>1| 100 d6 Nails 2/ ||2||</p><p>88| John Scarlet Self Dr<lb/>1| 1 ~ Ginger 5/- ||5||<lb/>17| 3 1/2 yds Grey Coating 56/ 1 Stick twist 1/3 |2|17|3|<lb/>17| 6 Butcher Knives 11/- 1 Almanac 1/- ||12||<lb/>17| 9 Needles 9d |||9|<lb/>17| Cash paid him in full |1|10||<lb/>|5|5||</p><p/>
      </page>
