<?xml version='1.0' encoding='UTF-8'?>    
      <page>
        <p>Stagville December 2nd 1808</p><p>88| Nathaniel Waller Self Dr.<lb/>| 100 12 d Nails 3/6 2 ~ Sugar 4/- 1/2 ~ Coffee 3/- ||10|6|<lb/>| 1 yd Cotton Shirting 7/- 1/2 yd C. Cambrick 6/3 ||13|3|<lb/>| John Waller assumed |3|6||<lb/>|4|9|9|</p><p>88| John Waller Self Dr.<lb/>2| 1 Hair Comb 3/6<lb/>17| 1/2 Bushel Salt 10/- 2 ~ Sugar 4/- ||14||<lb/>17| 1/4 ~ Allspice 1/3 1/4 ~ Pepper 1/6 1 Pocket Knife 3/6 ||6|3|<lb/>|1|3|9|</p><p>89| William Montgomery PP Son Dr<lb/>2| 100 d8 Nails 2/6 ||2|6|<lb/>6| 1 qt Brandy 4/ [Cash [illegible] him 20/- crossed out] |0|4||<lb/>16| 1/4 ~ Salts 1/3 100 8d Nails 2/6 1 pr Steel 6/3 PP Son ||10||<lb/>17| 1 qt Brandy 4/- 1 hank Silk 1/3 ||5|3|<lb/>|1|1|9|</p><p>89| Shadrach Roberts Self Dr<lb/>3| 3 1/2 yds C. Shirting 21/- thread &amp; buttons 1/ |1|2||<lb/>5| 3 pipes 6d for Frank 1 doz Buttons 5/ ||5|6|<lb/>10| cash paid him $5 |2|10||<lb/>14| pr Mens Shoes 16/ ||16||<lb/>19| Cash paid him $32 |16|||<lb/>19| New accot for balance due him $95.30 |47|13||<lb/>|68|6|6|</p><p>89| Anthon Cozart PP Son Roberd Dr<lb/>3| 200 12d Nails 7/- 1/4 ~ Powder 2/6 ||9|6|<lb/>3| 3/8 yds blue fearnought 9/6 1 Almanac 1/ ||10|6|<lb/>3| Cash paid him for Tobacco in full 7\5||<lb/>|8|5||</p><p>89| Sundries to Shadrach Roberts Dr.<lb/>19| General Charges for his Services}<lb/>up to the 15th Instatant} |59|3|3|<lb/>19| Profit &amp; Loss for Int on Money due}<lb/>him} |1|4|6|<lb/>|60|7|9|</p><p/>
      </page>
