<?xml version='1.0' encoding='UTF-8'?>    
      <page>
        <p>Stagville December 3rd 1808</p><p>89| John Glenn Self Dr.<lb/>| 1 Shoe Knife 1/6 1 Butcher Knife Do. 1/6 ||3||<lb/>| 1 Pocket Ditto 4/- 1/2 doz Needles 6d ||4|6|<lb/>||7|6|</p><p>89| John Telley Junr Self Dr.<lb/>3| 1 quart Whisky 3/- ||3||<lb/>6| Cash lent him 10/ ||10||<lb/>22| 1/2 Bushel Salt 10/ ||10|<lb/>| Genl Charges for his Shop accot to 31st Inst |2|13||<lb/>|3|16||</p><p>89| John Roberts (of Geo) PP Order Dr.<lb/>| 1/2 ~ Powder 5/- 2 ~ Shot 5/- (12th Augt last) ||10||<lb/>3| 200 d8 Nails 5/- 50 d6 Ditto 1/- ||6||<lb/>3| 2 doz Shoe Tacks 1/- 1 Shoe Knife 1/6 ||2|6|<lb/>||18|6|</p><p>89| Thomas Horner PP Son Dr.<lb/>5| 1/2 Bushel Salt 10/- 1 ~ Coffee 6/- ||16||<lb/>5| 1 fine Comb 5/- 1 dose Salts d6 ||5|6|</p><p>Capt William Byars Self Dr.<lb/>5| 6 1/2 yds blue plain [?] 74/9 1 S twist 1/3 |3|16||</p><p>89| Sutherland May Self Dr.<lb/>5| 1 S twist 1/3 1/2 B Salt 10/- 100 d6 Nails 2/- ||13|3|<lb/>5| 1 Dutch Blankett 22/6 |1|2|6|<lb/>11| 1 quart Brandy 4/ ||4||<lb/>|1|19|9|</p><p/>
      </page>
