<?xml version='1.0' encoding='UTF-8'?>    
      <page>
        <p>Stagville December 5th 1808</p><p>89| Daniel Umstead Self Dr.<lb/>| 1 Spelling Book 4/- 1 Case Knives &amp; Forks 18/- |1|2||<lb/>| 1 1/4 yds Edging 4/3 1 Gimblet 1/- ||5|3|<lb/>| 2 ~ Sugar 4/- 1/2 doz Needles d6 ||4|6|<lb/>| 1 Almanac 1/- ||1||<lb/>| Genl Charges for his Shop accot ||10||<lb/>|2|2|9|</p><p>89| John Roberds PP Dan Umsted Dr.<lb/>5| 3 ~ Sugar 6/- ||6||<lb/>28| General Charges for his Shop accot |1|18|9|<lb/>|2|4|9|</p><p>89| Arthur Mangum Self Dr.<lb/>5| 100 6d Nails 2/- 1 Gimblet 1/- ||3||<lb/>5| 1 qt Brandy 4/- 2 ~ Sugar 4/- ||8||<lb/>5| 2 Almanac's 2/- ||2||<lb/>||13||</p><p>89| Lazarus Telley Self Dr.<lb/>5| 3/4 yds Green Baize a 7/6 ||5|9|</p>
      </page>
