<?xml version='1.0' encoding='UTF-8'?>    
      <page>
        <p>Stagville December 6th 1808<lb/>89| Joseph Wood Senr Self Dr<lb/>| 1 Gallon Whisky 10/- 1 Curb bit 4/6 ||14|6|<lb/>| 1/2 doz pipes 1/6 1/2 doz awls 6d ||2||<lb/>||16|6|</p><p>89| Peyton Madison Self Dr.<lb/>5| 1 quart Whisky 3/- ||3||<lb/>| Genl Charges for his Shop accot 31st Inst ||13|6|<lb/>||16|6|</p><p>90| Stephen Bass Self Dr<lb/>5| 100 d8 Nails 2/6 ||2|6|<lb/>| Genl Charges for his Shop accot to 31st Inst ||12|6|<lb/>||15||</p><p>Examd with D.C</p><p>90| Richard Cragg Self Dr<lb/>5| 150 6d Nails 3/- 1 pr C Cards 16/ ||19||<lb/>5| 1 Almanac 1/- ||1||<lb/>|1|||</p><p>90| Capt Jacob Hoofman [Hofman?] Dr.<lb/>5| 100 6d Nails 2/- 1 paper pins 4/- ||6||<lb/><table class='tabular'><lb/><thead><lb/><tr><th>5</th> <th>1 Pocket Knife 3/</th> <th/> <th>3</th></tr></thead> </table> <lb/>90| Sarah Cozart PP Wm Horton Dr.<lb/>6| 150 d8 Nails 3/9 100 20 d Ditto 4/[? should be 6 for the math to work]  ||8|3|<lb/></p>
      </page>
