<?xml version='1.0' encoding='UTF-8'?>    
      <page>
        <p>Stagville December 6, 1808</p><p>90| Josiah Stephenson Self Dr<lb/>| 1 5/8 ~ Steel 5/9 12 1/4 ~ Iron 12/3 1 Almanac ||19||<lb/>23| 3/4 ~ Pepper 4/6 1/4 ~ Allspice 1/3 ||5|9|<lb/>| Genl Chargs for his Shop accot ||16|6|<lb/>|2|1|3|</p><p>90| Richard Umstead Self Dr.<lb/>6| 1 ~ Copperas 1/6 1 Spelling Book 4/ 1 Almanac 1/- ||6|6|<lb/>| Genl Charges for Shop accot |1|2|9|<lb/>|1|9|3|</p><p>90| William Hopkins PP Son Dr<lb/>6| 1 peck Salt 5/0 1/2 doz Needles 6d ||5|6|<lb/>24| Merchs pd Rubin Cardin PP Order ||10||<lb/>"| 2 ~ Sugar 4/  1/4 ~ Powder 2/6 1 hk Silk 1/3 ||7|9|<lb/>26| 1 Quart Whisky 3/ PP Son ||3||<lb/>| 1 1/2 ~ Iron 1/6 1/4~ Steel 1/ Work'd at Shop ||2|6|<lb/>| Genl Charges for his Shop accot ||3|18||<lb/>|5|6|9|</p><p>90| Taylor Duke Self Dr<lb/>6| 100 8d Nails 2/6 1 ~ Copperas 1/6 ||4||<lb/>"| 1 pr Steel Yards 25/ |1|5||<lb/>|1|9||</p><p>90| Daniel Green Self Dr<lb/>7| 12 3/4 ~ Iron 12/9 ||12|9|<lb/></p>
      </page>
