<?xml version='1.0' encoding='UTF-8'?>    
      <page>
        <p>Stagville December 7th 1808</p><p>| William P. Mangum PP Order Dr<lb/>| 2 Dutch Blankets 50/ 1 ~ Copperas 1/6 |2|11|6|</p><p>90| Knolon Hampton Self Dr<lb/>7| 1 doz Needles 1/ ||1||</p><p>90| Mathew Jones PP Boy<lb/>8| 1 quart Rum 5/ ||5||<lb/>9| 1 quart Ditto 5/ ||5||<lb/>15| 1 qt Rum 5/- 4 ~ Sugar 8/ PP Order ||13||<lb/>16| 6 yds White flannel PP Boy [Ransome?] 10/ |3|||<lb/>|4|3||</p><p>90| Twitty Chambliss Self Dr<lb/>8| 5 ~ Sugar 10/ ||10||</p><p>90| William Walker Senr Self Dr.<lb/>| 1 Bushel Salt 20/- 50 d8 Nails 1/3 |1|1|3|<lb/>Genl Charges for his Shop accot |3|3|6|<lb/>|4|4|9|</p><p>90| James Walker Senr Self Dr.<lb/>100 d8 Nails 2/6 ||2|6|</p><p/>
      </page>
