<?xml version='1.0' encoding='UTF-8'?>    
      <page>
        <p>Stagville December 10th 1808</p><p>90| Veazey Ferrell Self Dr.<lb/>| 1 doz Needles 1/- 1/2 paper pins 2/- ||3||<lb/>| 1/4 ~ Powder 2/6 1 ~ Shot 2/6 ||5||<lb/>||8||</p><p>90| William Glenn Self Dr.<lb/>10| 1 doz Needles 1/- 1/2 paper pins 2/- ||3||<lb/><table class='tabular'><lb/><thead><lb/><tr><th>"</th> <th>1/4 ~ Powder 2/6 1 ~ Shot 2/6</th> <th/> <th>5</th></tr></thead> </table> <lb/>90| Capt. George Carrington Self Dr.<lb/>10| 1/2 doz Buttons 1/9 2 1/2 yds Silk [Jerret?] 2/6 ||4|3|<lb/>"| 1 1/2 yds brown Holland 9/0 1 hk Silke 1/3 ||10|3|<lb/>"| 1 qt Whisky 3/- 1 qt Brandy 4/ ||7||<lb/>"| 2 Pocket Knives 6/- ||6||<lb/>Genl Charges for his Shop accot ||7|3|<lb/>|1|4|9|</p><p>90| Elisha Umstead Self Dr.<lb/>12| 1 Phial Castor Oil 3/6 ||3|6|</p><p>90| Frederic Moize PP Wife Dr.<lb/>12| 1 Almanac 1/- 1 [Fine?] Comb 3/6 1 horn Do. 1/6 ||6||<lb/></p>
      </page>
