<?xml version='1.0' encoding='UTF-8'?>    
      <page>
        <p>Stagville December 12th 1808<lb/>90| William Walker Jr. Self Dr.<lb/>| 100 d8 Nails 2/6 1 Bushel Salt 20/- |1|2|6|<lb/>| General charges for his Shop accot ||10|6|<lb/>|1|13||</p><p>90| William Meadowes PP Jas Mangum Dr.<lb/>12| 150 20 Nails 6/9 2 ~ Shot 5/ ||11|9|</p><p>90| William Jones PP Wife Dr.<lb/>14| 1 pr Bed Blankets 72/6 1 Muslin Hkf 11/- |4|3|6|<lb/>"| 1/2 ~ Pepper 3/ ||3||<lb/>|4|6|6|</p><p>91| John Latta Esqr. Self Dr.<lb/>14| 10 1/4 ~ Iron 10/3 ||10|3|</p><p>91| George Waggoner To Profit &amp; Loss Dr.<lb/>14| for Interest on his accot ||2|9|</p><p>91| Sundries To George Waggoner Dr.<lb/>14| Cash received in part |2|||<lb/>"| New accot for balance PP Note |2|16|3|<lb/>|4|16|3|</p><p>91| George Waggoner Self Dr.<lb/>14| 4 yds L Ribbon 2/ 1 Pocket Knife 4/ ||6||</p><p>91| Frances Veazey PP Son William Dr.<lb/>14| 1/4 ~ Pepper 1/6 1/4 ~ Allspice 1/3 1 yd Ribbon d6 ||3|3|<lb/>15| 1/2 Gallon Brandy 7/6 ||7|6|<lb/>| Gen Charges for Shop accot |1|10||<lb/>|2|0|9|<lb/></p>
      </page>
