<?xml version='1.0' encoding='UTF-8'?>    
      <page>
        <p><entryHeading depth='3' title='Stagville August 8th 1808'>Stagville August 8th 1808</entryHeading><lb/></p><p> <entryHeading depth='2' title='70 Starky Robertson Self Dr'>70 <link link_id='190526' target_id='14369' target_title='Starky Robertson'>Starky Robertson</link> Self Dr</entryHeading><lb/> <table class='tabular'><lb/><thead><lb/><tr><th class='bang'>Date</th> <th class='bang'>Item and price</th> <th class='bang'>L</th> <th class='bang'>s</th> <th class='bang'>d</th></tr></thead> <tbody> <tr><td/> <td>1/2 Bushel Salt 10/ 1 oz Rea Cotton 2/6</td> <td/> <td>12</td> <td>6 </td> </tr> </tbody> </table> <lb/> <entryHeading depth='2' title='70 George Carrington PP M Brown Dr'>70 <link link_id='190527' target_id='14370' target_title='George Carrington'>George Carrington</link> PP <link link_id='190528' target_id='14371' target_title='M Brown'>M Brown</link> Dr</entryHeading><lb/> <table class='tabular'><lb/><thead><lb/><tr><th class='bang'>Date</th> <th class='bang'>Item and price</th> <th class='bang'>L</th> <th class='bang'>s</th> <th class='bang'>d</th></tr></thead> <tbody> <tr><td> 8</td> <td>1 quire Paper 4/</td> <td/> <td>4</td> <td/> </tr> <tr><td> 25</td> <td>50 20d Nails 2/8 35 d6 Ditto 7/</td> <td/> <td>9</td> <td>3 </td> </tr> <tr><td> "</td> <td>1 Cutting Knife 15/ PP Son Jas</td> <td/> <td>15</td> <td/> </tr> <tr><td/> <td/> <td>1</td> <td>8</td> <td>3 </td> </tr> </tbody> </table> <lb/> <entryHeading depth='2' title='70 James Meadows Self Dr'>70 <link link_id='190529' target_id='14372' target_title='James Meadows'>James Meadows</link> Self Dr</entryHeading><lb/> <table class='tabular'><lb/><thead><lb/><tr><th class='bang'>Date</th> <th class='bang'>Item and price</th> <th class='bang'>L</th> <th class='bang'>s</th> <th class='bang'>d</th></tr></thead> <tbody> <tr><td> 9</td> <td>1 lb Powder w/ 4 lb Shot 10/ 1 lb Coffee 6/</td> <td>1</td> <td>6</td> <td/> </tr> <tr><td> 22</td> <td>100 d8 Nails 2/6 PP Michael</td> <td/> <td>2</td> <td>6 </td> </tr> <tr><td/> <td/> <td>1</td> <td>8</td> <td>6 </td> </tr> </tbody> </table> Examd with TDB</p>
      </page>
