<?xml version='1.0' encoding='UTF-8'?>    
      <page>
        <p>Stagville December 15, 1808</p><p>91| Knight Dalby PP Son Dr.<lb/>| 6 ~ Sugar 12/ 2 ~ Coffee 12/ 1 1/2 Bushls Salt 30/ |2|14||</p><p>91| Martin Wheeler To Profit &amp; Loss Dr.<lb/>15| for Interest on his Note ||5||</p><p>91| Mark Veazey PP Negro Boy Dr.<lb/>15| 1\2 Gallon Brandy 15/ ||7|6|<lb/>| General Charges for Shop accot |1|8|6|<lb/>|1|16||</p><p>91| Joel Cambliss  PP Son Henry Dr.<lb/>16| 1 1/2 Bushels Salt 20/ |1|10||</p><p>91| Allen Cain PP Boy Sam Dr.<lb/>16| 3 pipes d6 |||6|<lb/>22| 1 half round file 4/6 1 [Sqr?] Soap 2/- Self ||6|6|<lb/>24| Merchs paid Webbs Moses ||4||<lb/>||11||</p><p>91| John Scarlett New accot Self Dr.<lb/>17| 1 Thimble 1/ ||1||</p><p>91| James Leathers PP Negro Jack Dr.<lb/>17| 1 qt Rum 5/ 2 ~ Copperas 3 1/4 ~ Ginger 1/3 ||9|3|<lb/>"| 1/4 ~ Allspice 1/3 ||1|3|<lb/>||10|6|<lb/></p>
      </page>
