<?xml version='1.0' encoding='UTF-8'?>    
      <page>
        <p>Stagville December 17th 1808</p><p>91| John Hunt Self Dr<lb/>| 100 Nails 2/3 1 Curb Bridle 15/ ||17|3|<lb/>| 3 3/4 yds Mill Drab Cloth @ 40/ |7|10||<lb/>| 2 yds Red flannel 20/- 1 doz buttons 5/ |1|5||<lb/>| 2 hanks Silk 2/6 1 yd twist 9 ||3|3|<lb/>20| 1/4 yd [Thicksett?] 3/9 ||3|9|<lb/>| General charges for his Shop accot |5|5|6|<lb/>|15|4|9|</p><p>91| John Shepperd Self Dr<lb/>17| 2 ~ Sugar 4/ 1 ~ Coffee 6/- ||10||<lb/>| Genl Charges for his Shop accot ||3||<lb/>||13||</p><p>91| John Fargeson Self Dr<lb/>19| 1 Penknife 4/ ||4||</p><p>91| Leonard Laws Self Dr<lb/>20| 1 Bushel Salt 20/ 1/4 ~ Pepper 1/6 |1|1|6|</p><p>91| James Roberts Self Dr<lb/>20| 1 Bushel Salt 20/ 1/2 Paper pins 2/ |1|2||<lb/>"| 1/2 doz Needles d6 |||6|<lb/>|1|2|6|<lb/></p>
      </page>
