<?xml version='1.0' encoding='UTF-8'?>    
      <page>
        <p>Stagville December 21st 1808</p><p>91| Thomas King PP Brewer Dr.<lb/>| 1/2 Bushel Salt 10/ ||10||<lb/>| Genl Charges for his Shop accot ||19|6|<lb/>|1|9|6|</p><p>91| Shadrach Roberts New accot PP [? Lewis?] Dr.<lb/>22| 1/2 Bushel Salt 10/ ||10||<lb/>"| 1 case Knives &amp; forks 19? ||18||<lb/>"| 1 pr Small Shears 2/6 Self ||2|6|<lb/>23| 1 Peck Salt 5/- PP Anderson ||5||<lb/>24| 1 pr Sad Irons 13/ 1 Looking Glass 12/6 |1|5|6|<lb/>"| 1/4 ~ Allspice 1/3  1/4 ~ Pepper 1/6 ||2|9|<lb/>26| 1/2 yd Grey Coating @ 16/ ||8||<lb/>|3|11|9|</p><p>91| Henry Hall PP Father Dr<lb/>22| 1/4 ~ Powder 2/6 1 ~ Shot 2/6 1 ~ Copps 1/6 ||6|6|</p><p>92| William Brown Self Dr.<lb/>22| 1/2 Paper pins 2/- 1/2 doz E Plates 7/6 ||9|6|<lb/>"| 1 Tickler &amp; Whisky 4/6 ||4|6|<lb/>31| 1/2 Bushel Salt 10/6 PP Son ||10|6|<lb/>| Genl Charges for his Shop accot |1|2||</p><p>91| Thomas Rhee Self Dr.<lb/>22| Merchandise pd  R. Cardin ||5||</p><p>92| John Wilburn Self Dr.<lb/>23| 2 qts Brandy 8/- 1 ~ Shot 2/6 1/4 Powder 2/6 ||13||<lb/>"| 1 ~ Iron 1/- 1/2 ~ Steel 1/9 ||2|9|<lb/>||15|9|</p><p/>
      </page>
