<?xml version='1.0' encoding='UTF-8'?>    
      <page>
        <p>Stagville December 23rd 1808</p><p>92| James Watson To Profit &amp; Loss Dr<lb/>| for Interest on his Note ||7|9|</p><p>92| Sundries to James Watson, Dr.<lb/>| Sutherland May Assd PP Note |10|10||<lb/>| General Charges for 1 bbl Cider |2|0|9|<lb/>| Cash recd ["in part" is struck through] in full |5|3|9|<lb/>[struck through ? ? for balance PP Note [2?|0?|9?|<lb/>|17|13|9|</p><p>92| Willis Roberts Self Dr.<lb/>24| 1 Bushel Salt 25/- 1/2 Paper Pins 2/- |1|7||<lb/>| General charges for his Shop accot |1|7|9|<lb/>|2|4|9|</p><p>92| William Roberts (of [Jno? Eno?] decd) PP Bro &amp; Sister Dr<lb/>26| 4 ~ Sugar 8/- 1/4 ~ Allspice 1/3 1/4 ~ Ginger 1/3 ||10|6|<lb/><table class='tabular'><lb/><thead><lb/><tr><th>"</th> <th>1/4 ~ Pepper 1/6 1 1/2 yds Ribbon 1/9</th> <th/> <th>3</th> <th>3</th></tr></thead> </table> <lb/>92| James Hopkins PP Brother Dr<lb/>26| 1 quart Whisky 3/ ||3||</p><p>92| Jeremiah Roberts To [Supd?] Dr.<lb/>27| General Charges for his Shop accot ||9||<lb/>"| Profit &amp; Loss for Interest on his Note ||17|9|<lb/>|1|6|9|</p><p>92| Sundries to Jeremiah Roberts Dr.<lb/>27| Cash recd in part |9|18|9|<lb/>| new accot for ballance PP Note |9|1|9|<lb/>|19||6|</p><p>92| Jeremiah Roberts Self Dr.<lb/>27| 1 Almanac 1/ ||1||<lb/></p>
      </page>
