<?xml version='1.0' encoding='UTF-8'?>    
      <page>
        <p>Stagville December 27th 1808</p><p>92| Charles Roberts To Sundries Dr.<lb/>| General Charges for Shop accot ||5||<lb/>| Profit &amp; Loss for Int. on his Note ||11||<lb/>| Cash paid him in full |10|5|6|</p><p>92| Tobacco Accot To Charles Roberts Dr.<lb/>| for 1 Hhd 1245~ Nett @ 32/6 |20|4|6|</p><p>92| Charles Roberts New Accot Self Dr.<lb/>27| 1 Case Knives &amp; Forks 18/ 1 Almanac 1/ ||19||</p><p>92| Tobo Accot To Jo: Stephenson Dr.<lb/>| for 1 hhd 1310 ~ Nett @ 32/6 |21|5|9|</p><p>92| John Roberts Self Dr.<lb/>28| 1 Iron Pot 27/6 1 pr C. Cards 16? |2|3|6|<lb/>"| 1 pr Steel 5/- 1 1/2 doz Needles 1/6 ||6|6|<lb/>|2|10||</p><p>92| Lewis Roberts Self Dr.<lb/>28| 1 Hair Comb 3/6 ||3|6|</p><p>92| Isaac Weaver To Profit &amp; Loss Dr.<lb/>28| for Interest on his Note |||9|</p><p>92| Henry Moize To Profit &amp; Loss Dr.<lb/>28| for Interest on his Note ||13|6|</p><p>92| Sundries to Hery Moize Dr.<lb/>28| Cash recd in part $30 |15|||<lb/>"| New accot for balance PP Note |4|13|9|<lb/>|19|13|9|</p><p>92| Jonathan Moize [N? App?] Self Dr.<lb/>28| 1 Dutch Blanket [inpt?] ||12|6|</p><p>93| Gracie Anderson [Ho?] To Merchs Dr<lb/>| for 1 Keg Powder returned 25 ~ a loss L5.0.0. [Initialed superscript: V.G?] |8|6|8|</p>
      </page>
