<?xml version='1.0' encoding='UTF-8'?>    
      <page>
        <p>Stagville December 28th 1808</p><p>92| Allen Moize PP Father Dr.<lb/>| 100 8 d Nails 2/6 ||2|6|</p><p>92| Moses Leathers Self Dr.<lb/>29| 1 quart Brandy 4/ ||4||<lb/>| Genl Charges for his Shop accot ||12||<lb/>||16||</p><p>92| Capt William Ray Self Dr.<lb/>30| 1/2 Bushel Salt 12/6 50 d 8 Nails 1/3 ||13|9|<lb/>||19|9|</p><p>93| William Montgomery Self Dr.<lb/>31| 1 ~ Copperas 1/6 ||1|6|</p><p>93| William Veazey Dr.<lb/>31| Genl Charges for Shop accot ||2|6|</p><p>93| Merchandise to Sundries Dr.<lb/>| Wm &amp; Henry Haxall for Sundries PP Bill}<lb/>$225.81 L67.14.10 1/2 [VGF?]} 112.|18|1|</p><p>William Inglis for Ditto PP Do L61.0.6 " |101|14|2|</p><p>James &amp; M Dunlop for Do PP Do L59.9.2 " |99|2||</p><p>Robert Caldwell for Do PP Do L4.10.0 " |7|10||<lb/>|321|4|3|</p><p>93| James &amp; John Dunlop To Tobacco accot r.<lb/>| for 9 Hhds Nett 11,354~ @ 21/ L119.4.4. [VCY?] |198|4||</p><p>93| James &amp; John Dunlop Old accot To New accot Dr.<lb/>| for balance due B &amp; C PP Settlement}<lb/>| &amp; accot Currt to the 16th Inst L48.2.9 V.C.}</p><p>93| Phillip Bullock decd To Sundries Dr.<lb/>Profit &amp; Loss for Interest on his Note |3|17||<lb/>| Genl Charges for Carriage of 1 Hhd}<lb/>| Tobacco Nett before Pick'd 1277 ~ 10/ PP} L6.7.6<lb/>| ferriage 3/9 Turning up 5/ 8.9<lb/>| Paid for Picking 15/- reprizing 10/- 1.5.0 |8|1|3|<lb/>|11|18|3|<lb/></p>
      </page>
