<?xml version='1.0' encoding='UTF-8'?>    
      <page>
        <p>[STRIKE THROUGH] Stagville December 31st 1808<lb/></p><p> 93| Tobacco [auth? anot?] To Philip Bullock dec'd Dr<lb/> for 1 Hhd [Wett?] 1052 [?] saved 40/ |21|0|9|<lb/></p><p> 93| Cash To Sundries Dr<lb/></p><p> 2| Jesse Hunter in part |5|10||<lb/></p><p> 3| General Charges rec'd of Mr. [Smed?]<lb/> for a bbl FLour sold by him after<lb/> deducting for trouble of selling |2|4|0|<lb/></p><p> 21| Ditto rec'd for 1/2 bbl corn ||10||<lb/> ||3|4||<lb/></p><p> 3| Allen J. Davie in part $200| 100|||<lb/></p><p> " Fish dam Store rec'd $200| 100|||<lb/></p><p> 6| Notes &amp; [amo'ts?] rec'd from James<lb/> Pettigrew by himself [??] Lanier in full|2|17|9|<lb/></p><p> 19| Ditto rec'd of Sarah Holloway in full| |5|| |3|2|9|<lb/></p><p> 14| George Waggoner in part|2|||<lb/></p><p> 15| Martin [Wheeler?] in full|6|11|9|<lb/></p><p> 19| James Briggs "|4|15|6|<lb/></p><p> "| Richard Roberds " 5|6|3|<lb/></p><p> 20| William Roberts Jr " |5|10|6|<lb/></p><p> 21| William Montgomery " |3|8|6|<lb/></p><p> "| Elias Turner Jr " ||9||<lb/></p><p> 23| Mark Veazey| in full |7|18|9|<lb/></p><p> 23| James Watson| in part|5|3||<lb/></p><p> 27| Jeremiah Roberts| in part|9|18|9<lb/></p><p> 28| Isaac Weaver| in full|2|11|6<lb/></p><p> 28| Henry Moize| in part| 15|||<lb/></p><p> 31| Wiliam Veazey| in full| 4|5||<lb/></p><p> 31| Frances Veazey| in full| 4|18|9|<lb/></p><p> 31| Richard Umstead| in full| 3|11|9|<lb/></p><p> 31| Merch.s for Sundries sold this month [??] Sales| 16|18||<lb/></p><p> 31| Profit &amp; Loss surplus| 1|1|3|<lb/></p><p> |311|5||<lb/></p><p/>
      </page>
