<?xml version='1.0' encoding='UTF-8'?>    
      <page>
        <p>[struck out: Stagville December 31st 1808]<lb/></p><p> 94|Sundries to Cash Dr<lb/></p><p> Merchandise Vizt<lb/> pd Wm Henry [Haxall?] PP Bill &amp; Receipt $70.34<lb/> pd Robert Nelson &amp; Co PP Bill &amp; Receipt $29.00<lb/> pd John W. Campbell PP Bill &amp; Receipt $57.08<lb/> $156.42|78|4|3|<lb/></p><p> Tobacco accot Vizt<lb/> pd for 6336 [?] 19/6 PP wh $205.93<lb/> pd for 1331 [?] 20/- PP wh $44.37<lb/> pd for Turning up 4 Hhd 3/ $2.00<lb/> $252.30|126|3||<lb/></p><p> Rich Bennehan [Hon?] Vizt<lb/> pd for 1 pr Boots $12 &amp; 1 pr Shoes $3 for TDB|7|10||<lb/></p><p> Exd With D.C.<lb/></p><p> |General Charges pp Vizt<lb/> |pd B. M. Myers for [Boutting?]<lb/> |Cloths PP Bill &amp; Receipt $66.00<lb/> |pd Bream &amp; Follett for Mill Screw PP Bill &amp; Receipt $30.00<lb/> |pd Maben &amp; MOrrison for Leather PP Bill &amp; Receipt $19.50<lb/> |pd John G Davis for 15 [?] Rum PP Bill &amp; Receipt $25.00<lb/> |pd John V. Wilcox for screw plate $4.00<lb/> |pd for Beef &amp; Oysters $12.11<lb/> |pd for 1 Glazed Hat $4.00 1 pr Shoes $1 3/4 for [Jerry?] $5.75<lb/> 2|pd for Fish &amp; Oysters $1.50<lb/> 3|pd for Waggon Expences PP John<lb/> |Wilkins's Satement $2.50<lb/> 23| pd for Expences of 2 Waggons PP John<lb/> |Wilkins's Statement $6.25<lb/> 172.61|86|6||<lb/></p><p> 2|James Whicker pd him at twice? |7|||<lb/></p><p> 2|John CLose pd Mr. Wadkins|2|||<lb/></p><p> 3| Elijah Patterson pd him |1|||<lb/></p><p> 3| Anthony Cozart pd his Son Robert<lb/> for Tobacco in full|7|5||<lb/></p><p> 3| John Wilkins pd him at twice|2|11|6|<lb/></p><p> 6|John Telley Jr Lent him ||10||<lb/></p><p> 10| Shadrach Roberts pd him at twice|18|10||<lb/></p><p> 17| John Scarlett pd him in full| 1|10||<lb/></p><p> 23| Robert Seay pd him|6|10||<lb/></p><p> 27| Charles Roberts pd him in full|10|5|6|<lb/></p><p> 30| William Roberts Jr lent him|1|||<lb/></p><p> |356|5|3|</p>
      </page>
