<?xml version='1.0' encoding='UTF-8'?>    
      <page>
        <p>Stagville January 2nd 1808</p><p>95| Richard Umstead New accot Self Dr<lb/>| 1 pr Cotton Cards 15/ 1 Sett Knitting pins 6d ||15|6|</p><p>95| William Hopkins Self Dr.<lb/>| 2 B[us?] Salt 50/ 1 Almanack 1/ |2|11||<lb/>18| 4 Tin Cups 4/- PP Son James ||4||<lb/>|2|15||</p><p>95| Temperance Wilburne for P Phillips<lb/>| 1/2 yd C. Shirting 3/6 thread 1/ ||4|6|<lb/>4| 1 piece tape 3/6 ||3|6|<lb/>11 8 yds Cotton Shirting 56/- 2 balls [ad el a ?] Cotton No 32 3/- |2|19||<lb/>|3|7||</p><p>95| James Whicker Jr. self Dr.<lb/>| 1 Dutch blanket 22/6 |1|2|6|<lb/>20| Cash pd him $4 |2|||<lb/>|3|2|6|</p><p>95| John Close Jr W. Whicker Dr.<lb/>| Cash pd [fr?] his acct $40 |20|||<lb/>8| Ditto pd Mr. Wadkins "2 |1|||<lb/>20| Ditto pd Ditto "4 |2|||<lb/>"| 1 Tickler &amp; Whisky 4/6 ||4|6|<lb/>|23|4|6|</p>
      </page>
