<?xml version='1.0' encoding='UTF-8'?>    
      <page>
        <p>Stagville January 2nd 1809</p><p>95| Twitty Chambliss PP self Dr.<lb/>| To his Shop Acco ||6|6|<lb/>| To Genl Charges for carrge}<lb/>of 561 # Tobo being his 1/7th}<lb/>part made at Eno in 1807. [?]} |2|18|6|<lb/>17| 10 ~ Sugar 20/ 18 1/2 ~ Iron 18/6 2 Augers 6/6/ |2|5||<lb/>"| 2 Chisels 5/6 1 Paper Pins 5/- 1 doz Needles 1/- ||11|6|<lb/>"| 2 Slips Paper for 1/9 ||1|9|<lb/>| Fish dam Store for 6 1/2 ~ Clean Cotton ||11|6|<lb/>|6|14|9|</p><p>95| Twitty Chambliss Cr.<lb/>| By Genl Charges for his 1/7th }<lb/>part of Tobo made at Eno }<lb/>in 1807. [1808?] }<lb/>|10|5|6|</p><p>95| Thomas Hunt [or Hurt?] Self Dr.<lb/>| 1 qt Brandy 4/ ||4||<lb/>12| Merchs paid Sam 1/- ||1||<lb/>"| Cash lent him 4 Crowns |2|9||</p><p>96| John Ray PP Negro boy Dr.<lb/>| 1 Bus Salt |1|5||<lb/>6| 1/2 doz plates 7/6 1 pr Bed blankets 72/6 |4|||<lb/>|1 paper pins 5/8 [100?] 8 d Nails 2/6 ||7|6|<lb/>| 1 lb Coffee 6/ 1 lb Sugar 2/8 ||8||<lb/>|6||6|</p><p>96| William Ray Junr p Son Dr.<lb/>| 1 Bus. Salt 23/- 2 [Sp. g.?] Books 5/ |1|10||<lb/>7| 1 Iron Pot 27/6 1 Pocket Knife 4/- |1|11|6|<lb/>"| 1 Butcher Knife 1/6 ||1|6|</p><p>96| Sundries to [Jas. ?] {Thomason?] Dr.<lb/>| To Cash in part |9|5||<lb/>| " Balance due pr [account?] |5|16||<lb/>|15|1||<lb/></p>
      </page>
