<?xml version='1.0' encoding='UTF-8'?>    
      <page>
        <p>Stagville August 10th 1808</p><p><entryHeading depth='2' title='70 Capt. William Ray Self Dr'>70 <link link_id='341923' target_id='19301' target_title='William Ray'>Capt. William Ray</link> Self Dr</entryHeading><lb/><table class='tabular'><lb/><thead><lb/><tr><th class='bang'>Date</th> <th class='bang'>Item and price</th> <th class='bang'>L</th> <th class='bang'>s</th> <th class='bang'>d</th></tr></thead> <tbody> <tr><td/> <td>1 Meal Sieve 6/ [?] <link link_id='341924' target_id='10780' target_title='pepper'>Pepper</link> 3/-</td> <td/> <td>9</td> <td/> </tr> <tr><td/> <td>1/2 <link link_id='341925' target_id='10761' target_title='salt'>Bushel Salt</link> 10/</td> <td/> <td>10</td> <td/> </tr> <tr><td/> <td/> <td/> <td>19</td> <td/> </tr> </tbody> </table> <entryHeading depth='2' title='70 Josiah Stephenson Self Dr'>70 <link link_id='341926' target_id='19302' target_title='Josiah Stephenson'>Josiah Stephenson</link> Self Dr</entryHeading><lb/><table class='tabular'><lb/><thead><lb/><tr><th class='bang'>Date</th> <th class='bang'>Item and price</th> <th class='bang'>L</th> <th class='bang'>s</th> <th class='bang'>d</th></tr></thead> <tbody> <tr><td> 10</td> <td>1/2 [?] <link link_id='341927' target_id='10780' target_title='pepper'>Pepper</link> 3/ 1 penknife 2/6</td> <td/> <td>5</td> <td>6</td> </tr> <tr><td> 25</td> <td>1/2 [?] <link link_id='341928' target_id='10756' target_title='powder'>Powder</link> 5/ 3 [?] <link link_id='341929' target_id='10757' target_title='shot'>Shot</link> 7/6 3 <link link_id='341930' target_id='10773' target_title='gunflint'>flints</link> @ 6</td> <td/> <td>5</td> <td>6</td> </tr> <tr><td> "</td> <td>1 quire Paper 4/- 1 doz Marbles 1/-</td> <td/> <td>5</td> <td/> </tr> <tr><td> 31</td> <td>100 @6 Nails 2/</td> <td/> <td>2</td> <td/> </tr> <tr><td/> <td/> <td>1</td> <td>5</td> <td>6 </td> </tr> </tbody> </table> <entryHeading depth='2' title='70 William Roberts Jr PP Order Dr'>70 <link link_id='341931' target_id='19303' target_title='William Roberts Jr'>William Roberts Jr</link> PP Order Dr</entryHeading><lb/><table class='tabular'><lb/><thead><lb/><tr><th class='bang'>Date</th> <th class='bang'>Item and price</th> <th class='bang'>L</th> <th class='bang'>s</th> <th class='bang'>d</th></tr></thead> <tbody> <tr><td> 11</td> <td>Merchs. pd Agnes Roberts 11/</td> <td/> <td>11</td> <td/> </tr> <tr><td> 24</td> <td>1 Girthe 6/ Self</td> <td/> <td>6</td> <td/> </tr> <tr><td/> <td/> <td/> <td>17</td> <td/> </tr> </tbody> </table> <entryHeading depth='2' title='70 Michael Carey Self Dr.'>70 <link link_id='341932' target_id='19304' target_title='Michael Carey'>Michael Carey</link> Self Dr.</entryHeading><lb/><table class='tabular'><lb/><thead><lb/><tr><th class='bang'>Date</th> <th class='bang'>Item and price</th> <th class='bang'>L</th> <th class='bang'>s</th> <th class='bang'>d</th></tr></thead> <tbody> <tr><td> 11</td> <td>1/2 Bushel <link link_id='341933' target_id='10761' target_title='salt'>Salt</link> 10/-</td> <td/> <td>10</td> <td/> </tr> </tbody> </table> <entryHeading depth='2' title='Entd in Memo John Roberts (of Geo) PP Order Dr.'>Entd in Memo <link link_id='341934' target_id='19305' target_title='John Roberts'>John Roberts</link> (of Geo) PP Order Dr.</entryHeading><lb/><table class='tabular'><lb/><thead><lb/><tr><th class='bang'>Date</th> <th class='bang'>Item and price</th> <th class='bang'>L</th> <th class='bang'>s</th> <th class='bang'>d</th></tr></thead> <tbody> <tr><td> 12</td> <td>1/2 ~ <link link_id='341935' target_id='10756' target_title='powder'>Powder</link> 5/- 2 ~ <link link_id='341936' target_id='10757' target_title='shot'>Shot</link> 5/-</td> <td/> <td>10</td> <td/> </tr> </tbody> </table> <entryHeading depth='2' title='70 Charles Roberts Self Dr'>70 <link link_id='341937' target_id='19306' target_title='Charles Roberts'>Charles Roberts</link> Self Dr</entryHeading><lb/><table class='tabular'><lb/><thead><lb/><tr><th class='bang'>Date</th> <th class='bang'>Item and price</th> <th class='bang'>L</th> <th class='bang'>s</th> <th class='bang'>d</th></tr></thead> <tbody> <tr><td> 12</td> <td>1 ~ <link link_id='341938' target_id='10757' target_title='shot'>Shot</link> 2/6</td> <td/> <td>2</td> <td>6 </td> </tr> </tbody> </table></p>
      </page>
