<?xml version='1.0' encoding='UTF-8'?>    
      <page>
        <p>Stagville Jany 2nd 180[8?]</p><p>96| James Thomason Dr.<lb/>[struck through]<lb/>50. 8d Nails 1/3 1 lb Copras 1/6 ||2|9|<lb/>| 1 doz Needles 1/ 1 1/2 Bus: Salt 37/6 |1|18|6|<lb/>| 1 dutch Blanket 25/ |1|5||<lb/>|3|6|3|</p><p>96| William Horton PP self Dr.<lb/>| 1 lb powder 10/- 4 lb Shott 10/ |1|||<lb/>7| 1 Bushel Salt 25/ |1|5||<lb/>| Genl Charges for his last years Shop acc |1|7|9|<lb/>|3|12|9|</p><p>96| Shadrach Roberts pp Self Dr.<lb/>| 1 gal Whiskey 10/ ||10||<lb/>11| 1 ~ Copperas 1/6 ||1|6|<lb/>| Cash paid him $1 ||10||<lb/>| Fish dam Store pd C [Tinnen?] for 1}<lb/>Saddle &amp; Bridle $13} |6|10||<lb/>| Merchs pd George Finch 6/3 ||6|3|<lb/>|7|17|9|</p><p>96| John Hunt [Hurt?] PP Negro Sampson Dr.<lb/>3| 1 Bus: Slat 25/ |1|5||</p><p>96| William Jones Snr. PP Wife Dr.<lb/>3| 1 Bottle Snuff 5/ ||5||</p><p>96| Arthur Mangum PP Self Dr.<lb/>3| 1 lb [Steele?] 3/6 200 6d Nails 4/ ||7|6|<lb/>| 1/4 lb alspice 1/3. 1/4 lb Ginger 1/3 ||26|<lb/>||10||</p>
      </page>
