<?xml version='1.0' encoding='UTF-8'?>    
      <page>
        <p>Stagville Jany 4th 1808</p><p>96| Mary Woods PP Z Browning Dr.<lb/>| 1/2 gal. Whiskey 6/ ||6||</p><p>96| George Waggoner PP Self Dr.<lb/>5| 100 8d nails 2/6. 100 6d do. 2/- ||4|6|</p><p>96| Jas. Horton (John Ray [illegible?] Dr.<lb/>6| 8 1/4 # Iron 8/3 1 lb Steele 3/6 ||11|9|<lb/>| 1 pr Suspenders 7/6 [lookg.?] Glass 12/6 |1|||<lb/>| 1 qt Brandy 4/ 1/2 Bus. Salt 12/6 ||16|6|<lb/>|2|8|3|</p><p>96| William Gooch Self Dr<lb/>7| 1 1/4 ~ Steel 4/6 ||4|6|<lb/>12| 1 [illegible] Ditto 2/9 PP Bro. John ||2|9|<lb/>||7|3|</p><p>96| Solomon Wood To Profit &amp; Loss Dr.<lb/>7| for Interest on his accot ||9|3|</p><p>96| Solomon Wood Self Dr.<lb/>7| 1 qt Whisky 3/ 1 Almanac 1/ ||4||<lb/>| Genl Charges for his Shop accot ||8||<lb/>||12||</p><p>96| Peter Cash Senr Self Dr.<lb/>9| 1 ~ Copperas 1/6 ||1|6|</p>
      </page>
