<?xml version='1.0' encoding='UTF-8'?>    
      <page>
        <p><entryHeading depth='2' title=' Stagville August 12th 1808 '> Stagville August 12th 1808 </entryHeading><lb/><entryHeading depth='2' title='70 Ephraim Roberts Self Dr.'>70 <link link_id='342051' target_id='19313' target_title='Ephraim Roberts'>Ephraim Roberts</link> Self Dr.</entryHeading><lb/><table class='tabular'><lb/><thead><lb/><tr><th class='bang'>Date</th> <th class='bang'>Item and price</th> <th class='bang'>L</th> <th class='bang'>s</th> <th class='bang'>d</th></tr></thead> <tbody> <tr><td/> <td>12 ~ <link link_id='342052' target_id='10756' target_title='powder'>Powder</link> 5/- 2 ~ <link link_id='342053' target_id='10757' target_title='shot'>Shot</link> 5/-</td> <td/> <td>10</td> <td/> </tr> </tbody> </table> <lb/><entryHeading depth='2' title='70 General Charges To Ephraim Roberts Dr.'>70 General Charges To <link link_id='342054' target_id='19313' target_title='Ephraim Roberts'>Ephraim Roberts</link> Dr.</entryHeading><lb/><table class='tabular'><lb/><thead><lb/><tr><th class='bang'>Date</th> <th class='bang'>Item and price</th> <th class='bang'>L</th> <th class='bang'>s</th> <th class='bang'>d</th></tr></thead> <tbody> <tr><td/> <td>for 93 Bushls <link link_id='342055' target_id='19314' target_title='coal'>Coal</link> recd of Wm Roan @4</td> <td>1</td> <td>11</td> <td/> </tr> </tbody> </table> <lb/><entryHeading depth='2' title='70 Frederic Moize Self Dr.'>70 <link link_id='342056' target_id='19315' target_title='Frederic Moize'>Frederic Moize</link> Self Dr.</entryHeading><lb/><table class='tabular'><lb/><thead><lb/><tr><th class='bang'>Date</th> <th class='bang'>Item and price</th> <th class='bang'>L</th> <th class='bang'>s</th> <th class='bang'>d</th></tr></thead> <tbody> <tr><td> 13</td> <td>1 <link link_id='342057' target_id='7930' target_title='sugar'>Sugar</link> 2/6</td> <td/> <td>2</td> <td>6 </td> </tr> <tr><td> 27</td> <td>1/2 ~ <link link_id='342058' target_id='10756' target_title='powder'>Powder</link> 5/- 2 ~ <link link_id='342059' target_id='10757' target_title='shot'>Shot</link> 5/</td> <td/> <td>10</td> <td/> </tr> <tr><td> 30</td> <td>1 Bottle <link link_id='342060' target_id='19316' target_title='snuff'>Snuff</link> 5/-</td> <td/> <td>5</td> <td/> </tr> <tr><td/> <td/> <td/> <td>17</td> <td>6 </td> </tr> </tbody> </table> <lb/><entryHeading depth='2' title='70 Archer Harris PP son Williams Dr.'>70 <link link_id='342061' target_id='19317' target_title='Archer Harris'>Archer Harris</link> PP son Williams Dr.</entryHeading><lb/><table class='tabular'><lb/><thead><lb/><tr><th class='bang'>Date</th> <th class='bang'>Item and price</th> <th class='bang'>L</th> <th class='bang'>s</th> <th class='bang'>d</th></tr></thead> <tbody> <tr><td> 13</td> <td>2 Stock Locks 14/6 1 pr Suspenders 6/</td> <td>1</td> <td/> <td>6 </td> </tr> <tr><td>18</td> <td>1/4 ~ <link link_id='342062' target_id='10780' target_title='pepper'>Pepper</link> 1/6 1 ~ <link link_id='342063' target_id='7930' target_title='sugar'>Sugar</link> 2/6 50 @6 <link link_id='342064' target_id='10774' target_title='nails'>Nails</link> 1/</td> <td/> <td>5</td> <td/> </tr> <tr><td>27</td> <td>1 <link link_id='342065' target_id='10520' target_title='hat'>Fine Hat</link> 60/ <link link_id='342066' target_id='10540' target_title='shoes'>1 pr Shoes</link> 17/6 PP Ditto</td> <td>3</td> <td>17</td> <td>6 </td> </tr> <tr><td/> <td/> <td>5</td> <td>3</td> <td/> </tr> </tbody> </table> <lb/><entryHeading depth='2' title='70 Jeremiah Roberts PP Son Dr'>70 <link link_id='342067' target_id='19318' target_title='Jeremiah Roberts'>Jeremiah Roberts</link> PP Son Dr</entryHeading><lb/><table class='tabular'><lb/><thead><lb/><tr><th class='bang'>Date</th> <th class='bang'>Item and price</th> <th class='bang'>L</th> <th class='bang'>s</th> <th class='bang'>d</th></tr></thead> <tbody> <tr><td> 15</td> <td>1/4~ <link link_id='342068' target_id='10756' target_title='powder'>Powder</link> 2/6 2 ~ <link link_id='342069' target_id='10757' target_title='shot'>Shot</link> 5/- 1 ~ <link link_id='342070' target_id='10763' target_title='copperas'>Copperas</link> 1/6</td> <td/> <td>9</td> <td/> </tr> </tbody> </table> <lb/><entryHeading depth='2' title='70 Allen Moize Self Dr.'>70 <link link_id='342071' target_id='19319' target_title='Allen Moize'>Allen Moize</link> Self Dr.</entryHeading><lb/><table class='tabular'><lb/><thead><lb/><tr><th class='bang'>Date</th> <th class='bang'>Item and price</th> <th class='bang'>L</th> <th class='bang'>s</th> <th class='bang'>d</th></tr></thead> <tbody> <tr><td> 15</td> <td>1 oz <link link_id='342072' target_id='16132' target_title='Red Cotton'>Red Cotton</link> [or Cutters?] 2/6</td> <td/> <td>2</td> <td>6 </td> </tr> </tbody> </table> <lb/><entryHeading depth='2' title='70 Hugh Cain Self Dr.'>70 <link link_id='342073' target_id='19320' target_title='Hugh Cain'>Hugh Cain</link> Self Dr.</entryHeading><lb/><table class='tabular'><lb/><thead><lb/><tr><th class='bang'>Date</th> <th class='bang'>Item and price</th> <th class='bang'>L</th> <th class='bang'>s</th> <th class='bang'>d</th></tr></thead> <tbody> <tr><td> 16</td> <td>1/2 ~ <link link_id='342074' target_id='10756' target_title='powder'>Powder</link> 5/- 2 <link link_id='342075' target_id='10757' target_title='shot'>Shot</link> 5/</td> <td/> <td>10</td> <td/> </tr> </tbody> </table> <lb/><entryHeading depth='2' title='70 James Roberts Self Dr.'>70 <link link_id='342076' target_id='19321' target_title='James Roberts'>James Roberts</link> Self Dr.</entryHeading><lb/><table class='tabular'><lb/><thead><lb/><tr><th class='bang'>Date</th> <th class='bang'>Item and price</th> <th class='bang'>L</th> <th class='bang'>s</th> <th class='bang'>d</th></tr></thead> <tbody> <tr><td> 16</td> <td>1/2 <link link_id='342077' target_id='10761' target_title='salt'>bushel Salt</link> 10/ 1 oz <link link_id='342078' target_id='16132' target_title='Red Cotton'>Red Cotten</link> [?]</td> <td/> <td>12</td> <td>6 </td> </tr> </tbody> </table></p>
      </page>
