<?xml version="1.0" encoding="UTF-8" ?>
<nodes>
  <node>
    <Title>Ledger A, 1750 - 1772: pg.42</Title>
    <book>General Ledger A, 1750 - 1772 [Washington]</book>
    <pagenumber>042</pagenumber>
    <accountname>Gist, Christopher; Jonus, Jacob; McLaughlan (McClockland), John</accountname>
    <allpeople>Boyd, Alexander; Gist, Christopher; Gist, Nathaniel; Gist, Thomas; Jonus, Jacob; Magowan, Walter; McLaughlan (McClockland), John</allpeople>
    <places></places>
    <ships></ships>
    <occupation-title>Cook</occupation-title>
    <agriculture></agriculture>
    <food-beverage></food-beverage>
    <services>Weaving</services>
    <currency>PA</currency>
    <events-occasion></events-occasion>
    <annotation><![CDATA[]]></annotation>
    <previouspage>Ledger A, 1750 - 1772: pg.41</previouspage>
    <nextpage>Ledger A, 1750 - 1772: pg.43</nextpage>
  </node>
</nodes>
