<?xml version="1.0" encoding="UTF-8"?>
<TEI>
   <teiHeader>
      <fileDesc>
         <titleStmt>
            <title type="full">
               <title type="main">Ledger A, 1750 - 1772: pg.42, Page Overview</title>
            </title>
            <author>
               <persName/>
            </author>
         </titleStmt>
         <editionStmt>
            <edition>George Washington Financial Papers Project</edition>
         </editionStmt>
         <publicationStmt>
            <publisher>The Center for Digital Editing in partnership with the Washington Papers</publisher>
         </publicationStmt>
         <sourceDesc>
            <msDesc>
               <msIdentifier>
                  <collection>George Washington Papers: Series 5</collection>
               </msIdentifier>
               <physDesc/>
               <history>
                  <origin>
                     <placeName>Library of Congress</placeName>
                  </origin>
               </history>
            </msDesc>
         </sourceDesc>
      </fileDesc>
   </teiHeader>
   <text>
      <pageoverview>
         <book>General Ledger A, 1750 - 1772 [Washington]</book>
         <pagenumber>042</pagenumber>
         <parties>
            <accountname>Gist, Christopher; Jonus, Jacob; McLaughlan (McClockland), John</accountname>
            <allpeople>Boyd, Alexander; Gist, Christopher; Gist, Nathaniel; Gist, Thomas; Jonus, Jacob; Magowan, Walter; McLaughlan (McClockland), John</allpeople>
         </parties>
         <places/>
         <ships/>
         <occupation-title>Cook</occupation-title>
         <commodities>
            <agriculture/>
            <food-beverage/>
         </commodities>
         <services>Weaving</services>
         <currency>PA</currency>
         <annotation/>
         <previouspage>Ledger A, 1750 - 1772: pg.41</previouspage>
         <nextpage>Ledger A, 1750 - 1772: pg.43</nextpage>
      </pageoverview>
   </text>
</TEI>
