<?xml version="1.0" encoding="UTF-8"?>
<TEI>
   <teiHeader>
      <fileDesc>
         <titleStmt>
            <title type="full">
               <title type="main">Ledger A, 1750 - 1772: pg.42</title>
            </title>
            <author>
               <persName/>
            </author>
         </titleStmt>
         <editionStmt>
            <edition>George Washington Financial Papers Project</edition>
         </editionStmt>
         <publicationStmt>
            <publisher>The Center for Digital Editing in partnership with the Washington Papers</publisher>
         </publicationStmt>
         <sourceDesc>
            <msDesc>
               <msIdentifier>
                  <collection>George Washington Papers: Series 5</collection>
               </msIdentifier>
               <physDesc/>
               <history>
                  <origin>
                     <placeName>Library of Congress</placeName>
                  </origin>
               </history>
            </msDesc>
         </sourceDesc>
      </fileDesc>
   </teiHeader>
   <text>
      <transactions>
         <row ana="#bk_entry">
            <div1 type="transaction" xml:id="29836">
               <folioside>Left</folioside>
               <drcr>Debit</drcr>
               <linenumber>1</linenumber>
               <div2 type="transcription">
                  <year/>
                  <month/>
                  <day/>
                  <accountname><![CDATA[Captn Christopher Gist Dr
]]></accountname>
                  <entry/>
                  <subtotal/>
                  <page/>
                  <symbol/>
                  <pounds/>
                  <shillings/>
                  <pence/>
                  <dollars/>
                  <cents/>
               </div2>
               <div2 type="data">
                  <date ana="#bk_when" when=""/>
                  <accountnamedata id="7520">Gist, Christopher</accountnamedata>
                  <subtotal/>
                  <page/>
                  <symbol/>
                  <amount ana="#bk_amount">
                     <measure currency="" quantity="" unit="pounds"/>
                     <measure currency="" quantity="" unit="shillings"/>
                     <measure currency="" quantity="" unit="pence"/>
                     <measure currency="" quantity="" unit="dollars"/>
                     <measure currency="" quantity="" unit="cents"/>
                  </amount>
               </div2>
            </div1>
         </row>
         <row ana="#bk_entry">
            <div1 type="transaction" xml:id="15524">
               <folioside>Left</folioside>
               <drcr>Debit</drcr>
               <linenumber>2</linenumber>
               <div2 type="transcription">
                  <year><![CDATA[1754]]></year>
                  <month/>
                  <day/>
                  <accountname/>
                  <entry><![CDATA[<p>To a Mare which you sold belonging to me being one of those we had to the French Fort</p>
]]></entry>
                  <subtotal/>
                  <page/>
                  <symbol/>
                  <pounds/>
                  <shillings/>
                  <pence/>
                  <dollars/>
                  <cents/>
               </div2>
               <div2 type="data">
                  <date ana="#bk_when" when="1754">1754</date>
                  <accountnamedata id="7520">Gist, Christopher</accountnamedata>
                  <subtotal/>
                  <page/>
                  <symbol/>
                  <amount ana="#bk_amount">
                     <measure currency="" quantity="" unit="pounds"/>
                     <measure currency="" quantity="" unit="shillings"/>
                     <measure currency="" quantity="" unit="pence"/>
                     <measure currency="" quantity="" unit="dollars"/>
                     <measure currency="" quantity="" unit="cents"/>
                  </amount>
               </div2>
            </div1>
         </row>
         <row ana="#bk_entry">
            <div1 type="transaction" xml:id="15525">
               <folioside>Left</folioside>
               <drcr>Debit</drcr>
               <linenumber>3</linenumber>
               <div2 type="transcription">
                  <year/>
                  <month/>
                  <day/>
                  <accountname/>
                  <entry><![CDATA[<p>To a Silver Mounted Hanger for yr Son Nat</p>
]]></entry>
                  <subtotal/>
                  <page/>
                  <symbol/>
                  <pounds><![CDATA[2]]></pounds>
                  <shillings><![CDATA[3]]></shillings>
                  <pence/>
                  <dollars/>
                  <cents/>
               </div2>
               <div2 type="data">
                  <date ana="#bk_when" when="1754">1754</date>
                  <accountnamedata id="7520">Gist, Christopher</accountnamedata>
                  <subtotal/>
                  <page/>
                  <symbol/>
                  <amount ana="#bk_amount">
                     <measure currency="" quantity="2" unit="pounds">2</measure>
                     <measure currency="" quantity="3" unit="shillings">3</measure>
                     <measure currency="" quantity="" unit="pence"/>
                     <measure currency="" quantity="" unit="dollars"/>
                     <measure currency="" quantity="" unit="cents"/>
                  </amount>
               </div2>
            </div1>
         </row>
         <row ana="#bk_entry">
            <div1 type="transaction" xml:id="15526">
               <folioside>Left</folioside>
               <drcr>Debit</drcr>
               <linenumber>4</linenumber>
               <div2 type="transcription">
                  <year><![CDATA[1756]]></year>
                  <month><![CDATA[May]]></month>
                  <day><![CDATA[14]]></day>
                  <accountname/>
                  <entry><![CDATA[<p>To Cash lent you</p>
]]></entry>
                  <subtotal/>
                  <page/>
                  <symbol/>
                  <pounds><![CDATA[30]]></pounds>
                  <shillings/>
                  <pence/>
                  <dollars/>
                  <cents/>
               </div2>
               <div2 type="data">
                  <date ana="#bk_when" when="1756-05-14">1756 May 14</date>
                  <accountnamedata id="7520">Gist, Christopher</accountnamedata>
                  <subtotal/>
                  <page/>
                  <symbol/>
                  <amount ana="#bk_amount">
                     <measure currency="" quantity="30" unit="pounds">30</measure>
                     <measure currency="" quantity="" unit="shillings"/>
                     <measure currency="" quantity="" unit="pence"/>
                     <measure currency="" quantity="" unit="dollars"/>
                     <measure currency="" quantity="" unit="cents"/>
                  </amount>
               </div2>
            </div1>
         </row>
         <row ana="#bk_entry">
            <div1 type="transaction" xml:id="15527">
               <folioside>Left</folioside>
               <drcr>Debit</drcr>
               <linenumber>5</linenumber>
               <div2 type="transcription">
                  <year><![CDATA[1759]]></year>
                  <month><![CDATA[Septr]]></month>
                  <day><![CDATA[23]]></day>
                  <accountname/>
                  <entry><![CDATA[<p>To Ditto Ditto</p>
]]></entry>
                  <subtotal/>
                  <page/>
                  <symbol/>
                  <pounds><![CDATA[5]]></pounds>
                  <shillings/>
                  <pence/>
                  <dollars/>
                  <cents/>
               </div2>
               <div2 type="data">
                  <date ana="#bk_when" when="1759-09-23">1759 September 23</date>
                  <accountnamedata id="7520">Gist, Christopher</accountnamedata>
                  <subtotal/>
                  <page/>
                  <symbol/>
                  <amount ana="#bk_amount">
                     <measure currency="" quantity="5" unit="pounds">5</measure>
                     <measure currency="" quantity="" unit="shillings"/>
                     <measure currency="" quantity="" unit="pence"/>
                     <measure currency="" quantity="" unit="dollars"/>
                     <measure currency="" quantity="" unit="cents"/>
                  </amount>
               </div2>
            </div1>
         </row>
         <row ana="#bk_entry">
            <div1 type="transaction" xml:id="15528">
               <folioside>Left</folioside>
               <drcr>Debit</drcr>
               <linenumber>6</linenumber>
               <div2 type="transcription">
                  <year><![CDATA[1758]]></year>
                  <month><![CDATA[Augt]]></month>
                  <day><![CDATA[25]]></day>
                  <accountname/>
                  <entry><![CDATA[<p>To Ditto pd you in Pensylvania Curry</p>
]]></entry>
                  <subtotal><![CDATA[<p>Pensa Curry £7.10.[0]</p>
]]></subtotal>
                  <page/>
                  <symbol/>
                  <pounds/>
                  <shillings/>
                  <pence/>
                  <dollars/>
                  <cents/>
               </div2>
               <div2 type="data">
                  <date ana="#bk_when" when="1758-08-25">1758 August 25</date>
                  <accountnamedata id="7520">Gist, Christopher</accountnamedata>
                  <subtotal><![CDATA[<p>Pensa Curry £7.10.[0]</p>
]]></subtotal>
                  <page/>
                  <symbol/>
                  <amount ana="#bk_amount">
                     <measure currency="PA" quantity="7" unit="pounds">7</measure>
                     <measure currency="PA" quantity="10" unit="shillings">10</measure>
                     <measure currency="PA" quantity="" unit="pence"/>
                     <measure currency="PA" quantity="" unit="dollars"/>
                     <measure currency="PA" quantity="" unit="cents"/>
                  </amount>
               </div2>
            </div1>
         </row>
         <row ana="#bk_entry">
            <div1 type="transaction" xml:id="15529">
               <folioside>Left</folioside>
               <drcr>Debit</drcr>
               <linenumber>7</linenumber>
               <div2 type="transcription">
                  <year/>
                  <month/>
                  <day/>
                  <accountname/>
                  <entry><![CDATA[<p>[Total]</p>
]]></entry>
                  <subtotal><![CDATA[<p>£7.10.[0] &amp;</p>
]]></subtotal>
                  <page/>
                  <symbol>£</symbol>
                  <pounds><![CDATA[37]]></pounds>
                  <shillings><![CDATA[3]]></shillings>
                  <pence/>
                  <dollars/>
                  <cents/>
               </div2>
               <div2 type="data">
                  <date ana="#bk_when" when="1758-08-25">1758 August 25</date>
                  <accountnamedata id="7520">Gist, Christopher</accountnamedata>
                  <subtotal><![CDATA[<p>£7.10.[0] &amp;</p>
]]></subtotal>
                  <page/>
                  <symbol>£</symbol>
                  <amount ana="#bk_amount">
                     <measure currency="" quantity="37" unit="pounds">37</measure>
                     <measure currency="" quantity="3" unit="shillings">3</measure>
                     <measure currency="" quantity="" unit="pence"/>
                     <measure currency="" quantity="" unit="dollars"/>
                     <measure currency="" quantity="" unit="cents"/>
                  </amount>
               </div2>
            </div1>
         </row>
         <row ana="#bk_entry">
            <div1 type="transaction" xml:id="15530">
               <folioside>Left</folioside>
               <drcr>Debit</drcr>
               <linenumber>8</linenumber>
               <div2 type="transcription">
                  <year/>
                  <month/>
                  <day/>
                  <accountname/>
                  <entry><![CDATA[<p>To Balle pr Contra</p>
]]></entry>
                  <subtotal/>
                  <page/>
                  <symbol/>
                  <pounds><![CDATA[2]]></pounds>
                  <shillings><![CDATA[3]]></shillings>
                  <pence><![CDATA[0]]></pence>
                  <dollars/>
                  <cents/>
               </div2>
               <div2 type="data">
                  <date ana="#bk_when" when="1758">1758</date>
                  <accountnamedata id="7520">Gist, Christopher</accountnamedata>
                  <subtotal/>
                  <page/>
                  <symbol/>
                  <amount ana="#bk_amount">
                     <measure currency="" quantity="2" unit="pounds">2</measure>
                     <measure currency="" quantity="3" unit="shillings">3</measure>
                     <measure currency="" quantity="0" unit="pence">0</measure>
                     <measure currency="" quantity="" unit="dollars"/>
                     <measure currency="" quantity="" unit="cents"/>
                  </amount>
               </div2>
            </div1>
         </row>
         <row ana="#bk_entry">
            <div1 type="transaction" xml:id="29837">
               <folioside>Left</folioside>
               <drcr>Debit</drcr>
               <linenumber>9</linenumber>
               <div2 type="transcription">
                  <year/>
                  <month/>
                  <day/>
                  <accountname><![CDATA[Jacob Jonus Dr
]]></accountname>
                  <entry/>
                  <subtotal/>
                  <page/>
                  <symbol/>
                  <pounds/>
                  <shillings/>
                  <pence/>
                  <dollars/>
                  <cents/>
               </div2>
               <div2 type="data">
                  <date ana="#bk_when" when=""/>
                  <accountnamedata id="7581">Jonus, Jacob</accountnamedata>
                  <subtotal/>
                  <page/>
                  <symbol/>
                  <amount ana="#bk_amount">
                     <measure currency="" quantity="" unit="pounds"/>
                     <measure currency="" quantity="" unit="shillings"/>
                     <measure currency="" quantity="" unit="pence"/>
                     <measure currency="" quantity="" unit="dollars"/>
                     <measure currency="" quantity="" unit="cents"/>
                  </amount>
               </div2>
            </div1>
         </row>
         <row ana="#bk_entry">
            <div1 type="transaction" xml:id="15531">
               <folioside>Left</folioside>
               <drcr>Debit</drcr>
               <linenumber>10</linenumber>
               <div2 type="transcription">
                  <year><![CDATA[1756]]></year>
                  <month><![CDATA[June]]></month>
                  <day><![CDATA[26]]></day>
                  <accountname/>
                  <entry><![CDATA[<p>To Cash in part of Pay</p>
]]></entry>
                  <subtotal/>
                  <page/>
                  <symbol/>
                  <pounds><![CDATA[1]]></pounds>
                  <shillings/>
                  <pence/>
                  <dollars/>
                  <cents/>
               </div2>
               <div2 type="data">
                  <date ana="#bk_when" when="1756-06-26">1756 June 26</date>
                  <accountnamedata id="7581">Jonus, Jacob</accountnamedata>
                  <subtotal/>
                  <page/>
                  <symbol/>
                  <amount ana="#bk_amount">
                     <measure currency="" quantity="1" unit="pounds">1</measure>
                     <measure currency="" quantity="" unit="shillings"/>
                     <measure currency="" quantity="" unit="pence"/>
                     <measure currency="" quantity="" unit="dollars"/>
                     <measure currency="" quantity="" unit="cents"/>
                  </amount>
               </div2>
            </div1>
         </row>
         <row ana="#bk_entry">
            <div1 type="transaction" xml:id="15532">
               <folioside>Left</folioside>
               <drcr>Debit</drcr>
               <linenumber>11</linenumber>
               <div2 type="transcription">
                  <year/>
                  <month><![CDATA[Sepr]]></month>
                  <day><![CDATA[1]]></day>
                  <accountname/>
                  <entry><![CDATA[<p>To Ditto Ditto</p>
]]></entry>
                  <subtotal/>
                  <page/>
                  <symbol/>
                  <pounds><![CDATA[1]]></pounds>
                  <shillings><![CDATA[10]]></shillings>
                  <pence/>
                  <dollars/>
                  <cents/>
               </div2>
               <div2 type="data">
                  <date ana="#bk_when" when="1756-09-01">1756 September 1</date>
                  <accountnamedata id="7581">Jonus, Jacob</accountnamedata>
                  <subtotal/>
                  <page/>
                  <symbol/>
                  <amount ana="#bk_amount">
                     <measure currency="" quantity="1" unit="pounds">1</measure>
                     <measure currency="" quantity="10" unit="shillings">10</measure>
                     <measure currency="" quantity="" unit="pence"/>
                     <measure currency="" quantity="" unit="dollars"/>
                     <measure currency="" quantity="" unit="cents"/>
                  </amount>
               </div2>
            </div1>
         </row>
         <row ana="#bk_entry">
            <div1 type="transaction" xml:id="15533">
               <folioside>Left</folioside>
               <drcr>Debit</drcr>
               <linenumber>12</linenumber>
               <div2 type="transcription">
                  <year/>
                  <month><![CDATA[Novr]]></month>
                  <day><![CDATA[30]]></day>
                  <accountname/>
                  <entry><![CDATA[<p>To Ditto Ditto</p>
]]></entry>
                  <subtotal/>
                  <page/>
                  <symbol/>
                  <pounds><![CDATA[2]]></pounds>
                  <shillings/>
                  <pence/>
                  <dollars/>
                  <cents/>
               </div2>
               <div2 type="data">
                  <date ana="#bk_when" when="1756-11-30">1756 November 30</date>
                  <accountnamedata id="7581">Jonus, Jacob</accountnamedata>
                  <subtotal/>
                  <page/>
                  <symbol/>
                  <amount ana="#bk_amount">
                     <measure currency="" quantity="2" unit="pounds">2</measure>
                     <measure currency="" quantity="" unit="shillings"/>
                     <measure currency="" quantity="" unit="pence"/>
                     <measure currency="" quantity="" unit="dollars"/>
                     <measure currency="" quantity="" unit="cents"/>
                  </amount>
               </div2>
            </div1>
         </row>
         <row ana="#bk_entry">
            <div1 type="transaction" xml:id="15534">
               <folioside>Left</folioside>
               <drcr>Debit</drcr>
               <linenumber>13</linenumber>
               <div2 type="transcription">
                  <year/>
                  <month><![CDATA[Decr]]></month>
                  <day><![CDATA[19]]></day>
                  <accountname/>
                  <entry><![CDATA[<p>To Ditto Ditto</p>
]]></entry>
                  <subtotal/>
                  <page/>
                  <symbol/>
                  <pounds><![CDATA[1]]></pounds>
                  <shillings><![CDATA[10]]></shillings>
                  <pence><![CDATA[2]]></pence>
                  <dollars/>
                  <cents/>
               </div2>
               <div2 type="data">
                  <date ana="#bk_when" when="1756-12-19">1756 December 19</date>
                  <accountnamedata id="7581">Jonus, Jacob</accountnamedata>
                  <subtotal/>
                  <page/>
                  <symbol/>
                  <amount ana="#bk_amount">
                     <measure currency="" quantity="1" unit="pounds">1</measure>
                     <measure currency="" quantity="10" unit="shillings">10</measure>
                     <measure currency="" quantity="2" unit="pence">2</measure>
                     <measure currency="" quantity="" unit="dollars"/>
                     <measure currency="" quantity="" unit="cents"/>
                  </amount>
               </div2>
            </div1>
         </row>
         <row ana="#bk_entry">
            <div1 type="transaction" xml:id="15535">
               <folioside>Left</folioside>
               <drcr>Debit</drcr>
               <linenumber>14</linenumber>
               <div2 type="transcription">
                  <year/>
                  <month><![CDATA[Apl]]></month>
                  <day/>
                  <accountname/>
                  <entry><![CDATA[<p>To Ditto Ditto</p>
]]></entry>
                  <subtotal/>
                  <page/>
                  <symbol/>
                  <pounds><![CDATA[1]]></pounds>
                  <shillings/>
                  <pence/>
                  <dollars/>
                  <cents/>
               </div2>
               <div2 type="data">
                  <date ana="#bk_when" when="1757-04">1757 April</date>
                  <accountnamedata id="7581">Jonus, Jacob</accountnamedata>
                  <subtotal/>
                  <page/>
                  <symbol/>
                  <amount ana="#bk_amount">
                     <measure currency="" quantity="1" unit="pounds">1</measure>
                     <measure currency="" quantity="" unit="shillings"/>
                     <measure currency="" quantity="" unit="pence"/>
                     <measure currency="" quantity="" unit="dollars"/>
                     <measure currency="" quantity="" unit="cents"/>
                  </amount>
               </div2>
            </div1>
         </row>
         <row ana="#bk_entry">
            <div1 type="transaction" xml:id="15536">
               <folioside>Left</folioside>
               <drcr>Debit</drcr>
               <linenumber>15</linenumber>
               <div2 type="transcription">
                  <year/>
                  <month><![CDATA[July]]></month>
                  <day><![CDATA[19]]></day>
                  <accountname/>
                  <entry><![CDATA[<p>To Ditto Ditto</p>
]]></entry>
                  <subtotal/>
                  <page/>
                  <symbol/>
                  <pounds><![CDATA[3]]></pounds>
                  <shillings/>
                  <pence/>
                  <dollars/>
                  <cents/>
               </div2>
               <div2 type="data">
                  <date ana="#bk_when" when="1757-07-19">1757 July 19</date>
                  <accountnamedata id="7581">Jonus, Jacob</accountnamedata>
                  <subtotal/>
                  <page/>
                  <symbol/>
                  <amount ana="#bk_amount">
                     <measure currency="" quantity="3" unit="pounds">3</measure>
                     <measure currency="" quantity="" unit="shillings"/>
                     <measure currency="" quantity="" unit="pence"/>
                     <measure currency="" quantity="" unit="dollars"/>
                     <measure currency="" quantity="" unit="cents"/>
                  </amount>
               </div2>
            </div1>
         </row>
         <row ana="#bk_entry">
            <div1 type="transaction" xml:id="15537">
               <folioside>Left</folioside>
               <drcr>Debit</drcr>
               <linenumber>16</linenumber>
               <div2 type="transcription">
                  <year/>
                  <month/>
                  <day><![CDATA[28]]></day>
                  <accountname/>
                  <entry><![CDATA[<p>To Ditto Ditto</p>
]]></entry>
                  <subtotal/>
                  <page/>
                  <symbol/>
                  <pounds><![CDATA[1]]></pounds>
                  <shillings><![CDATA[10]]></shillings>
                  <pence/>
                  <dollars/>
                  <cents/>
               </div2>
               <div2 type="data">
                  <date ana="#bk_when" when="1757-07-28">1757 July 28</date>
                  <accountnamedata id="7581">Jonus, Jacob</accountnamedata>
                  <subtotal/>
                  <page/>
                  <symbol/>
                  <amount ana="#bk_amount">
                     <measure currency="" quantity="1" unit="pounds">1</measure>
                     <measure currency="" quantity="10" unit="shillings">10</measure>
                     <measure currency="" quantity="" unit="pence"/>
                     <measure currency="" quantity="" unit="dollars"/>
                     <measure currency="" quantity="" unit="cents"/>
                  </amount>
               </div2>
            </div1>
         </row>
         <row ana="#bk_entry">
            <div1 type="transaction" xml:id="15538">
               <folioside>Left</folioside>
               <drcr>Debit</drcr>
               <linenumber>17</linenumber>
               <div2 type="transcription">
                  <year><![CDATA[1758]]></year>
                  <month><![CDATA[Apl]]></month>
                  <day><![CDATA[14]]></day>
                  <accountname/>
                  <entry><![CDATA[<p>To Ditto Ditto</p>
]]></entry>
                  <subtotal/>
                  <page/>
                  <symbol/>
                  <pounds><![CDATA[2]]></pounds>
                  <shillings/>
                  <pence/>
                  <dollars/>
                  <cents/>
               </div2>
               <div2 type="data">
                  <date ana="#bk_when" when="1758-04-14">1758 April 14</date>
                  <accountnamedata id="7581">Jonus, Jacob</accountnamedata>
                  <subtotal/>
                  <page/>
                  <symbol/>
                  <amount ana="#bk_amount">
                     <measure currency="" quantity="2" unit="pounds">2</measure>
                     <measure currency="" quantity="" unit="shillings"/>
                     <measure currency="" quantity="" unit="pence"/>
                     <measure currency="" quantity="" unit="dollars"/>
                     <measure currency="" quantity="" unit="cents"/>
                  </amount>
               </div2>
            </div1>
         </row>
         <row ana="#bk_entry">
            <div1 type="transaction" xml:id="15539">
               <folioside>Left</folioside>
               <drcr>Debit</drcr>
               <linenumber>18</linenumber>
               <div2 type="transcription">
                  <year/>
                  <month/>
                  <day/>
                  <accountname/>
                  <entry><![CDATA[<p>[Total]</p>
]]></entry>
                  <subtotal/>
                  <page/>
                  <symbol>£</symbol>
                  <pounds><![CDATA[13]]></pounds>
                  <shillings><![CDATA[10]]></shillings>
                  <pence><![CDATA[2]]></pence>
                  <dollars/>
                  <cents/>
               </div2>
               <div2 type="data">
                  <date ana="#bk_when" when="1758">1758</date>
                  <accountnamedata id="7581">Jonus, Jacob</accountnamedata>
                  <subtotal/>
                  <page/>
                  <symbol>£</symbol>
                  <amount ana="#bk_amount">
                     <measure currency="" quantity="13" unit="pounds">13</measure>
                     <measure currency="" quantity="10" unit="shillings">10</measure>
                     <measure currency="" quantity="2" unit="pence">2</measure>
                     <measure currency="" quantity="" unit="dollars"/>
                     <measure currency="" quantity="" unit="cents"/>
                  </amount>
               </div2>
            </div1>
         </row>
         <row ana="#bk_entry">
            <div1 type="transaction" xml:id="29838">
               <folioside>Left</folioside>
               <drcr>Debit</drcr>
               <linenumber>19</linenumber>
               <div2 type="transcription">
                  <year/>
                  <month/>
                  <day/>
                  <accountname><![CDATA[John McClockland Dr
]]></accountname>
                  <entry/>
                  <subtotal/>
                  <page/>
                  <symbol/>
                  <pounds/>
                  <shillings/>
                  <pence/>
                  <dollars/>
                  <cents/>
               </div2>
               <div2 type="data">
                  <date ana="#bk_when" when=""/>
                  <accountnamedata id="7649">McLaughlan (McClockland), John</accountnamedata>
                  <subtotal/>
                  <page/>
                  <symbol/>
                  <amount ana="#bk_amount">
                     <measure currency="" quantity="" unit="pounds"/>
                     <measure currency="" quantity="" unit="shillings"/>
                     <measure currency="" quantity="" unit="pence"/>
                     <measure currency="" quantity="" unit="dollars"/>
                     <measure currency="" quantity="" unit="cents"/>
                  </amount>
               </div2>
            </div1>
         </row>
         <row ana="#bk_entry">
            <div1 type="transaction" xml:id="15540">
               <folioside>Left</folioside>
               <drcr>Debit</drcr>
               <linenumber>20</linenumber>
               <div2 type="transcription">
                  <year><![CDATA[1762]]></year>
                  <month><![CDATA[Jany]]></month>
                  <day><![CDATA[1]]></day>
                  <accountname/>
                  <entry><![CDATA[<p>To Acct brot from Smiths Book <a href="http://financial.gwpapers.org/?q=content/ledger-1750-1772-pg7">folio 7</a></p>
]]></entry>
                  <subtotal/>
                  <page/>
                  <symbol/>
                  <pounds/>
                  <shillings><![CDATA[11]]></shillings>
                  <pence/>
                  <dollars/>
                  <cents/>
               </div2>
               <div2 type="data">
                  <date ana="#bk_when" when="1762-01-01">1762 January 1</date>
                  <accountnamedata id="7649">McLaughlan (McClockland), John</accountnamedata>
                  <subtotal/>
                  <page/>
                  <symbol/>
                  <amount ana="#bk_amount">
                     <measure currency="" quantity="" unit="pounds"/>
                     <measure currency="" quantity="11" unit="shillings">11</measure>
                     <measure currency="" quantity="" unit="pence"/>
                     <measure currency="" quantity="" unit="dollars"/>
                     <measure currency="" quantity="" unit="cents"/>
                  </amount>
               </div2>
            </div1>
         </row>
         <row ana="#bk_entry">
            <div1 type="transaction" xml:id="15541">
               <folioside>Left</folioside>
               <drcr>Debit</drcr>
               <linenumber>21</linenumber>
               <div2 type="transcription">
                  <year><![CDATA[1763]]></year>
                  <month><![CDATA[Augt]]></month>
                  <day><![CDATA[25]]></day>
                  <accountname/>
                  <entry><![CDATA[<p>To Cash</p>
]]></entry>
                  <subtotal/>
                  <page/>
                  <symbol/>
                  <pounds><![CDATA[1]]></pounds>
                  <shillings><![CDATA[3]]></shillings>
                  <pence><![CDATA[6]]></pence>
                  <dollars/>
                  <cents/>
               </div2>
               <div2 type="data">
                  <date ana="#bk_when" when="1763-08-25">1763 August 25</date>
                  <accountnamedata id="7649">McLaughlan (McClockland), John</accountnamedata>
                  <subtotal/>
                  <page/>
                  <symbol/>
                  <amount ana="#bk_amount">
                     <measure currency="" quantity="1" unit="pounds">1</measure>
                     <measure currency="" quantity="3" unit="shillings">3</measure>
                     <measure currency="" quantity="6" unit="pence">6</measure>
                     <measure currency="" quantity="" unit="dollars"/>
                     <measure currency="" quantity="" unit="cents"/>
                  </amount>
               </div2>
            </div1>
         </row>
         <row ana="#bk_entry">
            <div1 type="transaction" xml:id="15542">
               <folioside>Left</folioside>
               <drcr>Debit</drcr>
               <linenumber>22</linenumber>
               <div2 type="transcription">
                  <year/>
                  <month/>
                  <day/>
                  <accountname/>
                  <entry><![CDATA[<p>To Smiths Acct</p>
]]></entry>
                  <subtotal/>
                  <page/>
                  <symbol/>
                  <pounds><![CDATA[1]]></pounds>
                  <shillings><![CDATA[1]]></shillings>
                  <pence><![CDATA[8]]></pence>
                  <dollars/>
                  <cents/>
               </div2>
               <div2 type="data">
                  <date ana="#bk_when" when="1763-08-25">1763 August 25</date>
                  <accountnamedata id="7649">McLaughlan (McClockland), John</accountnamedata>
                  <subtotal/>
                  <page/>
                  <symbol/>
                  <amount ana="#bk_amount">
                     <measure currency="" quantity="1" unit="pounds">1</measure>
                     <measure currency="" quantity="1" unit="shillings">1</measure>
                     <measure currency="" quantity="8" unit="pence">8</measure>
                     <measure currency="" quantity="" unit="dollars"/>
                     <measure currency="" quantity="" unit="cents"/>
                  </amount>
               </div2>
            </div1>
         </row>
         <row ana="#bk_entry">
            <div1 type="transaction" xml:id="15543">
               <folioside>Left</folioside>
               <drcr>Debit</drcr>
               <linenumber>23</linenumber>
               <div2 type="transcription">
                  <year><![CDATA[1764]]></year>
                  <month><![CDATA[May]]></month>
                  <day/>
                  <accountname/>
                  <entry><![CDATA[<p>To Cash</p>
]]></entry>
                  <subtotal/>
                  <page/>
                  <symbol/>
                  <pounds><![CDATA[1]]></pounds>
                  <shillings><![CDATA[1]]></shillings>
                  <pence><![CDATA[4]]></pence>
                  <dollars/>
                  <cents/>
               </div2>
               <div2 type="data">
                  <date ana="#bk_when" when="1764-05">1764 May</date>
                  <accountnamedata id="7649">McLaughlan (McClockland), John</accountnamedata>
                  <subtotal/>
                  <page/>
                  <symbol/>
                  <amount ana="#bk_amount">
                     <measure currency="" quantity="1" unit="pounds">1</measure>
                     <measure currency="" quantity="1" unit="shillings">1</measure>
                     <measure currency="" quantity="4" unit="pence">4</measure>
                     <measure currency="" quantity="" unit="dollars"/>
                     <measure currency="" quantity="" unit="cents"/>
                  </amount>
               </div2>
            </div1>
         </row>
         <row ana="#bk_entry">
            <div1 type="transaction" xml:id="15544">
               <folioside>Left</folioside>
               <drcr>Debit</drcr>
               <linenumber>24</linenumber>
               <div2 type="transcription">
                  <year/>
                  <month/>
                  <day/>
                  <accountname/>
                  <entry><![CDATA[<p>[Total]</p>
]]></entry>
                  <subtotal/>
                  <page/>
                  <symbol>£</symbol>
                  <pounds><![CDATA[3]]></pounds>
                  <shillings><![CDATA[17]]></shillings>
                  <pence><![CDATA[6]]></pence>
                  <dollars/>
                  <cents/>
               </div2>
               <div2 type="data">
                  <date ana="#bk_when" when="1764">1764</date>
                  <accountnamedata id="7649">McLaughlan (McClockland), John</accountnamedata>
                  <subtotal/>
                  <page/>
                  <symbol>£</symbol>
                  <amount ana="#bk_amount">
                     <measure currency="" quantity="3" unit="pounds">3</measure>
                     <measure currency="" quantity="17" unit="shillings">17</measure>
                     <measure currency="" quantity="6" unit="pence">6</measure>
                     <measure currency="" quantity="" unit="dollars"/>
                     <measure currency="" quantity="" unit="cents"/>
                  </amount>
               </div2>
            </div1>
         </row>
         <row ana="#bk_entry">
            <div1 type="transaction" xml:id="15545">
               <folioside>Left</folioside>
               <drcr>Debit</drcr>
               <linenumber>25</linenumber>
               <div2 type="transcription">
                  <year><![CDATA[1765]]></year>
                  <month><![CDATA[Jany]]></month>
                  <day><![CDATA[25]]></day>
                  <accountname/>
                  <entry><![CDATA[<p>To Cash</p>
]]></entry>
                  <subtotal/>
                  <page/>
                  <symbol/>
                  <pounds><![CDATA[1]]></pounds>
                  <shillings><![CDATA[10]]></shillings>
                  <pence/>
                  <dollars/>
                  <cents/>
               </div2>
               <div2 type="data">
                  <date ana="#bk_when" when="1765-01-25">1765 January 25</date>
                  <accountnamedata id="7649">McLaughlan (McClockland), John</accountnamedata>
                  <subtotal/>
                  <page/>
                  <symbol/>
                  <amount ana="#bk_amount">
                     <measure currency="" quantity="1" unit="pounds">1</measure>
                     <measure currency="" quantity="10" unit="shillings">10</measure>
                     <measure currency="" quantity="" unit="pence"/>
                     <measure currency="" quantity="" unit="dollars"/>
                     <measure currency="" quantity="" unit="cents"/>
                  </amount>
               </div2>
            </div1>
         </row>
         <row ana="#bk_entry">
            <div1 type="transaction" xml:id="15546">
               <folioside>Left</folioside>
               <drcr>Debit</drcr>
               <linenumber>26</linenumber>
               <div2 type="transcription">
                  <year/>
                  <month><![CDATA[Augt]]></month>
                  <day><![CDATA[19]]></day>
                  <accountname/>
                  <entry><![CDATA[<p>To Ditto</p>
]]></entry>
                  <subtotal/>
                  <page/>
                  <symbol/>
                  <pounds><![CDATA[1]]></pounds>
                  <shillings><![CDATA[16]]></shillings>
                  <pence><![CDATA[3]]></pence>
                  <dollars/>
                  <cents/>
               </div2>
               <div2 type="data">
                  <date ana="#bk_when" when="1765-08-19">1765 August 19</date>
                  <accountnamedata id="7649">McLaughlan (McClockland), John</accountnamedata>
                  <subtotal/>
                  <page/>
                  <symbol/>
                  <amount ana="#bk_amount">
                     <measure currency="" quantity="1" unit="pounds">1</measure>
                     <measure currency="" quantity="16" unit="shillings">16</measure>
                     <measure currency="" quantity="3" unit="pence">3</measure>
                     <measure currency="" quantity="" unit="dollars"/>
                     <measure currency="" quantity="" unit="cents"/>
                  </amount>
               </div2>
            </div1>
         </row>
         <row ana="#bk_entry">
            <div1 type="transaction" xml:id="15547">
               <folioside>Left</folioside>
               <drcr>Debit</drcr>
               <linenumber>27</linenumber>
               <div2 type="transcription">
                  <year><![CDATA[1766]]></year>
                  <month><![CDATA[Jany]]></month>
                  <day><![CDATA[1]]></day>
                  <accountname/>
                  <entry><![CDATA[<p>To Smiths acct to ye [the] date</p>
]]></entry>
                  <subtotal/>
                  <page/>
                  <symbol/>
                  <pounds/>
                  <shillings><![CDATA[2]]></shillings>
                  <pence><![CDATA[1 1/2]]></pence>
                  <dollars/>
                  <cents/>
               </div2>
               <div2 type="data">
                  <date ana="#bk_when" when="1766-01-01">1766 January 1</date>
                  <accountnamedata id="7649">McLaughlan (McClockland), John</accountnamedata>
                  <subtotal/>
                  <page/>
                  <symbol/>
                  <amount ana="#bk_amount">
                     <measure currency="" quantity="" unit="pounds"/>
                     <measure currency="" quantity="2" unit="shillings">2</measure>
                     <measure currency="" quantity="1.5" unit="pence">1.5</measure>
                     <measure currency="" quantity="" unit="dollars"/>
                     <measure currency="" quantity="" unit="cents"/>
                  </amount>
               </div2>
            </div1>
         </row>
         <row ana="#bk_entry">
            <div1 type="transaction" xml:id="15548">
               <folioside>Left</folioside>
               <drcr>Debit</drcr>
               <linenumber>28</linenumber>
               <div2 type="transcription">
                  <year><![CDATA[1766]]></year>
                  <month><![CDATA[Jan:]]></month>
                  <day><![CDATA[31]]></day>
                  <accountname/>
                  <entry><![CDATA[<p>To Cash paid Mr Magowan</p>
]]></entry>
                  <subtotal/>
                  <page/>
                  <symbol/>
                  <pounds/>
                  <shillings><![CDATA[4]]></shillings>
                  <pence><![CDATA[6]]></pence>
                  <dollars/>
                  <cents/>
               </div2>
               <div2 type="data">
                  <date ana="#bk_when" when="1766-01-31">1766 January 31</date>
                  <accountnamedata id="7649">McLaughlan (McClockland), John</accountnamedata>
                  <subtotal/>
                  <page/>
                  <symbol/>
                  <amount ana="#bk_amount">
                     <measure currency="" quantity="" unit="pounds"/>
                     <measure currency="" quantity="4" unit="shillings">4</measure>
                     <measure currency="" quantity="6" unit="pence">6</measure>
                     <measure currency="" quantity="" unit="dollars"/>
                     <measure currency="" quantity="" unit="cents"/>
                  </amount>
               </div2>
            </div1>
         </row>
         <row ana="#bk_entry">
            <div1 type="transaction" xml:id="15549">
               <folioside>Left</folioside>
               <drcr>Debit</drcr>
               <linenumber>29</linenumber>
               <div2 type="transcription">
                  <year/>
                  <month/>
                  <day/>
                  <accountname/>
                  <entry><![CDATA[<p>To Balle Credited <a href="http://financial.gwpapers.org/?q=content/ledger-1750-1772-pg205">folio 205</a></p>
]]></entry>
                  <subtotal/>
                  <page/>
                  <symbol/>
                  <pounds><![CDATA[1]]></pounds>
                  <shillings><![CDATA[1]]></shillings>
                  <pence><![CDATA[3]]></pence>
                  <dollars/>
                  <cents/>
               </div2>
               <div2 type="data">
                  <date ana="#bk_when" when="1766-01-31">1766 January 31</date>
                  <accountnamedata id="7649">McLaughlan (McClockland), John</accountnamedata>
                  <subtotal/>
                  <page/>
                  <symbol/>
                  <amount ana="#bk_amount">
                     <measure currency="" quantity="1" unit="pounds">1</measure>
                     <measure currency="" quantity="1" unit="shillings">1</measure>
                     <measure currency="" quantity="3" unit="pence">3</measure>
                     <measure currency="" quantity="" unit="dollars"/>
                     <measure currency="" quantity="" unit="cents"/>
                  </amount>
               </div2>
            </div1>
         </row>
         <row ana="#bk_entry">
            <div1 type="transaction" xml:id="15550">
               <folioside>Left</folioside>
               <drcr>Debit</drcr>
               <linenumber>30</linenumber>
               <div2 type="transcription">
                  <year/>
                  <month/>
                  <day/>
                  <accountname/>
                  <entry><![CDATA[<p>[Total]</p>
]]></entry>
                  <subtotal/>
                  <page/>
                  <symbol/>
                  <pounds><![CDATA[4]]></pounds>
                  <shillings><![CDATA[14]]></shillings>
                  <pence><![CDATA[1 1/2]]></pence>
                  <dollars/>
                  <cents/>
               </div2>
               <div2 type="data">
                  <date ana="#bk_when" when="1766">1766</date>
                  <accountnamedata id="7649">McLaughlan (McClockland), John</accountnamedata>
                  <subtotal/>
                  <page/>
                  <symbol/>
                  <amount ana="#bk_amount">
                     <measure currency="" quantity="4" unit="pounds">4</measure>
                     <measure currency="" quantity="14" unit="shillings">14</measure>
                     <measure currency="" quantity="1.5" unit="pence">1.5</measure>
                     <measure currency="" quantity="" unit="dollars"/>
                     <measure currency="" quantity="" unit="cents"/>
                  </amount>
               </div2>
            </div1>
         </row>
         <row ana="#bk_entry">
            <div1 type="transaction" xml:id="29839">
               <folioside>Right</folioside>
               <drcr>Credit</drcr>
               <linenumber>1</linenumber>
               <div2 type="transcription">
                  <year/>
                  <month/>
                  <day/>
                  <accountname><![CDATA[Contra Cr
]]></accountname>
                  <entry/>
                  <subtotal/>
                  <page/>
                  <symbol/>
                  <pounds/>
                  <shillings/>
                  <pence/>
                  <dollars/>
                  <cents/>
               </div2>
               <div2 type="data">
                  <date ana="#bk_when" when=""/>
                  <accountnamedata id="7520">Gist, Christopher</accountnamedata>
                  <subtotal/>
                  <page/>
                  <symbol/>
                  <amount ana="#bk_amount">
                     <measure currency="" quantity="" unit="pounds"/>
                     <measure currency="" quantity="" unit="shillings"/>
                     <measure currency="" quantity="" unit="pence"/>
                     <measure currency="" quantity="" unit="dollars"/>
                     <measure currency="" quantity="" unit="cents"/>
                  </amount>
               </div2>
            </div1>
         </row>
         <row ana="#bk_entry">
            <div1 type="transaction" xml:id="22224">
               <folioside>Right</folioside>
               <drcr>Credit</drcr>
               <linenumber>2</linenumber>
               <div2 type="transcription">
                  <year><![CDATA[1756]]></year>
                  <month><![CDATA[Septr]]></month>
                  <day><![CDATA[8]]></day>
                  <accountname/>
                  <entry><![CDATA[<p>By Cash of Mr Boyd</p>
]]></entry>
                  <subtotal/>
                  <page/>
                  <symbol/>
                  <pounds><![CDATA[10]]></pounds>
                  <shillings/>
                  <pence/>
                  <dollars/>
                  <cents/>
               </div2>
               <div2 type="data">
                  <date ana="#bk_when" when="1756-09-08">1756 September 8</date>
                  <accountnamedata id="7520">Gist, Christopher</accountnamedata>
                  <subtotal/>
                  <page/>
                  <symbol/>
                  <amount ana="#bk_amount">
                     <measure currency="" quantity="10" unit="pounds">10</measure>
                     <measure currency="" quantity="" unit="shillings"/>
                     <measure currency="" quantity="" unit="pence"/>
                     <measure currency="" quantity="" unit="dollars"/>
                     <measure currency="" quantity="" unit="cents"/>
                  </amount>
               </div2>
            </div1>
         </row>
         <row ana="#bk_entry">
            <div1 type="transaction" xml:id="22225">
               <folioside>Right</folioside>
               <drcr>Credit</drcr>
               <linenumber>3</linenumber>
               <div2 type="transcription">
                  <year/>
                  <month><![CDATA[Decr]]></month>
                  <day><![CDATA[5]]></day>
                  <accountname/>
                  <entry><![CDATA[<p>By Ditto of yr Self</p>
]]></entry>
                  <subtotal/>
                  <page/>
                  <symbol/>
                  <pounds><![CDATA[20]]></pounds>
                  <shillings/>
                  <pence/>
                  <dollars/>
                  <cents/>
               </div2>
               <div2 type="data">
                  <date ana="#bk_when" when="1756-12-05">1756 December 5</date>
                  <accountnamedata id="7520">Gist, Christopher</accountnamedata>
                  <subtotal/>
                  <page/>
                  <symbol/>
                  <amount ana="#bk_amount">
                     <measure currency="" quantity="20" unit="pounds">20</measure>
                     <measure currency="" quantity="" unit="shillings"/>
                     <measure currency="" quantity="" unit="pence"/>
                     <measure currency="" quantity="" unit="dollars"/>
                     <measure currency="" quantity="" unit="cents"/>
                  </amount>
               </div2>
            </div1>
         </row>
         <row ana="#bk_entry">
            <div1 type="transaction" xml:id="22226">
               <folioside>Right</folioside>
               <drcr>Credit</drcr>
               <linenumber>4</linenumber>
               <div2 type="transcription">
                  <year/>
                  <month><![CDATA[Apl]]></month>
                  <day><![CDATA[25]]></day>
                  <accountname/>
                  <entry><![CDATA[<p>By Yr Son Tom Gist</p>
]]></entry>
                  <subtotal/>
                  <page/>
                  <symbol/>
                  <pounds><![CDATA[5]]></pounds>
                  <shillings/>
                  <pence/>
                  <dollars/>
                  <cents/>
               </div2>
               <div2 type="data">
                  <date ana="#bk_when" when="04-25">April 25</date>
                  <accountnamedata id="7520">Gist, Christopher</accountnamedata>
                  <subtotal/>
                  <page/>
                  <symbol/>
                  <amount ana="#bk_amount">
                     <measure currency="" quantity="5" unit="pounds">5</measure>
                     <measure currency="" quantity="" unit="shillings"/>
                     <measure currency="" quantity="" unit="pence"/>
                     <measure currency="" quantity="" unit="dollars"/>
                     <measure currency="" quantity="" unit="cents"/>
                  </amount>
               </div2>
            </div1>
         </row>
         <row ana="#bk_entry">
            <div1 type="transaction" xml:id="22227">
               <folioside>Right</folioside>
               <drcr>Credit</drcr>
               <linenumber>5</linenumber>
               <div2 type="transcription">
                  <year/>
                  <month/>
                  <day/>
                  <accountname/>
                  <entry><![CDATA[<p>By Pensylvania Money</p>
]]></entry>
                  <subtotal><![CDATA[<p>£5.0.0</p>
]]></subtotal>
                  <page/>
                  <symbol/>
                  <pounds/>
                  <shillings/>
                  <pence/>
                  <dollars/>
                  <cents/>
               </div2>
               <div2 type="data">
                  <date ana="#bk_when" when="04-25">April 25</date>
                  <accountnamedata id="7520">Gist, Christopher</accountnamedata>
                  <subtotal><![CDATA[<p>£5.0.0</p>
]]></subtotal>
                  <page/>
                  <symbol/>
                  <amount ana="#bk_amount">
                     <measure currency="PA" quantity="5" unit="pounds">5</measure>
                     <measure currency="PA" quantity="0" unit="shillings">0</measure>
                     <measure currency="PA" quantity="0" unit="pence">0</measure>
                     <measure currency="PA" quantity="" unit="dollars"/>
                     <measure currency="PA" quantity="" unit="cents"/>
                  </amount>
               </div2>
            </div1>
         </row>
         <row ana="#bk_entry">
            <div1 type="transaction" xml:id="22228">
               <folioside>Right</folioside>
               <drcr>Credit</drcr>
               <linenumber>6</linenumber>
               <div2 type="transcription">
                  <year/>
                  <month><![CDATA[May]]></month>
                  <day><![CDATA[1st]]></day>
                  <accountname/>
                  <entry><![CDATA[<p>By Ditto Ditto</p>
]]></entry>
                  <subtotal><![CDATA[<p>2.10.[0]</p>
]]></subtotal>
                  <page/>
                  <symbol/>
                  <pounds/>
                  <shillings/>
                  <pence/>
                  <dollars/>
                  <cents/>
               </div2>
               <div2 type="data">
                  <date ana="#bk_when" when="05-01">May 1</date>
                  <accountnamedata id="7520">Gist, Christopher</accountnamedata>
                  <subtotal><![CDATA[<p>2.10.[0]</p>
]]></subtotal>
                  <page/>
                  <symbol/>
                  <amount ana="#bk_amount">
                     <measure currency="" quantity="2" unit="pounds">2</measure>
                     <measure currency="" quantity="10" unit="shillings">10</measure>
                     <measure currency="" quantity="" unit="pence"/>
                     <measure currency="" quantity="" unit="dollars"/>
                     <measure currency="" quantity="" unit="cents"/>
                  </amount>
               </div2>
            </div1>
         </row>
         <row ana="#bk_entry">
            <div1 type="transaction" xml:id="22229">
               <folioside>Right</folioside>
               <drcr>Credit</drcr>
               <linenumber>7</linenumber>
               <div2 type="transcription">
                  <year/>
                  <month/>
                  <day/>
                  <accountname/>
                  <entry><![CDATA[<p>[Total]</p>
]]></entry>
                  <subtotal><![CDATA[<p>£7.10.[0] and</p>
]]></subtotal>
                  <page/>
                  <symbol>£</symbol>
                  <pounds><![CDATA[35]]></pounds>
                  <shillings/>
                  <pence/>
                  <dollars/>
                  <cents/>
               </div2>
               <div2 type="data">
                  <date ana="#bk_when" when=""/>
                  <accountnamedata id="7520">Gist, Christopher</accountnamedata>
                  <subtotal><![CDATA[<p>£7.10.[0] and</p>
]]></subtotal>
                  <page/>
                  <symbol>£</symbol>
                  <amount ana="#bk_amount">
                     <measure currency="" quantity="35" unit="pounds">35</measure>
                     <measure currency="" quantity="" unit="shillings"/>
                     <measure currency="" quantity="" unit="pence"/>
                     <measure currency="" quantity="" unit="dollars"/>
                     <measure currency="" quantity="" unit="cents"/>
                  </amount>
               </div2>
            </div1>
         </row>
         <row ana="#bk_entry">
            <div1 type="transaction" xml:id="22230">
               <folioside>Right</folioside>
               <drcr>Credit</drcr>
               <linenumber>8</linenumber>
               <div2 type="transcription">
                  <year/>
                  <month/>
                  <day/>
                  <accountname/>
                  <entry><![CDATA[<p>By Balle due G. Wn. &amp; chargd pr Contra</p>
]]></entry>
                  <subtotal/>
                  <page/>
                  <symbol/>
                  <pounds><![CDATA[2]]></pounds>
                  <shillings><![CDATA[3]]></shillings>
                  <pence/>
                  <dollars/>
                  <cents/>
               </div2>
               <div2 type="data">
                  <date ana="#bk_when" when=""/>
                  <accountnamedata id="7520">Gist, Christopher</accountnamedata>
                  <subtotal/>
                  <page/>
                  <symbol/>
                  <amount ana="#bk_amount">
                     <measure currency="" quantity="2" unit="pounds">2</measure>
                     <measure currency="" quantity="3" unit="shillings">3</measure>
                     <measure currency="" quantity="" unit="pence"/>
                     <measure currency="" quantity="" unit="dollars"/>
                     <measure currency="" quantity="" unit="cents"/>
                  </amount>
               </div2>
            </div1>
         </row>
         <row ana="#bk_entry">
            <div1 type="transaction" xml:id="22231">
               <folioside>Right</folioside>
               <drcr>Credit</drcr>
               <linenumber>9</linenumber>
               <div2 type="transcription">
                  <year/>
                  <month/>
                  <day/>
                  <accountname/>
                  <entry><![CDATA[<p>[Total]</p>
]]></entry>
                  <subtotal><![CDATA[<p>£7.10.[0] &amp;</p>
]]></subtotal>
                  <page/>
                  <symbol>£</symbol>
                  <pounds><![CDATA[35]]></pounds>
                  <shillings><![CDATA[3]]></shillings>
                  <pence/>
                  <dollars/>
                  <cents/>
               </div2>
               <div2 type="data">
                  <date ana="#bk_when" when=""/>
                  <accountnamedata id="7520">Gist, Christopher</accountnamedata>
                  <subtotal><![CDATA[<p>£7.10.[0] &amp;</p>
]]></subtotal>
                  <page/>
                  <symbol>£</symbol>
                  <amount ana="#bk_amount">
                     <measure currency="" quantity="35" unit="pounds">35</measure>
                     <measure currency="" quantity="3" unit="shillings">3</measure>
                     <measure currency="" quantity="" unit="pence"/>
                     <measure currency="" quantity="" unit="dollars"/>
                     <measure currency="" quantity="" unit="cents"/>
                  </amount>
               </div2>
            </div1>
         </row>
         <row ana="#bk_entry">
            <div1 type="transaction" xml:id="22232">
               <folioside>Right</folioside>
               <drcr>Credit</drcr>
               <linenumber>10</linenumber>
               <div2 type="transcription">
                  <year/>
                  <month/>
                  <day/>
                  <accountname/>
                  <entry><![CDATA[<p>By Acct for Loss</p>
]]></entry>
                  <subtotal/>
                  <page/>
                  <symbol/>
                  <pounds><![CDATA[2]]></pounds>
                  <shillings><![CDATA[3]]></shillings>
                  <pence><![CDATA[0]]></pence>
                  <dollars/>
                  <cents/>
               </div2>
               <div2 type="data">
                  <date ana="#bk_when" when=""/>
                  <accountnamedata id="7520">Gist, Christopher</accountnamedata>
                  <subtotal/>
                  <page/>
                  <symbol/>
                  <amount ana="#bk_amount">
                     <measure currency="" quantity="2" unit="pounds">2</measure>
                     <measure currency="" quantity="3" unit="shillings">3</measure>
                     <measure currency="" quantity="" unit="pence"/>
                     <measure currency="" quantity="" unit="dollars"/>
                     <measure currency="" quantity="" unit="cents"/>
                  </amount>
               </div2>
            </div1>
         </row>
         <row ana="#bk_entry">
            <div1 type="transaction" xml:id="22233">
               <folioside>Right</folioside>
               <drcr>Credit</drcr>
               <linenumber>11</linenumber>
               <div2 type="transcription">
                  <year/>
                  <month/>
                  <day/>
                  <accountname><![CDATA[Contra Cr
]]></accountname>
                  <entry/>
                  <subtotal/>
                  <page/>
                  <symbol/>
                  <pounds/>
                  <shillings/>
                  <pence/>
                  <dollars/>
                  <cents/>
               </div2>
               <div2 type="data">
                  <date ana="#bk_when" when=""/>
                  <accountnamedata id="7581">Jonus, Jacob</accountnamedata>
                  <subtotal/>
                  <page/>
                  <symbol/>
                  <amount ana="#bk_amount">
                     <measure currency="" quantity="" unit="pounds"/>
                     <measure currency="" quantity="" unit="shillings"/>
                     <measure currency="" quantity="" unit="pence"/>
                     <measure currency="" quantity="" unit="dollars"/>
                     <measure currency="" quantity="" unit="cents"/>
                  </amount>
               </div2>
            </div1>
         </row>
         <row ana="#bk_entry">
            <div1 type="transaction" xml:id="22234">
               <folioside>Right</folioside>
               <drcr>Credit</drcr>
               <linenumber>12</linenumber>
               <div2 type="transcription">
                  <year/>
                  <month/>
                  <day/>
                  <accountname/>
                  <entry><![CDATA[<p>By his Services as Cook 18 Months</p>
]]></entry>
                  <subtotal/>
                  <page/>
                  <symbol>£</symbol>
                  <pounds><![CDATA[13]]></pounds>
                  <shillings><![CDATA[10]]></shillings>
                  <pence><![CDATA[2]]></pence>
                  <dollars/>
                  <cents/>
               </div2>
               <div2 type="data">
                  <date ana="#bk_when" when=""/>
                  <accountnamedata id="7581">Jonus, Jacob</accountnamedata>
                  <subtotal/>
                  <page/>
                  <symbol>£</symbol>
                  <amount ana="#bk_amount">
                     <measure currency="" quantity="13" unit="pounds">13</measure>
                     <measure currency="" quantity="10" unit="shillings">10</measure>
                     <measure currency="" quantity="2" unit="pence">2</measure>
                     <measure currency="" quantity="" unit="dollars"/>
                     <measure currency="" quantity="" unit="cents"/>
                  </amount>
               </div2>
            </div1>
         </row>
         <row ana="#bk_entry">
            <div1 type="transaction" xml:id="22235">
               <folioside>Right</folioside>
               <drcr>Credit</drcr>
               <linenumber>13</linenumber>
               <div2 type="transcription">
                  <year/>
                  <month/>
                  <day/>
                  <accountname/>
                  <entry><![CDATA[<p>[Total]</p>
]]></entry>
                  <subtotal/>
                  <page/>
                  <symbol/>
                  <pounds><![CDATA[13]]></pounds>
                  <shillings><![CDATA[10]]></shillings>
                  <pence><![CDATA[2]]></pence>
                  <dollars/>
                  <cents/>
               </div2>
               <div2 type="data">
                  <date ana="#bk_when" when=""/>
                  <accountnamedata id="7581">Jonus, Jacob</accountnamedata>
                  <subtotal/>
                  <page/>
                  <symbol/>
                  <amount ana="#bk_amount">
                     <measure currency="" quantity="13" unit="pounds">13</measure>
                     <measure currency="" quantity="10" unit="shillings">10</measure>
                     <measure currency="" quantity="2" unit="pence">2</measure>
                     <measure currency="" quantity="" unit="dollars"/>
                     <measure currency="" quantity="" unit="cents"/>
                  </amount>
               </div2>
            </div1>
         </row>
         <row ana="#bk_entry">
            <div1 type="transaction" xml:id="22236">
               <folioside>Right</folioside>
               <drcr>Credit</drcr>
               <linenumber>14</linenumber>
               <div2 type="transcription">
                  <year/>
                  <month/>
                  <day/>
                  <accountname><![CDATA[Contra Cr
]]></accountname>
                  <entry/>
                  <subtotal/>
                  <page/>
                  <symbol/>
                  <pounds/>
                  <shillings/>
                  <pence/>
                  <dollars/>
                  <cents/>
               </div2>
               <div2 type="data">
                  <date ana="#bk_when" when=""/>
                  <accountnamedata id="7649">McLaughlan (McClockland), John</accountnamedata>
                  <subtotal/>
                  <page/>
                  <symbol/>
                  <amount ana="#bk_amount">
                     <measure currency="" quantity="" unit="pounds"/>
                     <measure currency="" quantity="" unit="shillings"/>
                     <measure currency="" quantity="" unit="pence"/>
                     <measure currency="" quantity="" unit="dollars"/>
                     <measure currency="" quantity="" unit="cents"/>
                  </amount>
               </div2>
            </div1>
         </row>
         <row ana="#bk_entry">
            <div1 type="transaction" xml:id="22237">
               <folioside>Right</folioside>
               <drcr>Credit</drcr>
               <linenumber>15</linenumber>
               <div2 type="transcription">
                  <year><![CDATA[1763]]></year>
                  <month><![CDATA[Jany]]></month>
                  <day><![CDATA[26]]></day>
                  <accountname/>
                  <entry><![CDATA[<p>By Weaving</p>
]]></entry>
                  <subtotal/>
                  <page/>
                  <symbol/>
                  <pounds/>
                  <shillings><![CDATA[11]]></shillings>
                  <pence/>
                  <dollars/>
                  <cents/>
               </div2>
               <div2 type="data">
                  <date ana="#bk_when" when="1763-01-26">1763 January 26</date>
                  <accountnamedata id="7649">McLaughlan (McClockland), John</accountnamedata>
                  <subtotal/>
                  <page/>
                  <symbol/>
                  <amount ana="#bk_amount">
                     <measure currency="" quantity="" unit="pounds"/>
                     <measure currency="" quantity="11" unit="shillings">11</measure>
                     <measure currency="" quantity="" unit="pence"/>
                     <measure currency="" quantity="" unit="dollars"/>
                     <measure currency="" quantity="" unit="cents"/>
                  </amount>
               </div2>
            </div1>
         </row>
         <row ana="#bk_entry">
            <div1 type="transaction" xml:id="22238">
               <folioside>Right</folioside>
               <drcr>Credit</drcr>
               <linenumber>16</linenumber>
               <div2 type="transcription">
                  <year/>
                  <month><![CDATA[Augt]]></month>
                  <day><![CDATA[25]]></day>
                  <accountname/>
                  <entry><![CDATA[<p>By 48 Yards of &lt;coarse&gt; Virga Cloth @ 4d</p>
]]></entry>
                  <subtotal/>
                  <page/>
                  <symbol/>
                  <pounds/>
                  <shillings><![CDATA[16]]></shillings>
                  <pence/>
                  <dollars/>
                  <cents/>
               </div2>
               <div2 type="data">
                  <date ana="#bk_when" when="1763-08-25">1763 August 25</date>
                  <accountnamedata id="7649">McLaughlan (McClockland), John</accountnamedata>
                  <subtotal/>
                  <page/>
                  <symbol/>
                  <amount ana="#bk_amount">
                     <measure currency="" quantity="" unit="pounds"/>
                     <measure currency="" quantity="16" unit="shillings">16</measure>
                     <measure currency="" quantity="" unit="pence"/>
                     <measure currency="" quantity="" unit="dollars"/>
                     <measure currency="" quantity="" unit="cents"/>
                  </amount>
               </div2>
            </div1>
         </row>
         <row ana="#bk_entry">
            <div1 type="transaction" xml:id="22239">
               <folioside>Right</folioside>
               <drcr>Credit</drcr>
               <linenumber>17</linenumber>
               <div2 type="transcription">
                  <year/>
                  <month><![CDATA[Do]]></month>
                  <day><![CDATA[Do]]></day>
                  <accountname/>
                  <entry><![CDATA[<p>By 9 yards of fine Ditto @ 10d</p>
]]></entry>
                  <subtotal/>
                  <page/>
                  <symbol/>
                  <pounds/>
                  <shillings><![CDATA[7]]></shillings>
                  <pence><![CDATA[6]]></pence>
                  <dollars/>
                  <cents/>
               </div2>
               <div2 type="data">
                  <date ana="#bk_when" when="1763-08-25">1763 August 25</date>
                  <accountnamedata id="7649">McLaughlan (McClockland), John</accountnamedata>
                  <subtotal/>
                  <page/>
                  <symbol/>
                  <amount ana="#bk_amount">
                     <measure currency="" quantity="" unit="pounds"/>
                     <measure currency="" quantity="7" unit="shillings">7</measure>
                     <measure currency="" quantity="6" unit="pence">6</measure>
                     <measure currency="" quantity="" unit="dollars"/>
                     <measure currency="" quantity="" unit="cents"/>
                  </amount>
               </div2>
            </div1>
         </row>
         <row ana="#bk_entry">
            <div1 type="transaction" xml:id="22240">
               <folioside>Right</folioside>
               <drcr>Credit</drcr>
               <linenumber>18</linenumber>
               <div2 type="transcription">
                  <year/>
                  <month/>
                  <day/>
                  <accountname/>
                  <entry><![CDATA[<p>By weaving 129 yds Virga Cloth</p>
]]></entry>
                  <subtotal/>
                  <page/>
                  <symbol/>
                  <pounds><![CDATA[2]]></pounds>
                  <shillings><![CDATA[3]]></shillings>
                  <pence/>
                  <dollars/>
                  <cents/>
               </div2>
               <div2 type="data">
                  <date ana="#bk_when" when="1763-08-25">1763 August 25</date>
                  <accountnamedata id="7649">McLaughlan (McClockland), John</accountnamedata>
                  <subtotal/>
                  <page/>
                  <symbol/>
                  <amount ana="#bk_amount">
                     <measure currency="" quantity="2" unit="pounds">2</measure>
                     <measure currency="" quantity="3" unit="shillings">3</measure>
                     <measure currency="" quantity="" unit="pence"/>
                     <measure currency="" quantity="" unit="dollars"/>
                     <measure currency="" quantity="" unit="cents"/>
                  </amount>
               </div2>
            </div1>
         </row>
         <row ana="#bk_entry">
            <div1 type="transaction" xml:id="22241">
               <folioside>Right</folioside>
               <drcr>Credit</drcr>
               <linenumber>19</linenumber>
               <div2 type="transcription">
                  <year/>
                  <month/>
                  <day/>
                  <accountname/>
                  <entry><![CDATA[<p>[Total]</p>
]]></entry>
                  <subtotal/>
                  <page/>
                  <symbol>£</symbol>
                  <pounds><![CDATA[3]]></pounds>
                  <shillings><![CDATA[17]]></shillings>
                  <pence><![CDATA[6]]></pence>
                  <dollars/>
                  <cents/>
               </div2>
               <div2 type="data">
                  <date ana="#bk_when" when=""/>
                  <accountnamedata id="7649">McLaughlan (McClockland), John</accountnamedata>
                  <subtotal/>
                  <page/>
                  <symbol>£</symbol>
                  <amount ana="#bk_amount">
                     <measure currency="" quantity="3" unit="pounds">3</measure>
                     <measure currency="" quantity="17" unit="shillings">17</measure>
                     <measure currency="" quantity="6" unit="pence">6</measure>
                     <measure currency="" quantity="" unit="dollars"/>
                     <measure currency="" quantity="" unit="cents"/>
                  </amount>
               </div2>
            </div1>
         </row>
         <row ana="#bk_entry">
            <div1 type="transaction" xml:id="22242">
               <folioside>Right</folioside>
               <drcr>Credit</drcr>
               <linenumber>20</linenumber>
               <div2 type="transcription">
                  <year><![CDATA[1765]]></year>
                  <month><![CDATA[Jany]]></month>
                  <day><![CDATA[25]]></day>
                  <accountname/>
                  <entry><![CDATA[<p>By weavg 17 yds for a Carpet @ 5d</p>
]]></entry>
                  <subtotal><![CDATA[<p>[0].7s.1d</p>
]]></subtotal>
                  <page/>
                  <symbol/>
                  <pounds/>
                  <shillings/>
                  <pence/>
                  <dollars/>
                  <cents/>
               </div2>
               <div2 type="data">
                  <date ana="#bk_when" when="1765-01-25">1765 January 25</date>
                  <accountnamedata id="7649">McLaughlan (McClockland), John</accountnamedata>
                  <subtotal><![CDATA[<p>[0].7s.1d</p>
]]></subtotal>
                  <page/>
                  <symbol/>
                  <amount ana="#bk_amount">
                     <measure currency="" quantity="" unit="pounds"/>
                     <measure currency="" quantity="7" unit="shillings">7</measure>
                     <measure currency="" quantity="1" unit="pence">1</measure>
                     <measure currency="" quantity="" unit="dollars"/>
                     <measure currency="" quantity="" unit="cents"/>
                  </amount>
               </div2>
            </div1>
         </row>
         <row ana="#bk_entry">
            <div1 type="transaction" xml:id="22243">
               <folioside>Right</folioside>
               <drcr>Credit</drcr>
               <linenumber>21</linenumber>
               <div2 type="transcription">
                  <year/>
                  <month/>
                  <day/>
                  <accountname/>
                  <entry><![CDATA[<p>By Do 38<sup>1</sup>/<sub>2</sub> yds stripd Cloath</p>
]]></entry>
                  <subtotal/>
                  <page/>
                  <symbol/>
                  <pounds/>
                  <shillings/>
                  <pence/>
                  <dollars/>
                  <cents/>
               </div2>
               <div2 type="data">
                  <date ana="#bk_when" when="1765-01-25">1765 January 25</date>
                  <accountnamedata id="7649">McLaughlan (McClockland), John</accountnamedata>
                  <subtotal/>
                  <page/>
                  <symbol/>
                  <amount ana="#bk_amount">
                     <measure currency="" quantity="" unit="pounds"/>
                     <measure currency="" quantity="" unit="shillings"/>
                     <measure currency="" quantity="" unit="pence"/>
                     <measure currency="" quantity="" unit="dollars"/>
                     <measure currency="" quantity="" unit="cents"/>
                  </amount>
               </div2>
            </div1>
         </row>
         <row ana="#bk_entry">
            <div1 type="transaction" xml:id="22244">
               <folioside>Right</folioside>
               <drcr>Credit</drcr>
               <linenumber>22</linenumber>
               <div2 type="transcription">
                  <year/>
                  <month/>
                  <day/>
                  <accountname/>
                  <entry><![CDATA[<p>By Do 27<sup>1</sup>/<sub>2</sub> Do White Do @ 4d</p>
]]></entry>
                  <subtotal><![CDATA[<p>1.2.0</p>
]]></subtotal>
                  <page/>
                  <symbol/>
                  <pounds/>
                  <shillings/>
                  <pence/>
                  <dollars/>
                  <cents/>
               </div2>
               <div2 type="data">
                  <date ana="#bk_when" when="1765-01-25">1765 January 25</date>
                  <accountnamedata id="7649">McLaughlan (McClockland), John</accountnamedata>
                  <subtotal><![CDATA[<p>1.2.0</p>
]]></subtotal>
                  <page/>
                  <symbol/>
                  <amount ana="#bk_amount">
                     <measure currency="" quantity="1" unit="pounds">1</measure>
                     <measure currency="" quantity="2" unit="shillings">2</measure>
                     <measure currency="" quantity="0" unit="pence">0</measure>
                     <measure currency="" quantity="" unit="dollars"/>
                     <measure currency="" quantity="" unit="cents"/>
                  </amount>
               </div2>
            </div1>
         </row>
         <row ana="#bk_entry">
            <div1 type="transaction" xml:id="22245">
               <folioside>Right</folioside>
               <drcr>Credit</drcr>
               <linenumber>23</linenumber>
               <div2 type="transcription">
                  <year/>
                  <month/>
                  <day/>
                  <accountname/>
                  <entry><![CDATA[<p>[Total]</p>
]]></entry>
                  <subtotal/>
                  <page/>
                  <symbol/>
                  <pounds><![CDATA[1]]></pounds>
                  <shillings><![CDATA[9]]></shillings>
                  <pence><![CDATA[1]]></pence>
                  <dollars/>
                  <cents/>
               </div2>
               <div2 type="data">
                  <date ana="#bk_when" when="1765-01-25">1765 January 25</date>
                  <accountnamedata id="7649">McLaughlan (McClockland), John</accountnamedata>
                  <subtotal/>
                  <page/>
                  <symbol/>
                  <amount ana="#bk_amount">
                     <measure currency="" quantity="1" unit="pounds">1</measure>
                     <measure currency="" quantity="9" unit="shillings">9</measure>
                     <measure currency="" quantity="1" unit="pence">1</measure>
                     <measure currency="" quantity="" unit="dollars"/>
                     <measure currency="" quantity="" unit="cents"/>
                  </amount>
               </div2>
            </div1>
         </row>
         <row ana="#bk_entry">
            <div1 type="transaction" xml:id="22246">
               <folioside>Right</folioside>
               <drcr>Credit</drcr>
               <linenumber>24</linenumber>
               <div2 type="transcription">
                  <year/>
                  <month><![CDATA[Augt]]></month>
                  <day><![CDATA[19]]></day>
                  <accountname/>
                  <entry><![CDATA[<p>By weaving 3 pieces of Cloath viz</p>
]]></entry>
                  <subtotal><![CDATA[<p>39 yds</p>
]]></subtotal>
                  <page/>
                  <symbol/>
                  <pounds/>
                  <shillings/>
                  <pence/>
                  <dollars/>
                  <cents/>
               </div2>
               <div2 type="data">
                  <date ana="#bk_when" when="1765-08-19">1765 August 19</date>
                  <accountnamedata id="7649">McLaughlan (McClockland), John</accountnamedata>
                  <subtotal><![CDATA[<p>39 yds</p>
]]></subtotal>
                  <page/>
                  <symbol/>
                  <amount ana="#bk_amount">
                     <measure currency="" quantity="" unit="pounds"/>
                     <measure currency="" quantity="" unit="shillings"/>
                     <measure currency="" quantity="" unit="pence"/>
                     <measure currency="" quantity="" unit="dollars"/>
                     <measure currency="" quantity="" unit="cents"/>
                  </amount>
               </div2>
            </div1>
         </row>
         <row ana="#bk_entry">
            <div1 type="transaction" xml:id="22247">
               <folioside>Right</folioside>
               <drcr>Credit</drcr>
               <linenumber>25</linenumber>
               <div2 type="transcription">
                  <year/>
                  <month/>
                  <day/>
                  <accountname/>
                  <entry/>
                  <subtotal><![CDATA[<p>38 [yds]</p>
]]></subtotal>
                  <page/>
                  <symbol/>
                  <pounds/>
                  <shillings/>
                  <pence/>
                  <dollars/>
                  <cents/>
               </div2>
               <div2 type="data">
                  <date ana="#bk_when" when="1765-08-19">1765 August 19</date>
                  <accountnamedata id="7649">McLaughlan (McClockland), John</accountnamedata>
                  <subtotal><![CDATA[<p>38 [yds]</p>
]]></subtotal>
                  <page/>
                  <symbol/>
                  <amount ana="#bk_amount">
                     <measure currency="" quantity="" unit="pounds"/>
                     <measure currency="" quantity="" unit="shillings"/>
                     <measure currency="" quantity="" unit="pence"/>
                     <measure currency="" quantity="" unit="dollars"/>
                     <measure currency="" quantity="" unit="cents"/>
                  </amount>
               </div2>
            </div1>
         </row>
         <row ana="#bk_entry">
            <div1 type="transaction" xml:id="22248">
               <folioside>Right</folioside>
               <drcr>Credit</drcr>
               <linenumber>26</linenumber>
               <div2 type="transcription">
                  <year/>
                  <month/>
                  <day/>
                  <accountname/>
                  <entry/>
                  <subtotal><![CDATA[<p>34 [yds] &lt;acctd&gt;</p>
]]></subtotal>
                  <page/>
                  <symbol/>
                  <pounds><![CDATA[1]]></pounds>
                  <shillings><![CDATA[17]]></shillings>
                  <pence/>
                  <dollars/>
                  <cents/>
               </div2>
               <div2 type="data">
                  <date ana="#bk_when" when="1765-08-19">1765 August 19</date>
                  <accountnamedata id="7649">McLaughlan (McClockland), John</accountnamedata>
                  <subtotal><![CDATA[<p>34 [yds] &lt;acctd&gt;</p>
]]></subtotal>
                  <page/>
                  <symbol/>
                  <amount ana="#bk_amount">
                     <measure currency="" quantity="" unit="pounds"/>
                     <measure currency="" quantity="" unit="shillings"/>
                     <measure currency="" quantity="" unit="pence"/>
                     <measure currency="" quantity="" unit="dollars"/>
                     <measure currency="" quantity="" unit="cents"/>
                  </amount>
               </div2>
            </div1>
         </row>
         <row ana="#bk_entry">
            <div1 type="transaction" xml:id="22250">
               <folioside>Right</folioside>
               <drcr>Credit</drcr>
               <linenumber>27</linenumber>
               <div2 type="transcription">
                  <year/>
                  <month><![CDATA[Octr]]></month>
                  <day><![CDATA[&lt;29&gt;]]></day>
                  <accountname/>
                  <entry><![CDATA[<p>By weavg 1 pr Woolen Cloth</p>
]]></entry>
                  <subtotal><![CDATA[<p>33 1/2 yds @ 4d</p>
]]></subtotal>
                  <page/>
                  <symbol/>
                  <pounds/>
                  <shillings><![CDATA[11]]></shillings>
                  <pence><![CDATA[2]]></pence>
                  <dollars/>
                  <cents/>
               </div2>
               <div2 type="data">
                  <date ana="#bk_when" when="1765-10-29">1765 October 29</date>
                  <accountnamedata id="7649">McLaughlan (McClockland), John</accountnamedata>
                  <subtotal><![CDATA[<p>33 1/2 yds @ 4d</p>
]]></subtotal>
                  <page/>
                  <symbol/>
                  <amount ana="#bk_amount">
                     <measure currency="" quantity="" unit="pounds"/>
                     <measure currency="" quantity="11" unit="shillings">11</measure>
                     <measure currency="" quantity="2" unit="pence">2</measure>
                     <measure currency="" quantity="" unit="dollars"/>
                     <measure currency="" quantity="" unit="cents"/>
                  </amount>
               </div2>
            </div1>
         </row>
         <row ana="#bk_entry">
            <div1 type="transaction" xml:id="22251">
               <folioside>Right</folioside>
               <drcr>Credit</drcr>
               <linenumber>28</linenumber>
               <div2 type="transcription">
                  <year><![CDATA[1766]]></year>
                  <month><![CDATA[Jany]]></month>
                  <day><![CDATA[31]]></day>
                  <accountname/>
                  <entry><![CDATA[<p>By weavg 1 pr Do Check&#039;d Do</p>
]]></entry>
                  <subtotal><![CDATA[<p>40 1/2 yds 5d</p>
]]></subtotal>
                  <page/>
                  <symbol/>
                  <pounds/>
                  <shillings><![CDATA[16]]></shillings>
                  <pence><![CDATA[10 1/2]]></pence>
                  <dollars/>
                  <cents/>
               </div2>
               <div2 type="data">
                  <date ana="#bk_when" when="1766-01-31">1766 January 31</date>
                  <accountnamedata id="7649">McLaughlan (McClockland), John</accountnamedata>
                  <subtotal><![CDATA[<p>40 1/2 yds 5d</p>
]]></subtotal>
                  <page/>
                  <symbol/>
                  <amount ana="#bk_amount">
                     <measure currency="" quantity="" unit="pounds"/>
                     <measure currency="" quantity="16" unit="shillings">16</measure>
                     <measure currency="" quantity="10.5" unit="pence">10.5</measure>
                     <measure currency="" quantity="" unit="dollars"/>
                     <measure currency="" quantity="" unit="cents"/>
                  </amount>
               </div2>
            </div1>
         </row>
         <row ana="#bk_entry">
            <div1 type="transaction" xml:id="22252">
               <folioside>Right</folioside>
               <drcr>Credit</drcr>
               <linenumber>29</linenumber>
               <div2 type="transcription">
                  <year/>
                  <month/>
                  <day/>
                  <accountname/>
                  <entry><![CDATA[<p>[Total]</p>
]]></entry>
                  <subtotal/>
                  <page/>
                  <symbol/>
                  <pounds><![CDATA[4]]></pounds>
                  <shillings><![CDATA[14]]></shillings>
                  <pence><![CDATA[1 1/2]]></pence>
                  <dollars/>
                  <cents/>
               </div2>
               <div2 type="data">
                  <date ana="#bk_when" when="1766-01-31">1766 January 31</date>
                  <accountnamedata id="7649">McLaughlan (McClockland), John</accountnamedata>
                  <subtotal/>
                  <page/>
                  <symbol/>
                  <amount ana="#bk_amount">
                     <measure currency="" quantity="4" unit="pounds">4</measure>
                     <measure currency="" quantity="14" unit="shillings">14</measure>
                     <measure currency="" quantity="1.5" unit="pence">1.5</measure>
                     <measure currency="" quantity="" unit="dollars"/>
                     <measure currency="" quantity="" unit="cents"/>
                  </amount>
               </div2>
            </div1>
         </row>
      </transactions>
   </text>
</TEI>
