<?xml version="1.0" encoding="UTF-8"?>
<TEI>
   <teiHeader>
      <fileDesc>
         <titleStmt>
            <title type="full">
               <title type="main">Ledger A, 1750 - 1772: pg.28, Page Overview</title>
            </title>
            <author>
               <persName/>
            </author>
         </titleStmt>
         <editionStmt>
            <edition>George Washington Financial Papers Project</edition>
         </editionStmt>
         <publicationStmt>
            <publisher>The Center for Digital Editing in partnership with the Washington Papers</publisher>
         </publicationStmt>
         <sourceDesc>
            <msDesc>
               <msIdentifier>
                  <collection>George Washington Papers: Series 5</collection>
               </msIdentifier>
               <physDesc/>
               <history>
                  <origin>
                     <placeName>Library of Congress</placeName>
                  </origin>
               </history>
            </msDesc>
         </sourceDesc>
      </fileDesc>
   </teiHeader>
   <text>
      <pageoverview>
         <book>General Ledger A, 1750 - 1772 [Washington]</book>
         <pagenumber>028</pagenumber>
         <parties>
            <accountname>Cash</accountname>
            <allpeople>Alton, John; Becceller, [unknown]; Bishop, Thomas; Brinker, Henry; Carlyle, John; Craig, Alexander; Dansie, Thomas; Mercer, George; slave, Betty (William Cocks's); slave, Bridget (John Carlyle's); slave, Sam (John Carlyle's); Van Meter, Abram</allpeople>
         </parties>
         <places>Annapolis, Maryland;  Boston, Massachusetts;  Caroline Court House, Virginia;  Dansie's ordinary (King William County, Va.);  Doncastle's tavern (James City County, Va.);  Dumfries, Virginia;  King William Court House, Virginia;  New York, New York;  Potomac River;  Todd's Ordinary, Virginia (Caroline County);  Wetherburn's (Anderson's) Tavern (Williamsburg, Va.);  Winchester, Virginia</places>
         <ships/>
         <occupation-title>Baker; Nurse; Saddler; Hostler; Nun; Man Servant; Servant; Barber; Colonel; Soldier</occupation-title>
         <commodities>
            <agriculture>Fowls</agriculture>
            <food-beverage>Fish; Fowls; Veal; Greens; Butter; Milk</food-beverage>
         </commodities>
         <services>Mending, Washing</services>
         <currency>PA; VA</currency>
         <annotation/>
         <previouspage>Ledger A, 1750 - 1772: pg.27</previouspage>
         <nextpage>Ledger A, 1750 - 1772: pg.29</nextpage>
      </pageoverview>
   </text>
</TEI>
