<?xml version="1.0" encoding="UTF-8"?>
<TEI>
   <teiHeader>
      <fileDesc>
         <titleStmt>
            <title type="full">
               <title type="main">Ledger A, 1750 - 1772: pg.28</title>
            </title>
            <author>
               <persName/>
            </author>
         </titleStmt>
         <editionStmt>
            <edition>George Washington Financial Papers Project</edition>
         </editionStmt>
         <publicationStmt>
            <publisher>The Center for Digital Editing in partnership with the Washington Papers</publisher>
         </publicationStmt>
         <sourceDesc>
            <msDesc>
               <msIdentifier>
                  <collection>George Washington Papers: Series 5</collection>
               </msIdentifier>
               <physDesc/>
               <history>
                  <origin>
                     <placeName>Library of Congress</placeName>
                  </origin>
               </history>
            </msDesc>
         </sourceDesc>
      </fileDesc>
   </teiHeader>
   <text>
      <transactions>
         <row ana="#bk_entry">
            <div1 type="transaction" xml:id="29722">
               <folioside>Left</folioside>
               <drcr>Debit</drcr>
               <linenumber>1</linenumber>
               <div2 type="transcription">
                  <year/>
                  <month/>
                  <day/>
                  <accountname><![CDATA[Cash Dr
]]></accountname>
                  <entry/>
                  <subtotal/>
                  <page/>
                  <symbol/>
                  <pounds/>
                  <shillings/>
                  <pence/>
                  <dollars/>
                  <cents/>
               </div2>
               <div2 type="data">
                  <date ana="#bk_when" when=""/>
                  <accountnamedata id="11833">Cash</accountnamedata>
                  <subtotal/>
                  <page/>
                  <symbol/>
                  <amount ana="#bk_amount">
                     <measure currency="" quantity="" unit="pounds"/>
                     <measure currency="" quantity="" unit="shillings"/>
                     <measure currency="" quantity="" unit="pence"/>
                     <measure currency="" quantity="" unit="dollars"/>
                     <measure currency="" quantity="" unit="cents"/>
                  </amount>
               </div2>
            </div1>
         </row>
         <row ana="#bk_entry">
            <div1 type="transaction" xml:id="15371">
               <folioside>Left</folioside>
               <drcr>Debit</drcr>
               <linenumber>2</linenumber>
               <div2 type="transcription">
                  <year/>
                  <month/>
                  <day/>
                  <accountname/>
                  <entry><![CDATA[<p>To Sum brot forward</p>
]]></entry>
                  <subtotal/>
                  <page/>
                  <symbol>£</symbol>
                  <pounds><![CDATA[1580]]></pounds>
                  <shillings><![CDATA[8]]></shillings>
                  <pence><![CDATA[1/2]]></pence>
                  <dollars/>
                  <cents/>
               </div2>
               <div2 type="data">
                  <date ana="#bk_when" when="1756">1756</date>
                  <accountnamedata id="11833">Cash</accountnamedata>
                  <subtotal/>
                  <page/>
                  <symbol>£</symbol>
                  <amount ana="#bk_amount">
                     <measure currency="" quantity="1580" unit="pounds">1580</measure>
                     <measure currency="" quantity="8" unit="shillings">8</measure>
                     <measure currency="" quantity="1/2" unit="pence">1/2</measure>
                     <measure currency="" quantity="" unit="dollars"/>
                     <measure currency="" quantity="" unit="cents"/>
                  </amount>
               </div2>
            </div1>
         </row>
         <row ana="#bk_entry">
            <div1 type="transaction" xml:id="15372">
               <folioside>Left</folioside>
               <drcr>Debit</drcr>
               <linenumber>3</linenumber>
               <div2 type="transcription">
                  <year><![CDATA[1756]]></year>
                  <month><![CDATA[Apl]]></month>
                  <day><![CDATA[1]]></day>
                  <accountname/>
                  <entry><![CDATA[<p>To Cash of the Publick</p>
]]></entry>
                  <subtotal/>
                  <page/>
                  <symbol/>
                  <pounds><![CDATA[11]]></pounds>
                  <shillings><![CDATA[5]]></shillings>
                  <pence/>
                  <dollars/>
                  <cents/>
               </div2>
               <div2 type="data">
                  <date ana="#bk_when" when="1756-04-01">1756 April 1</date>
                  <accountnamedata id="11833">Cash</accountnamedata>
                  <subtotal/>
                  <page/>
                  <symbol/>
                  <amount ana="#bk_amount">
                     <measure currency="" quantity="11" unit="pounds">11</measure>
                     <measure currency="" quantity="5" unit="shillings">5</measure>
                     <measure currency="" quantity="" unit="pence"/>
                     <measure currency="" quantity="" unit="dollars"/>
                     <measure currency="" quantity="" unit="cents"/>
                  </amount>
               </div2>
            </div1>
         </row>
         <row ana="#bk_entry">
            <div1 type="transaction" xml:id="15373">
               <folioside>Left</folioside>
               <drcr>Debit</drcr>
               <linenumber>4</linenumber>
               <div2 type="transcription">
                  <year/>
                  <month/>
                  <day><![CDATA[17]]></day>
                  <accountname/>
                  <entry><![CDATA[<p>To Ditto won at Cards</p>
]]></entry>
                  <subtotal/>
                  <page/>
                  <symbol/>
                  <pounds/>
                  <shillings><![CDATA[7]]></shillings>
                  <pence><![CDATA[10]]></pence>
                  <dollars/>
                  <cents/>
               </div2>
               <div2 type="data">
                  <date ana="#bk_when" when="1756-04-17">1756 April 17</date>
                  <accountnamedata id="11833">Cash</accountnamedata>
                  <subtotal/>
                  <page/>
                  <symbol/>
                  <amount ana="#bk_amount">
                     <measure currency="" quantity="" unit="pounds"/>
                     <measure currency="" quantity="7" unit="shillings">7</measure>
                     <measure currency="" quantity="10" unit="pence">10</measure>
                     <measure currency="" quantity="" unit="dollars"/>
                     <measure currency="" quantity="" unit="cents"/>
                  </amount>
               </div2>
            </div1>
         </row>
         <row ana="#bk_entry">
            <div1 type="transaction" xml:id="15374">
               <folioside>Left</folioside>
               <drcr>Debit</drcr>
               <linenumber>5</linenumber>
               <div2 type="transcription">
                  <year/>
                  <month/>
                  <day><![CDATA[27]]></day>
                  <accountname/>
                  <entry><![CDATA[<p>To Ditto of the Publick</p>
]]></entry>
                  <subtotal/>
                  <page/>
                  <symbol/>
                  <pounds><![CDATA[8]]></pounds>
                  <shillings/>
                  <pence/>
                  <dollars/>
                  <cents/>
               </div2>
               <div2 type="data">
                  <date ana="#bk_when" when="1756-04-27">1756 April 27</date>
                  <accountnamedata id="11833">Cash</accountnamedata>
                  <subtotal/>
                  <page/>
                  <symbol/>
                  <amount ana="#bk_amount">
                     <measure currency="" quantity="8" unit="pounds">8</measure>
                     <measure currency="" quantity="" unit="shillings"/>
                     <measure currency="" quantity="" unit="pence"/>
                     <measure currency="" quantity="" unit="dollars"/>
                     <measure currency="" quantity="" unit="cents"/>
                  </amount>
               </div2>
            </div1>
         </row>
         <row ana="#bk_entry">
            <div1 type="transaction" xml:id="15375">
               <folioside>Left</folioside>
               <drcr>Debit</drcr>
               <linenumber>6</linenumber>
               <div2 type="transcription">
                  <year/>
                  <month/>
                  <day/>
                  <accountname/>
                  <entry><![CDATA[<p>To sum carried forward</p>
]]></entry>
                  <subtotal/>
                  <page/>
                  <symbol>£</symbol>
                  <pounds><![CDATA[1600]]></pounds>
                  <shillings/>
                  <pence><![CDATA[10 1/2]]></pence>
                  <dollars/>
                  <cents/>
               </div2>
               <div2 type="data">
                  <date ana="#bk_when" when="1756-04">1756 April</date>
                  <accountnamedata id="11833">Cash</accountnamedata>
                  <subtotal/>
                  <page/>
                  <symbol>£</symbol>
                  <amount ana="#bk_amount">
                     <measure currency="" quantity="1600" unit="pounds">1600</measure>
                     <measure currency="" quantity="" unit="shillings"/>
                     <measure currency="" quantity="10.5" unit="pence">10.5</measure>
                     <measure currency="" quantity="" unit="dollars"/>
                     <measure currency="" quantity="" unit="cents"/>
                  </amount>
               </div2>
            </div1>
         </row>
         <row ana="#bk_entry">
            <div1 type="transaction" xml:id="29723">
               <folioside>Right</folioside>
               <drcr>Credit</drcr>
               <linenumber>1</linenumber>
               <div2 type="transcription">
                  <year/>
                  <month/>
                  <day/>
                  <accountname><![CDATA[Contra Cr
]]></accountname>
                  <entry/>
                  <subtotal/>
                  <page/>
                  <symbol/>
                  <pounds/>
                  <shillings/>
                  <pence/>
                  <dollars/>
                  <cents/>
               </div2>
               <div2 type="data">
                  <date ana="#bk_when" when=""/>
                  <accountnamedata id="11833">Cash</accountnamedata>
                  <subtotal/>
                  <page/>
                  <symbol/>
                  <amount ana="#bk_amount">
                     <measure currency="" quantity="" unit="pounds"/>
                     <measure currency="" quantity="" unit="shillings"/>
                     <measure currency="" quantity="" unit="pence"/>
                     <measure currency="" quantity="" unit="dollars"/>
                     <measure currency="" quantity="" unit="cents"/>
                  </amount>
               </div2>
            </div1>
         </row>
         <row ana="#bk_entry">
            <div1 type="transaction" xml:id="21750">
               <folioside>Right</folioside>
               <drcr>Credit</drcr>
               <linenumber>2</linenumber>
               <div2 type="transcription">
                  <year><![CDATA[1756]]></year>
                  <month/>
                  <day/>
                  <accountname/>
                  <entry><![CDATA[<p>By Sum brot over</p>
]]></entry>
                  <subtotal/>
                  <page/>
                  <symbol>£</symbol>
                  <pounds><![CDATA[1295]]></pounds>
                  <shillings><![CDATA[7s]]></shillings>
                  <pence><![CDATA[9d]]></pence>
                  <dollars/>
                  <cents/>
               </div2>
               <div2 type="data">
                  <date ana="#bk_when" when="1756">1756</date>
                  <accountnamedata id="11833">Cash</accountnamedata>
                  <subtotal/>
                  <page/>
                  <symbol>£</symbol>
                  <amount ana="#bk_amount">
                     <measure currency="" quantity="1295" unit="pounds">1295</measure>
                     <measure currency="" quantity="7" unit="shillings">7</measure>
                     <measure currency="" quantity="9" unit="pence">9</measure>
                     <measure currency="" quantity="" unit="dollars"/>
                     <measure currency="" quantity="" unit="cents"/>
                  </amount>
               </div2>
            </div1>
         </row>
         <row ana="#bk_entry">
            <div1 type="transaction" xml:id="21751">
               <folioside>Right</folioside>
               <drcr>Credit</drcr>
               <linenumber>3</linenumber>
               <div2 type="transcription">
                  <year/>
                  <month/>
                  <day/>
                  <accountname/>
                  <entry><![CDATA[<p>Sundry payments made by Bishop</p>
]]></entry>
                  <subtotal/>
                  <page/>
                  <symbol/>
                  <pounds/>
                  <shillings/>
                  <pence/>
                  <dollars/>
                  <cents/>
               </div2>
               <div2 type="data">
                  <date ana="#bk_when" when="1756-02">1756 February</date>
                  <accountnamedata id="11833">Cash</accountnamedata>
                  <subtotal/>
                  <page/>
                  <symbol/>
                  <amount ana="#bk_amount">
                     <measure currency="" quantity="" unit="pounds"/>
                     <measure currency="" quantity="" unit="shillings"/>
                     <measure currency="" quantity="" unit="pence"/>
                     <measure currency="" quantity="" unit="dollars"/>
                     <measure currency="" quantity="" unit="cents"/>
                  </amount>
               </div2>
            </div1>
         </row>
         <row ana="#bk_entry">
            <div1 type="transaction" xml:id="21752">
               <folioside>Right</folioside>
               <drcr>Credit</drcr>
               <linenumber>4</linenumber>
               <div2 type="transcription">
                  <year/>
                  <month><![CDATA[Feby 10]]></month>
                  <day/>
                  <accountname/>
                  <entry><![CDATA[<p>By Cash for mending a Sword</p>
]]></entry>
                  <subtotal><![CDATA[<p>[0].3s.9d</p>
]]></subtotal>
                  <page/>
                  <symbol/>
                  <pounds/>
                  <shillings/>
                  <pence/>
                  <dollars/>
                  <cents/>
               </div2>
               <div2 type="data">
                  <date ana="#bk_when" when="1756-02-10">1756 February 10</date>
                  <accountnamedata id="11833">Cash</accountnamedata>
                  <subtotal><![CDATA[<p>[0].3s.9d</p>
]]></subtotal>
                  <page/>
                  <symbol/>
                  <amount ana="#bk_amount">
                     <measure currency="PA" quantity="" unit="pounds"/>
                     <measure currency="PA" quantity="3" unit="shillings">3</measure>
                     <measure currency="PA" quantity="9" unit="pence">9</measure>
                     <measure currency="PA" quantity="" unit="dollars"/>
                     <measure currency="PA" quantity="" unit="cents"/>
                  </amount>
               </div2>
            </div1>
         </row>
         <row ana="#bk_entry">
            <div1 type="transaction" xml:id="21753">
               <folioside>Right</folioside>
               <drcr>Credit</drcr>
               <linenumber>5</linenumber>
               <div2 type="transcription">
                  <year/>
                  <month/>
                  <day/>
                  <accountname/>
                  <entry><![CDATA[<p>for Ribon</p>
]]></entry>
                  <subtotal><![CDATA[<p>[0].[0].2</p>
]]></subtotal>
                  <page/>
                  <symbol/>
                  <pounds/>
                  <shillings/>
                  <pence/>
                  <dollars/>
                  <cents/>
               </div2>
               <div2 type="data">
                  <date ana="#bk_when" when="1756-02-10 to 1756-03-14">1756 February 10 to 1756 March 14</date>
                  <accountnamedata id="11833">Cash</accountnamedata>
                  <subtotal><![CDATA[<p>[0].[0].2</p>
]]></subtotal>
                  <page/>
                  <symbol/>
                  <amount ana="#bk_amount">
                     <measure currency="PA" quantity="" unit="pounds"/>
                     <measure currency="PA" quantity="" unit="shillings"/>
                     <measure currency="PA" quantity="2" unit="pence">2</measure>
                     <measure currency="PA" quantity="" unit="dollars"/>
                     <measure currency="PA" quantity="" unit="cents"/>
                  </amount>
               </div2>
            </div1>
         </row>
         <row ana="#bk_entry">
            <div1 type="transaction" xml:id="21754">
               <folioside>Right</folioside>
               <drcr>Credit</drcr>
               <linenumber>6</linenumber>
               <div2 type="transcription">
                  <year/>
                  <month/>
                  <day/>
                  <accountname/>
                  <entry><![CDATA[<p>Cards</p>
]]></entry>
                  <subtotal><![CDATA[<p>[0].1.[0]</p>
]]></subtotal>
                  <page/>
                  <symbol/>
                  <pounds/>
                  <shillings/>
                  <pence/>
                  <dollars/>
                  <cents/>
               </div2>
               <div2 type="data">
                  <date ana="#bk_when" when="1756-02-10 to 1756-03-14">1756 February 10 to 1756 March 14</date>
                  <accountnamedata id="11833">Cash</accountnamedata>
                  <subtotal><![CDATA[<p>[0].1.[0]</p>
]]></subtotal>
                  <page/>
                  <symbol/>
                  <amount ana="#bk_amount">
                     <measure currency="PA" quantity="" unit="pounds"/>
                     <measure currency="PA" quantity="1" unit="shillings">1</measure>
                     <measure currency="PA" quantity="" unit="pence"/>
                     <measure currency="PA" quantity="" unit="dollars"/>
                     <measure currency="PA" quantity="" unit="cents"/>
                  </amount>
               </div2>
            </div1>
         </row>
         <row ana="#bk_entry">
            <div1 type="transaction" xml:id="21755">
               <folioside>Right</folioside>
               <drcr>Credit</drcr>
               <linenumber>7</linenumber>
               <div2 type="transcription">
                  <year/>
                  <month/>
                  <day><![CDATA[to]]></day>
                  <accountname/>
                  <entry><![CDATA[<p>Cockades</p>
]]></entry>
                  <subtotal><![CDATA[<p>[0].3.[0] } Pensylva.</p>
]]></subtotal>
                  <page/>
                  <symbol/>
                  <pounds/>
                  <shillings/>
                  <pence/>
                  <dollars/>
                  <cents/>
               </div2>
               <div2 type="data">
                  <date ana="#bk_when" when="1756-02-10 to 1756-03-14">1756 February 10 to 1756 March 14</date>
                  <accountnamedata id="11833">Cash</accountnamedata>
                  <subtotal><![CDATA[<p>[0].3.[0] } Pensylva.</p>
]]></subtotal>
                  <page/>
                  <symbol/>
                  <amount ana="#bk_amount">
                     <measure currency="PA" quantity="" unit="pounds"/>
                     <measure currency="PA" quantity="3" unit="shillings">3</measure>
                     <measure currency="PA" quantity="" unit="pence"/>
                     <measure currency="PA" quantity="" unit="dollars"/>
                     <measure currency="PA" quantity="" unit="cents"/>
                  </amount>
               </div2>
            </div1>
         </row>
         <row ana="#bk_entry">
            <div1 type="transaction" xml:id="21756">
               <folioside>Right</folioside>
               <drcr>Credit</drcr>
               <linenumber>8</linenumber>
               <div2 type="transcription">
                  <year/>
                  <month/>
                  <day/>
                  <accountname/>
                  <entry><![CDATA[<p>Breeches Buckle</p>
]]></entry>
                  <subtotal><![CDATA[<p>[0].1.4</p>
]]></subtotal>
                  <page/>
                  <symbol/>
                  <pounds/>
                  <shillings/>
                  <pence/>
                  <dollars/>
                  <cents/>
               </div2>
               <div2 type="data">
                  <date ana="#bk_when" when="1756-02-10 to 1756-03-14">1756 February 10 to 1756 March 14</date>
                  <accountnamedata id="11833">Cash</accountnamedata>
                  <subtotal><![CDATA[<p>[0].1.4</p>
]]></subtotal>
                  <page/>
                  <symbol/>
                  <amount ana="#bk_amount">
                     <measure currency="PA" quantity="" unit="pounds"/>
                     <measure currency="PA" quantity="1" unit="shillings">1</measure>
                     <measure currency="PA" quantity="4" unit="pence">4</measure>
                     <measure currency="PA" quantity="" unit="dollars"/>
                     <measure currency="PA" quantity="" unit="cents"/>
                  </amount>
               </div2>
            </div1>
         </row>
         <row ana="#bk_entry">
            <div1 type="transaction" xml:id="21757">
               <folioside>Right</folioside>
               <drcr>Credit</drcr>
               <linenumber>9</linenumber>
               <div2 type="transcription">
                  <year/>
                  <month/>
                  <day/>
                  <accountname/>
                  <entry/>
                  <subtotal><![CDATA[<p>[0].9.2 in Virga Cury is</p>
]]></subtotal>
                  <page/>
                  <symbol/>
                  <pounds/>
                  <shillings><![CDATA[7]]></shillings>
                  <pence><![CDATA[4]]></pence>
                  <dollars/>
                  <cents/>
               </div2>
               <div2 type="data">
                  <date ana="#bk_when" when="1756-02-10 to 1756-03-14">1756 February 10 to 1756 March 14</date>
                  <accountnamedata id="11833">Cash</accountnamedata>
                  <subtotal><![CDATA[<p>[0].9.2 in Virga Cury is</p>
]]></subtotal>
                  <page/>
                  <symbol/>
                  <amount ana="#bk_amount">
                     <measure currency="PA, VA" quantity="" unit="pounds"/>
                     <measure currency="PA, VA" quantity="7" unit="shillings">7</measure>
                     <measure currency="PA, VA" quantity="4" unit="pence">4</measure>
                     <measure currency="PA, VA" quantity="" unit="dollars"/>
                     <measure currency="PA, VA" quantity="" unit="cents"/>
                  </amount>
               </div2>
            </div1>
         </row>
         <row ana="#bk_entry">
            <div1 type="transaction" xml:id="21758">
               <folioside>Right</folioside>
               <drcr>Credit</drcr>
               <linenumber>10</linenumber>
               <div2 type="transcription">
                  <year/>
                  <month><![CDATA[Mar.]]></month>
                  <day><![CDATA[14]]></day>
                  <accountname/>
                  <entry><![CDATA[<p>By Sundry other payments at New York &amp;ca amg to</p>
]]></entry>
                  <subtotal/>
                  <page/>
                  <symbol/>
                  <pounds><![CDATA[4]]></pounds>
                  <shillings><![CDATA[12]]></shillings>
                  <pence><![CDATA[4]]></pence>
                  <dollars/>
                  <cents/>
               </div2>
               <div2 type="data">
                  <date ana="#bk_when" when="1756-03-14">1756 March 14</date>
                  <accountnamedata id="11833">Cash</accountnamedata>
                  <subtotal/>
                  <page/>
                  <symbol/>
                  <amount ana="#bk_amount">
                     <measure currency="" quantity="4" unit="pounds">4</measure>
                     <measure currency="" quantity="12" unit="shillings">12</measure>
                     <measure currency="" quantity="4" unit="pence">4</measure>
                     <measure currency="" quantity="" unit="dollars"/>
                     <measure currency="" quantity="" unit="cents"/>
                  </amount>
               </div2>
            </div1>
         </row>
         <row ana="#bk_entry">
            <div1 type="transaction" xml:id="21759">
               <folioside>Right</folioside>
               <drcr>Credit</drcr>
               <linenumber>12</linenumber>
               <div2 type="transcription">
                  <year/>
                  <month/>
                  <day><![CDATA[25]]></day>
                  <accountname/>
                  <entry><![CDATA[<p>By Cash to my Nurse</p>
]]></entry>
                  <subtotal/>
                  <page/>
                  <symbol/>
                  <pounds><![CDATA[1]]></pounds>
                  <shillings/>
                  <pence/>
                  <dollars/>
                  <cents/>
               </div2>
               <div2 type="data">
                  <date ana="#bk_when" when="1756-03-25">1756 March 25</date>
                  <accountnamedata id="11833">Cash</accountnamedata>
                  <subtotal/>
                  <page/>
                  <symbol/>
                  <amount ana="#bk_amount">
                     <measure currency="" quantity="1" unit="pounds">1</measure>
                     <measure currency="" quantity="" unit="shillings"/>
                     <measure currency="" quantity="" unit="pence"/>
                     <measure currency="" quantity="" unit="dollars"/>
                     <measure currency="" quantity="" unit="cents"/>
                  </amount>
               </div2>
            </div1>
         </row>
         <row ana="#bk_entry">
            <div1 type="transaction" xml:id="21760">
               <folioside>Right</folioside>
               <drcr>Credit</drcr>
               <linenumber>13</linenumber>
               <div2 type="transcription">
                  <year/>
                  <month/>
                  <day/>
                  <accountname/>
                  <entry><![CDATA[<p>By Ditto Expences at Dumfries</p>
]]></entry>
                  <subtotal/>
                  <page/>
                  <symbol/>
                  <pounds/>
                  <shillings><![CDATA[1]]></shillings>
                  <pence><![CDATA[6]]></pence>
                  <dollars/>
                  <cents/>
               </div2>
               <div2 type="data">
                  <date ana="#bk_when" when="1756-03-25">1756 March 25</date>
                  <accountnamedata id="11833">Cash</accountnamedata>
                  <subtotal/>
                  <page/>
                  <symbol/>
                  <amount ana="#bk_amount">
                     <measure currency="" quantity="" unit="pounds"/>
                     <measure currency="" quantity="1" unit="shillings">1</measure>
                     <measure currency="" quantity="6" unit="pence">6</measure>
                     <measure currency="" quantity="" unit="dollars"/>
                     <measure currency="" quantity="" unit="cents"/>
                  </amount>
               </div2>
            </div1>
         </row>
         <row ana="#bk_entry">
            <div1 type="transaction" xml:id="21761">
               <folioside>Right</folioside>
               <drcr>Credit</drcr>
               <linenumber>14</linenumber>
               <div2 type="transcription">
                  <year/>
                  <month/>
                  <day><![CDATA[26]]></day>
                  <accountname/>
                  <entry><![CDATA[<p>By Ditto pd for making Shirts for John Alton</p>
]]></entry>
                  <subtotal/>
                  <page/>
                  <symbol/>
                  <pounds/>
                  <shillings><![CDATA[4]]></shillings>
                  <pence/>
                  <dollars/>
                  <cents/>
               </div2>
               <div2 type="data">
                  <date ana="#bk_when" when="1756-03-26">1756 March 26</date>
                  <accountnamedata id="11833">Cash</accountnamedata>
                  <subtotal/>
                  <page/>
                  <symbol/>
                  <amount ana="#bk_amount">
                     <measure currency="" quantity="" unit="pounds"/>
                     <measure currency="" quantity="4" unit="shillings">4</measure>
                     <measure currency="" quantity="" unit="pence"/>
                     <measure currency="" quantity="" unit="dollars"/>
                     <measure currency="" quantity="" unit="cents"/>
                  </amount>
               </div2>
            </div1>
         </row>
         <row ana="#bk_entry">
            <div1 type="transaction" xml:id="21762">
               <folioside>Right</folioside>
               <drcr>Credit</drcr>
               <linenumber>15</linenumber>
               <div2 type="transcription">
                  <year/>
                  <month/>
                  <day><![CDATA[27]]></day>
                  <accountname/>
                  <entry><![CDATA[<p>By Exps. at Caroline Ct House 5/2 <sup>1</sup>/<sub>2</sub> Ditto at Todds 10/</p>
]]></entry>
                  <subtotal/>
                  <page/>
                  <symbol/>
                  <pounds/>
                  <shillings><![CDATA[15]]></shillings>
                  <pence><![CDATA[2 1/2]]></pence>
                  <dollars/>
                  <cents/>
               </div2>
               <div2 type="data">
                  <date ana="#bk_when" when="1756-03-27">1756 March 27</date>
                  <accountnamedata id="11833">Cash</accountnamedata>
                  <subtotal/>
                  <page/>
                  <symbol/>
                  <amount ana="#bk_amount">
                     <measure currency="" quantity="" unit="pounds"/>
                     <measure currency="" quantity="15" unit="shillings">15</measure>
                     <measure currency="" quantity="2.5" unit="pence">2.5</measure>
                     <measure currency="" quantity="" unit="dollars"/>
                     <measure currency="" quantity="" unit="cents"/>
                  </amount>
               </div2>
            </div1>
         </row>
         <row ana="#bk_entry">
            <div1 type="transaction" xml:id="21763">
               <folioside>Right</folioside>
               <drcr>Credit</drcr>
               <linenumber>16</linenumber>
               <div2 type="transcription">
                  <year/>
                  <month/>
                  <day><![CDATA[28]]></day>
                  <accountname/>
                  <entry><![CDATA[<p>By Ditto at King Wm Ct House 10/. Spotswoods Chacka 13/3</p>
]]></entry>
                  <subtotal/>
                  <page/>
                  <symbol/>
                  <pounds><![CDATA[1]]></pounds>
                  <shillings><![CDATA[3]]></shillings>
                  <pence><![CDATA[3]]></pence>
                  <dollars/>
                  <cents/>
               </div2>
               <div2 type="data">
                  <date ana="#bk_when" when="1756-03-28">1756 March 28</date>
                  <accountnamedata id="11833">Cash</accountnamedata>
                  <subtotal/>
                  <page/>
                  <symbol/>
                  <amount ana="#bk_amount">
                     <measure currency="" quantity="1" unit="pounds">1</measure>
                     <measure currency="" quantity="3" unit="shillings">3</measure>
                     <measure currency="" quantity="3" unit="pence">3</measure>
                     <measure currency="" quantity="" unit="dollars"/>
                     <measure currency="" quantity="" unit="cents"/>
                  </amount>
               </div2>
            </div1>
         </row>
         <row ana="#bk_entry">
            <div1 type="transaction" xml:id="21764">
               <folioside>Right</folioside>
               <drcr>Credit</drcr>
               <linenumber>17</linenumber>
               <div2 type="transcription">
                  <year/>
                  <month/>
                  <day/>
                  <accountname/>
                  <entry><![CDATA[<p>By the Hostler at Doncastles 1/10 <sup>1</sup>/<sub>2</sub></p>
]]></entry>
                  <subtotal/>
                  <page/>
                  <symbol/>
                  <pounds/>
                  <shillings><![CDATA[1]]></shillings>
                  <pence><![CDATA[10 1/2]]></pence>
                  <dollars/>
                  <cents/>
               </div2>
               <div2 type="data">
                  <date ana="#bk_when" when="1756-03-28">1756 March 28</date>
                  <accountnamedata id="11833">Cash</accountnamedata>
                  <subtotal/>
                  <page/>
                  <symbol/>
                  <amount ana="#bk_amount">
                     <measure currency="" quantity="" unit="pounds"/>
                     <measure currency="" quantity="1" unit="shillings">1</measure>
                     <measure currency="" quantity="10.5" unit="pence">10.5</measure>
                     <measure currency="" quantity="" unit="dollars"/>
                     <measure currency="" quantity="" unit="cents"/>
                  </amount>
               </div2>
            </div1>
         </row>
         <row ana="#bk_entry">
            <div1 type="transaction" xml:id="21765">
               <folioside>Right</folioside>
               <drcr>Credit</drcr>
               <linenumber>18</linenumber>
               <div2 type="transcription">
                  <year/>
                  <month/>
                  <day><![CDATA[30]]></day>
                  <accountname/>
                  <entry><![CDATA[<p>By Cash to John Alton 10/10 Exps. at Doncastles 3/6</p>
]]></entry>
                  <subtotal/>
                  <page/>
                  <symbol/>
                  <pounds/>
                  <shillings><![CDATA[14]]></shillings>
                  <pence><![CDATA[4]]></pence>
                  <dollars/>
                  <cents/>
               </div2>
               <div2 type="data">
                  <date ana="#bk_when" when="1756-03-30">1756 March 30</date>
                  <accountnamedata id="11833">Cash</accountnamedata>
                  <subtotal/>
                  <page/>
                  <symbol/>
                  <amount ana="#bk_amount">
                     <measure currency="" quantity="" unit="pounds"/>
                     <measure currency="" quantity="14" unit="shillings">14</measure>
                     <measure currency="" quantity="4" unit="pence">4</measure>
                     <measure currency="" quantity="" unit="dollars"/>
                     <measure currency="" quantity="" unit="cents"/>
                  </amount>
               </div2>
            </div1>
         </row>
         <row ana="#bk_entry">
            <div1 type="transaction" xml:id="21766">
               <folioside>Right</folioside>
               <drcr>Credit</drcr>
               <linenumber>19</linenumber>
               <div2 type="transcription">
                  <year/>
                  <month/>
                  <day/>
                  <accountname/>
                  <entry><![CDATA[<p>By Exps. at Weatherburns 2/6 Barber 3/1<sup>1</sup>/<sub>2</sub></p>
]]></entry>
                  <subtotal/>
                  <page/>
                  <symbol/>
                  <pounds/>
                  <shillings><![CDATA[5]]></shillings>
                  <pence><![CDATA[7 1/2]]></pence>
                  <dollars/>
                  <cents/>
               </div2>
               <div2 type="data">
                  <date ana="#bk_when" when="1756-03-30">1756 March 30</date>
                  <accountnamedata id="11833">Cash</accountnamedata>
                  <subtotal/>
                  <page/>
                  <symbol/>
                  <amount ana="#bk_amount">
                     <measure currency="" quantity="" unit="pounds"/>
                     <measure currency="" quantity="5" unit="shillings">5</measure>
                     <measure currency="" quantity="7.5" unit="pence">7.5</measure>
                     <measure currency="" quantity="" unit="dollars"/>
                     <measure currency="" quantity="" unit="cents"/>
                  </amount>
               </div2>
            </div1>
         </row>
         <row ana="#bk_entry">
            <div1 type="transaction" xml:id="21767">
               <folioside>Right</folioside>
               <drcr>Credit</drcr>
               <linenumber>20</linenumber>
               <div2 type="transcription">
                  <year/>
                  <month><![CDATA[Apl]]></month>
                  <day><![CDATA[1]]></day>
                  <accountname/>
                  <entry><![CDATA[<p>By cleaning my Pistols 3/9. Craik Sadlers acct 21/6</p>
]]></entry>
                  <subtotal/>
                  <page/>
                  <symbol/>
                  <pounds><![CDATA[1]]></pounds>
                  <shillings><![CDATA[5]]></shillings>
                  <pence><![CDATA[3]]></pence>
                  <dollars/>
                  <cents/>
               </div2>
               <div2 type="data">
                  <date ana="#bk_when" when="1756-04-01">1756 April 1</date>
                  <accountnamedata id="11833">Cash</accountnamedata>
                  <subtotal/>
                  <page/>
                  <symbol/>
                  <amount ana="#bk_amount">
                     <measure currency="" quantity="1" unit="pounds">1</measure>
                     <measure currency="" quantity="5" unit="shillings">5</measure>
                     <measure currency="" quantity="3" unit="pence">3</measure>
                     <measure currency="" quantity="" unit="dollars"/>
                     <measure currency="" quantity="" unit="cents"/>
                  </amount>
               </div2>
            </div1>
         </row>
         <row ana="#bk_entry">
            <div1 type="transaction" xml:id="21768">
               <folioside>Right</folioside>
               <drcr>Credit</drcr>
               <linenumber>21</linenumber>
               <div2 type="transcription">
                  <year/>
                  <month/>
                  <day/>
                  <accountname/>
                  <entry><![CDATA[<p>By Washing 7/. Barber 2/6. Exps. at Weatherbn 25/10</p>
]]></entry>
                  <subtotal/>
                  <page/>
                  <symbol/>
                  <pounds><![CDATA[1]]></pounds>
                  <shillings><![CDATA[15]]></shillings>
                  <pence><![CDATA[4]]></pence>
                  <dollars/>
                  <cents/>
               </div2>
               <div2 type="data">
                  <date ana="#bk_when" when="1756-04-01">1756 April 1</date>
                  <accountnamedata id="11833">Cash</accountnamedata>
                  <subtotal/>
                  <page/>
                  <symbol/>
                  <amount ana="#bk_amount">
                     <measure currency="" quantity="1" unit="pounds">1</measure>
                     <measure currency="" quantity="15" unit="shillings">15</measure>
                     <measure currency="" quantity="4" unit="pence">4</measure>
                     <measure currency="" quantity="" unit="dollars"/>
                     <measure currency="" quantity="" unit="cents"/>
                  </amount>
               </div2>
            </div1>
         </row>
         <row ana="#bk_entry">
            <div1 type="transaction" xml:id="21769">
               <folioside>Right</folioside>
               <drcr>Credit</drcr>
               <linenumber>22</linenumber>
               <div2 type="transcription">
                  <year/>
                  <month/>
                  <day><![CDATA[2]]></day>
                  <accountname/>
                  <entry><![CDATA[<p>By given away 2/6. Expens. at Danzies 43/.</p>
]]></entry>
                  <subtotal/>
                  <page/>
                  <symbol/>
                  <pounds><![CDATA[2]]></pounds>
                  <shillings><![CDATA[5]]></shillings>
                  <pence><![CDATA[6]]></pence>
                  <dollars/>
                  <cents/>
               </div2>
               <div2 type="data">
                  <date ana="#bk_when" when="1756-04-02">1756 April 2</date>
                  <accountnamedata id="11833">Cash</accountnamedata>
                  <subtotal/>
                  <page/>
                  <symbol/>
                  <amount ana="#bk_amount">
                     <measure currency="" quantity="2" unit="pounds">2</measure>
                     <measure currency="" quantity="5" unit="shillings">5</measure>
                     <measure currency="" quantity="6" unit="pence">6</measure>
                     <measure currency="" quantity="" unit="dollars"/>
                     <measure currency="" quantity="" unit="cents"/>
                  </amount>
               </div2>
            </div1>
         </row>
         <row ana="#bk_entry">
            <div1 type="transaction" xml:id="21770">
               <folioside>Right</folioside>
               <drcr>Credit</drcr>
               <linenumber>23</linenumber>
               <div2 type="transcription">
                  <year/>
                  <month/>
                  <day/>
                  <accountname/>
                  <entry><![CDATA[<p>By Exps. at Todds 2/6. gave Danzies Servts 3/9. Fert P 5/.</p>
]]></entry>
                  <subtotal/>
                  <page/>
                  <symbol/>
                  <pounds/>
                  <shillings><![CDATA[11]]></shillings>
                  <pence><![CDATA[3]]></pence>
                  <dollars/>
                  <cents/>
               </div2>
               <div2 type="data">
                  <date ana="#bk_when" when="1756-04-02">1756 April 2</date>
                  <accountnamedata id="11833">Cash</accountnamedata>
                  <subtotal/>
                  <page/>
                  <symbol/>
                  <amount ana="#bk_amount">
                     <measure currency="" quantity="" unit="pounds"/>
                     <measure currency="" quantity="11" unit="shillings">11</measure>
                     <measure currency="" quantity="3" unit="pence">3</measure>
                     <measure currency="" quantity="" unit="dollars"/>
                     <measure currency="" quantity="" unit="cents"/>
                  </amount>
               </div2>
            </div1>
         </row>
         <row ana="#bk_entry">
            <div1 type="transaction" xml:id="21771">
               <folioside>Right</folioside>
               <drcr>Credit</drcr>
               <linenumber>24</linenumber>
               <div2 type="transcription">
                  <year/>
                  <month/>
                  <day/>
                  <accountname/>
                  <entry><![CDATA[<p>By Horse hire &amp; crossing Potomack</p>
]]></entry>
                  <subtotal/>
                  <page/>
                  <symbol/>
                  <pounds/>
                  <shillings><![CDATA[15]]></shillings>
                  <pence/>
                  <dollars/>
                  <cents/>
               </div2>
               <div2 type="data">
                  <date ana="#bk_when" when="1756-04-02">1756 April 2</date>
                  <accountnamedata id="11833">Cash</accountnamedata>
                  <subtotal/>
                  <page/>
                  <symbol/>
                  <amount ana="#bk_amount">
                     <measure currency="" quantity="" unit="pounds"/>
                     <measure currency="" quantity="15" unit="shillings">15</measure>
                     <measure currency="" quantity="" unit="pence"/>
                     <measure currency="" quantity="" unit="dollars"/>
                     <measure currency="" quantity="" unit="cents"/>
                  </amount>
               </div2>
            </div1>
         </row>
         <row ana="#bk_entry">
            <div1 type="transaction" xml:id="21772">
               <folioside>Right</folioside>
               <drcr>Credit</drcr>
               <linenumber>25</linenumber>
               <div2 type="transcription">
                  <year/>
                  <month/>
                  <day><![CDATA[6]]></day>
                  <accountname/>
                  <entry><![CDATA[<p>By Postage of a Letter from Boston</p>
]]></entry>
                  <subtotal/>
                  <page/>
                  <symbol/>
                  <pounds/>
                  <shillings><![CDATA[7]]></shillings>
                  <pence/>
                  <dollars/>
                  <cents/>
               </div2>
               <div2 type="data">
                  <date ana="#bk_when" when="1756-04-06">1756 April 6</date>
                  <accountnamedata id="11833">Cash</accountnamedata>
                  <subtotal/>
                  <page/>
                  <symbol/>
                  <amount ana="#bk_amount">
                     <measure currency="" quantity="" unit="pounds"/>
                     <measure currency="" quantity="7" unit="shillings">7</measure>
                     <measure currency="" quantity="" unit="pence"/>
                     <measure currency="" quantity="" unit="dollars"/>
                     <measure currency="" quantity="" unit="cents"/>
                  </amount>
               </div2>
            </div1>
         </row>
         <row ana="#bk_entry">
            <div1 type="transaction" xml:id="21773">
               <folioside>Right</folioside>
               <drcr>Credit</drcr>
               <linenumber>26</linenumber>
               <div2 type="transcription">
                  <year/>
                  <month/>
                  <day/>
                  <accountname/>
                  <entry><![CDATA[<p>By John Alton's Exps. to Annapolis</p>
]]></entry>
                  <subtotal/>
                  <page/>
                  <symbol/>
                  <pounds/>
                  <shillings><![CDATA[3]]></shillings>
                  <pence/>
                  <dollars/>
                  <cents/>
               </div2>
               <div2 type="data">
                  <date ana="#bk_when" when="1756-04-06">1756 April 6</date>
                  <accountnamedata id="11833">Cash</accountnamedata>
                  <subtotal/>
                  <page/>
                  <symbol/>
                  <amount ana="#bk_amount">
                     <measure currency="" quantity="" unit="pounds"/>
                     <measure currency="" quantity="3" unit="shillings">3</measure>
                     <measure currency="" quantity="" unit="pence"/>
                     <measure currency="" quantity="" unit="dollars"/>
                     <measure currency="" quantity="" unit="cents"/>
                  </amount>
               </div2>
            </div1>
         </row>
         <row ana="#bk_entry">
            <div1 type="transaction" xml:id="21774">
               <folioside>Right</folioside>
               <drcr>Credit</drcr>
               <linenumber>27</linenumber>
               <div2 type="transcription">
                  <year/>
                  <month/>
                  <day/>
                  <accountname/>
                  <entry><![CDATA[<p>By Colo. Carlyles Sam 3/9 Bridget 5/</p>
]]></entry>
                  <subtotal/>
                  <page/>
                  <symbol/>
                  <pounds/>
                  <shillings><![CDATA[8]]></shillings>
                  <pence><![CDATA[9]]></pence>
                  <dollars/>
                  <cents/>
               </div2>
               <div2 type="data">
                  <date ana="#bk_when" when="1756-04-06">1756 April 6</date>
                  <accountnamedata id="11833">Cash</accountnamedata>
                  <subtotal/>
                  <page/>
                  <symbol/>
                  <amount ana="#bk_amount">
                     <measure currency="" quantity="" unit="pounds"/>
                     <measure currency="" quantity="8" unit="shillings">8</measure>
                     <measure currency="" quantity="9" unit="pence">9</measure>
                     <measure currency="" quantity="" unit="dollars"/>
                     <measure currency="" quantity="" unit="cents"/>
                  </amount>
               </div2>
            </div1>
         </row>
         <row ana="#bk_entry">
            <div1 type="transaction" xml:id="21775">
               <folioside>Right</folioside>
               <drcr>Credit</drcr>
               <linenumber>28</linenumber>
               <div2 type="transcription">
                  <year/>
                  <month/>
                  <day/>
                  <accountname/>
                  <entry><![CDATA[<p>By Doctr Beculler 10/. lent Captn Mercer for Do 10/</p>
]]></entry>
                  <subtotal/>
                  <page/>
                  <symbol/>
                  <pounds><![CDATA[1]]></pounds>
                  <shillings/>
                  <pence/>
                  <dollars/>
                  <cents/>
               </div2>
               <div2 type="data">
                  <date ana="#bk_when" when="1756-04-06">1756 April 6</date>
                  <accountnamedata id="11833">Cash</accountnamedata>
                  <subtotal/>
                  <page/>
                  <symbol/>
                  <amount ana="#bk_amount">
                     <measure currency="" quantity="1" unit="pounds">1</measure>
                     <measure currency="" quantity="" unit="shillings"/>
                     <measure currency="" quantity="" unit="pence"/>
                     <measure currency="" quantity="" unit="dollars"/>
                     <measure currency="" quantity="" unit="cents"/>
                  </amount>
               </div2>
            </div1>
         </row>
         <row ana="#bk_entry">
            <div1 type="transaction" xml:id="21776">
               <folioside>Right</folioside>
               <drcr>Credit</drcr>
               <linenumber>29</linenumber>
               <div2 type="transcription">
                  <year/>
                  <month/>
                  <day/>
                  <accountname/>
                  <entry><![CDATA[<p>Sundries pd by Bishop at Winchester</p>
]]></entry>
                  <subtotal/>
                  <page/>
                  <symbol/>
                  <pounds/>
                  <shillings/>
                  <pence/>
                  <dollars/>
                  <cents/>
               </div2>
               <div2 type="data">
                  <date ana="#bk_when" when="1756-04-06">1756 April 6</date>
                  <accountnamedata id="11833">Cash</accountnamedata>
                  <subtotal/>
                  <page/>
                  <symbol/>
                  <amount ana="#bk_amount">
                     <measure currency="" quantity="" unit="pounds"/>
                     <measure currency="" quantity="" unit="shillings"/>
                     <measure currency="" quantity="" unit="pence"/>
                     <measure currency="" quantity="" unit="dollars"/>
                     <measure currency="" quantity="" unit="cents"/>
                  </amount>
               </div2>
            </div1>
         </row>
         <row ana="#bk_entry">
            <div1 type="transaction" xml:id="21777">
               <folioside>Right</folioside>
               <drcr>Credit</drcr>
               <linenumber>30</linenumber>
               <div2 type="transcription">
                  <year/>
                  <month/>
                  <day/>
                  <accountname/>
                  <entry><![CDATA[<p>By Washing 21/. Ruttling &amp; Mendg 3 Shirts 8/6</p>
]]></entry>
                  <subtotal/>
                  <page/>
                  <symbol/>
                  <pounds><![CDATA[1]]></pounds>
                  <shillings><![CDATA[9]]></shillings>
                  <pence><![CDATA[6]]></pence>
                  <dollars/>
                  <cents/>
               </div2>
               <div2 type="data">
                  <date ana="#bk_when" when="1756-04-06">1756 April 6</date>
                  <accountnamedata id="11833">Cash</accountnamedata>
                  <subtotal/>
                  <page/>
                  <symbol/>
                  <amount ana="#bk_amount">
                     <measure currency="" quantity="1" unit="pounds">1</measure>
                     <measure currency="" quantity="9" unit="shillings">9</measure>
                     <measure currency="" quantity="6" unit="pence">6</measure>
                     <measure currency="" quantity="" unit="dollars"/>
                     <measure currency="" quantity="" unit="cents"/>
                  </amount>
               </div2>
            </div1>
         </row>
         <row ana="#bk_entry">
            <div1 type="transaction" xml:id="21778">
               <folioside>Right</folioside>
               <drcr>Credit</drcr>
               <linenumber>31</linenumber>
               <div2 type="transcription">
                  <year/>
                  <month/>
                  <day><![CDATA[8]]></day>
                  <accountname/>
                  <entry><![CDATA[<p>Brinkers Acct 21/3 Bitters 7d<sup>1</sup>/<sub>2</sub> Fowls 1/.</p>
]]></entry>
                  <subtotal/>
                  <page/>
                  <symbol/>
                  <pounds><![CDATA[1]]></pounds>
                  <shillings><![CDATA[2]]></shillings>
                  <pence><![CDATA[10 1/2]]></pence>
                  <dollars/>
                  <cents/>
               </div2>
               <div2 type="data">
                  <date ana="#bk_when" when="1756-04-08">1756 April 8</date>
                  <accountnamedata id="11833">Cash</accountnamedata>
                  <subtotal/>
                  <page/>
                  <symbol/>
                  <amount ana="#bk_amount">
                     <measure currency="" quantity="1" unit="pounds">1</measure>
                     <measure currency="" quantity="2" unit="shillings">2</measure>
                     <measure currency="" quantity="10.5" unit="pence">10.5</measure>
                     <measure currency="" quantity="" unit="dollars"/>
                     <measure currency="" quantity="" unit="cents"/>
                  </amount>
               </div2>
            </div1>
         </row>
         <row ana="#bk_entry">
            <div1 type="transaction" xml:id="21779">
               <folioside>Right</folioside>
               <drcr>Credit</drcr>
               <linenumber>32</linenumber>
               <div2 type="transcription">
                  <year/>
                  <month/>
                  <day><![CDATA[12]]></day>
                  <accountname/>
                  <entry><![CDATA[<p>Greens 3d/<sup>3</sup>/<sub>4</sub> Bitters 7d <sup>1</sup>/<sub>2</sub> Greens 3d <sup>3</sup>/<sub>4</sub> Butter 7 <sup>1</sup>/<sub>2</sub></p>
]]></entry>
                  <subtotal/>
                  <page/>
                  <symbol/>
                  <pounds/>
                  <shillings><![CDATA[1]]></shillings>
                  <pence><![CDATA[10 1/2]]></pence>
                  <dollars/>
                  <cents/>
               </div2>
               <div2 type="data">
                  <date ana="#bk_when" when="1756-04-12">1756 April 12</date>
                  <accountnamedata id="11833">Cash</accountnamedata>
                  <subtotal/>
                  <page/>
                  <symbol/>
                  <amount ana="#bk_amount">
                     <measure currency="" quantity="" unit="pounds"/>
                     <measure currency="" quantity="1" unit="shillings">1</measure>
                     <measure currency="" quantity="10.5" unit="pence">10.5</measure>
                     <measure currency="" quantity="" unit="dollars"/>
                     <measure currency="" quantity="" unit="cents"/>
                  </amount>
               </div2>
            </div1>
         </row>
         <row ana="#bk_entry">
            <div1 type="transaction" xml:id="21780">
               <folioside>Right</folioside>
               <drcr>Credit</drcr>
               <linenumber>33</linenumber>
               <div2 type="transcription">
                  <year/>
                  <month/>
                  <day><![CDATA[13]]></day>
                  <accountname/>
                  <entry><![CDATA[<p>Veal 2/6. Fowls 1/. Washing 1/9. Butter 7d <sup>1</sup>/<sub>2</sub></p>
]]></entry>
                  <subtotal/>
                  <page/>
                  <symbol/>
                  <pounds/>
                  <shillings><![CDATA[5]]></shillings>
                  <pence><![CDATA[10 1/2]]></pence>
                  <dollars/>
                  <cents/>
               </div2>
               <div2 type="data">
                  <date ana="#bk_when" when="1756-04-13">1756 April 13</date>
                  <accountnamedata id="11833">Cash</accountnamedata>
                  <subtotal/>
                  <page/>
                  <symbol/>
                  <amount ana="#bk_amount">
                     <measure currency="" quantity="" unit="pounds"/>
                     <measure currency="" quantity="5" unit="shillings">5</measure>
                     <measure currency="" quantity="10.5" unit="pence">10.5</measure>
                     <measure currency="" quantity="" unit="dollars"/>
                     <measure currency="" quantity="" unit="cents"/>
                  </amount>
               </div2>
            </div1>
         </row>
         <row ana="#bk_entry">
            <div1 type="transaction" xml:id="21781">
               <folioside>Right</folioside>
               <drcr>Credit</drcr>
               <linenumber>34</linenumber>
               <div2 type="transcription">
                  <year/>
                  <month/>
                  <day><![CDATA[20]]></day>
                  <accountname/>
                  <entry><![CDATA[<p>Butter 1/. 28th Fowls 6d Milk 3/9</p>
]]></entry>
                  <subtotal/>
                  <page/>
                  <symbol/>
                  <pounds/>
                  <shillings><![CDATA[5]]></shillings>
                  <pence><![CDATA[3]]></pence>
                  <dollars/>
                  <cents/>
               </div2>
               <div2 type="data">
                  <date ana="#bk_when" when="1756-04-20">1756 April 20</date>
                  <accountnamedata id="11833">Cash</accountnamedata>
                  <subtotal/>
                  <page/>
                  <symbol/>
                  <amount ana="#bk_amount">
                     <measure currency="" quantity="" unit="pounds"/>
                     <measure currency="" quantity="5" unit="shillings">5</measure>
                     <measure currency="" quantity="3" unit="pence">3</measure>
                     <measure currency="" quantity="" unit="dollars"/>
                     <measure currency="" quantity="" unit="cents"/>
                  </amount>
               </div2>
            </div1>
         </row>
         <row ana="#bk_entry">
            <div1 type="transaction" xml:id="21782">
               <folioside>Right</folioside>
               <drcr>Credit</drcr>
               <linenumber>35</linenumber>
               <div2 type="transcription">
                  <year/>
                  <month/>
                  <day><![CDATA[28]]></day>
                  <accountname/>
                  <entry><![CDATA[<p>Baker's Acct 4/3. Butter 6/10 <sup>1</sup>/<sub>2</sub> Butter 4/2 <sup>1</sup>/<sub>2</sub></p>
]]></entry>
                  <subtotal/>
                  <page/>
                  <symbol/>
                  <pounds/>
                  <shillings><![CDATA[15]]></shillings>
                  <pence><![CDATA[1]]></pence>
                  <dollars/>
                  <cents/>
               </div2>
               <div2 type="data">
                  <date ana="#bk_when" when="1756-04-28">1756 April 28</date>
                  <accountnamedata id="11833">Cash</accountnamedata>
                  <subtotal/>
                  <page/>
                  <symbol/>
                  <amount ana="#bk_amount">
                     <measure currency="" quantity="" unit="pounds"/>
                     <measure currency="" quantity="15" unit="shillings">15</measure>
                     <measure currency="" quantity="1" unit="pence">1</measure>
                     <measure currency="" quantity="" unit="dollars"/>
                     <measure currency="" quantity="" unit="cents"/>
                  </amount>
               </div2>
            </div1>
         </row>
         <row ana="#bk_entry">
            <div1 type="transaction" xml:id="21783">
               <folioside>Right</folioside>
               <drcr>Credit</drcr>
               <linenumber>36</linenumber>
               <div2 type="transcription">
                  <year/>
                  <month/>
                  <day/>
                  <accountname/>
                  <entry><![CDATA[<p>Mr Dows Acct</p>
]]></entry>
                  <subtotal/>
                  <page/>
                  <symbol/>
                  <pounds/>
                  <shillings><![CDATA[15]]></shillings>
                  <pence/>
                  <dollars/>
                  <cents/>
               </div2>
               <div2 type="data">
                  <date ana="#bk_when" when="1756-04-28">1756 April 28</date>
                  <accountnamedata id="11833">Cash</accountnamedata>
                  <subtotal/>
                  <page/>
                  <symbol/>
                  <amount ana="#bk_amount">
                     <measure currency="" quantity="" unit="pounds"/>
                     <measure currency="" quantity="15" unit="shillings">15</measure>
                     <measure currency="" quantity="" unit="pence"/>
                     <measure currency="" quantity="" unit="dollars"/>
                     <measure currency="" quantity="" unit="cents"/>
                  </amount>
               </div2>
            </div1>
         </row>
         <row ana="#bk_entry">
            <div1 type="transaction" xml:id="21784">
               <folioside>Right</folioside>
               <drcr>Credit</drcr>
               <linenumber>37</linenumber>
               <div2 type="transcription">
                  <year/>
                  <month><![CDATA[Apl]]></month>
                  <day><![CDATA[14]]></day>
                  <accountname/>
                  <entry><![CDATA[<p>By Cash gave a Soldiers Wife 5/. Fish 2/6</p>
]]></entry>
                  <subtotal/>
                  <page/>
                  <symbol/>
                  <pounds/>
                  <shillings><![CDATA[7]]></shillings>
                  <pence><![CDATA[6]]></pence>
                  <dollars/>
                  <cents/>
               </div2>
               <div2 type="data">
                  <date ana="#bk_when" when="1756-04-14">1756 April 14</date>
                  <accountnamedata id="11833">Cash</accountnamedata>
                  <subtotal/>
                  <page/>
                  <symbol/>
                  <amount ana="#bk_amount">
                     <measure currency="" quantity="" unit="pounds"/>
                     <measure currency="" quantity="7" unit="shillings">7</measure>
                     <measure currency="" quantity="6" unit="pence">6</measure>
                     <measure currency="" quantity="" unit="dollars"/>
                     <measure currency="" quantity="" unit="cents"/>
                  </amount>
               </div2>
            </div1>
         </row>
         <row ana="#bk_entry">
            <div1 type="transaction" xml:id="21785">
               <folioside>Right</folioside>
               <drcr>Credit</drcr>
               <linenumber>38</linenumber>
               <div2 type="transcription">
                  <year/>
                  <month/>
                  <day><![CDATA[18]]></day>
                  <accountname/>
                  <entry><![CDATA[<p>By Cocks's Betty 5/. To a cripplis Nun 5/.</p>
]]></entry>
                  <subtotal/>
                  <page/>
                  <symbol/>
                  <pounds/>
                  <shillings><![CDATA[10]]></shillings>
                  <pence/>
                  <dollars/>
                  <cents/>
               </div2>
               <div2 type="data">
                  <date ana="#bk_when" when="1756-04-18">1756 April 18</date>
                  <accountnamedata id="11833">Cash</accountnamedata>
                  <subtotal/>
                  <page/>
                  <symbol/>
                  <amount ana="#bk_amount">
                     <measure currency="" quantity="" unit="pounds"/>
                     <measure currency="" quantity="10" unit="shillings">10</measure>
                     <measure currency="" quantity="" unit="pence"/>
                     <measure currency="" quantity="" unit="dollars"/>
                     <measure currency="" quantity="" unit="cents"/>
                  </amount>
               </div2>
            </div1>
         </row>
         <row ana="#bk_entry">
            <div1 type="transaction" xml:id="21786">
               <folioside>Right</folioside>
               <drcr>Credit</drcr>
               <linenumber>39</linenumber>
               <div2 type="transcription">
                  <year/>
                  <month/>
                  <day/>
                  <accountname/>
                  <entry><![CDATA[<p>By Abram Vanmeter to buy Amn for his Fort</p>
]]></entry>
                  <subtotal/>
                  <page/>
                  <symbol/>
                  <pounds><![CDATA[1]]></pounds>
                  <shillings/>
                  <pence/>
                  <dollars/>
                  <cents/>
               </div2>
               <div2 type="data">
                  <date ana="#bk_when" when="1756-04-18">1756 April 18</date>
                  <accountnamedata id="11833">Cash</accountnamedata>
                  <subtotal/>
                  <page/>
                  <symbol/>
                  <amount ana="#bk_amount">
                     <measure currency="" quantity="1" unit="pounds">1</measure>
                     <measure currency="" quantity="" unit="shillings"/>
                     <measure currency="" quantity="" unit="pence"/>
                     <measure currency="" quantity="" unit="dollars"/>
                     <measure currency="" quantity="" unit="cents"/>
                  </amount>
               </div2>
            </div1>
         </row>
         <row ana="#bk_entry">
            <div1 type="transaction" xml:id="21787">
               <folioside>Right</folioside>
               <drcr>Credit</drcr>
               <linenumber>40</linenumber>
               <div2 type="transcription">
                  <year/>
                  <month/>
                  <day/>
                  <accountname/>
                  <entry><![CDATA[<p>By Sum carried forward</p>
]]></entry>
                  <subtotal/>
                  <page/>
                  <symbol>£</symbol>
                  <pounds><![CDATA[1319]]></pounds>
                  <shillings><![CDATA[17]]></shillings>
                  <pence><![CDATA[3]]></pence>
                  <dollars/>
                  <cents/>
               </div2>
               <div2 type="data">
                  <date ana="#bk_when" when="1756-04">1756 April</date>
                  <accountnamedata id="11833">Cash</accountnamedata>
                  <subtotal/>
                  <page/>
                  <symbol>£</symbol>
                  <amount ana="#bk_amount">
                     <measure currency="" quantity="1319" unit="pounds">1319</measure>
                     <measure currency="" quantity="17" unit="shillings">17</measure>
                     <measure currency="" quantity="3" unit="pence">3</measure>
                     <measure currency="" quantity="" unit="dollars"/>
                     <measure currency="" quantity="" unit="cents"/>
                  </amount>
               </div2>
            </div1>
         </row>
      </transactions>
   </text>
</TEI>
