<?xml version="1.0" encoding="UTF-8"?>
<?oxygen RNGSchema="http://www.tei-c.org/release/xml/tei/custom/schema/relaxng/tei_all.rng" type="xml"?>
<TEI xmlns="http://www.tei-c.org/ns/1.0">
   <teiHeader>
      <fileDesc>
         <titleStmt>
            <title>LMW Day Book, pp. 000-000</title>
            <author>L.M. Wheaton</author>
         </titleStmt>
         <publicationStmt>
            <p>Transcribed by Sahilia Ramirez Summer 2016, Wheaton College</p>
         </publicationStmt>
         <sourceDesc>
            <biblFull>
               <titleStmt>
                  <title>Account Books, pp.100-149</title>
                  <author>L.M. Wheaton</author>
                  <respStmt>
                     <resp> TEI-compatible XML markup by <name type="person">Sahilia Ramirez</name>
                        with corrections by <name type="person">Name</name>, <name
                           type="person">Name</name>, and <name type="person">Name</name>.</resp>
                     <name type="person">Name</name>
                  </respStmt>
               </titleStmt>
               <publicationStmt>
                  <p>Transcribed by Sahilia Ramirez Summer 2016, Wheaton College</p>
               </publicationStmt>
               <sourceDesc>
                  <p> From the Marion B. Gebbie Archives and Special Collections at the Madeleine
                     Clark Wallace Library, Wheaton College </p>
               </sourceDesc>
            </biblFull>
         </sourceDesc>
      </fileDesc>
   </teiHeader>
   <text>
      <body>
         <pb n="105"/>
         <fw type="pageNum">105</fw>
         <table xml:id="p105" cols="6">
            <head>Saturday<date when="1832-05-12">text</date></head>
            <row xml:id="p105_01">
               <cell>Settled</cell>
               <cell>
                  <name type="person" ref="pers_WCDH140">Oliver Allen</name>
                  <choice rend="align(right)">
                     <abbr>DR</abbr>
                     <expan>Debtor</expan>
                  </choice>
               </cell>
               <cell/>
               <cell/>
               <cell/>
               <cell/>
            </row>
            <row xml:id="p105_02">
               <cell/>
               <cell> By<measure commodity="labor" quantity="3" unit="day"> cash week 4/6</measure></cell>
               <cell><measure commodity="currency" quantity="2" unit="dollars">2</measure></cell>
               <cell><measure commodity="currency" quantity="25" unit="cents">25</measure></cell>
               <cell/>
               <cell/>
            </row>
            <row xml:id="p105_03">
               <cell/>
               <cell><measure commodity="labor" quantity="6" unit="day"></measure> this week 4/6</cell>
               <cell><measure commodity="currency" quantity="4" unit="dollars">4</measure></cell>
               <cell><measure commodity="currency" quantity="50" unit="cents">50</measure></cell>
               <cell><measure commodity="currency" quantity="6" unit="dollars">6</measure></cell>
               <cell><measure commodity="currency" quantity="75" unit="cents">75</measure></cell>
            </row>
            <row xml:id="p105_04">
               <cell>Settled</cell>
               <cell>To <name type="account" ref="LMWcash">cash</name><measure commodity="currency" quantity="5" unit="dollars">cash five dollars</measure></cell>
               <cell><measure commodity="currency" quantity="5" unit="dollars">5</measure></cell>
               <cell><measure commodity="currency" quantity="00" unit="cents">00</measure></cell>
               <cell/>
               <cell/>
            </row>
            <row xml:id="p105_05">
               <cell></cell>
               <cell><date when="1832-05-14">May 14th 1832</date></cell>
               <cell/>
               <cell/>
               <cell/>
               <cell/>
            </row>
            <row xml:id="p105_06">
               <cell>117</cell>
               <cell><name type="person" ref="pers_WCDH276">Darius Drake</name>
                  <choice rend="align(right)">
                     <abbr>DR</abbr>
                     <expan>Debtor</expan>
                  </choice></cell>
               <cell></cell>
               <cell></cell>
               <cell/>
               <cell/>
            </row>
            <row xml:id="p105_07">
               <cell/>
               <cell>By <measure commodity="labor" quantity="1" unit="day">work for this day one day</measure></cell>
               <cell/>
               <cell/>
               <cell/>
               <cell/>
            </row>
            <row xml:id="p105_08">
               <cell>117</cell>
               <cell><name type="person" ref="pers_WCDH276">Darius Drake</name>
                  <choice rend="align(right)">
                     <abbr>DR</abbr>
                     <expan>Debtor</expan>
                  </choice></cell>
               <cell/>
               <cell/>
               <cell/>
               <cell/>
            </row>
            <row xml:id="p105_09">
               <cell/>
               <cell>To <measure commodity="Potatoes" quantity="5" unit="Bushels">5 Bus potatoes></measure>2/3</cell>
               <cell></cell>
               <cell></cell>
               <cell/>
               <cell/>
            </row>
            <row xml:id="p105_10">
               <cell/>
               <cell><measure commodity="Rye" quantity="1/2" unit="Bushels">1/2 Bus Rye</measure>6/</cell>
               <cell><measure commodity="Currency" quantity="1" unit="dollars">1</measure></cell>
               <cell><measure commodity="Currency" quantity="38" unit="cents">38</measure></cell>
               <cell/>
               <cell/>
            </row>
            <row xml:id="p105_11">
               <cell></cell>
               <cell></cell>
            </row>
            <row xml:id="p105_12">
               <cell>398</cell>
               <cell><name type="person" ref="pers_WCDH417">David C Lane</name>
                  <choice rend="align(right)">
                     <abbr>DR</abbr>
                     <expan>Debtor</expan>
                  </choice></cell>
               <cell/>
               <cell/>
               <cell/>
               <cell/>
            </row>
            <row xml:id="p105_13">
               <cell/>
               <cell>To <measure commodity="Potatoes" quantity="10" unit="Bushels">10 Bus potatoes</measure>2/3</cell>
               <cell><measure commodity="currency" quantity="3" unit="dollars">3</measure></cell>
               <cell><measure commodity="Currency" quantity="75" unit="cents">75</measure></cell>
               <cell></cell>
               <cell/>
            </row>
            <row xml:id="p105_14">
               <cell>Settled</cell>
               <cell><name type="person" ref="pers_WCDH230">Oliver b Clapp</name>
                  <choice rend="align(right)">
                     <abbr>DR</abbr>
                     <expan>Debtor</expan>
                  </choice></cell>
               <cell/>
               <cell/>
               <cell/>
               <cell/>
            </row>
            <row xml:id="p105_15">
               <cell></cell>
               <cell>To <name type="account" ref="LMWcash">cash</name><measure commodity="currency" quantity="10" unit="dollars" cash</measure>60/</cell>
               <cell><measure commodity="currency" quantity="10" unit="dollars">10</measure></cell>
               <cell><measure commodity="currency" quantity="00" unit="cents">00</measure></cell>
               <cell/>
               <cell/>
            </row>
            <row xml:id="p105_16">
               <cell/>
               <cell><date when="1832-05-19">19</date></cell>
               <cell></cell>
               <cell></cell>
               <cell/>
               <cell/>
            </row>
            <row xml:id="p105_17">
               <cell>Settled</cell>
               <cell><name type="person" ref="pers_WCDH140">Oliver Allen</name>
                  <choice rend="align(right)">
                     <abbr>DR</abbr>
                     <expan>Debtor</expan>
                  </choice></cell>
               <cell/>
               <cell/>
               <cell/>
               <cell/>
            </row>
            <row xml:id="p105_18">
               <cell></cell>
               <cell>By <measure commodity="Labor" quantity="3" unit="day">three days this week</measure>4/6</cell>
               <cell><measure commodity="currency" quantity="2" unit="dollars">2</measure></cell>
               <cell><measure commodity="Currency" quantity="25" unit="cents">25</measure></cell>
               <cell/>
               <cell/>
            </row>
            <row xml:id="p105_19">
               <cell/>
               <cell><date when="1883-05-23">23</date></cell>
               <cell/>
               <cell></cell>
               <cell/>
               <cell/>
            </row>
            <row xml:id="p105_20">
               <cell>Settled</cell>
               <cell><name type="person" ref="pers_WCDH140">Oliver Allen</name>
                  <choice rend="align(right)">
                     <abbr>DR</abbr>
                     <expan>Debtor</expan>
                  </choice></cell>
               <cell/>
               <cell></cell>
               <cell/>
               <cell></cell>
            </row>
            <row xml:id="p105_21">
               <cell>Settled</cell>
               <cell>By <measure commodity="Labor" quantity="3" unit="day">three days work</measure>4/6</cell>
               <cell><measure commodity="Currency" quantity="2" unit="dollars">2</measure></cell>
               <cell><measure commodity="Currency" quantity="25" unit="censt">25</measure></cell>
               <cell/>
               <cell/>
            </row>
            <row xml:id="p105_22">
               <cell>396</cell>
               <cell><name type="person" ref="pers_WCDH484">Samuel Morey</name>
                  <choice rend="align(right)">
                     <abbr>DR</abbr>
                     <expan>Debtor</expan>
                  </choice></cell>
               <cell/>
               <cell/>
               <cell/>
               <cell/>
            </row>
            <row xml:id="p105_23">
               <cell/>
               <cell>To paying Seth Hodges by request</cell>
               <cell><measure commodity="Currency" quantity="16" unit="dollars">16</measure></cell>
               <cell><measure commodity="Currency" quantity="00" unit="cents">00</measure></cell>
               <cell/>
               <cell/>
            </row>
            <row xml:id="p105_24">
               <cell/>
               <cell><date when="1832-05-25">25</date></cell>
               <cell/>
               <cell/>
               <cell/>
               <cell/>
            </row>
            <row xml:id="p105_25">
               <cell>Settled</cell>                                     
               <cell><name type="person" ref="pers_WCDH230">Oliver b Clapp</name>
                  <choice rend="align(right)">
                     <abbr>DR</abbr>
                     <expan>Debtor</expan>
                  </choice></cell>
               <cell/>
               <cell/>
               <cell/>
               <cell/>
            </row>
            <row xml:id="p105_26">
               <cell/>
               <cell>To <measure commodity="Rye" quantity="1/2" unit="Bushels">1/2 Bus Rye</measure>6/</cell>
               <cell><measure commodity="currency" quantity="1" unit="dollars">1</measure></cell>
               <cell><measure commodity="currency" quantity="50" unit="cents">50</measure></cell>
               <cell/>
               <cell/>
            </row>
            <row xml:id="p105_27">
               <cell>77</cell>
               <cell><name type="person" ref="pers_WCDH167">David b Bates</name>
                  <choice rend="align(right)">
                     <abbr>DR</abbr>
                     <expan>Debtor</expan>
                  </choice></cell>
               <cell/>
               <cell/>
               <cell/>
               <cell/>
            </row>
            <row xml:id="p105_28">
               <cell><date when="1831">1831</date></cell>
            </row>
            <row xml:id="p105_29">
               <cell></cell>
               <cell>Do cash do Samuel Knapp March 4</cell>
               <cell><measure commodity="currency" quantity="1" unit="dollars">1</measure></cell>
               <cell><measure commodity="currency" quantity="37" unit="cents">37</measure></cell>
               <cell/>
               <cell/>
            </row>
            <row xml:id="p105_30">
               <cell>Settled</cell>
               <cell><name type="person" ref="pers_WCDH140">Oliver Allen</name>
                  <choice rend="align(right)">
                     <abbr>DR</abbr>
                     <expan>Debtor</expan>
                  </choice></cell>
               <cell/>
               <cell/>
               <cell/>
               <cell/>
            </row>
            <row xml:id="p105_31">
               <cell></cell>
               <cell>To <name type="account" ref="LMWcash">cash</name></cell>
               <cell><measure commodity="currency" quantity="5" unit="dollars">5</measure></cell>
               <cell><measure commodity="currency" quantity="00" unit="cents">00</measure></cell>
               <cell/>
               <cell/>
            </row>
            <row xml:id="p105_32">
               <cell>84</cell>
               <cell><name type="person" ref="">Jane Braman</name>
                  <choice rend="align(right)">
                     <abbr>DR</abbr>
                     <expan>Debtor</expan>
                  </choice></cell>
               <cell></cell>
               <cell></cell>
               <cell/>
               <cell/>
            </row>
            <row xml:id="p103_33">
               <cell/>
               <cell>To <measure commodity="cotton yarn" quantity="1" unit="yards">cotton yarn</measure><!--?--> </cell>
               <cell><measure commodity="currency" quantity="1" unit="dollars">1</measure></cell>
               <cell><measure commodity="currency" quantity="69" unit="cents">69</measure></cell>
               <cell/>
               <cell/>
            </row>
            <row xml:id="p105_34">
               <cell>Settled</cell>
               <cell><name type="person" ref="">Henry Clement</name>
                  <choice rend="align(right)">
                     <abbr>DR</abbr>
                     <expan>Debtor</expan>
                  </choice></cell>
               <cell/>
               <cell/>
               <cell/>
               <cell/>
            </row>
            <row xml:id="p105_35">
               <cell/>
               <cell>To <measure commodity="potatoes" quantity="2" unit="bushels">2 Bus potatoes</measure>45x</cell>
               <cell></cell>
               <cell><measure commodity="currency" quantity="90" unit="dollars">90</measure></cell>
               <cell/>
               <cell/>
            </row>
            <row xml:id="p105_36">
               <cell>368</cell>
               <cell><name type="person" ref="pers_WCDH574">Timothy Smith</name>
                  <choice rend="align(right)">
                     <abbr>DR</abbr>
                     <expan>Debtor</expan>
                  </choice></cell>
               <cell></cell>
               <cell></cell>
               <cell></cell>
               <cell></cell>
            </row>
            <row xml:id="p105_37">
               <cell/>
               <cell>To <measure commodity="potatoes" quantity="1/2" unit="bushels">1/2 Bus potatoes </measure>45</cell>
               <cell></cell>
               <cell><measure commodity="currency" quantity="23" unit="dollars">23</measure></cell>
               <cell/>
               <cell/>
            </row>
            <row xml:id="p105_38">
               <cell>84</cell>
               <cell><name type="person" ref="">Jane Braman</name>
                  <choice rend="align(right)">
                     <abbr>DR</abbr>
                     <expan>Debtor</expan>
                  </choice></cell>
               <cell/>
               <cell/>
               <cell/>
               <cell/>
            </row>
            <row xml:id="p105_39">
               <cell></cell>
               <cell>To <measure commodity="cotton" quantity="1" unit="yards">cotton </measure><!--?--></cell>
               <cell><measure commodity="currency" quantity="1" unit="dollars">1</measure></cell>
               <cell><measure commodity="currency" quantity="87" unit="cents">87</measure></cell>
               <cell/>
               <cell/>
            </row>
            <row xml:id="p105_40">
               <cell><date when="1832-06-02">June 2</date></cell>
               <cell><date when="1832-06-02">1832</date></cell>
               <cell></cell>
               <cell></cell>
               <cell/>
               <cell/>
            </row>
            <row xml:id="p105_41">
               <cell>Settled</cell>
               <cell><name type="person" ref="">Henry Clement</name>
                  <choice rend="align(right)">
                     <abbr>DR</abbr>
                     <expan>Debtor</expan>
                  </choice></cell>
               <cell/>
               <cell/>
               <cell/>
               <cell/>
            </row>
            <row xml:id="p105_42">
               <cell></cell>
               <cell>To <measure commodity="corn" quantity="1/2" unit="bushels">1/2 Bus corn</measure>6/</cell>
               <cell/>
               <cell><measure commodity="currency" quantity="50" unit="dollars">50</measure></cell>
               <cell/>
               <cell/>
            </row>
            <row xml:id="p105_43">
               <cell/>
               <cell>" 1 <!--?--> 6/9</cell>
               <cell></cell>
               <cell><measure commodity="currency" quantity="28" unit="dollars">28</measure></cell>
               <cell/>
               <cell><measure commodity="currency" quantity="78" unit="dollars">78</measure></cell>
            </row>
            <row xml:id="p105_44">
               <cell/>
               <cell><date when="1832-06-07">7</date></cell>
               <cell/>
               <cell/>
               <cell/>
               <cell/>
            </row>
            <row xml:id="p105_45">
               <cell>89</cell>
               <cell><name type="person" ref="pers_WCDH409">William Knowles</name>
                  <choice rend="align(right)">
                     <abbr>DR</abbr>
                     <expan>Debtor</expan>
                  </choice></cell>
               <cell/>
               <cell/>
               <cell/>
               <cell/>
            </row>
            <row xml:id="p105_46">
               <cell/>
               <cell>To <!--?--> to Providence 4x</cell>
               <cell></cell>
               <cell><measure commodity="currency" quantity="58" unit="dollars">58</measure></cell>
               <cell/>
               <cell/>
            </row>
            <row xml:id="p105_47">
               <cell>381</cell>
               <cell><name type="person" ref="pers_WCDH669">Zebulon White</name>
                  <choice rend="align(right)">
                     <abbr>DR</abbr>
                     <expan>Debtor</expan>
                  </choice></cell>
               <cell/>
               <cell/>
               <cell/>
               <cell/>
            </row>
            <row xml:id="p105_48">
               <cell></cell>
               <cell>To <name type="account" ref="LMWcash">cash</name><!--?--> 60/</cell>
               <cell><measure commodity="currency" quantity="10" unit="dollars">10</measure></cell>
               <cell><measure commodity="currency" quantity="00" unit="cents">00</measurec></cell>
               <cell/>
               <cell/>
            </row>
            <row xml:id="p105_49">
               <cell/>
               <cell><date when="1832-06-11">11</date></cell>
               <cell/>
               <cell></cell>
               <cell/>
               <cell/>
            </row>
            <row xml:id="p105_50">
               <cell>117</cell>
               <cell><name type="person" ref="pers_WCDH276">Darius Drake</name>
                  <choice rend="align(right)">
                     <abbr>DR</abbr>
                     <expan>Debtor</expan>
                  </choice></cell>
               <cell/>
               <cell></cell>
               <cell/>
               <cell></cell>
            </row>
            <row xml:id="p105_51">
               <cell/>
               <cell>By <measure commodity="labor" quantity="1" unit="day">work</measure>to the 14th</cell>
               <cell/>
               <cell/>
               <cell/>
               <cell/>