<?xml version="1.0" encoding="UTF-8"?>
<?oxygen RNGSchema="http://www.tei-c.org/release/xml/tei/custom/schema/relaxng/tei_all.rng" type="xml"?>
<TEI xmlns="http://www.tei-c.org/ns/1.0">
   <teiHeader>
      <fileDesc>
         <titleStmt>
            <title>LMW Day Book, pp. 100-149</title>
            <author>L.M. Wheaton</author>
         </titleStmt>
         <publicationStmt>
            <p>Transcribed by Sahilia Ramirez Summer 2016, Wheaton College</p>
         </publicationStmt>
         <sourceDesc>
            <biblFull>
               <titleStmt>
                  <title>Account Books, pp.100-149</title>
                  <author>L.M. Wheaton</author>
                  <respStmt>
                     <resp> TEI-compatible XML markup by <name type="person">Sahilia Ramirez</name>
                        with corrections by <name type="person">Name</name>, <name
                           type="person">Name</name>, and <name type="person">Name</name>.</resp>
                     <name type="person">Name</name>
                  </respStmt>
               </titleStmt>
               <publicationStmt>
                  <p>Transcribed by Sahilia Ramirez summer 2016, Wheaton College</p>
               </publicationStmt>
               <sourceDesc>
                  <p> From the Marion B. Gebbie Archives and Special Collections at the Madeleine
                     Clark Wallace Library, Wheaton College </p>
               </sourceDesc>
            </biblFull>
         </sourceDesc>
      </fileDesc>
   </teiHeader>
   <text>
      <body>
         <pb n="110"/>
         <fw type="pageNum">110</fw>
         <table xml:id="p110" cols="6">
            <head>Saturday<date when="1832-11-24">text</date></head>
            <row xml:id="p110_01">
               <cell>394</cell>
               <cell><name type="person" ref="pers_WCDH565">John Smith</name>
                  <choice rend="align(right)">
                     <abbr>Dr</abbr>
                     <expan>Debtor</expan>
                  </choice></cell>
            </row>
            <row xml:id="p110_02">
               <cell></cell>
               <cell>To <measure commodity="labor" quantity="8" unit="miles">chaise to Taunton 8 miles</measure></cell>
               <cell></cell>
               <cell><measure commodity="currency" quantity="67" unit="dollars">67</measure></cell>
            </row>
            <row xml:id="p110_03">
               <cell></cell>
               <cell> <measure commodity="ham" quantity="1" unit="pounds">Paying Hodges for ham</measure>1/6</cell>
               <cell></cell>
               <cell><measure commodity="currency" quantity="25" unit="dollars">25</measure></cell>
               <cell></cell>
               <cell><measure commodity="currency" quantity="92" unit="dollars">92</measure></cell>
            </row>
            <pb n="110"/>
            <fw type="pageNum">110</fw>
            <table xml:id="p110" cols="6">
               <head><date when="1832-12-01">text</date></head>
            <row xml:id="p110_04">
               <cell>393</cell>
               <cell>
                  <name type="person" ref="pers_WCDH650">Wheaton Wheeler</name>
                  <choice rend="align(right)">
                     <abbr>Dr</abbr>
                     <expan>Debtor</expan>
                  </choice>
               </cell>
               <cell/>
               <cell/>
               <cell/>
               <cell/>
            </row>
            <row xml:id="p110_05">
               <cell/>
               <cell>By <measure commodity="labor" quantity="2" unit="day">two days work this week</measure>2/6</cell>
               <cell></cell>
               <cell><measure commodity="currency" quantity="84" unit="dollars">84</measure></cell>
               <cell/>
               <cell/>
            </row>
            <row xml:id="p110_06">
               <cell/>
               <cell><date when="1832-12-03">3</date></cell>
               <cell></cell>
               <cell/>
               <cell></cell>
               <cell></cell>
            </row>
            <row xml:id="p110_07">
               <cell>393</cell>
               <cell><name type="person" ref="pers_WCDH650">Wheaton Wheeler</name>
                  <choice rend="align(right)">
                     <abbr>Dr</abbr>
                     <expan>Debtor</expan>
                  </choice></cell>
               <cell/>
               <cell/>
               <cell/>
               <cell/>
            </row>
            <row xml:id="p110_08">
               <cell></cell>
               <cell>To <measure commodity="corn" quantity="1" unit="peck">1 peck corn</measure><measure commodity="rye" quantity="1" unit="bushels">1 Rye bushels</measure><measure commodity="currency" quantity="108" unit="dollars">$108</measure></cell>
               <cell/>
               <cell><measure commodity="currency" quantity="56" unit="dollars">56</measure></cell>
               <cell/>
               <cell/>
            </row>
            <row xml:id="p110_09">
               <cell> C paid on other page</cell>
               <cell><name type="person" ref="pers_WCDH524">Pliney Puffer</name>
                  <choice rend="align(right)">
                     <abbr>Dr</abbr>
                     <expan>Debtor</expan>
                  </choice></cell>
               <cell></cell>
               <cell></cell>
               <cell/>
               <cell/>
            </row>
            <row xml:id="p109_10">
               <cell/>
               <cell>To rent up to <date when="1832-04-01">Apirl 1st 1832</date></cell>
               <cell><measure commodity="currency" quantity="35" unit="dollars">$35</measure></cell>
               <cell><measure commodity="currency" quantity="00" unit="dollars">00</measure></cell>
               <cell/>
               <cell/>
            </row>
            <row xml:id="p110_11">
               <cell></cell>
               <cell><date when="1832-12-04">4</date></cell>
               <cell/>
               <cell/>
               <cell/>
               <cell/>
            </row>
            <row xml:id="p110_12">
               <cell>396</cell>
               <cell><name type="person" ref="pers_WCDH484">Samuel Morey</name>
                  <choice rend="align(right)">
                     <abbr>Dr</abbr>
                     <expan>Debtor</expan>
                  </choice></cell>
               <cell></cell>
               <cell></cell>
               <cell/>
               <cell/>
            </row>
            <row xml:id="p110_13">
               <cell/>
               <cell>To <name type="account" ref="LMWcash">cash</name>lent 30/</cell>
               <cell><measure commodity="currency" quantity="5" unit="dollars">5</measure></cell>
               <cell><measure commodity="currency" quantity="00" unit="dollars">00</measure></cell>
               <cell/>
               <cell/>
            </row>
            <row xml:id="p110_14">
               <cell></cell>
               <cell><date when="1832-12-05">5</date></cell>
               <cell/>
               <cell/>
               <cell/>
               <cell/>
            </row>
            <row xml:id="p110_15">
               <cell>Settled</cell>
               <cell><name type="person" ref="pers_WCDH699">Samuel Wrigley/name>
                  <choice rend="align(right)">
                     <abbr>Dr</abbr>
                     <expan>Debtor</expan>
                  </choice></cell>
               <cell></cell>
               <cell></cell>
               <cell/>
               <cell/>
            </row>
            <row xml:id="p110_16">
               <cell/>
               <cell>To <measure commodity="pine boards" quantity="28" unit="feet">28ft pine boards</measure>1 1/2 pr Ft.</cell>
               <cell/>
               <cell><measure commodity="currency" quantity="42" unit="dollars">42</measure></cell>
               <cell/>
               <cell/>
            </row>
            <row xml:id="p110_17">
               <cell></cell>
               <cell><date when="1832-12-11">11</date></cell>
               <cell/>
               <cell/>
               <cell/>
               <cell/>
            </row>
            <row xml:id="p110_18">
               <cell>394</cell>
               <cell><name type="person" ref="pers_WCDH565">John Smith</name>
                  <choice rend="align(right)">
                     <abbr>Dr</abbr>
                     <expan>Debtor</expan>
                  </choice></cell>
               <cell></cell>
               <cell></cell>
               <cell/>
               <cell/>
            </row>
            <row xml:id="p110_19">
               <cell/>
               <cell>By <measure commodity="beef" quantity="106" unit="lbs">106lbs beef</measure>4x</cell>
               <cell><measure commodity="currency" quantity="4" unit="dollars">4</measure></cell>
               <cell><measure commodity="currency" quantity="24" unit="dollars">24</measure></cell>
               <cell/>
               <cell/>
            </row>
            <row xml:id="p110_20">
               <cell></cell>
               <cell> <measure commodity="hide" quantity="68" unit="pounds">hide 68 lbs</measure>5 1/4x</cell>
               <cell><measure commodity="currency" quantity="3" unit="dollars">3</measure></cell>
               <cell><measure commodity="currency" quantity="74" unit="dollars">74</measurev></cell>
               <cell><measure commodity="currency" quantity="7" unit="dollars">7</measure></cell>
               <cell><measure commodity="currency" quantity="98" unit="dollars">98</measure></cell>
            </row>
            <row xml:id="p110_21">
               <cell>113</cell>
               <cell><name type="person" ref="pers_WCDH572">Seth Smith</name>
                  <choice rend="align(right)">
                     <abbr>Dr</abbr>
                     <expan>Debtor</expan>
                  </choice></cell>
               <cell/>
               <cell></cell>
               <cell/>
               <cell/>
            </row>
            <row xml:id="p110_22">
               <cell/>
               <cell>By <measure commodity="labor" quantity="1" unit="day">helping kill hogs</measure></cell>
               <cell/>
               <cell></cell>
               <cell/>
               <cell></cell>
            </row>
            <row xml:id="p110_23">
               <cell>152</cell>
               <cell><name type="person" ref="pers_WCDH402">Phillip B. King</name>
                  <choice rend="align(right)">
                     <abbr>Dr</abbr>
                     <expan>Debtor</expan>
                  </choice></cell>
               <cell/>
               <cell/>
               <cell/>
               <cell/>
            </row>
            <row xml:id="p110_24">
               <cell></cell>
               <cell>By <measure commodity="labor" quantity="2" unit="day">helping kill hogs geese x two days</measure></cell>
               <cell/>
               <cell/>
               <cell/>
               <cell/>
            </row>
            <row xml:id="p110_25">
               <cell/>
               <cell><date when="1832-12-14">14</date></cell>
               <cell/>
               <cell></cell>
               <cell/>
               <cell/>
            </row>
            <row xml:id="p110_26">
               <cell>396</cell>
               <cell><name type="person" ref="pers_WCDH484">Samuel Morey</name>
                  <choice rend="align(right)">
                     <abbr>Dr</abbr>
                     <expan>Debtor</expan>
                  </choice></cell>
               <cell/>
               <cell/>
               <cell/>
               <cell/>
            </row>
            <row xml:id="p110_27">
               <cell></cell>
               <cell>To <measure commodity="benches" quantity="6" unit="feet">6ft. benches wood</measure><measure commodity="currency" quantity="4" unit="dollars">$4.00</measure></cell>
               <cell><measure commodity="currency" quantity="3" unit="dollars">3</measure></cell>
               <cell><measure commodity="currency" quantity="13" unit="dollars">13</measure></cell>
               <cell/>
               <cell/>
            </row>
            <row xml:id="p109_28">
               <cell/>
               <cell><date when="1832-12-15">15</date></cell>
               <cell></cell>
               <cell></cell>
               <cell/>
               <cell/>
            </row>
            <row xml:id="p110_29">
               <cell>393</cell>
               <cell><name type="person" ref="pers_WCDH650">Wheaton Wheeler</name>
                  <choice rend="align(right)">
                     <abbr>Dr</abbr>
                     <expan>Debtor</expan>
                  </choice></cell>
               <cell/>
               <cell/>
               <cell/>
               <cell/>
            </row>
            <row xml:id="p110_30">
               <cell></cell>
               <cell>To <measure commodity="salt beef" quantity="8 3/4" unit="lbs">8lbs 3/4 salt beef</measure>6x</cell>
               <cell/>
               <cell><measure commodity="currency" quantity="52" unit="dollars">52</measure></cell>
               <cell/>
               <cell/>
            </row>
            <row xml:id="p110_31">
               <cell>393</cell>
               <cell>By <measure commodity="labor" quantity="2" unit="day">two days work</measure>2/6</cell>
               <cell/>
               <cell><measure commodity="currency" quantity="84" unit="dollars">84</measure></cell>
               <cell/>
               <cell/>
            </row>
            <row xml:id="p110_32">
               <cell>394</cell>
               <cell><name type="person" ref="pers_WCDH565">John Smith</name>
                  <choice rend="align(right)">
                     <abbr>Dr</abbr>
                     <expan>Debtor</expan>
                  </choice></cell><cell/>
               <cell></cell>
               <cell/>
               <cell/>
            </row>
            <row xml:id="p110_33">
               <cell/>
               <cell>By beef <!--?--> paid Wrigley</cell>
               <cell><measure commodity="currency" quantity="3" unit="dollars">3</measure></cell>
               <cell><measure commodity="currency" quantity="44" unit="cents">.44</measure></cell>
               <cell/>
               <cell/>
            </row>
            <row xml:id="p110_34">
               <cell>Settled</cell>
               <cell><name type="person" ref="pers_WCDH699">Samuel Wrigley</name>
                  <choice rend="align(right)">
                     <abbr>Dr</abbr>
                     <expan>Debtor</expan>
                  </choice></cell>
               <cell/>
               <cell/>
               <cell/>
               <cell/>
            </row>
            <row xml:id="p110_35">
               <cell/>
               <cell>To <name type="account" ref="LMWcash">cash</name>lent</cell>
               <cell><measure commodity="currency" quantity="3" unit="dollars">3</measure></cell>
               <cell><measure commodity="currency" quantity="00" unit="dollars">00</measure></cell>
               <cell/>
               <cell/>
            </row>
            <row xml:id="p110_36">
               <cell/>
               <cell><date when="1832-12-17">17</date></cell>
               <cell/>
               <cell/>
               <cell/>
               <cell/>
            </row>
            <row xml:id="p110_37">
               <cell>394</cell>
               <cell><name type="person" ref="pers_WCDH565">John Smith</name>
                  <choice rend="align(right)">
                     <abbr>Dr</abbr>
                     <expan>Debtor</expan>
                  </choice></cell>
               <cell/>
               <cell/>
               <cell/>
               <cell/>
            </row>
            <row xml:id="p110_38">
               <cell/>
               <cell>To <measure commodity="labor" quantity="1" unit="day">chaise to Taunton</measure>6</cell>
               <cell/>
               <cell><measure commodity="currency" quantity="67" unit="dollars">67</measure></cell>
               <cell/>
               <cell/>
            </row>
            <row xml:id="p110_39">
               <cell></cell>
               <cell><date when="1832-12-18">18</date></cell>
               <cell/>
               <cell/>
               <cell/>
               <cell/>
            </row>
            <row xml:id="p110_40">
               <cell>89</cell>
               <cell><name type="person" ref="pers_WCDH409">William Knowles</name>
                  <choice rend="align(right)">
                     <abbr>Dr</abbr>
                     <expan>Debtor</expan>
                  </choice></cell>
               <cell></cell>
               <cell></cell>
               <cell/>
               <cell/>
            </row>
            <row xml:id="p110_41">
               <cell/>
               <cell>To <measure commodity="beef" quantity="99" unit="lbs">ninety nine lbs Beef</measure>$<measure commodity="currency" quantity="5" unit="dollars">5.00</measure></cell>
               <cell><measure commodity="currency" quantity="4" unit="dollars">4</measure></cell>
               <cell><measure commodity="currency" quantity="95" unit="dollars">95</measure></cell>
               <cell/>
               <cell/>
            </row>
            <row xml:id="p110_42">
               <cell></cell>
               <cell><date when="1832-12-20">20</date></cell>
               <cell/>
               <cell/>
               <cell/>
               <cell/>
            </row>
            <row xml:id="p110_43">
               <cell>396</cell>
               <cell><name type="person" ref="pers_WCDH484">Samuel Morey</name>
                  <choice rend="align(right)">
                     <abbr>Dr</abbr>
                     <expan>Debtor</expan>
                  </choice></cell>
               <cell></cell>
               <cell></cell>
               <cell/>
               <cell/>
            </row>
            <row xml:id="p110_44">
               <cell/>
               <cell>To <name type="account" ref="LMWcash">cash</name> <measure commodity="currency" quantity="10" unit="dollars">ten dollars</measure>lent</cell>
               <cell><measure commodity="currency" quantity="10" unit="dollars">10</measure></cell>
               <cell><measure commodity="currency" quantity="00" unit="dollars">00</measure></cell>
               <cell/>
               <cell/>
            </row>
            <row xml:id="p110_45">
               <cell>393</cell>
               <cell><name type="person" ref="pers_WCDH650">Wheaton wheeler</name>
                  <choice rend="align(right)">
                     <abbr>Dr</abbr>
                     <expan>Debtor</expan>
                  </choice></cell>
               <cell/>
               <cell/>
               <cell/>
               <cell/>
            </row>
            <row xml:id="p110_46">
               <cell/>
               <cell>To <measure commodity="grain" quantity="1/2" unit="bushels">1/2 Bushel grain</measure>6/9</cell>
               <cell></cell>
               <cell><measure commodity="currency" quantity="56" unit="dollars">56</measure></cell>
               <cell/>
               <cell/>
            </row>
            <row xml:id="p110_47">
               <cell>393</cell>
               <cell>By <measure commodity="labor" quantity="2 1/2" unit="day">2 1/2 days work this week</measure>2/6</cell>
               <cell/>
               <cell><measure commodity="currency" quantity="84" unit="dollars">84</measure></cell>
               <cell/>
               <cell/>
            </row>
            <row xml:id="p110_48">
               <cell></cell>
               <cell><date when="1832-12-24">24</date></cell>
               <cell/>
               <cell/>
               <cell/>
               <cell/>
            </row>
            <row xml:id="p110_49">
               <cell>393</cell>
               <cell><name type="person" ref="pers_WCDH650">Wheaton Wheeler</name>
                  <choice rend="align(right)">
                     <abbr>Dr</abbr>
                     <expan>Debtor</expan>
                  </choice></cell>
               <cell/>
               <cell></cell>
               <cell/>
               <cell/>
            </row>
            <row xml:id="p110_50">
               <cell/>
               <cell>To <measure commodity="beef" quantity="11 1/2" unit="lbs">11 1/2 lbs Beef</measure>6x</cell>
               <cell/>
               <cell><measure commodity="currency" quantity="69" unit="dollars">69</measure></cell>
               <cell/>
               <cell></cell>
            </row>
            <row xml:id="p110_51">
               <cell/>
               <cell><date when="1832-12-27">27</date></cell>
               <cell/>
               <cell/>
               <cell/>
               <cell/>
            </row>
            <row xml:id="p110_52">
               <cell>393</cell>
               <cell>By <measure commodity="currency" quantity="2" unit="day">two days work</measure>2/6</cell>
               <cell/>
               <cell><measure commodity="currency" quantity="84" unit="dollars">84</measure></cell>
               <cell/>
               <cell/>
            </row>
            <row xml:id="p110_53">
               <cell>96</cell>
               <cell><name type="person" ref="pers_WCDH302">Phillis Francis</name>
                  <choice rend="align(right)">
                     <abbr>Dr</abbr>
                     <expan>Debtor</expan>
                  </choice></cell>
               <cell/>
               <cell/>
               <cell/>
               <cell/>
            </row>
            <row xml:id="p110_54">
               <cell></cell>
               <cell>To <measure commodity="cotton hose" quantity="1" unit="count">1 pair cotton hose</measure>3/</cell>
               <cell/>
               <cell><measure commodity="currency" quantity="50" unit="dollars">50</measure></cell>
               <cell/>
               <cell/>
            </row>
               <pb n="111"/>
               <fw type="pageNum">111</fw>
               <table xml:id="p111" cols="6">
                  <head>Friday<date when="1832-11-28">text</date></head>
            <row xml:id="p111_55">
               <cell>395</cell>
               <cell><name type="person" ref="pers_WCDH621">Thompson Tripp</name>
                  <choice rend="align(right)">
                     <abbr>Dr</abbr>
                     <expan>Debtor</expan>
                  </choice></cell>
               <cell></cell>
               <cell></cell>
               <cell/>
               <cell/>
            </row>
            <row xml:id="p111_56">
               <cell/>
               <cell>To <name type="account" ref="LMWcash">cash</name>6/</cell>
               <cell><measure commodity="currency" quantity="1" unit="dollars">1</measure></cell>
               <cell><measure commodity="currency" quantity="00" unit="dollars">00</measure></cell>
               <cell/>
               <cell/>
            </row>
            <row xml:id="p111_57">
               <cell>Settled</cell>
               <cell><name type="person" ref=""><!--?--> Company</name>
                  <choice rend="align(right)">
                     <abbr>Dr</abbr>
                     <expan>Debtor</expan>
                  </choice></cell>
               <cell/>
               <cell/>
               <cell/>
               <cell/>
            </row>
            <row xml:id="p111_58">
               <cell/>
               <cell>To <name type="account" ref="LMWcash">cash</name>paid Packand 24/</cell>
               <cell><measure commodity="currency" quantity="4" unit="dollars">4</measure></cell>
               <cell><measure commodity="currency" quantity="00" unit="dollars">00</measure></cell>
               <cell/>
               <cell/>
            </row>
            </row>
         </table>
         <pb n="111"/>
         <fw type="pageNum">111</fw>
         <table xml:id="p111" cols="6">
            <head><date when="1833-01-07">text</date></head>
            <row xml:id="p111_01">
               <cell>395</cell>
               <cell>
                  <name type="person" ref="pers_WCDH621">Thompson Tripp</name>
                  <choice rend="align(right)">
                     <abbr>DR</abbr>
                     <expan>Debtor</expan>
                  </choice>
               </cell>
               <cell/>
               <cell/>
               <cell/>
               <cell/>
            </row>
            <row xml:id="p111_02">
               <cell/>
               <cell>To <measure commodity="umbrella" quantity="1" unit="count">umbrella</measure>9/</cell>
               <cell><measure commodity="currency" quantity="1" unit="dollars">1</measure></cell>
               <cell><measure commodity="currency" quantity="50" unit="dollars">50</measure></cell>
               <cell/>
               <cell/>
            </row>
            <row xml:id="p111_03">
               <cell>393</cell>
               <cell> <name type="person" ref="pers_WCDH650">Wheaton Wheeler</name>
                  <choice rend="align(right)">
                     <abbr>DR</abbr>
                     <expan>Debtor</expan>
                  </choice></cell>
               <cell></cell>
               <cell/>
               <cell></cell>
               <cell></cell>
            </row>
            <row xml:id="p111_04">
               <cell/>
               <cell>To <measure commodity="corn" quantity="1" unit="peck">1 peck corn</measure>6/9</cell>
               <cell/>
               <cell><measure commodity="currency" quantity="28" unit="dollars">28</measure></cell>
               <cell/>
               <cell/>
            </row>
            <row xml:id="p111_05">
               <cell>393</cell>
               <cell>By <measure commodity="labor" quantity="2" unit="day">two days work</measure>2/6</cell>
               <cell/>
               <cell><measure commodity="currency" quantity="84" unit="dollars">84</measure></cell>
               <cell/>
               <cell/>
            </row>
            <row xml:id="p111_06">
               <cell/>
               <cell><date when="1833-01-12">12</date></cell>
               <cell></cell>
               <cell></cell>
               <cell/>
               <cell/>
            </row>
            <row xml:id="p111_07">
               <cell>152</cell>
               <cell> <name type="person" ref="pers_WCDH402">Phillip B. King</name>
                  <choice rend="align(right)">
                     <abbr>DR</abbr>
                     <expan>Debtor</expan>
                  </choice></cell>
               <cell/>
               <cell/>
               <cell/>
               <cell/>
            </row>
            <row xml:id="p111_08">
               <cell></cell>
               <cell>To <measure commodity="tallow" quantity="10" unit="lbs">10lbs. tallow</measure>11x</cell>
               <cell><measure commodity="currency" quantity="1" unit="dollars">1</measure></cell>
               <cell><measure commodity="currency" quantity="10" unit="dollars">10</measure></cell>
               <cell/>
               <cell/>
            </row>
            <row xml:id="p111_09">
               <cell>393</cell>
               <cell> <name type="person" ref="pers_WCDH650">Wheaton Wheeler</name>
                  <choice rend="align(right)">
                     <abbr>DR</abbr>
                     <expan>Debtor</expan>
                  </choice></cell>
               <cell></cell>
               <cell></cell>
               <cell/>
               <cell/>
            </row>
            <row xml:id="p111_10">
               <cell/>
               <cell>By <measure commodity="labor" quantity="1" unit="day">1 days work</measure></cell>
               <cell/>
               <cell><measure commodity="currency" quantity="42" unit="dollars">42</measure></cell>
               <cell/>
               <cell/>
            </row>
            <row xml:id="p111_11">
               <cell>393</cell>
               <cell>To <measure commodity="cow rental" quantity="1" unit="day">use of my cow</measure><date when="1833-04-01">to April 1st 1833</date></cell>
               <cell><measure commodity="currency" quantity="6" unit="dollars">6</measure></cell>
               <cell><measure commodity="currency" quantity="00" unit="dollars">00</measure></cell>
               <cell/>
               <cell/>
            </row>
            <row xml:id="p111_12">
               <cell/>
               <cell><date when="1833-01-18">18</date></cell>
               <cell></cell>
               <cell></cell>
               <cell/>
               <cell/>
            </row>
            <row xml:id="p111_13">
               <cell>395</cell>
               <cell> <name type="person" ref="pers_WCDH621">Thompson Tripp</name>
                  <choice rend="align(right)">
                     <abbr>DR</abbr>
                     <expan>Debtor</expan>
                  </choice></cell>
               <cell/>
               <cell/>
               <cell/>
               <cell/>
            </row>
            <row xml:id="p111_14">
               <cell></cell>
               <cell>To <name type="account" ref="LMWcash">cash</name>9/</cell>
               <cell><measure commodity="currency" quantity="1" unit="dollars">1</measure></cell>
               <cell><measure commodity="currency" quantity="50" unit="dollars">50</measure></cell>
               <cell/>
               <cell/>
            </row>
            <row xml:id="p111_15">
               <cell/>
               <cell><date when="1833-01-25">25</date></cell>
               <cell></cell>
               <cell></cell>
               <cell/>
               <cell/>
            </row>
            <row xml:id="p111_16">
               <cell>393</cell>
               <cell> <name type="person" ref="pers_WCDH650">Wheaton Wheeler</name>
                  <choice rend="align(right)">
                     <abbr>DR</abbr>
                     <expan>Debtor</expan>
                  </choice></cell>
               <cell/>
               <cell/>
               <cell/>
               <cell/>
            </row>
            <row xml:id="p111_17">
               <cell></cell>
               <cell>By <measure commodity="labor quantity="3" unit="day">three days work</measure>this week</cell>
               <cell><measure commodity="currency" quantity="1" unit="dollars">1</measure></cell>
               <cell><measure commodity="currency" quantity="26" unit="dollars">26</measure></cell>
               <cell/>
               <cell/>
            </row>
            <row xml:id="p111_18">
               <cell/>
               <cell>To <measure commodity="grain" quantity="1/2" unit="bushels">1/2 Bushel grain</measure>6/9</cell>
               <cell/>
               <cell><measure commodity="currency" quantity="56" unit="dollars">56</measure></cell>
               <cell/>
               <cell/>
            </row>
            <row xml:id="p111_19">
               <cell>389</cell>
               <cell> <name type="person" ref="pers_WCDH230">Oliver Clapp</name>
                  <choice rend="align(right)">
                     <abbr>DR</abbr>
                     <expan>Debtor</expan>
                  </choice></cell>
               <cell/>
               <cell></cell>
               <cell/>
               <cell></cell>
            </row>
            <row xml:id="p111_20">
               <cell/>
               <cell>To cash pay son, for E Wood 60/</cell>
               <cell><measure commodity="currency" quantity="10" unit="dollars">10</measure></cell>
               <cell><measure commodity="currency" quantity="00" unit="dollars">00</measure></cell>
               <cell/>
               <cell/>
            </row>
            <row xml:id="p111_21">
               <cell>Settled</cell>
               <cell> <name type="person" ref="pers_WCDH572">Samuel Knapp</name>
                  <choice rend="align(right)">
                     <abbr>DR</abbr>
                     <expan>Debtor</expan>
                  </choice></cell>
               <cell/>
               <cell/>
               <cell/>
               <cell/>
            </row>
            <row xml:id="p111_22">
               <cell/>
               <cell>By <measure commodity="labor" quantity="2" unit="day">two days work with oxen drawing logs</measure></cell>
               <cell/>
               <cell></cell>
               <cell/>
               <cell/>
            </row>
            <row xml:id="p111_23">
               <cell/>
               <cell><date when="1833-01-29">29</date></cell>
               <cell/>
               <cell/>
               <cell/>
               <cell/>
            </row>
            <row xml:id="p111_24">
               <cell>396</cell>
               <cell> <name type="person" ref="pers_WCDH484">Samuel Morey</name>
                  <choice rend="align(right)">
                     <abbr>DR</abbr>
                     <expan>Debtor</expan>
                  </choice></cell>
               <cell/>
               <cell/>
               <cell/>
               <cell/>
            </row>
            <row xml:id="p111_25">
               <cell/>
               <cell>To <measure commodity="wood" quantity="8 1/2" unit="feet">8 1/2ft. wood</measure></cell>
               <cell><measure commodity="currency" quantity="4" unit="dollars">4</measure></cell>
               <cell><measure commodity="currency" quantity="52" unit="dollars">52</measure></cell>
               <cell/>
               <cell/>
            </row>
            <pb n="111"/>
            <fw type="pageNum">111</fw>
            <table xml:id="p111" cols="6">
               <head><date when="1833-02-01">text</date></head>
            <row xml:id="p111_26">
               <cell>395</cell>
               <cell><name type="person" ref="pers_WCDH621">Thompson Tripp</name>
                  <choice rend="align(right)">
                     <abbr>DR</abbr>
                     <expan>Debtor</expan>
                  </choice></cell>
               <cell/>
               <cell/>
               <cell/>
               <cell/>
            </row>
            <row xml:id="p111_27">
               <cell></cell>
               <cell>To paying J.W. <!--?--> <measure commodity="currency" quantity="15. 84" unit="dollars">fifteen dollars eighty four cents</measure></cell>
               <cell><measure commodity="currency" quantity="15" unit="dollars">15</measure></cell>
               <cell><measure commodity="currency" quantity="84" unit="cents">84</measure></cell>
               <cell/>
               <cell/>
            </row>
            <row xml:id="p111_28">
               <cell>393</cell>
               <cell><name type="person" ref="pers_WCDH650">Wheaton Wheeler</name>
                  <choice rend="align(right)">
                     <abbr>DR</abbr>
                     <expan>Debtor</expan>
                  </choice></cell>
               <cell/>
               <cell></cell>
               <cell/>
               <cell/>
            </row>
            <row xml:id="p111_29">
               <cell/>
               <cell>By <measure commodity="labor" quantity="1 1/2" unit="day">1 1/2 days work this week</measure>2/6</cell><cell/>
               <cell></cell>
               <cell><measure commodity="currency" quantity="63" unit="dollars">63</measure></cell>
               <cell/>
            </row>
            <row xml:id="p111_30">
               <cell/>
               <cell>To <measure commodity="beef" quantity="9" unit="lbs">9 lbs beef</measure>10x</cell>
               <cell/>
               <cell><measure commodity="currency" quantity="90" unit="dollars">90</measure></cell>
               <cell/>
               <cell/>
            </row>
            <row xml:id="p111_31">
               <cell>Settled</cell>
               <cell><name type="person" ref="pers_WCDH572">Samuel Knapp</name>
                  <choice rend="align(right)">
                     <abbr>DR</abbr>
                     <expan>Debtor</expan>
                  </choice></cell>
               <cell/>
               <cell/>
               <cell/>
               <cell/>
            </row>
            <row xml:id="p111_32">
               <cell/>
               <cell>By <measure commodity="labor" quantity="1" unit="day">1 days work with oxen drawing logs</measure></cell>
               <cell></cell>
               <cell></cell>
               <cell/>
               <cell/>
            </row>
            <row xml:id="p111_33">
               <cell/>
               <cell><date when="1833-02-09">9</date></cell>
               <cell/>
               <cell/>
               <cell/>
               <cell/>
            </row>
            <row xml:id="p111_34">
               <cell>393</cell>
               <cell><name type="person" ref="pers_WCDH650">Wheaton Wheeler</name>
                  <choice rend="align(right)">
                     <abbr>DR</abbr>
                     <expan>Debtor</expan>
                  </choice></cell>
               <cell/>
               <cell/>
               <cell/>
               <cell/>
            </row>
            <row xml:id="p111_35">
               <cell/>
               <cell>By <measure commodity="labor" quantity="3 1/2" unit="day">3 1/2 days work this week</measure></cell>
               <cell><measure commodity="currency" quantity="1" unit="dollars">1</measure></cell>
               <cell><measure commodity="currency" quantity="47" unit="dollars">47</measure></cell>
               <cell/>
               <cell/>
            </row>
            <row xml:id="p111_36">
               <cell>392</cell>
               <cell><name type="person" ref="pers_WCDH359">Hiram Hodges</name>
                  <choice rend="align(right)">
                     <abbr>DR</abbr>
                     <expan>Debtor</expan>
                  </choice></cell>
               <cell></cell>
               <cell></cell>
               <cell></cell>
               <cell></cell>
            </row>
            <row xml:id="p111_37">
               <cell/>
               <cell>To <measure commodity="butter" quantity="15" unit="lbs">15lbs butter</measure>19 1/2 lbs</cell>
               <cell><measure commodity="currency" quantity="2" unit="dollars">2</measure></cell>
               <cell><measure commodity="currency" quantity="93" unit="dollars">93</measure></cell>
               <cell/>
               <cell/>
            </row>
            <row xml:id="p111_38">
               <cell/>
               <cell><date when="1833-02-11">11</date></cell>
               <cell/>
               <cell/>
               <cell/>
               <cell/>
            </row>
            <row xml:id="p111_39">
               <cell>393</cell>
               <cell><name type="person" ref="pers_WCDH650">Wheaton Wheeler</name>
                  <choice rend="align(right)">
                     <abbr>DR</abbr>
                     <expan>Debtor</expan>
                  </choice></cell>
               <cell/>
               <cell/>
               <cell/>
               <cell/>
            </row>
            <row xml:id="p111_40">
               <cell/>
               <cell> To <measure commodity="grain" quantity="1/2" unit="bushels">1/2 Bushel grain</measure> 6/9</cell>
               <cell></cell>
               <cell><measure commodity="currency" quantity="50" unit="dollars">50</measure></cell>
               <cell/>
               <cell/>
            </row>
            <row xml:id="p111_41">
               <cell/>
               <cell><date when="1833-02-12">12</date></cell>
               <cell/>
               <cell/>
               <cell/>
               <cell/>
            </row>
            <row xml:id="p111_42">
               <cell>Settled</cell>
               <cell><name type="person" ref="pers_WCDH574">Timothy Smith</name>
                  <choice rend="align(right)">
                     <abbr>DR</abbr>
                     <expan>Debtor</expan>
                  </choice></cell>
               <cell/>
               <cell/>
               <cell/>
               <cell/>
            </row>
            <row xml:id="p111_43">
               <cell/>
               <cell>To <measure commodity="turkey" quantity="15" unit="lbs">15lbs turkey</measure>10</cell>
               <cell><measure commodity="currency" quantity="1" unit="dollars">1</measure></cell> 
               <cell><measure commodity="currency" quantity="50" unit="dollars">50</measure></cell>
               <cell/>
               <cell/>
            