<?xml version="1.0" encoding="UTF-8"?>
<?oxygen RNGSchema="http://www.tei-c.org/release/xml/tei/custom/schema/relaxng/tei_all.rng" type="xml"?>
<TEI xmlns="http://www.tei-c.org/ns/1.0">
   <teiHeader>
      <fileDesc>
         <titleStmt>
            <title>LMW Day Book, pp. 100-149</title>
            <author>L.M. Wheaton</author>
         </titleStmt>
         <publicationStmt>
            <p> transcribed by Sahilia Ramirez Summer 2016, Wheaton College</p>
         </publicationStmt>
         <sourceDesc>
            <biblFull>
               <titleStmt>
                  <title>Account Books, pp.100-149</title>
                  <author>L.M. Wheaton</author>
                  <respStmt>
                     <resp> TEI-compatible XML markup by <name type="person">Your Name</name>
                        with corrections by <name type="person">Name</name>, <name
                           type="person">Name</name>, and <name type="person">Name</name>.</resp>
                     <name type="person">Name</name>
                  </respStmt>
               </titleStmt>
               <publicationStmt>
                  <p>Transcribed by Sahilia Ramirez Summer 2016, Wheaton College</p>
               </publicationStmt>
               <sourceDesc>
                  <p> From the Marion B. Gebbie Archives and Special Collections at the Madeleine
                     Clark Wallace Library, Wheaton College </p>
               </sourceDesc>
            </biblFull>
         </sourceDesc>
      </fileDesc>
   </teiHeader>
   <text>
      <body>
         <pb n="102"/>
         <fw type="pageNum">102</fw>
         <table xml:id="p102" cols="6">
            <head>Monday <date when="1832-01-16">text</date></head>
            <row xml:id="p102_01">
               <cell>396</cell>
               <cell>
                  <name type="person" ref="pers_WCDH484">Samuel Morey</name>
                  <choice rend="align(right)">
                     <abbr>DR</abbr>
                     <expan>Dabtor</expan>
                  </choice>
               </cell>
               <cell/>
               <cell/>
               <cell/>
               <cell/>
            </row>
            <row xml:id="p102_02">
               <cell/>
               <cell>To<name type="account" ref="LMWcash">cash</name> <measure commodity="currency" quantity="10" unit="dollars"></measure>60/</cell>
               <cell><measure commodity="currency" quantity="10" unit="dollars">10</measure></cell>
               <cell><measure commodity="currency" quantity="00" unit="cents">00</measure></cell>
               <cell/>
               <cell/>
            </row>
            <row xml:id="p102_03">
               <cell>391</cell>
               <cell><name type="person" ref="pers_WCDH506">Catharine Perham</name>
                  <choice rend="align(right)">
                     <abbr>DR</abbr>
                     <expan>Dabtor</expan>
                  </choice></cell>
               <cell></cell>
               <cell/>
               <cell></cell>
               <cell></cell>
            </row>
            <row xml:id="p102_04">
               <cell/>
               <cell>To<measure commodity="letter">letter</measure>10x</cell>
               <cell/>
               <cell><measure commodity="currency" quantity="10" unit="cents">10</measure></cell>
               <cell/>
               <cell/>
            </row>
            <row xml:id="p102_05">
               <cell></cell>
               <cell><date when="1832-01-18">18</date></cell>
               <cell/>
               <cell/>
               <cell/>
               <cell/>
            </row>
            <row xml:id="p102_06">
               <cell>368</cell>
               <cell><name type="person" ref="pers_WCDH574">Timonthy Smith</name>
                  <choice rend="align(right)">
                     <abbr>DR</abbr>
                     <expan>Dabtor</expan>
                  </choice></cell>
               <cell></cell>
               <cell></cell>
               <cell/>
               <cell/>
            </row>
            <row xml:id="p102_07">
               <cell/>
               <cell>To<measure commodity="Beef" quantity="12 3/4" unit="pound">12 3/4 Lbs Beef</measure><!--?--> 7x</cell>
               <cell/>
               <cell><measure commodity="currency" quantity="90" unit="cents">90</measure></cell>
               <cell/>
               <cell/>
            </row>
            <row xml:id="p102_08">
               <cell></cell>
               <cell><date when="1832-01-21">21</date></cell>
               <cell/>
               <cell/>
               <cell/>
               <cell/>
            </row>
            <row xml:id="p102_09">
               <cell>399</cell>
               <cell><name type="person" ref="pers_WCDH134">Asa M Adams</name>
                  <choice rend="align(right)">
                     <abbr>DR</abbr>
                     <expan>Dabtor</expan>
                  </choice></cell>
               <cell></cell>
               <cell></cell>
               <cell/>
               <cell/>
            </row>
            <row xml:id="p102_10">
               <cell/>
               <cell>To<measure commodity="Rye" quantity="1" unit="Bushels">1 Bass Rye</measure>6/</cell>
               <cell><measure commodity="currency" quantity="1" unit="dollars">1</measure></cell>
               <cell><measure commodity="currency" quantity="00" unit="cents">00</measure></cell>
               <cell/>
               <cell/>
            </row>
            <row xml:id="p102_11">
               <cell>Settled</cell>
               <cell><name type="person" ref="pers_WCDH331">Francis Guello</name>
                  <choice rend="align(right)">
                     <abbr>DR</abbr>
                     <expan>Dabtor</expan>
                  </choice></cell>
               <cell/>
               <cell/>
               <cell/>
               <cell/>
            </row>
            <row xml:id="p102_12">
               <cell/>
               <cell>To<measure commodity="Wood" quantity="6" unit="cord">6Ft Wood 35 pr cord</measure></cell>
               <cell><measure commodity="currency" quantity="2" unit="dollars">2</measure></cell>
               <cell><measure commodity="currency" quantity="63" unit="cents">63</measure></cell>
               <cell/>
               <cell/>
            </row>
            <row xml:id="p102_13">
               <cell/>
               <cell><date when="1832-01-23">23</date></cell>
               <cell/>
               <cell/>
               <cell/>
               <cell/>
            </row>
            <row xml:id="p102_14">
               <cell>391</cell>
               <cell><name type="person" ref="pers_WCDH506">Catherine Perham</name>
                  <choice rend="align(right)">
                     <abbr>DR</abbr>
                     <expan>Dabtor</expan>
                  </choice></cell>
               <cell/>
               <cell/>
               <cell/>
               <cell/>
            </row>
            <row xml:id="p102_15">
               <cell/>
               <cell>To<measure commodity="Letter">Letter</measure>10x</cell>
               <cell></cell>
               <cell><measure commodity="currency" quantity="10" unit="cents">10</measure></cell>
               <cell/>
               <cell/>
            </row>
            <row xml:id="p102_16">
               <cell/>
               <cell>To<measure commodity="French Braid">French Braid</measure>10x</cell>
               <cell/>
               <cell><measure commodity="currency" quantity="10" unit="dollars">10</measure></cell>
               <cell><measure commodity="currency" quantity="20" unit="cents">20</measure></cell>
               <cell/>
            <row xml:id="p102_17">
               <cell>591</cell>
               <cell></cell>
               <cell/>
               <cell/>
               <cell/>
               <cell/>
            </row>
            <row xml:id="p102_18">
               <cell/>
               <cell>To<measure commodity="letter">letter</measure>10x</cell>
               <cell/>
               <cell><measure commodity="currency" quantity="10" unit="cents">10</measure></cell>
               <cell/>
               <cell/>
            </row>
            <row xml:id="p102_19">
               <cell/>
               <cell>To<measure commodity="cotton cloth" quantity="6" unit="yard">6 Yds cotton cloth</measure>14 pr sd</cell>
               <cell/>
               <cell><measure commodity="currency" quantity="34" unit="cents">34</measure></cell>
               <cell/>
               <cell></cell>
            </row>
            <row xml:id="p102_20">
               <cell/>
               <cell>Do<measure commodity="flannel" quantity="3" unit="yard">3 do E flannel</measure>42 sd</cell>
               <cell><measure commodity="currency" quantity="1" unit="dollars">1</measure></cell> 
               <cell><measure commodity="currency" quantity="26" unit="cents">26</measure></cell>
               <cell/>
               <cell/>
            </row>
            <row xml:id="p102_21">
               <cell></cell>
               <cell>Do<measure commodity="thread" quantity="15" unit="yard">thread 15 skns</measure>1x</cell>
               <cell/>
               <cell><measure commodity="currency" quantity="15" unit="dollars">15</measure></cell>
               <cell><measure commodity="currency" quantity="2" unit="cents">2</measure></cell>
               <cell><measure commodity="currency" quantity="55" unit="cents">55</measure></cell>
            </row>
            <row xml:id="p102_22">
               <cell></cell>
               <cell><date when="1882-02-02">2nd</date></cell>
               <cell/>
               <cell></cell>
               <cell/>
               <cell/>
            </row>
            <row xml:id="p102_23">
               <cell>358</cell>
               <cell><name type="person" ref="pers_WCDH574">Timothy Smith</name>
                  <choice rend="align(right)">
                     <abbr>DR</abbr>
                     <expan>Dabtor</expan>
                  </choice></cell>
               <cell/>
               <cell/>
               <cell/>
               <cell/>
            </row>
            <row xml:id="p102_24">
               <cell></cell>
               <cell>To<measure commodity="potatoe" quantity="1" unit="Bushel">one Brushed potatoes</measure></cell>
               <cell></cell>
               <cell><measure commodity="currency" quantity="37" unit="dollars">37</measure>1/2</cell>
               <cell/>
               <cell/>
            </row>
            <row xml:id="p102_25">
               <cell>109</cell>
               <cell><name type="person" ref="pers_WCDH524">Pliney Puffer</name>
                  <choice rend="align(right)">
                     <abbr>DR</abbr>
                     <expan>Dabtor</expan>
                  </choice></cell>
               <cell></cell>
               <cell></cell>
               <cell/>
               <cell/>
            </row>
            <row xml:id="p102_26">
               <cell/>
               <cell>To<measure commodity="pine wood" quantity="1">a part of a load of pine wood</measure></cell>
               <cell/>
               <cell><measure commodity="curreny" quantity="33" unit="dollars">33</measure></cell>
               <cell/>
               <cell/>
            </row>
            <row xml:id="p102_27">
               <cell>152</cell>
               <cell><name type="person" ref="pers_WCDH402">Phillip B King</name>
                  <choice rend="align(right)">
                     <abbr>DR</abbr>
                     <expan>Dabtor</expan>
                  </choice></cell>
               <cell/>
               <cell/>
               <cell/>
               <cell/>
            </row>
            <row xml:id="p102_28">
               <cell/>
               <cell>By<measure commodity="labor" quantity="1" unit="day">work</measure> <!--?--> up to this date</cell>
               <cell><measure commodity="currency" quantity="33" unit="dollars">33</measure></cell>
               <cell><measure commodity="currency" quantity="00" unit="cents">00</measure></cell>
               <cell/>
               <cell/>
            </row>
            <row xml:id="p102_29">
               <cell/>
               <cell><measure commodity="oxen renatl" quantity="1 1/2" unit="day">oxen one X half days</measure> 3/ </cell><cell/>
               <cell><measure commodity="currency" quantity="1" unit="dollars">1</measure></cell>
               <cell><measure commodity="currency" quantity="50" unit="cents">50</measure></cell>
               <cell><measure commodity="currency" quantity="24" unit="dollars">24</measure></cell>
               <cell><measure commodity="currency" quantity="50" unit="cents">50</measure></cell>
            </row>
            <row xml:id="p102_30">
               <cell/>
               <cell><date when="1832-02-13">13th</date></cell>
               <cell/>
               <cell/>
               <cell/>
               <cell/>
            </row>
            <row xml:id="p102_31">
               <cell>368</cell>
               <cell><name type="person" ref="pers_WCDH574">Timothy Smith</name>
                  <choice rend="align(right)">
                     <abbr>DR</abbr>
                     <expan>Dabtor</expan>
                  </choice></cell>
               <cell/>
               <cell/>
               <cell/>
               <cell/>
            </row>
            <row xml:id="p102_32">
               <cell/>
               <cell>To<measure commodity="potatoes" quantity="1" unit="bushel">one Brushed potatoes</measure></cell>
               <cell></cell>
               <cell><measure commodity="currency" quantity="37" unit="cents">37</measure>1/2</cell>
               <cell/>
               <cell/>
            </row>
            <row xml:id="p102_33">
               <cell/>
               <cell><date when="1832-02-14">14</date></cell>
               <cell/>
               <cell/>
               <cell/>
               <cell/>
            </row>
            <row xml:id="p102_34">
               <cell>395</cell>
               <cell><name type="person" ref="pers_WCDH621">Thompson Tripp</name>
                  <choice rend="align(right)">
                     <abbr>DR</abbr>
                     <expan>Dabtor</expan>
                  </choice></cell>
               <cell/>
               <cell/>
               <cell/>
               <cell/>
            </row>
            <row xml:id="p102_35">
               <cell/>
               <cell>To<name type="account" ref="LMWcash">cash</name> <measure commodity="currency" quantity="15" unit="dollars">fifteen dollars </measure></cell>
               <cell><measure commodity="currency" quantity="15" unit="dollars">15</measure></cell>
               <cell><measure commodity="currency" quantity="00" unit="cents">00</measure></cell>
               <cell/>
               <cell/>
            </row>
            <row xml:id="p102_36">
               <cell/>
               <cell><measure commodity="shirting" quantity="7 1/4" unit="yards">7 1/4 yrds shirting</measure>14x</cell>
               <cell><measure commodity="currency" quantity="1" unit="dollars">1</measure></cell>
               <cell><measure commodity="currency" quantity="22" unit="cents">22</measure></cell>
               <cell><measure commodity="currency" quantity="16" unit="dollars">16</measure></cell>
               <cell><measure commodity="currency" quantity="22" unit="censt">22</measure></cell>
            </row>
            <row xml:id="p102_37">
               <cell/>
               <cell><date when="1832-02-18">18</date></cell>
               <cell></cell>
               <cell></cell>
               <cell/>
               <cell/>
            </row>
            <row xml:id="p102_38">
               <cell>396</cell>
               <cell><name type="person" ref="pers_WCDH484">Samuel Morey</name>
                  <choice rend="align(right)">
                     <abbr>DR</abbr>
                     <expan>Dabtor</expan>
                  </choice></cell>
               <cell/>
               <cell/>
               <cell/>
               <cell/>
            </row>
            <row xml:id="p102_39">
               <cell></cell>
               <cell>To<measure commodity="wood" quantity="1" unit="cord">1 load wood</measure><measure commodity="currency" quantity="3.50" unit="dollars">3.50</measure></cell>
               <cell/>
               <cell/>
               <cell/>
               <cell/>
            </row>
            <row xml:id="102_40">
               <cell/>
               <cell>1/2 <measure commodity="currency" quantity="1.75" unit="dollars">1.75</measure></cell>
               <cell><measure commodity="currency" quantity="5" unit="dolllars">$5</measure></cell>
               <cell><measure commodity="currency" quantity="25" unit="cents">25</measure></cell>
               <cell/>
               <cell/>
            </row>
            <row xml:id="p102_41">
               <cell/>
               <cell><measure commodity="potatoes" quantity="1" unit="bushels">1 Brushed potatoes</measure>2/3</cell>
               <cell/>
               <cell><measure commodity="currency" quantity="38" unit="dollars">38</measure></cell>
               <cell><measure commodity="currency" quantity="6" unit="dollars">6</measure></cell>
               <cell><measure commodity="currency" quantity="63" unit="cents">63</measure></cell>
            </row>
            <row xml:id="p102_42">
               <cell>391</cell>
               <cell><name type="person" ref="pers_WCDH506">catharine Perham</name>
                  <choice rend="align(right)">
                     <abbr>DR</abbr>
                     <expan>Dabtor</expan>
                  </choice></cell>
               <cell/>
               <cell/>
               <cell/>
               <cell/>
            </row>
            <row xml:id="p102_43">
               <cell/>
               <cell>To<measure commodity="green ribbon" quantity="2 1/4" unit="yards">2 1/4 yrds. green ribbon</measure></cell>
               <cell></cell>
               <cell><measure commodity="currency" quantity="12" unit="dollars">12</measure>1/2</cell>
               <cell/>
               <cell/>
            </row>
            <row xml:id="p102_44">
               <cell/>
               <cell><date when="1832-02-22">22</date></cell>
               <cell/>
               <cell/>
               <cell/>
               <cell/>
            </row>
            <row xml:id="p102_45">
               <cell>368</cell>
               <cell><name type="person" ref="pers_WCDH574">Timothy Smith</name>
                  <choice rend="align(right)">
                     <abbr>DR</abbr>
                     <expan>Dabtor</expan>
                  </choice></cell>
               <cell/>
               <cell/>
               <cell/>
               <cell/>
            </row>
            <row xml:id="p102_46">
               <cell/>
               <cell>To<measure commodity="potatoe" quantity="1" unit="bushels">1 brushed potatoes</measure>2/3</cell>
               <cell></cell>
               <cell><measure commodity="currency" quantity="37" unit="dollars">37</measure></cell>
               <cell/>
               <cell/>
            </row>
            <row xml:id="p102_47">
               <cell>75</cell>
               <cell><name type="person" ref="pers_WCDH436">Anna Lincoln</name>
                  <choice rend="align(right)">
                     <abbr>DR</abbr>
                     <expan>Dabtor</expan>
                  </choice></cell>
               <cell/>
               <cell/>
               <cell/>
               <cell/>
            </row>
            <row xml:id="p102_48">
               <cell></cell>
               <cell>To do <measure commodity="Brick" quantity="1" unit="count">Brick 60x</measure>pr hundred</cell>
               <cell/> 
               <cell><measure commodity="currency" quantity="48" unit="dollars">48</measure></cell>
               <cell/>
               <cell/>
            </row>
            <row xml:id="p102_49">
               <cell/>
               <cell><date when="1832-02-28">28</date></cell>
               <cell/>
               <cell></cell>
               <cell/>
               <cell/>
            </row>
            <row xml:id="p102_50">
               <cell>Settled</cell>
               <cell><name type="person" ref="pers_WCDH331">Francis Guello</name>
                  <choice rend="align(right)">
                     <abbr>DR</abbr>
                     <expan>Dabtor</expan>
                  </choice></cell>
               <cell/>
               <cell></cell>
               <cell/>
               <cell></cell>
            </row>
            <row xml:id="p102_51">
               <cell/>
               <cell>To <measure commodity="wood" quantity="5" unit="cord">5 Feet wood Oak</measure></cell>
               <cell><measure commodity="currency" quantity="2" unit="dollars">2</measure></cell>
               <cell><measure commodity="currency" quantity="19" unit="cents">19</measure></cell>
               <cell/>
               <cell/>
            </row>
                     <pb n="103"/>
                     <fw type="pageNum">103</fw>
                     <table xml:id="p103" cols="6">
                        <head>Wednesday <date when="1832-02-29">text</date></head>
            <row xml:id="p103_52">
               <cell>343</cell>
               <cell><name type="person" ref="pers_WCDH221">Thomas Carpenter</name>
                  <choice rend="align(right)">
                     <abbr>DR</abbr>
                     <expan>Dabtor</expan>
                  </choice></cell>
               <cell/>
               <cell/>
               <cell/>
               <cell/>
            </row>
            <row xml:id="p103_53">
               <cell/>
               <cell>To <measure commodity="Brick" quantity="100" unit="count">100 Brick</measure>60/ <!--?--></cell>
               <cell/>
               <cell><measure commodity="currency" quantity="60" unit="dollars">60</measure></cell>
               <cell/>
               <cell/>
            </row>
            <row xml:id="p103_54">
               <cell>368</cell>
               <cell><name type="person" ref="pers_WCDH574">Timothy Smith</name>
                  <choice rend="align(right)">
                     <abbr>DR</abbr>
                     <expan>Dabtor</expan>
                  </choice></cell>
               <cell/>
               <cell/>
               <cell/>
               <cell/>
            </row>
            <row xml:id="p103_55">
               <cell/>
               <cell>To <measure commodity="potatoes" quantity="1" unit="bushels">1 brushed potatoes</measure>2/3</cell>
               <cell></cell>
               <cell><measure commodity="currency" quantity="37" unit="dollars">37</measure></cell>
               <cell/>
               <cell/>
            </row>
            <row xml:id="p103_56">
               <cell>Paid</cell>
               <cell><name type="person" ref="pers_WCDH359">Hiriam Hodges</name>
                  <choice rend="align(right)">
                     <abbr>DR</abbr>
                     <expan>Dabtor</expan>
                  </choice></cell>
               <cell/>
               <cell/>
               <cell/>
               <cell/>
            </row>
            <row xml:id="p103_57">
               <cell></cell>
               <cell>To <measure commodity="potatoes" quantity="1/2" unit="bushels">1/2 Brushed potatoes</measure>19x</cell>
               <cell/>
               <cell><measure commodity="currency" quantity="19" unit="dollars">19</measure></cell>
               <cell/>
               <cell/>
            </row>
            <row xml:id="p103_58">
               <cell><date when="1832-03-07">March 7</date></cell>
               <cell></cell>
               <cell></cell>
               <cell></cell>
               <cell/>
               <cell/>
            </row>
            <row xml:id="p103_59">
               <cell>117</cell>
               <cell><name type="person" ref="pers_WCDH276">Derius Drake</name>
                  <choice rend="align(right)">
                     <abbr>DR</abbr>
                     <expan>Dabtor</expan>
                  </choice></cell>
               <cell/>
               <cell/>
               <cell/>
               <cell/>
            </row>
            <row xml:id="p103_60">
               <cell></cell>
               <cell>To <measure commodity="potatoes" quantity="1" unit="bushels">1 Bushell white potatoes</measure></cell>
               <cell/>
               <cell><measure commodity="currency" quantity="38" unit="dollars">38</measure></cell>
               <cell/>
               <cell/>
            </row>
            <row xml:id="p103_61">
               <cell/>
               <cell>1 do red do</cell>
               <cell/>
               <cell><measure commodity="curreny" quantity="33" unit="dollars">33</measure></cell>
               <cell/>
               <cell/>
            </row>
            <row xml:id="p103_62">
               <cell/>
               <cell><date when="1832-03-12">12</date></cell>
               <cell></cell>
               <cell></cell>
               <cell/>
               <cell/>
            </row>
            <row xml:id="p103_63">
               <cell>392</cell>
               <cell><name type="person" ref="pers_WCDH359">Hiram Hodges</name>
                  <choice rend="align(right)">
                     <abbr>DR</abbr>
                     <expan>Dabtor</expan>
                  </choice></cell>
               <cell/>
               <cell/>
               <cell/>
               <cell/>
            </row>
            <row xml:id="p103_64">
               <cell/>
               <cell>To <measure commodity="labor" quantity="1" unit="day">chaise to Taunton</measure><!--?--></cell>
               <cell/>
               <cell/>
               <cell/>
               <cell/>
            </row>
            <row xml:id="p103_65">
               <cell/>
               <cell>Trip one day 3/</cell>
               <cell></cell>
               <cell></cell>
               <cell/>
               <cell/>
            </row>
            <row xml:id="p103_66">
               <cell/>
               <cell>" <!--?--> you to providence 6/</cell>
               <cell><measure commodity="currency" quantity="2" unit="dollars">2</measure></cell>
               <cell><measure commodity="currency" quantity="17" unit="cents">17</measure></cell>
               <cell></cell> 
               <cell></cell>
            </row>
            <row xml:id="p103_67">
               <cell><date when="1832-03-13">13</date></cell>
               <cell/>
               <cell/>
               <cell/>
               <cell/>
               <cell/>
            </row>
            <row xml:id="p103_68">
               <cell>308</cell>
               <cell><name type="person" ref="pers_WCDH574">Timothy Smith</name>
                  <choice rend="align(right)">
                     <abbr>DR</abbr>
                     <expan>Dabtor</expan>
                  </choice></cell>
               <cell/>
               <cell/>
               <cell/>
               <cell/>
            </row>
            <row xml:id="p103_69">
               <cell/>
               <cell>To <measure commodity="potatoes" quantity="1" unit="bushels">1 Bus potatoes</measure>2/</cell>
               <cell></cell>
               <cell><measure commodity="currency" quantity="33" unit="dollars">33</measure></cell>
               <cell/>
               <cell/>
            </row>
            <row xml:id="p103_70">
               <cell/>
               <cell><date when="1832-03-15">15</date></cell>
               <cell/>
               <cell/>
               <cell/>
               <cell/>
            </row>
            <row xml:id="p103_71">
               <cell>395</cell>
               <cell><name type="person" ref="pers_WCDH621">Thompson Tripp</name>
                  <choice rend="align(right)">
                     <abbr>DR</abbr>
                     <expan>Dabtor</expan>
                  </choice></cell>
               <cell/>
               <cell/>
               <cell/>
               <cell/>
            </row>
            <row xml:id="p103_72">
               <cell/>
               <cell>To paying your taxes<measure commodity="currency" quantity="2.02" unit="dollars">202</measure></cell>
               <cell></cell>
               <cell></cell>
               <cell/>
               <cell/>
            </row>
            <row xml:id="p103_73">
               <cell/>
               <cell> Paying for winding <measure commodity="watch" quantity="1" unit="count">watch</measure><measure commodity="currency" quantity="25" unit="dollars">25</measure></cell>
               <cell><measure commodity="currency" quantity="2" unit="dollars">2</measure></cell>
               <cell><measure commodity="currency" quantity="27" unit="cents">27</measure></cell>
               <cell/>
               <cell/>
            </row>
            <row xml:id="p103_74">
               <cell></cell>
               <cell><date when="1832-03-23">23</date></cell>
               <cell/>
               <cell/>
               <cell/>
               <cell/>
            </row>
            <row xml:id="p103_75">
               <cell>396</cell>
               <cell><name type="person" ref="pers_WCDH484">Samuel Morey</name>
                  <choice rend="align(right)">
                     <abbr>DR</abbr>
                     <expan>Dabtor</expan>
                  </choice></cell>
               <cell></cell>
               <cell></cell>
               <cell/>
               <cell/>
            </row>
            <row xml:id="p103_76">
               <cell/>
               <cell>To cash lent <measure commodity="currency" quantity="60" unit="dollars">60.00</measure></cell>
               <cell><measure commodity="currency" quantity="60" unit="dollars">60</measure></cell>
               <cell><measure commodity="currency" quantity="00" unit="cents">00</measure></cell>
               <cell/>
               <cell/>
            </row>
            <row xml:id="p103_77">
               <cell>396</cell>
               <cell>By pension received <measure commodity="currenyc" quantity="120" unit="dollars">120.00</measure></cell>
               <cell><measure commodity="currency" quantity="120" unit="dollars">120</measure></cell>
               <cell><measure commodity="currency" quantity="00" unit="cents">00</measure></cell>
               <cell/>
               <cell/>
            </row>
            <row xml:id="p103_78">
               <cell/>
               <cell>To paying for <!--?--> xc 1.75</cell>
               <cell><measure commodity="currency" quantity="1" unit="dollars">1</measure></cell>
               <cell><measure commodity="currency" quantity="75" unit="cents">75</measure></cell>
               <cell/>
               <cell/>
            </row>
            <row xml:id="p103_79">
               <cell>395</cell>
               <cell><name type="person" ref="pers_WCDH621">Tompson Tripp</name>
                  <choice rend="align(right)">
                     <abbr>DR</abbr>
                     <expan>Dabtor</expan>
                  </choice></cell>
               <cell/>
               <cell/>
               <cell/>
               <cell/>
            </row>
            <row xml:id="p103_80">
               <cell></cell>
               <cell>To paying Pter Lishman <measure commodity="currency" quantity="13.50" unit="dollars">13.50</measure></cell>
               <cell><measure commodity="currency" quantity="13" unit="dollars">13</measure></cell>
               <cell><measure commodity="currency" quantity="50" unit="cents">50</measure></cell>
               <cell/>
               <cell/>
            </row>
            <row xml:id="p103_81">
               <cell>393</cell>
               <cell><name type="person" ref="pers_WCDH650">Wheaton Wheeler</name>
                  <choice rend="align(right)">
                     <abbr>DR</abbr>
                     <expan>Dabtor</expan>
                  </choice></cell>
               <cell/>
               <cell></cell>
               <cell/>
               <cell/>
            </row>
            <row xml:id="p103_82">
               <cell/>
               <cell>To paying H. Hodges</cell>
               <cell><measure commodity="currency" quantity="2" unit="dollars">2</measure></cell>
               <cell><measure commodity="currency" quantity="76" unit="cents">76</measure></cell>
               <cell/>
               <cell></cell>
            </row>
           <pb n="103"/>
          <fw type="pageNum">103</fw>
         <table xml:id="p103" cols="6">
       <head><date when="1832-04-02">text</date></head>
            <row xml:id="p103_83">
               <cell>396</cell>
               <cell><name type="person" ref="pers_WCDH484">Samuel Morey</name>
                  <choice rend="align(right)">
                     <abbr>DR</abbr>
                     <expan>Dabtor</expan>
                  </choice></cell>
               <cell/>
               <cell/>
               <cell/>
               <cell/>
            </row>
            <row xml:id="p103_84">
               <cell></cell>
               <cell>To <measure commodity="wood" quantity="1" unit="cord">1 cord wood</measure><measure commodity="currency" quantity="3.50" unit="dollars">3.50</measure></cell>
               <cell><measure commodity="currency" quantity="3" unit="dollars">3</measure></cell>
               <cell><measure commodity="currency" quantity="50" unit="cents">50</measure></cell>
               <cell/>
               <cell/>
            </row>
            <row xml:id="p103_85">
               <cell><date when="1832-04-07">7th</date></cell>
               <cell></cell>
               <cell/>
               <cell></cell>
               <cell/>
               <cell/>
            </row>
            <row xml:id="p103_86">
               <cell>391</cell>
               <cell><name type="person" ref="pers_WCDH506">Catharine Perham</name>
                  <choice rend="align(right)">
                     <abbr>DR</abbr>
                     <expan>Dabtor</expan>
                  </choice></cell>
               <cell/>
               <cell/>
               <cell/>
               <cell/>
            </row>
            <row xml:id="p103_87">
               <cell></cell>
               <cell>To cash <name type="account" ref="LMWcash">cash</name>2/</cell>
               <cell/>
               <cell><measure commodity="currency" quantity="33" unit="dollars">33</measure></cell>
               <cell/>
               <cell/>
            </row>
            <row xml:id="p103_88">
               <cell>368</cell>
               <cell><name type="person" ref="pers_WCDH574">Timothy Smith</name>
                  <choice rend="align(right)">
                     <abbr>DR</abbr>
                     <expan>Dabtor</expan>
                  </choice></cell>
               <cell></cell>
               <cell></cell>
               <cell/>
               <cell/>
            </row>
            <row xml:id="p103_89">
               <cell/>
               <cell>To <measure commodity="labor" quantity="1" unit="day">chaise to Taunton</measure></cell>
               <cell/>
               <cell><measure commodity="currency" quantity="64" unit="dollars">64</measure></cell>
               <cell/>
               <cell/>
            </row>
            <row xml:id="p103_90">
               <cell></cell>
               <cell><date when="1832-04-09">9</date></cell>
               <cell/>
               <cell></cell>
               <cell/>
               <cell/>
            </row>
            <row xml:id="p103_91">
               <cell/>
               <cell>To <measure commodity="potatoes" quantity="1" unit="bushels">Bus potatoes</measure>2/3</cell>
               <cell/>
               <cell><measure commodity="currency" quantity="37" unit="dollars">37</measure></cell>
               <cell/>
               <cell/>
            </row>
            <row xml:id="p103_92">
               <cell/>
               <cell><date when="1832-04-10">10</date></cell><cell/>
               <cell></cell>
               <cell/>
               <cell/>
            </row>
            <row xml:id="p103_93">
               <cell>392</cell>
               <cell><name type="person" ref="pers_WCDH359">Hiram Hodges</name>
                  <choice rend="align(right)">
                     <abbr>DR</abbr>
                     <expan>Dabtor</expan>
                  </choice></cell>
               <cell/>
               <cell/>
               <cell/>
               <cell/>
            </row>
            <row xml:id="p103_94">
               <cell></cell>
               <cell>To <measure commodity="potatoes" quantity="1/2" unit="bushels">1/2 Bus potatoes</measure>2/3</cell>
               <cell/>
               <cell><measure commodity="currency" quantity="19" unit="dollars">19</measure></cell>
               <cell/>
               <cell/>
            </row>
            <row xml:id="p103_95">
               <cell>45</cell>
               <cell><name type="person" ref="pers_WCDH570">Noah Smith</name>
                  <choice rend="align(right)">
                     <abbr>DR</abbr>
                     <expan>Dabtor</expan>
                  </choice></cell>
               <cell></cell>
               <cell></cell>
               <cell/>
               <cell/>
            </row>
            <row xml:id="p103_96">
               <cell/>
               <cell>To cash <!--?--></cell>
               <cell><measure commodity="currecny" quantity="15" unit="dollars">15</measure></cell>
               <cell><measure commodity="currency" quantity="73" unit="cents">73</measure></cell> 
               <cell/>
               <cell/>
            </row>
            <row xml:id="p103_97">
               <cell><date when="1832-04-12">12th</date></cell>
               <cell></cell>
               <cell/>
               <cell/>
               <cell/>
               <cell/>
            </row>
            <row xml:id="p103_98">
               <cell>391</cell>
               <cell><name type="person" ref="pers_WCDH506">Catharine A Perham</name>
                  <choice rend="align(right)">
                     <abbr>DR</abbr>
                     <expan>Dabtor</expan>
                  </choice></cell>
               <cell></cell>
               <cell></cell>
               <cell/>
               <cell/>
            </row>
            <row xml:id="p103_99">
               <cell/>
               <cell>To <name type="account" ref="LMWcash">cash</name> <measure commodity="currency" quantity="50" unit="dollars"></measure>3/ for H.M.S.</cell>
               <cell></cell>
               <cell><measure commodity="currency" quantity="50" unit="dollars">50</measure></cell>
               <cell></cell>
               <cell></cell>
            </row>
            <row xml:id="p103_100">
               <cell>392</cell>
               <cell><name type="person" ref="pers_WCDH359">Hiram Hodges</name>
                  <choice rend="align(right)">
                     <abbr>DR</abbr>
                     <expan>Dabtor</expan>
                  </choice></cell>
               <cell></cell>
               <cell></cell>
               <cell/>
               <cell/>
            </row>
            <row xml:id="p103_101">
               <cell/>
               <cell>To <measure commodity="wood" quantity="3" unit="Feet">3 Ft. wood</measure>50x ft.</cell>
               <cell><measure commodity="currency" quantity="1" unit="dollars">1</measure></cell>
               <cell><measure commodity="currency" quantity="50" unit="cents">50</measure></cell>
               <cell/>
               <cell/>
            </row>
            <row xml:id="p103_102">
               <cell>391</cell>
               <cell><name type="person" ref="pers_WCDH506">Catharine A Perham</name>
                  <choice rend="align(right)">
                     <abbr>DR</abbr>
                     <expan>Dabtor</expan>
                  </choice></cell>
               <cell/>
               <cell/>
               <cell/>
               <cell/>
            </row>
            <row xml:id="p103_103">
               <cell/>
               <cell> To <measure commodity="ribbon" quantity="1" unit="count">ribbon</measure>/6</cell>
               <cell></cell>
               <cell><measure commodity="currency" quantity="3" unit="dollars">3</measure></cell>
               <cell/>
               <cell/>
            </row>
