<?xml version="1.0" encoding="UTF-8"?>
<?oxygen RNGSchema="http://www.tei-c.org/release/xml/tei/custom/schema/relaxng/tei_all.rng" type="xml"?>
<TEI xmlns="http://www.tei-c.org/ns/1.0">
   <teiHeader>
      <fileDesc>
         <titleStmt>
            <title>LMW Day Book, pp. 100-149</title>
            <author>L.M. Wheaton</author>
         </titleStmt>
         <publicationStmt>
            <p>Sahilia Ramirez Summer 2016, Wheaton College</p>
         </publicationStmt>
         <sourceDesc>
            <biblFull>
               <titleStmt>
                  <title>Account Books, pp.100-149</title>
                  <author>L.M. Wheaton</author>
                  <respStmt>
                     <resp> TEI-compatible XML markup by <name type="person">Sahilia RAmirez</name>
                        with corrections by <name type="person">Name</name>, <name
                           type="person">Name</name>, and <name type="person">Name</name>.</resp>
                     <name type="person">Name</name>
                  </respStmt>
               </titleStmt>
               <publicationStmt>
                  <p>Sahilia Ramirez Summer 2016, Wheaton College</p>
               </publicationStmt>
               <sourceDesc>
                  <p> From the Marion B. Gebbie Archives and Special Collections at the Madeleine
                     Clark Wallace Library, Wheaton College </p>
               </sourceDesc>
            </biblFull>
         </sourceDesc>
      </fileDesc>
   </teiHeader>
   <text>
      <body>
         <pb n="101"/>
         <fw type="pageNum">101</fw>
         <table xml:id="p101" cols="6">
            <head>Tuesday <date when="1832-11-28">text</date></head>
            <row xml:id="p101_01">
               <cell>77</cell>
               <cell>
                  <name type="person" ref="pers_WCDH167">David B Bates</name>
                  <choice rend="align(right)">
                     <abbr>DR</abbr>
                     <expan>Dabtor</expan>
                  </choice>
               </cell>
               <cell/>
               <cell/>
               <cell/>
               <cell/>
            </row>
            <row xml:id="p101_02">
               <cell></cell>
               <cell>To<measure commodity="pine plank" quantity="15" unit="Feet">15 Ftt. Pine Plank</measure>3x</cell>
               <cell></cell>
               <cell><measure commodity="currency" quantity="45" unit="dollars">45</measure></cell>
               <cell/>
               <cell/>
            </row>
            <row xml:id="p101_03">
               <cell>Bill</cell>
               <cell> <name type="person" ref="pers_WCDH404">Summer Knapp</name>
                  <choice rend="align(right)">
                     <abbr>DR</abbr>
                     <expan>Dabtor</expan>
                  </choice></cell>
               <cell></cell>
               <cell/>
               <cell></cell>
               <cell></cell>
            </row>
            <row xml:id="p100_04">
               <cell/>
               <cell>To<measure commodity="labor" quantity="1" unit="day">my oxen this day to draw wood</measure></cell>
               <cell/>
               <cell><measure commodity="currency" quantity="50" unit="dollars">50</measure></cell>
               <cell/>
               <cell/>
            </row>
            <row xml:id="p101_05">
               <cell>397</cell>
               <cell> <name type="person" ref="pers_WCDH599">Richard T Sweet</name>
                  <choice rend="align(right)">
                     <abbr>DR</abbr>
                     <expan>Dabtor</expan>
                  </choice></cell>
               <cell/>
               <cell/>
               <cell/>
               <cell/>
            </row>
            <row xml:id="p101_06">
               <cell/>
               <cell>To<measure quantity="2" unit="Quarts">2 Qts.</measure></cell>
               <cell></cell>
               <cell><measure commodity="currency" quantity="44" unit="dollars">44</measure></cell>
               <cell/>
               <cell/>
            </row>
            <row xml:id="p101_07">
               <cell/>
               <cell><date when="1832-11-29">29</date></cell>
               <cell/>
               <cell/>
               <cell/>
               <cell/>
            </row>
            <row xml:id="p101_08">
               <cell>Bill</cell>
               <cell> <name type="person" ref="pers_WCDH404">Summer Knapp</name>
                  <choice rend="align(right)">
                     <abbr>DR</abbr>
                     <expan>Dabtor</expan>
                  </choice></cell>
               <cell/>
               <cell/>
               <cell/>
               <cell/>
            </row>
            <row xml:id="p101_09">
               <cell/>
               <cell>To<measure commodity="labor" quantity="1" unit="day">my oxen one day</measure>3/</cell>
               <cell></cell>
               <cell></cell>
               <cell/>
               <cell/>
            </row>
            <row xml:id="p101_10">
               <cell>Paid</cell>
               <cell> <name type="person" ref="pers_WCDH167">David b Bates</name>
                  <choice rend="align(right)">
                     <abbr>DR</abbr>
                     <expan>Dabtor</expan>
                  </choice></cell>
               <cell/>
               <cell/>
               <cell/>
               <cell/>
            </row>
            <row xml:id="p101_11">
               <cell></cell>
               <cell>By<measure commodity="wine" quantity="1" unit="gallon">1 Gallon L. Wine</measure>8/</cell>
               <cell><measure commodity="currency" quantity="1" unit="dollars">1</measure></cell>
               <cell><measure commodity="currency" quantity="33" unit="cents">33</measure></cell>
               <cell/>
               <cell/>
            </row>
            <row xml:id="p101_12">
               <cell>395</cell>
               <cell> <name type="person" ref="pers_WCDH621">Thompson Tripp</name>
                  <choice rend="align(right)">
                     <abbr>DR</abbr>
                     <expan>Dabtor</expan>
                  </choice></cell>
               <cell></cell>
               <cell></cell>
               <cell/>
               <cell/>
            </row>
            <row xml:id="p101_13">
               <cell/>
               <cell>To<measure commodity="Buckskin mittens" quantity="1" unit="count">1 pr Buckskin Mittens</measure>2/6</cell>
               <cell/>
               <cell><measure commodity="currency" quantity="42" unit="dollars">42</measure></cell>
               <cell/>
               <cell/>
            </row>
            <row xml:id="p101_14">
               <cell>308</cell>
               <cell> <name type="person" ref="pers_WCDH574">Timonthy Smith</name>
                  <choice rend="align(right)">
                     <abbr>DR</abbr>
                     <expan>Dabtor</expan>
                  </choice></cell>
               <cell/>
               <cell/>
               <cell/>
               <cell/>
            </row>
            <row xml:id="p101_15">
               <cell/>
               <cell>To<measure commodity="brooms" quantity="3" unit="count">three Brooms</measure>1/</cell>
               <cell></cell>
               <cell><measure commodity="currency" quantity="50" unit="dollars">50</measure></cell>
               <cell/>
               <cell/>
            </row>
            <row xml:id="p101_16">
               <cell>Settled</cell>
               <cell> <name type="person" ref="pers_WCDH230">Oliver b Clapp</name>
                  <choice rend="align(right)">
                     <abbr>DR</abbr>
                     <expan>Dabtor</expan>
                  </choice></cell>
               <cell/>
               <cell/>
               <cell/>
               <cell/>
            </row>
            <row xml:id="p101_17">
               <cell></cell>
               <cell>To<measure commodity="goose" quantity="1" unit="pounds">1 goose 8lb</measure>bb. 8 1/2ths </cell>
               <cell/>
               <cell><measure commodity="currency" quantity="68" unit="dollars">68</measure></cell>
               <cell/>
               <cell/>
            </row>
            <row xml:id="p101_18">
               <cell>395</cell>
               <cell><name type="person" ref="pers_WCDH621">Thompson Tripp</name>
                  <choice rend="align(right)">
                     <abbr>DR</abbr>
                     <expan>Dabtor</expan>
                  </choice></cell>
               <cell></cell>
               <cell></cell>
               <cell/>
               <cell/>
            </row>
            <row xml:id="p101_19">
               <cell></cell>
               <cell>To<name type="account" ref="LMWcash">cash</name>for H.kT. 6/</cell>
               <cell/>
               <cell></cell>
               <cell/>
               <cell></cell>
            </row>
            <row xml:id="p101_20">
               <cell/>
               <cell><measure commodity="pants" quantity="1" unit="count">1/pr Blk. Pants</measure><measure commodity="currency" quantity="100" unit="dollars">100</measure></cell>
               <cell><measure commodity="currency" quantity="1" unit="dollars">1</measure></cell>
               <cell><measure commodity="currency" quantity="00" unit="cents">00</measure></cell>
               <cell/>
               <cell/>
            </row>
            <row xml:id="p101_21">
               <cell>Settled</cell>
               <cell><name type="person" ref="">Henery Clement</name>
                  <choice rend="align(right)">
                     <abbr>DR</abbr>
                     <expan>Dabtor</expan>
                  </choice></cell>
               <cell/>
               <cell/>
               <cell/>
               <cell/>
            </row>
            <row xml:id="p101_22">
               <cell/>
               <cell>To<measure commodity="goose" quantity="1" unit="pounds">goose 8lb</measure>at 8x</cell>
               <cell/>
               <cell><measure commodity="currency" quantity="14" unit="dollars">14</measure></cell>
               <cell/>
               <cell/>
            </row>
            <row xml:id="p101_23">
               <cell>373</cell>
               <cell><name type="person" ref="pers_WCDH579">Amos Starkey </name>
                  <choice rend="align(right)">
                     <abbr>DR</abbr>
                     <expan>Dabtor</expan>
                  </choice></cell>
               <cell/>
               <cell/>
               <cell/>
               <cell/>
            </row>
            <row xml:id="p101_24">
               <cell></cell>
               <cell>To<measure commodity="compasses" quantity="1" unit="count">1/pr compasses</measure>taken without leave</cell>
               <cell><measure commodity="miter box" quantity="1" unit="count">1 miter Box</measure>1/6</cell>
               <cell><date when="1830-04-01">since April 1830</date></cell>
               <cell/>
               <cell/>
            </row>
            <pb n="101"/>
            <fw type="pageNum">101</fw>
            <table xml:id="p101" cols="6">
               <head>Tuesday <date when="1831-12-09">text</date></head>
            <row xml:id="p101_25">
               <cell>Bill</cell>
               <cell><name type="person" ref="pers_WCDH404">Summer Knapp </name>
                  <choice rend="align(right)">
                     <abbr>DR</abbr>
                     <expan>Dabtor</expan>
                  </choice></cell>
               <cell></cell>
               <cell></cell>
               <cell/>
               <cell/>
            </row>
            <row xml:id="p101_26">
               <cell/>
               <cell>To<measure commodity="labor" quantity="1/2" unit="day">my oxen a large 1/2 Day</measure>2/</cell>
               <cell/>
               <cell><measure commodity="currency" quantity="33" unit="dollars">33</measure></cell>
               <cell/>
               <cell/>
            </row>
            <row xml:id="p101_27">
               <cell>356</cell>
               <cell><name type="person" ref="pers_WCDH699">Samuel Wrigley</name>
                  <choice rend="align(right)">
                     <abbr>DR</abbr>
                     <expan>Dabtor</expan>
                  </choice></cell>
               <cell/>
               <cell/>
               <cell/>
               <cell/>
            </row>
            <row xml:id="p101_28">
               <cell/>
               <cell>To (?)</cell>
               <cell/>
               <cell><measure commodity="currency" quantity="17" unit="dollars">17</measure></cell>
               <cell/>
               <cell/>
            </row>
            <row xml:id="p101_29">
               <cell/>
               <cell><date when="1832-12-15">15</date></cell><cell/>
               <cell></cell>
               <cell/>
               <cell/>
            </row>
            <row xml:id="p101_30">
               <cell>392</cell>
               <cell><name type="person" ref="pers_WCDH359">Hiram Hodges</name>
                  <choice rend="align(right)">
                     <abbr>DR</abbr>
                     <expan>Dabtor</expan>
                  </choice></cell>
               <cell/>
               <cell/>
               <cell/>
               <cell/>
            </row>
            <row xml:id="p101_31">
               <cell></cell>
               <cell>To<measure commodity="labor" quantity="1" unit="day">chaise to Taunton</measure>8x</cell>
               <cell/>
               <cell><measure commodity="currency" quantity="64" unit="dollars">64</measure></cell>
               <cell/>
               <cell/>
            </row>
            <row xml:id="p101_32">
               <cell/>
               <cell><date when="1832-12-19">19</date></cell>
               <cell></cell>
               <cell></cell>
               <cell/>
               <cell/>
            </row>
            <row xml:id="p101_33">
               <cell>396</cell>
               <cell><name type="person" ref="pers_WCDH484">Samuel Morey</name>
                  <choice rend="align(right)">
                     <abbr>DR</abbr>
                     <expan>Dabtor</expan>
                  </choice></cell>
               <cell/>
               <cell/>
               <cell/>
               <cell/>
            </row>
            <row xml:id="p101_34">
               <cell></cell>
               <cell>To<measure commodity="wood" quantity="1" unit="cord">1 board of wood</measure></cell>
               <cell><measure commodity="currency" quantity="3" unit="dollars">3</measure></cell>
               <cell><measure commodity="currency" quantity="50" unit="cents">50</measure></cell>
               <cell/>
               <cell/>
            </row>
            <row xml:id="p101_35">
               <cell/>
               <cell><date when="1832-12-30">30</date></cell>
               <cell></cell>
               <cell></cell>
               <cell/>
               <cell/>
            </row>
            <row xml:id="p101_36">
               <cell>393</cell>
               <cell><name type="person" ref="pers_WCDH650">Wheaton Wheelon</name>
                  <choice rend="align(right)">
                     <abbr>DR</abbr>
                     <expan>Dabtor</expan>
                  </choice></cell>
               <cell></cell>
               <cell></cell>
               <cell></cell>
               <cell></cell>
            </row>
            <row xml:id="p101_37">
               <cell/>
               <cell>To<measure commodity="Rye" quantity="1/2" unit="pounds">1/2 lb of Rye</measure>6/9</cell>
               <cell></cell>
               <cell><measure commodity="currency" quantity="56" unit="dollars">56</measure></cell>
               <cell/>
               <cell/>
            </row>
            <row xml:id="p101_38">
               <cell>395</cell>
               <cell><name type="person" ref="pers_WCDH621">Thompson Tripp</name>
                  <choice rend="align(right)">
                     <abbr>DR</abbr>
                     <expan>Dabtor</expan>
                  </choice></cell>
               <cell/>
               <cell/>
               <cell/>
               <cell/>
            </row>
            <row xml:id="p101_39">
               <cell></cell>
               <cell>To<name type="account" ref="LMWcash">cash</name><measure commodity="currency" quantity="54" unit="dollars">54</measure></cell>
               <cell><measure commodity="currency" quantity="9" unit="dollars">9</measure></cell>
               <cell><measure commodity="currency" quantity="00" unit="cents">00</measure></cell>
               <cell/>
               <cell/>
            </row>
               <pb n="101"/>
               <fw type="pageNum">101</fw>
               <table xml:id="p101" cols="6">
                  <head>Tuesday <date when="1832-01-10">text</date></head>
            <row xml:id="p101_40">
               <cell>393</cell>
               <cell><name type="person" ref="pers_WCDH650">Wheaton Wheelon</name>
                  <choice rend="align(right)">
                     <abbr>DR</abbr>
                     <expan>Dabtor</expan>
                  </choice></cell>
               <cell></cell>
               <cell></cell>
               <cell/>
               <cell/>
            </row>
            <row xml:id="p101_41">
               <cell/>
               <cell>By<name type="account" ref="LMWcash">cash</name>3/</cell>
               <cell/>
               <cell><measure commodity="currency" quantity="50" unit="dollars">50</measure></cell>
               <cell/>
               <cell/>
            </row>
            <row xml:id="p101_42">
               <cell></cell>
               <cell><date when="1833-01-11">11</date></cell>
               <cell/>
               <cell/>
               <cell/>
               <cell/>
            </row>
            <row xml:id="p101_43">
               <cell>396</cell>
               <cell><name type="person" ref="pers_WCDH484">Samuel Morey</name>
                  <choice rend="align(right)">
                     <abbr>DR</abbr>
                     <expan>Dabtor</expan>
                  </choice></cell>
               <cell></cell>
               <cell></cell>
               <cell/>
               <cell/>
            </row>
            <row xml:id="p101_44">
               <cell/>
               <cell>To<measure commodity="wood" quantity="9" unit="feet">9 Ft wood</measure></cell>
               <cell><measure commodity="currency" quantity="3" unit="dollars">3</measure></cell>
               <cell><measure commodity="currency" quantity="94" unit="cents">94</measure></cell>
               <cell/>
               <cell/>
            </row>
            <row xml:id="p101_45">
               <cell></cell>
               <cell> Phillip B King</cell>
               <cell/>
               <cell/>
               <cell/>
               <cell/>
            </row>
            <row xml:id="p101_46">
               <cell/>
               <cell>To<measure commodity="labor" quantity="1" unit="day">oxen 1 Day</measure>3/</cell>
               <cell></cell>
               <cell><measure commodity="currency" quantity="50" unit="dollars">50</measure></cell>
               <cell/>
               <cell/>
            </row>