<?xml version="1.0" encoding="UTF-8"?>
<?oxygen RNGSchema="http://www.tei-c.org/release/xml/tei/custom/schema/relaxng/tei_all.rng" type="xml"?>
<TEI xmlns="http://www.tei-c.org/ns/1.0">
   <teiHeader>
      <fileDesc>
         <titleStmt>
            <title>LMW Day Book, pp. 000-000</title>
            <author>L.M. Wheaton</author>
         </titleStmt>
         <publicationStmt>
            <p>Transcribed by Sahilia Ramirez, Summer 2016, Wheaton College</p>
         </publicationStmt>
         <sourceDesc>
            <biblFull>
               <titleStmt>
                  <title>Account Books, pp.100-149</title>
                  <author>L.M. Wheaton</author>
                  <respStmt>
                     <resp> TEI-compatible XML markup by <name type="person">Sahilia Ramirez</name>
                        with corrections by <name type="person">Name</name>, <name
                           type="person">Name</name>, and <name type="person">Name</name>.</resp>
                     <name type="person">Name</name>
                  </respStmt>
               </titleStmt>
               <publicationStmt>
                  <p>Transcribed by Sahilia Ramirez, summer 2016, Wheaton College</p>
               </publicationStmt>
               <sourceDesc>
                  <p> From the Marion B. Gebbie Archives and Special Collections at the Madeleine
                     Clark Wallace Library, Wheaton College </p>
               </sourceDesc>
            </biblFull>
         </sourceDesc>
      </fileDesc>
   </teiHeader>
   <text>
      <body>
         <pb n="100"/>
         <fw type="pageNum">100</fw>
         <table xml:id="p100" cols="6">
            <head>Tuesday <date when="1831-09-06">Norton</date></head>
            <row xml:id="p100_01">
               <cell>393</cell>
               <cell>
                  <name type="person" ref="pers_WCDH650">Wheaton Wheeler</name>
                  <choice rend="align(right)">
                     <abbr>DR</abbr>
                     <expan>Debtor</expan>
                  </choice>
               </cell>
               <cell/>
               <cell/>
               <cell/>
               <cell/>
            </row>
            <row xml:id="p100_02">
               <cell/>
               <cell>To<measure commodity="corn" quantity="1/2" unit="bushels">1/2 Bushel Corn</measure></cell>
               <cell></cell>
               <cell><measure commodity="currency" quantity="50" unit="dollars">50</measure></cell>
               <cell/>
               <cell/>
            </row>
            <row xml:id="p100_03">
               <cell/>
               <cell><date when="1831-09-12">12</date></cell>
               <cell></cell>
               <cell/>
               <cell></cell>
               <cell></cell>
            </row>
            <row xml:id="p100_04">
               <cell>396</cell>
               <cell>
                  <name type="person" ref="pers_WCDH484">Samuel Morey</name>
                        <choice rend="align(right)">
                           <abbr>DR</abbr>
                           <expan>Debtor</expan>
                        </choice>
               </cell>
               <cell/>
               <cell/>
               <cell/>
               <cell/>
            </row>
            <row xml:id="p100_05">
               <cell></cell>
               <cell>By pension recieved</cell>
               <cell><measure commodity="currency" quantity="120" unit="dollars">120</measure></cell>
               <cell><measure commodity="currency" quantity="00" unit="cents">00</measure></cell>
               <cell/>
               <cell/>
            </row>
            <row xml:id="p100_06">
               <cell/>
               <cell>To <!--?--> for <!--?--> 100</cell>
               <cell></cell>
               <cell></cell>
               <cell/>
               <cell/>
            </row>
            <row xml:id="p100_07">
               <cell/>
               <cell>"Do. of <!--?-->504</cell>
               <cell/>
               <cell/>
               <cell/>
               <cell/>
            </row>
            <row xml:id="p100_08">
               <cell></cell>
               <cell>Cash Paid him <measure commodity="currency" quantity="62" unit="dollars">$62.00</measure></cell>
               <cell><measure commodity="currency" quantity="53" unit="dollars">53</measure></cell>
               <cell><measure commodity="currency" quantity="50" unit="cents">50</measure></cell>
               <cell/>
               <cell/>
            </row>
            <row xml:id="p100_09">
               <cell/>
               <cell><date when="1831-09-17">17</date></cell>
               <cell></cell>
               <cell></cell>
               <cell/>
               <cell/>
            </row>
            <row xml:id="p100_10">
               <cell>395</cell>
               <cell> <name type="person" ref="pers_WCDH621">Thompson Tripp</name>
                  <choice rend="align(right)">
                     <abbr>DR</abbr>
                     <expan>Debtor</expan>
                  </choice>
               </cell>
               <cell/>
               <cell/>
               <cell/>
               <cell/>
            </row>
            <row xml:id="p100_11">
               <cell></cell>
               <cell>To <name type="account" ref="LMWcash">cash</name><measure commodity="currency" quantity="61" unit="dollars">61</measure>at Smithy</cell>
               <cell><measure commodity="currency" quantity="1" unit="dollars">1</measure></cell>
               <cell><measure commodity="currency" quantity="00" unit="cents">00</measure></cell>
               <cell/>
               <cell/>
            </row>
            <row xml:id="p100_12">
               <cell/>
               <cell><date when="1831-09-24"></date></cell>
               <cell></cell>
               <cell></cell>
               <cell/>
               <cell/>
            </row>
            <row xml:id="p100_13">
               <cell>395</cell>
               <cell> <name type="person" ref="pers_WCDH621">Thompson Tripp</name>
                  <choice rend="align(right)">
                     <abbr>DR</abbr>
                     <expan>Debtor</expan>
                  </choice></cell>
               <cell/>
               <cell/>
               <cell/>
               <cell/>
            </row>
            <row xml:id="p100_14">
               <cell></cell>
               <cell>To<name type="account" ref="LMWcash">cash</name> <measure commodity="currency" quantity="30" unit="dollars">30/</measure></cell>
               <cell><measure commodity="currency" quantity="5" unit="dollars">5</measure></cell>
               <cell><measure commodity="currency" quantity="00" unit="cents">00</measure></cell>
               <cell/>
               <cell/>
            </row>
            <pb n="100"/>
            <fw type="pageNum">100</fw>
            <table xml:id="p100" cols="6">
               <head><date when="1831-10-08"></date></head>
            <row xml:id="p100_15">
               <cell>368</cell>
               <cell><name type="person" ref="pers_WCDH574">Timothy Smith</name>
                  <choice rend="align(right)">
                     <abbr>DR</abbr>
                     <expan>Debtor</expan>
                  </choice></cell>
               <cell></cell>
               <cell></cell>
               <cell/>
               <cell/>
            </row>
            <row xml:id="p100_16">
               <cell/>
               <cell>To <measure commodity="lard" quantity="6" unit="pounds">6 LB Lard</measure>10x</cell>
               <cell/>
               <cell/>
               <cell/>
               <cell/>
            </row>
            <row xml:id="p100_17">
               <cell></cell>
               <cell><measure commodity="lard" quantity="7 1/4" unit="pounds">7 1/4 LB</measure>do 10x</cell>
               <cell><measure commodity="currency" quantity="1" unit="dollars">1</measure></cell>
               <cell><measure commodity="currency" quantity="33" unit="cents">33</measure></cell>
               <cell/>
               <cell/>
            </row>
               <pb n="100"/>
               <fw type="pageNum">100</fw>
               <table xml:id="p100" cols="6">
                  <head><date when="1831-10-10">Norton</date></head>
            <row xml:id="p100_18">
               <cell>392</cell>
               <cell><name type="person" ref="pers_WCDH359">Hiram Hodges</name>
                  <choice rend="align(right)">
                     <abbr>DR</abbr>
                     <expan>Debtor</expan>
                  </choice></cell>
               <cell/>
               <cell><date when="1831-10-21">21</date></cell>
               <cell/>
               <cell/>
            </row>
            <row xml:id="p100_19">
               <cell/>
               <cell>To<measure commodity="lard" quantity="5" unit="pounds">5 Lb 11 OZ Lard</measure>- 19 pr bb 71</cell>
               <cell/>
               <cell></cell>
               <cell/>
               <cell></cell>
            </row>
            <row xml:id="p100_20">
               <cell/>
               <cell>To<measure commodity="butter" quantity="4" unit="pounds">4 LB Butter</measure>13 pr bb 72</cell>
               <cell><measure commodity="currency" quantity="1" unit="dollars">1</measure></cell>
               <cell><measure commodity="currency" quantity="73" unit="dollars">73</measure></cell>
               <cell><measure commodity="currency" quantity="1" unit="dollars">1</measure></cell>
               <cell><measure commodity="currency" quantity="73" unit="dollars">73</measure></cell>
            </row>
                  <pb n="100"/>
                  <fw type="pageNum">100</fw>
                  <table xml:id="p100" cols="6">
                     <head><date when="1831-10-11">Norton</date></head>
            <row xml:id="p100_21">
               <cell>368</cell>
               <cell><name type="person" ref="pers_WCDH574">Timothy Smith</name>
                  <choice rend="align(right)">
                     <abbr>DR</abbr>
                     <expan>Debtor</expan>
                  </choice></cell>
               <cell/>
               <cell/>
               <cell/>
               <cell/>
            </row>
            <row xml:id="p100_22">
               <cell/>
               <cell>To<measure commodity="butter" quantity="6" unit="pounds">6 LB 14 OZ Butter</measure>1 for pr bb <measure commodity="currency" quantity="1.15" unit="dollars">1.15</measure></cell>
               <cell/>
               <cell></cell>
               <cell/>
               <cell/>
            </row>
            <row xml:id="p100_23">
               <cell/>
               <cell>To<measure commodity="milk" quantity="14" unit="quarts">14 qrts New Milk</measure><measure commodity="currency" quantity="56" unit="dollars">56</measure></cell>
               <cell/> 
               <cell/>
               <cell/>
               <cell/>
            </row>
            <row xml:id="p100_24">
               <cell></cell>
               <cell>To<measure quantity="6" unit="quarts">6 Qts ft.</measure>do 26</cell>
               <cell><measure commodity="currency" quantity="1" unit="dollars">1</measure></cell>
               <cell><measure commodity="currency" quantity="97" unit="dollars">97</measure></cell>
               <cell/>
               <cell/>
            </row>
            <row xml:id="p100_25">
               <cell>396</cell>
               <cell><name type="person" ref="pers_WCDH484">Samuel Morey</name>
                  <choice rend="align(right)">
                     <abbr>DR</abbr>
                     <expan>Debtor</expan>
                  </choice></cell>
               <cell></cell>
               <cell></cell>
               <cell/>
               <cell/>
            </row>
            <row xml:id="p100_26">
               <cell/>
               <cell>To<name type="account" ref="LMWcash">cash</name> <measure commodity="currency" quantity="25" unit="dollars">twenty five dollares</measure>25.00</cell>
               <cell><measure commodity="currency" quantity="25" unit="dollars">25</measure></cell>
               <cell><measure commodity="currency" quantity="00" unit="cents">00</measure></cell>
               <cell/>
               <cell/>
            </row>
            <row xml:id="p100_27">
               <cell></cell>
               <cell><date when="1831-10-15">15</date></cell>
               <cell/>
               <cell/>
               <cell/>
               <cell/>
            </row>
            <row xml:id="p100_28">
               <cell>Settled</cell>
               <cell><name type="person" ref="pers_WCDH149">Mrs. Babcock</name>
                  <choice rend="align(right)">
                     <abbr>DR</abbr>
                     <expan>Debtor</expan>
                  </choice></cell>
               <cell/>
               <cell></cell>
               <cell/>
               <cell/>
            </row>
            <row xml:id="p100_29">
               <cell/>
               <cell>By<measure commodity="labor" quantity="1" unit="day">work from this day</measure>paid</cell><cell/>
               <cell><measure commodity="currency" quantity="2" unit="dollars">$2</measure></cell>
               <cell><measure commodity="currency" quantity="00" unit="cents">00</measure></cell>
               <cell/>
            </row>
            <row xml:id="p100_30">
               <cell/>
               <cell><date when="1831-10-24">24</date></cell>
               <cell/>
               <cell/>
               <cell/>
               <cell/>
            </row>
            <row xml:id="p100_31">
               <cell>392</cell>
               <cell><name type="person" ref="pers_WCDH359">Hiram Hodges Agt.</name>
                  <choice rend="align(right)">
                     <abbr>DR</abbr>
                     <expan>Debtor</expan>
                  </choice></cell>
               <cell/>
               <cell/>
               <cell/>
               <cell/>
            </row>
            <row xml:id="p100_32">
               <cell/>
               <cell>To<measure commodity="rosin" quantity="3/4" unit="bushels">3/4 bU. Rosin</measure></cell>
               <cell></cell>
               <cell><measure commodity="currency" quantity="4" unit="dollars">4</measure></cell>
               <cell/>
               <cell/>
            </row>
            <row xml:id="p100_33">
               <cell/>
               <cell><date when="1831-10-30">30</date></cell>
               <cell/>
               <cell/>
               <cell/>
               <cell/>
            </row>
            <row xml:id="p100_34">
               <cell>395</cell>
               <cell><name type="person" ref="pers_WCDH621">Thompson Smith</name>
                  <choice rend="align(right)">
                     <abbr>DR</abbr>
                     <expan>Debtor</expan>
                  </choice></cell>
               <cell/>
               <cell/>
               <cell/>
               <cell/>
            </row>
            <row xml:id="p100_35">
               <cell/>
               <cell>To<name type="account" ref="LMWcash">cash</name> 20x</cell>
               <cell></cell>
               <cell><measure commodity="currency" quantity="20" unit="dollars">20</measure></cell>
               <cell/>
               <cell/>
            </row>
            <row xml:id="p100_36">
               <cell>392</cell>
               <cell><name type="person" ref="pers_WCDH359">Hiram Hodges</name>
                  <choice rend="align(right)">
                     <abbr>DR</abbr>
                     <expan>Debtor</expan>
                  </choice> </cell>
               <cell>To<measure commodity="butter" quantity="3" unit="pounds">3 Lb, Butter</measure>18x</cell>
               <cell></cell>
               <cell><measure commodity="currency" quantity="54" unit="dollars">54</measure></cell>
               <cell></cell>
            </row>
                     <pb n="100"/>
                     <fw type="pageNum">100</fw>
                     <table xml:id="p100" cols="6">
                        <head><date when="1831-11-07">Norton</date></head>
            <row xml:id="p100_37">
               <cell>395</cell>
               <cell><name type="person" ref="pers_WCDH621">Thompson Smith</name>
                  <choice rend="align(right)">
                     <abbr>DR</abbr>
                     <expan>Debtor</expan>
                  </choice></cell>
               <cell></cell>
               <cell></cell>
               <cell/>
               <cell/>
            </row>
            <row xml:id="p100_38">
               <cell/>
               <cell>To<name type="account" ref="LMWcash">cash</name>6/</cell>
               <cell><measure commodity="currency" quantity="1" unit="dollars">1</measure></cell>
               <cell><measure commodity="currency" quantity="00" unit="cents">00</measure></cell>
               <cell/>
               <cell/>
            </row>
            <row xml:id="p100_39">
               <cell>77</cell>
               <cell><name type="person" ref="pers_WCDH167">David B. Bates</name>
                  <choice rend="align(right)">
                     <abbr>DR</abbr>
                     <expan>Debtor</expan>
                  </choice></cell>
               <cell/>
               <cell/>
               <cell/>
            </row>
            <row xml:id="p100_40">
               <cell/>
               <cell>To <measure commodity="Brick" quantity="50">50 best brick</measure>60x </cell>
               <cell></cell>
               <cell><measure commodity="currency" quantity="60" unit="dollars">60</measure></cell>
               <cell/>
               <cell/>
            </row>
            <row xml:id="p100_41">
               <cell/>
               <cell><date when="1831-11-11">11</date></cell>
               <cell/>
               <cell/>
               <cell/>
               <cell/>
            </row>
            <row xml:id="p100_42">
               <cell>392</cell>
               <cell><name type="person" ref="pers_WCDH359">Hiram Hodges</name>
                  <choice rend="align(right)">
                     <abbr>DR</abbr>
                     <expan>Debtor</expan>
                  </choice></cell>
               <cell/>
               <cell/>
               <cell/>
               <cell/>
            </row>
            <row xml:id="p100_43">
               <cell/>
               <cell>To<measure commodity="fresh pork" quantity="6" unit="pounds">6 lbs Fresh Pork 6 1/4th</measure></cell>
               <cell></cell>
               <cell><measure commodity="currency" quantity="38" unit="dollars">38</measure></cell>
               <cell/>
               <cell/>
            </row>
            <row xml:id="p100_44">
               <cell/>
               <cell><date when="1831-11-15">15</date></cell>
               <cell/>
               <cell/>
               <cell/>
               <cell/>
            </row>
            <row xml:id="p100_45">
               <cell>Settled</cell>
               <cell><name type="person" ref="pers_WCDH565">John Smith</name>
                  <choice rend="align(right)">
                     <abbr>DR</abbr>
                     <expan>Debtor</expan>
                  </choice></cell>
               <cell/>
               <cell/>
               <cell/>
               <cell/>
            </row>
            <row xml:id="p100_46">
               <cell/>
               <cell>By<measure commodity="labor" quantity="2" unit="day">2 hours work mailing store</measure></cell>
               <cell></cell>
               <cell></cell>
               <cell/>
               <cell/>
            </row>
            <row xml:id="p100_47">
               <cell/>
               <cell>To<measure commodity="labor" quantity="1" unit="day">Chaise to Mansfield</measure></cell>
               <cell/>
               <cell><measure commodity="currency" quantity="40" unit="dollars">40</measure></cell>
               <cell/>
               <cell/>
            </row>
            <row xml:id="p100_48">
               <cell></cell>
               <cell><date when="1831-11-16">16</date><date when="1831-11-17">17</date></cell>
               <cell/>
               <cell/>
               <cell/>
               <cell/>
            </row>
            <row xml:id="p100_49">
               <cell/>
               <cell>By<measure commodity="labor">work moving store</measure></cell>
               <cell/>
               <cell></cell>
               <cell/>
               <cell/>
            </row>
            <row xml:id="p100_50">
               <cell/>
               <cell><date when="1831-11-24">24</date></cell>
               <cell/>
               <cell></cell>
               <cell/>
               <cell></cell>
            </row>
            <row xml:id="p100_51">
               <cell>Paid</cell>
               <cell><name type="person" ref="pers_WCDH167">David B. Bates</name>
                  <choice rend="align(right)">
                     <abbr>DR</abbr>
                     <expan>Debtor</expan>
                  </choice></cell>
               <cell/>
               <cell/>
               <cell/>
               <cell/>
            </row>
            <row xml:id="p100_52">
               <cell/>
               <cell>To<name type="account" ref="LMWcash">cash</name>lent 6/</cell>
               <cell><measure commodity="currency" quantity="1" unit="dollars">1</measure></cell>
               <cell><measure commodity="currency" quantity="00" unit="cents">00</measure></cell>
               <cell/>
               <cell/>
            </row>