<?xml version="1.0" encoding="UTF-8"?>
<?xml-model href="http://www.tei-c.org/release/xml/tei/custom/schema/relaxng/tei_all.rng" type="application/xml" schematypens="http://relaxng.org/ns/structure/1.0"?>
<?xml-model href="http://www.tei-c.org/release/xml/tei/custom/schema/relaxng/tei_all.rng" type="application/xml"
	schematypens="http://purl.oclc.org/dsdl/schematron"?>
<TEI xmlns="http://www.tei-c.org/ns/1.0">
   <teiHeader>
      <fileDesc>
         <titleStmt>
            <title>LMW Day Book, pp. 215-216</title>
            <author>L.M. Wheaton</author>
         </titleStmt>
         <publicationStmt>
            <p>Indication of work done and date, Wheaton College</p>
         </publicationStmt>
         <sourceDesc>
            <biblFull>
               <titleStmt>
                  <title>Account Books, pp.215-216</title>
                  <author>L.M. Wheaton</author>
                  <respStmt>
                     <resp> TEI-compatible XML markup by <name type="person">Your Name</name> with
                        corrections by <name type="person">Name</name>, <name type="person"
                           >Name</name>, and <name type="person">Name</name>.</resp>
                     <name type="person">Name</name>
                  </respStmt>
               </titleStmt>
               <publicationStmt>
                  <p>Indication of work done and date, Wheaton College</p>
               </publicationStmt>
               <sourceDesc>
                  <p> From the Marion B. Gebbie Archives and Special Collections at the Madeleine
                     Clark Wallace Library, Wheaton College </p>
               </sourceDesc>
            </biblFull>
         </sourceDesc>
      </fileDesc>
   </teiHeader>
   <text>
      <body>
         <pb n="215"/>
         <fw type="pageNum">215</fw>
         <table xml:id="p215" cols="6">
            <head>Monday <date when="1849-06-04">June 4th 1849</date></head>
            <row xml:id="p215_01">
               <cell/>
               <cell/>
               <cell/>
               <cell/>
               <cell/>
               <cell/>
            </row>
            <row xml:id="p215_02">
               <cell/>
               <cell/>
               <cell>$</cell>
               <cell>cts</cell>
               <cell>$</cell>
               <cell>cts</cell>
            </row>
            <row xml:id="p215_03">
               <cell>512</cell>
               <cell><name type="person" ref="v">Geo. W. Braman</name>
                  <choice rend="align(right)">
                     <abbr>D</abbr>
                     <expan>debtor</expan>
                  </choice></cell>
               <cell/>
               <cell/>
               <cell/>
               <cell/>
            </row>
            <row xml:id="p215_04">
               <cell/>
               <cell>To <measure commodity="labor" quantity="1" unit="fence">making fence</measure>
                  9/</cell>
               <cell><measure commodity="currency" quantity="1" unit="dollars">1</measure></cell>
               <cell><measure commodity="currency" quantity="50" unit="cents">50</measure></cell>
               <cell/>
               <cell/>
            </row>
            <row xml:id="p215_05">
               <cell/>
               <cell/>
               <cell/>
               <cell/>
               <cell/>
               <cell/>
            </row>
            <row xml:id="p215_06">
               <cell>355</cell>
               <cell><name type="person" ref="v">Wheaton Wheeler</name>
                  <choice rend="align(right)">
                     <abbr>Dr</abbr>
                     <expan>debtor</expan>
                  </choice></cell>
               <cell/>
               <cell/>
               <cell/>
               <cell/>
            </row>
            <row xml:id="p215_07">
               <cell/>
               <cell>To <measure commodity="beef" quantity="1.26" unit="dollars">beef</measure> -
                     <measure commodity="currency" quantity="1.26" unit="dollars"
                  >$1.26</measure></cell>
               <cell><measure commodity="currency" quantity="1" unit="dollars">1</measure></cell>
               <cell><measure commodity="currency" quantity="26" unit="cents">26</measure></cell>
               <cell/>
               <cell/>
            </row>
            <row xml:id="p215_08">
               <cell>settled</cell>
               <cell><name type="person" ref="v">Linus Howard</name>
                  <choice rend="align(right)">
                     <abbr>D</abbr>
                     <expan>debtor</expan>
                  </choice></cell>
               <cell/>
               <cell/>
               <cell/>
               <cell/>
            </row>
            <row xml:id="p215_09">
               <cell/>
               <cell>To <measure commodity="tea" quantity="3.5" unit="lbs">3 1/2 lbs tea</measure>
                  <measure commodity="currency" quantity="35" unit="cents">35x</measure></cell>
               <cell><measure commodity="currency" quantity="1" unit="dollars">1</measure></cell>
               <cell><measure commodity="currency" quantity="17" unit="cents">17</measure></cell>
               <cell/>
               <cell/>
            </row>
            <row xml:id="p215_10">
               <cell/>
               <cell>" <measure commodity="lumber" quantity="1" unit="end">1 end pine
                  wood</measure></cell>
               <cell><measure commodity="currency" quantity="1" unit="dollars">1</measure></cell>
               <cell><measure commodity="currency" quantity="50" unit="cents">50</measure></cell>
               <cell/>
               <cell/>
            </row>
            <row xml:id="p215_11">
               <cell/>
               <cell>" <measure commodity="lumber" quantity="2" unit="inches">2" oak wood</measure>
                  in woods <measure commodity="currency" quantity="3.5" unit="dollars"
                     >$350</measure></cell>
               <cell><measure commodity="currency" quantity="7" unit="dollars">7</measure></cell>
               <cell><measure commodity="currency" quantity="00" unit="cents">00</measure></cell>
               <cell/>
               <cell/>
            </row>
            <row xml:id="p215_12">
               <cell/>
               <cell>" straw</cell>
               <cell/>
               <cell/>
               <cell/>
               <cell/>
            </row>
            <row xml:id="p215_13">
               <cell/>
               <cell>" <name type="account" ref="LMWcash">cash</name>
                  <measure commodity="currency" quantity="20" unit="dollars">twenty
                     dollars</measure></cell>
               <cell><measure commodity="currency" quantity="20" unit="dollars">20</measure></cell>
               <cell><measure commodity="currency" quantity="00" unit="cents">00</measure></cell>
               <cell/>
               <cell/>
            </row>
            <row xml:id="p215_14">
               <cell/>
               <cell>" <measure commodity="sky blue" quantity="3" unit="yards">3 sky blue
                     yard</measure></cell>
               <cell/>
               <cell><measure commodity="currency" quantity="15" unit="cents">15</measure></cell>
               <cell/>
               <cell/>
            </row>
            <row xml:id="p215_15">
               <cell/>
               <cell>" <measure commodity="paper" quantity="3" unit="count">3 quincy ruled
                     paper</measure></cell>
               <cell/>
               <cell><measure commodity="currency" quantity="19" unit="cents">19</measure></cell>
               <cell/>
               <cell/>
            </row>
            <row xml:id="p215_16">
               <cell/>
               <cell><date when="1849-06-06">6</date></cell>
               <cell/>
               <cell/>
               <cell/>
               <cell/>
            </row>
            <row xml:id="p215_17">
               <cell>537</cell>
               <cell><name type="person" ref="v">John Hill</name>
                  <choice rend="align(right)">
                     <abbr>D</abbr>
                     <expan>debtor</expan>
                  </choice></cell>
               <cell/>
               <cell/>
               <cell/>
               <cell/>
            </row>
            <row xml:id="p215_18">
               <cell/>
               <cell>To <name type="account" ref="LMWcash">cash</name>
                  <measure commodity="currency" quantity="20" unit="dollars">twenty
                     dollars</measure></cell>
               <cell><measure commodity="currency" quantity="20" unit="dollars">20</measure></cell>
               <cell><measure commodity="currency" quantity="00" unit="cents">00</measure></cell>
               <cell/>
               <cell/>
            </row>
            <row xml:id="p215_19">
               <cell/>
               <cell/>
               <cell/>
               <cell/>
               <cell/>
               <cell/>
            </row>
            <row xml:id="p215_20">
               <cell>355</cell>
               <cell><name type="person" ref="v">Wheaton Wheeler</name>
                  <choice rend="align(right)">
                     <abbr>D</abbr>
                     <expan>debtor</expan>
                  </choice></cell>
               <cell/>
               <cell/>
               <cell/>
               <cell/>
            </row>
            <row xml:id="p215_21">
               <cell/>
               <cell>To <name type="account" ref="LMWcash">cash</name>
                  <measure commodity="currency" quantity="5" unit="dollars">five
                  dollars</measure></cell>
               <cell><measure commodity="currency" quantity="5" unit="dollars">5</measure></cell>
               <cell><measure commodity="currency" quantity="00" unit="cents">00</measure></cell>
               <cell/>
               <cell/>
            </row>
            <row xml:id="p215_22">
               <cell/>
               <cell/>
               <cell/>
               <cell/>
               <cell/>
               <cell/>
            </row>
            <row xml:id="p215_23">
               <cell>settled</cell>
               <cell><name type="person" ref="v">S.A.Chapin</name>
                  <choice rend="align(right)">
                     <abbr>D</abbr>
                     <expan>debtor</expan>
                  </choice></cell>
               <cell/>
               <cell/>
               <cell/>
               <cell/>
            </row>
            <row xml:id="p215_24">
               <cell/>
               <cell>To <measure commodity="bacon" quantity="38" unit="lbs">38 lbs bacon</measure>
                  <measure commodity="currency" quantity="11" unit="cents">11x</measure> pr
                  lb</cell>
               <cell><measure commodity="currency" quantity="3" unit="dollars">3</measure></cell>
               <cell><measure commodity="currency" quantity="63" unit="cents">63</measure></cell>
               <cell/>
               <cell/>
            </row>
            <row xml:id="p215_25">
               <cell/>
               <cell>" " " " (struckthrough)</cell>
               <cell/>
               <cell/>
               <cell/>
               <cell/>
            </row>
            <row xml:id="p215_26">
               <cell/>
               <cell>" <measure commodity="chops" quantity="10.25" unit="lbs">10/4 lb
                     chops</measure> (struckthrough)</cell>
               <cell/>
               <cell/>
               <cell/>
               <cell/>
            </row>
            <row xml:id="p215_27">
               <cell/>
               <cell><measure commodity="beef" quantity="1" unit="count">dried beef</measure>
                  (struckthrough)</cell>
               <cell/>
               <cell/>
               <cell/>
               <cell/>
            </row>
            <row xml:id="p215_28">
               <cell/>
               <cell/>
               <cell/>
               <cell/>
               <cell/>
               <cell/>
            </row>
            <row xml:id="p215_29">
               <cell>settled</cell>
               <cell><name type="person" ref="v">Linus Howard</name>
                  <choice rend="align(right)">
                     <abbr>Dr</abbr>
                     <expan>debtor</expan>
                  </choice></cell>
               <cell/>
               <cell/>
               <cell/>
               <cell/>
            </row>
            <row xml:id="p215_30">
               <cell/>
               <cell>To <measure commodity="rhubarb" quantity="9" unit="lbs">9 lbs rhubarb</measure>
                  <measure commodity="currency" quantity="3" unit="dollars">3x</measure></cell>
               <cell/>
               <cell><measure commodity="currency" quantity="27" unit="cents">27</measure></cell>
               <cell/>
               <cell/>
            </row>
            <row xml:id="p215_31">
               <cell/>
               <cell><date when="1849-06-21">June 21</date></cell>
               <cell/>
               <cell/>
               <cell/>
               <cell/>
            </row>
            <row xml:id="p215_32">
               <cell>settled</cell>
               <cell><name type="person" ref="v">Linus Howard</name>
                  <choice rend="align(right)">
                     <abbr>D</abbr>
                     <expan>debtor</expan>
                  </choice></cell>
               <cell/>
               <cell/>
               <cell/>
               <cell/>
            </row>
            <row xml:id="p215_33">
               <cell/>
               <cell>To <measure commodity="rhubarb" quantity="8.75" unit="lbs">8 3/4 lbs
                     rhubarb</measure> 2 1/2</cell>
               <cell/>
               <cell><measure commodity="currency" quantity="22" unit="cents">22</measure></cell>
               <cell/>
               <cell/>
            </row>
            <row xml:id="p215_34">
               <cell/>
               <cell><date when="1849-07-03">July 3</date></cell>
               <cell/>
               <cell/>
               <cell/>
               <cell/>
            </row>
            <row xml:id="p215_35">
               <cell>360</cell>
               <cell><name type="person" ref="v">Geo. White</name>
                  <choice rend="align(right)">
                     <abbr>D</abbr>
                     <expan>debtor</expan>
                  </choice></cell>
               <cell/>
               <cell/>
               <cell/>
               <cell/>
            </row>
            <row xml:id="p215_36">
               <cell/>
               <cell>To <name type="account" ref="LMWcash">cash</name> towards <measure
                     commodity="labor" quantity="1" unit="hay">making hay</measure></cell>
               <cell><measure commodity="currency" quantity="10" unit="dollars">10</measure></cell>
               <cell><measure commodity="currency" quantity="00" unit="cents">00</measure></cell>
               <cell/>
               <cell/>
            </row>
            <row xml:id="p215_37">
               <cell/>
               <cell><date when="1849-07-05">" 5</date></cell>
               <cell/>
               <cell/>
               <cell/>
               <cell/>
            </row>
            <row xml:id="p215_38">
               <cell>355</cell>
               <cell><name type="person" ref="v">Wheaton Wheeler</name>
                  <choice rend="align(right)">
                     <abbr>Cr</abbr>
                     <expan>credit</expan>
                  </choice></cell>
               <cell/>
               <cell/>
               <cell/>
               <cell/>
            </row>
            <row xml:id="p215_39">
               <cell/>
               <cell>By <measure commodity="labor" quantity="54" unit="days">54 dys</measure> from
                     <date when="1849-05-01">May 1st</date></cell>
               <cell><measure commodity="currency" quantity="32" unit="dollars">32</measure></cell>
               <cell><measure commodity="currency" quantity="40" unit="cents">40</measure></cell>
               <cell/>
               <cell/>
            </row>
            <row xml:id="p215_40">
               <cell/>
               <cell>" <measure commodity="rent" quantity="1" unit="house">house rent</measure> to
                     <date when="1849-07-01">July 1st</date></cell>
               <cell><measure commodity="currency" quantity="6" unit="dollars">6</measure></cell>
               <cell><measure commodity="currency" quantity="25" unit="cents">25</measure></cell>
               <cell/>
               <cell/>
            </row>
            <row xml:id="p215_41">
               <cell/>
               <cell/>
               <cell/>
               <cell/>
               <cell/>
               <cell/>
            </row>
            <row xml:id="p215_42">
               <cell>settled</cell>
               <cell><name type="person" ref="v">S.A. Chapin</name>
                  <choice rend="align(right)">
                     <abbr>D</abbr>
                     <expan>debtor</expan>
                  </choice></cell>
               <cell/>
               <cell/>
               <cell/>
               <cell/>
            </row>
            <row xml:id="p215_43">
               <cell/>
               <cell>To <measure commodity="lumber" quantity="7" unit="ft">7 ft. hard wood</measure>
                  dhd som time since <measure commodity="currency" quantity="4" unit="dollars"
                     >400</measure></cell>
               <cell><measure commodity="currency" quantity="3" unit="dollars">3</measure></cell>
               <cell><measure commodity="currency" quantity="50" unit="cents">50</measure></cell>
               <cell/>
               <cell/>
            </row>
            <row xml:id="p215_44">
               <cell/>
               <cell/>
               <cell/>
               <cell/>
               <cell/>
               <cell/>
            </row>
            <row xml:id="p215_45">
               <cell>settled</cell>
               <cell><name type="person" ref="v">Geo. L. Harvey</name>
                  <choice rend="align(right)">
                     <abbr>Dr</abbr>
                     <expan>debtor</expan>
                  </choice></cell>
               <cell/>
               <cell/>
               <cell/>
               <cell/>
            </row>
            <row xml:id="p215_46">
               <cell/>
               <cell>To <measure commodity="lumber" quantity=".5" unit="cord">1/2 cord kindling
                     stuff</measure>
                  <measure commodity="currency" quantity="2.8" unit="dollars">280x</measure></cell>
               <cell><measure commodity="currency" quantity="1" unit="dollars">1</measure></cell>
               <cell><measure commodity="currency" quantity="25" unit="cents">25</measure></cell>
               <cell/>
               <cell/>
            </row>
            <row xml:id="p215_47">
               <cell/>
               <cell/>
               <cell/>
               <cell/>
               <cell/>
               <cell/>
            </row>
            <row xml:id="p215_48">
               <cell>512</cell>
               <cell><name type="person" ref="v">Geo. W. Braman</name>
                  <choice rend="align(right)">
                     <abbr>D</abbr>
                     <expan>debtor</expan>
                  </choice></cell>
               <cell/>
               <cell/>
               <cell/>
               <cell/>
            </row>
            <row xml:id="p215_49">
               <cell/>
               <cell>To <measure commodity="lumber" quantity="5.5" unit="ft">5 1/2 ft small
                     wood</measure></cell>
               <cell><measure commodity="currency" quantity="1" unit="dollars"/>1</cell>
               <cell><measure commodity="currency" quantity="50" unit="cents">50</measure></cell>
               <cell/>
               <cell/>
            </row>
            <row xml:id="p215_50">
               <cell/>
               <cell><date when="1849-07-06">6</date></cell>
               <cell/>
               <cell/>
               <cell/>
               <cell/>
            </row>
            <row xml:id="p215_51">
               <cell>see bill</cell>
               <cell><name type="person" ref="v">Thos Elmes</name>
                  <choice rend="align(right)">
                     <abbr>D</abbr>
                     <expan>debtor</expan>
                  </choice></cell>
               <cell/>
               <cell/>
               <cell/>
               <cell/>
            </row>
            <row xml:id="p215_52">
               <cell/>
               <cell>To <measure commodity="lumber" quantity="2" unit="loads">two loads pine
                     wood</measure>
                  <measure commodity="currency" quantity="2.25" unit="dollars">225x</measure> pr
                  l.</cell>
               <cell><measure commodity="currency" quantity="4" unit="dollars">4</measure></cell>
               <cell><measure commodity="currency" quantity="50" unit="cents">50</measure></cell>
               <cell/>
               <cell/>
            </row>
            <row xml:id="p215_53">
               <cell/>
               <cell/>
               <cell/>
               <cell/>
               <cell/>
               <cell/>
            </row>
            <row xml:id="p215_54">
               <cell>512</cell>
               <cell><name type="person" ref="v">Geo. W. Braman</name>
                  <choice rend="align(right)">
                     <abbr>D</abbr>
                     <expan>debtor</expan>
                  </choice></cell>
               <cell/>
               <cell/>
               <cell/>
               <cell/>
            </row>
            <row xml:id="p215_55">
               <cell/>
               <cell>To <measure commodity="lumber" quantity="5" unit="ft">5ft. cord hardwood
                     small</measure>
                  <measure commodity="currency" quantity="1.3" unit="dollars">130</measure></cell>
               <cell><measure commodity="currency" quantity="1" unit="dollars">1</measure></cell>
               <cell><measure commodity="currency" quantity="30" unit="cents">30</measure></cell>
               <cell/>
               <cell/>
            </row>
            <row xml:id="p215_56">
               <cell/>
               <cell/>
               <cell/>
               <cell/>
               <cell/>
               <cell/>
            </row>
            <row xml:id="p215_57">
               <cell>510</cell>
               <cell><name type="person" ref="v">Caty Nolen</name>
                  <choice rend="align(right)">
                     <abbr>D</abbr>
                     <expan>debtor</expan>
                  </choice></cell>
               <cell/>
               <cell/>
               <cell/>
               <cell/>
            </row>
            <row xml:id="p215_58">
               <cell/>
               <cell>To <measure commodity="slippers" quantity="2" unit="pairs">2 prs
                     slippers</measure> 3/ -</cell>
               <cell><measure commodity="currency" quantity="1" unit="dollars">1</measure></cell>
               <cell><measure commodity="currency" quantity="00" unit="cents">00</measure></cell>
               <cell/>
               <cell/>
            </row>
            <row xml:id="p215_59">
               <cell/>
               <cell/>
               <cell/>
               <cell/>
               <cell/>
               <cell/>
            </row>
            <row xml:id="p215_60">
               <cell/>
               <cell/>
               <cell/>
               <cell/>
               <cell/>
               <cell/>
            </row>
            <row xml:id="p215_61">
               <cell/>
               <cell/>
               <cell/>
               <cell/>
               <cell/>
               <cell/>
            </row>
            <row xml:id="p215_62">
               <cell/>
               <cell/>
               <cell/>
               <cell/>
               <cell/>
               <cell/>
            </row>
            <row xml:id="p215_63">
               <cell/>
               <cell/>
               <cell/>
               <cell/>
               <cell/>
               <cell/>
            </row>
            <row xml:id="p215_64">
               <cell/>
               <cell/>
               <cell/>
               <cell/>
               <cell/>
               <cell/>
            </row>
         </table>
         <pb n="216"/>
         <fw type="pageNum">216</fw>
         <table xml:id="p216" cols="6">
            <head>Tuesday <date when="1849-07-10">July 10th 1849</date></head>
            <row xml:id="p216_01">
               <cell/>
               <cell/>
               <cell>$</cell>
               <cell>cts</cell>
               <cell>$</cell>
               <cell>cts</cell>
            </row>
            <row xml:id="p216_02">
               <cell>534</cell>
               <cell><name type="person" ref="v">Stephen Bailey</name>
                  <choice rend="align(right)">
                     <abbr>Cr</abbr>
                     <expan>credit</expan>
                  </choice></cell>
               <cell/>
               <cell/>
               <cell/>
               <cell/>
            </row>
            <row xml:id="p216_03">
               <cell/>
               <cell>By <measure commodity="labor" quantity="30" unit="days">work</measure> to <date when="1849-06-30">30th
                  June</date></cell>
               <cell><measure commodity="currency" quantity="90" unit="dollars">90</measure></cell>
               <cell><measure commodity="currency" quantity="00" unit="cents">00</measure></cell>
               <cell/>
               <cell/>
            </row>
            <row xml:id="p216_04">
               <cell/>
               <cell><choice rend="align(right)">
                     <abbr>Dr</abbr>
                     <expan>debtor</expan>
                  </choice></cell>
               <cell/>
               <cell/>
               <cell/>
               <cell/>
            </row>
            <row xml:id="p216_05">
               <cell>534</cell>
               <cell>To <measure commodity="rent" quantity="1" unit="house">house
                  rent</measure></cell>
               <cell><measure commodity="currency" quantity="12" unit="dollars">12</measure></cell>
               <cell><measure commodity="currency" quantity="50" unit="cents">50</measure></cell>
               <cell/>
               <cell/>
            </row>
            <row xml:id="p216_06">
               <cell/>
               <cell><name type="account" ref="LMWcash">cash</name> -</cell>
               <cell><measure commodity="currency" quantity="76" unit="dollars">76</measure></cell>
               <cell><measure commodity="currency" quantity="52" unit="cents">52</measure></cell>
               <cell/>
               <cell/>
            </row>
            <row xml:id="p216_07">
               <cell/>
               <cell/>
               <cell/>
               <cell/>
               <cell/>
               <cell/>
            </row>
            <row xml:id="p216_08">
               <cell/>
               <cell><name type="person" ref="v">Earl Hodges</name>
                  <choice rend="align(right)">
                     <abbr>D</abbr>
                     <expan>debtor</expan>
                  </choice></cell>
               <cell/>
               <cell/>
               <cell/>
               <cell/>
            </row>
            <row xml:id="p216_09">
               <cell/>
               <cell>To <measure commodity="rent" quantity="1" unit="shop">rent of carpenter
                     shop</measure> from</cell>
               <cell/>
               <cell/>
               <cell/>
               <cell/>
            </row>
            <row xml:id="p216_10">
               <cell/>
               <cell><date when="1849-06-11">11 june</date> ~~~~~~~~~~~~}</cell>
               <cell/>
               <cell/>
               <cell/>
               <cell/>
            </row>
            <row xml:id="p216_11">
               <cell>chd afterwards?</cell>
               <cell><name type="person" ref="v">Geo. White Jr</name>
                  <choice rend="align(right)">
                     <abbr>D</abbr>
                     <expan>debtor</expan>
                  </choice></cell>
               <cell/>
               <cell/>
               <cell/>
               <cell/>
            </row>
            <row xml:id="p216_12">
               <cell/>
               <cell>To <measure commodity="wagon" quantity="1" unit="count">use of waggon</measure>
                  for teacher -</cell>
               <cell/>
               <cell/>
               <cell/>
               <cell/>
            </row>
            <row xml:id="p216_13">
               <cell/>
               <cell/>
               <cell/>
               <cell/>
               <cell/>
               <cell/>
            </row>
            <row xml:id="p216_14">
               <cell>settled</cell>
               <cell><name type="person" ref="v">Geo. Storey</name>
                  <choice rend="align(right)">
                     <abbr>D</abbr>
                     <expan>debtor</expan>
                  </choice></cell>
               <cell/>
               <cell/>
               <cell/>
               <cell/>
            </row>
            <row xml:id="p216_15">
               <cell/>
               <cell>To <measure commodity="milk" quantity="32" unit="qts">32 qts milk</measure>
                  from may <measure commodity="currency" quantity="5" unit="cents">5x</measure>
                  <measure commodity="currency" quantity="3" unit="cents">3x</measure></cell>
               <cell/>
               <cell><measure commodity="currency" quantity="96" unit="cents">96</measure></cell>
               <cell/>
               <cell/>
            </row>
            <row xml:id="p216_16">
               <cell/>
               <cell><date when="1849-07-28">" 28</date></cell>
               <cell/>
               <cell/>
               <cell/>
               <cell/>
            </row>
            <row xml:id="p216_17">
               <cell>355</cell>
               <cell><name type="person" ref="v">Wheaton Wheeler</name>
                  <choice rend="align(right)">
                     <abbr>D</abbr>
                     <expan>debtor</expan>
                  </choice></cell>
               <cell/>
               <cell/>
               <cell/>
               <cell/>
            </row>
            <row xml:id="p216_18">
               <cell/>
               <cell>To ballance on center mills</cell>
               <cell/>
               <cell/>
               <cell/>
               <cell/>
            </row>
            <row xml:id="p216_19">
               <cell/>
               <cell>accompt. for <measure commodity="grain" quantity="6.98" unit="dollars"
                     >grain</measure> &amp;c -</cell>
               <cell><measure commodity="currency" quantity="6" unit="dollars">6</measure></cell>
               <cell><measure commodity="currency" quantity="98" unit="cents">98</measure></cell>
               <cell/>
               <cell/>
            </row>
            <row xml:id="p216_20">
               <cell/>
               <cell/>
               <cell/>
               <cell/>
               <cell/>
               <cell/>
            </row>
            <row xml:id="p216_21">
               <cell>512</cell>
               <cell><name type="person" ref="v">Geo. W. Braman</name>
                  <choice rend="align(right)">
                     <abbr>D</abbr>
                     <expan>debtor</expan>
                  </choice></cell>
               <cell/>
               <cell/>
               <cell/>
               <cell/>
            </row>
            <row xml:id="p216_22">
               <cell/>
               <cell>To <measure commodity="lumber" quantity="4" unit="ft">4ft hard wood</measure>
                  <measure commodity="currency" quantity="20" unit="cents">20</measure></cell>
               <cell><measure commodity="currency" quantity="2" unit="dollars">2</measure></cell>
               <cell><measure commodity="currency" quantity="00" unit="cents">00</measure></cell>
               <cell/>
               <cell/>
            </row>
            <row xml:id="p216_23">
               <cell/>
               <cell/>
               <cell/>
               <cell/>
               <cell/>
               <cell/>
            </row>
            <row xml:id="p216_24">
               <cell>74</cell>
               <cell><name type="person" ref="v">Jas Wrigley</name>
                  <choice rend="align(right)">
                     <abbr>D</abbr>
                     <expan>debtor</expan>
                  </choice></cell>
               <cell/>
               <cell/>
               <cell/>
               <cell/>
            </row>
            <row xml:id="p216_25">
               <cell/>
               <cell>To <measure commodity="lumber" quantity=".5" unit="cord">1/2 cord pine
                     wood</measure> 15/</cell>
               <cell><measure commodity="currency" quantity="1" unit="dollars">1</measure></cell>
               <cell><measure commodity="currency" quantity="25" unit="cents">25</measure></cell>
               <cell/>
               <cell/>
            </row>
            <row xml:id="p216_26">
               <cell/>
               <cell><date when="1849-08-11">Augst 11</date></cell>
               <cell/>
               <cell/>
               <cell/>
               <cell/>
            </row>
            <row xml:id="p216_27">
               <cell>210</cell>
               <cell><name type="person" ref="v">Catherine Nolen</name>
                  <choice rend="align(right)">
                     <abbr>D</abbr>
                     <expan>debtor</expan>
                  </choice></cell>
               <cell/>
               <cell/>
               <cell/>
               <cell/>
            </row>
            <row xml:id="p216_28">
               <cell/>
               <cell>To <name type="account" ref="LMWcash">cash</name>
                  <measure commodity="currency" quantity="1" unit="dollars">five
                  dollars</measure></cell>
               <cell><measure commodity="currency" quantity="1" unit="dollars">5</measure></cell>
               <cell><measure commodity="currency" quantity="00" unit="cents">00</measure></cell>
               <cell/>
               <cell/>
            </row>
            <row xml:id="p216_29">
               <cell/>
               <cell><choice rend="align(right)">
                     <abbr>Cr</abbr>
                     <expan>credit</expan>
                  </choice></cell>
               <cell/>
               <cell/>
               <cell/>
               <cell/>
            </row>
            <row xml:id="p216_30">
               <cell>210</cell>
               <cell>By the <measure commodity="postage" quantity="1.40" unit="dollars">expence of
                     her package</measure> to</cell>
               <cell/>
               <cell/>
               <cell/>
               <cell/>
            </row>
            <row xml:id="p216_31">
               <cell/>
               <cell>&amp; from Boston ----</cell>
               <cell><measure commodity="currency" quantity="1" unit="dollars">1</measure></cell>
               <cell><measure commodity="currency" quantity="40" unit="cents">40</measure></cell>
               <cell/>
               <cell/>
            </row>
            <row xml:id="p216_32">
               <cell/>
               <cell/>
               <cell/>
               <cell/>
               <cell/>
               <cell/>
            </row>
            <row xml:id="p216_33">
               <cell/>
               <cell><date when="1849-09-04">September 4th 1849</date></cell>
               <cell/>
               <cell/>
               <cell/>
               <cell/>
            </row>
            <row xml:id="p216_34">
               <cell/>
               <cell/>
               <cell/>
               <cell/>
               <cell/>
               <cell/>
            </row>
            <row xml:id="p216_35">
               <cell>530</cell>
               <cell><name type="person" ref="v">Walter McNaughton</name>
                  <choice rend="align(right)">
                     <abbr>D</abbr>
                     <expan>debtor</expan>
                  </choice></cell>
               <cell/>
               <cell/>
               <cell/>
               <cell/>
            </row>
            <row xml:id="p216_36">
               <cell/>
               <cell>To paying Benj Braman</cell>
               <cell><measure commodity="currency" quantity="1" unit="dollars">1</measure></cell>
               <cell><measure commodity="currency" quantity="00" unit="cents">00</measure></cell>
               <cell/>
               <cell/>
            </row>
            <row xml:id="p216_37">
               <cell/>
               <cell><date when="1849-09-10">10</date></cell>
               <cell/>
               <cell/>
               <cell/>
               <cell/>
            </row>
            <row xml:id="p216_38">
               <cell>settled</cell>
               <cell><name type="person" ref="v">Hiram Hodges</name>
                  <choice rend="align(right)">
                     <abbr>D</abbr>
                     <expan>debtor</expan>
                  </choice></cell>
               <cell/>
               <cell/>
               <cell/>
               <cell/>
            </row>
            <row xml:id="p216_39">
               <cell/>
               <cell>To <name type="account" ref="LMWcash">cash</name>
                  <measure commodity="currency" quantity="1" unit="dollars">five
                  dollars</measure></cell>
               <cell><measure commodity="currency" quantity="5" unit="dollars">5</measure></cell>
               <cell><measure commodity="currency" quantity="00" unit="cents">00</measure></cell>
               <cell/>
               <cell/>
            </row>
            <row xml:id="p216_40">
               <cell/>
               <cell><date when="1849-09-11">11</date></cell>
               <cell/>
               <cell/>
               <cell/>
               <cell/>
            </row>
            <row xml:id="p216_41">
               <cell>512</cell>
               <cell><name type="person" ref="v">Geo. W. Braman</name>
                  <choice rend="align(right)">
                     <abbr>D</abbr>
                     <expan>debtor</expan>
                  </choice></cell>
               <cell/>
               <cell/>
               <cell/>
               <cell/>
            </row>
            <row xml:id="p216_42">
               <cell/>
               <cell>To <measure commodity="lumber" quantity="1" unit="load">1 load wood</measure>
                  8/</cell>
               <cell><measure commodity="currency" quantity="1" unit="dollars">1</measure></cell>
               <cell><measure commodity="currency" quantity="33" unit="cents">33</measure></cell>
               <cell/>
               <cell/>
            </row>
            <row xml:id="p216_43">
               <cell/>
               <cell/>
               <cell/>
               <cell/>
               <cell/>
               <cell/>
            </row>
            <row xml:id="p216_44">
               <cell>534</cell>
               <cell><name type="person" ref="v">Stephen Bailey</name>
                  <choice rend="align(right)">
                     <abbr>D</abbr>
                     <expan>debtor</expan>
                  </choice></cell>
               <cell/>
               <cell/>
               <cell/>
               <cell/>
            </row>
            <row xml:id="p216_45">
               <cell/>
               <cell>To <name type="account" ref="LMWcash">cash</name> when going to
                  Worcester</cell>
               <cell><measure commodity="currency" quantity="10" unit="dollars">10</measure></cell>
               <cell><measure commodity="currency" quantity="00" unit="cents">00</measure></cell>
               <cell/>
               <cell/>
            </row>
            <row xml:id="p216_46">
               <cell/>
               <cell/>
               <cell/>
               <cell/>
               <cell/>
               <cell/>
            </row>
            <row xml:id="p216_47">
               <cell>355</cell>
               <cell><name type="person" ref="v">Wheaton Wheeler</name>
                  <choice rend="align(right)">
                     <abbr>D</abbr>
                     <expan>debtor</expan>
                  </choice></cell>
               <cell/>
               <cell/>
               <cell/>
               <cell/>
            </row>
            <row xml:id="p216_48">
               <cell/>
               <cell>To <name type="account" ref="LMWcash">cash</name>
                  <measure commodity="currency" quantity="10" unit="dollars">ten
                  dollars</measure></cell>
               <cell><measure commodity="currency" quantity="10" unit="dollars">10</measure></cell>
               <cell><measure commodity="currency" quantity="00" unit="cents">00</measure></cell>
               <cell/>
               <cell/>
            </row>
            <row xml:id="p216_49">
               <cell/>
               <cell/>
               <cell/>
               <cell/>
               <cell/>
               <cell/>
            </row>
            <row xml:id="p216_50">
               <cell>settled</cell>
               <cell><name type="person" ref="v">Hiram Hodges</name>
                  <choice rend="align(right)">
                     <abbr>D</abbr>
                     <expan>debtor</expan>
                  </choice></cell>
               <cell/>
               <cell/>
               <cell/>
               <cell/>
            </row>
            <row xml:id="p216_51">
               <cell/>
               <cell>To <name type="account" ref="LMWcash">cash</name>
                  <measure commodity="currency" quantity="10" unit="dollars">ten
                  dollars</measure></cell>
               <cell><measure commodity="currency" quantity="10" unit="dollars">10</measure></cell>
               <cell><measure commodity="currency" quantity="00" unit="cents">00</measure></cell>
               <cell/>
               <cell/>
            </row>
            <row xml:id="p216_52">
               <cell/>
               <cell><date when="1849-09-12">12</date></cell>
               <cell/>
               <cell/>
               <cell/>
               <cell/>
            </row>
            <row xml:id="p216_53">
               <cell>7</cell>
               <cell><name type="person" ref="v">Jas Wrigley</name>
                  <choice rend="align(right)">
                     <abbr>D</abbr>
                     <expan>debtor</expan>
                  </choice></cell>
               <cell/>
               <cell/>
               <cell/>
               <cell/>
            </row>
            <row xml:id="p216_54">
               <cell/>
               <cell>To <name type="account" ref="LMWcash">cash</name>
                  <measure commodity="currency" quantity="5" unit="dollars">five
                  dollars</measure></cell>
               <cell><measure commodity="currency" quantity="5" unit="dollars">5</measure></cell>
               <cell><measure commodity="currency" quantity="00" unit="cents">00</measure></cell>
               <cell/>
               <cell/>
            </row>
            <row xml:id="p216_55">
               <cell/>
               <cell/>
               <cell/>
               <cell/>
               <cell/>
               <cell/>
            </row>
            <row xml:id="p216_56">
               <cell>530</cell>
               <cell><name type="person" ref="v">Walter McNaughton</name>
                  <choice rend="align(right)">
                     <abbr>Dr</abbr>
                     <expan>debtor</expan>
                  </choice></cell>
               <cell/>
               <cell/>
               <cell/>
               <cell/>
            </row>
            <row xml:id="p216_57">
               <cell/>
               <cell>To <name type="account" ref="LMWcash">cash</name>
                  <measure commodity="currency" quantity="1" unit="dollars">thirty
                  dollars</measure></cell>
               <cell><measure commodity="currency" quantity="30" unit="dollars">30</measure></cell>
               <cell><measure commodity="currency" quantity="00" unit="cents">00</measure></cell>
               <cell/>
               <cell/>
            </row>
            <row xml:id="p216_58">
               <cell/>
               <cell><date when="1849-09-17">17</date></cell>
               <cell/>
               <cell/>
               <cell/>
               <cell/>
            </row>
            <row xml:id="p216_59">
               <cell>210</cell>
               <cell><name type="person" ref="v">Caty Nolen</name>
                  <choice rend="align(right)">
                     <abbr>D</abbr>
                     <expan>debtor</expan>
                  </choice></cell>
               <cell/>
               <cell/>
               <cell/>
               <cell/>
            </row>
            <row xml:id="p216_60">
               <cell/>
               <cell>To <name type="account" ref="LMWcash">cash</name>
                  <measure commodity="currency" quantity="2" unit="dollars">two
                  dollars</measure></cell>
               <cell><measure commodity="currency" quantity="2" unit="dollars">2</measure></cell>
               <cell><measure commodity="currency" quantity="00" unit="cents">00</measure></cell>
               <cell/>
               <cell/>
            </row>
            <row xml:id="p216_61">
               <cell/>
               <cell><date when="1849-09-18">18</date></cell>
               <cell/>
               <cell/>
               <cell/>
               <cell/>
            </row>
            <row xml:id="p216_62">
               <cell>537</cell>
               <cell><name type="person" ref="v">John Hill</name>
                  <choice rend="align(right)">
                     <abbr>D</abbr>
                     <expan>debtor</expan>
                  </choice></cell>
               <cell/>
               <cell/>
               <cell/>
               <cell/>
            </row>
            <row xml:id="p216_63">
               <cell/>
               <cell>To <name type="account" ref="LMWcash">cash</name>
                  <measure commodity="currency" quantity="4" unit="dollars">four
                  dollars</measure></cell>
               <cell><measure commodity="currency" quantity="4" unit="dollars">4</measure></cell>
               <cell><measure commodity="currency" quantity="00" unit="cents">00</measure></cell>
               <cell/>
               <cell/>
            </row>
            <row xml:id="p216_64">
               <cell/>
               <cell/>
               <cell/>
               <cell/>
               <cell/>
               <cell/>
            </row>
         </table>
      </body>
   </text>
</TEI>
