<?xml version="1.0" encoding="UTF-8"?>
<?xml-model href="http://www.tei-c.org/release/xml/tei/custom/schema/relaxng/tei_all.rng" type="application/xml" schematypens="http://relaxng.org/ns/structure/1.0"?>
<?xml-model href="http://www.tei-c.org/release/xml/tei/custom/schema/relaxng/tei_all.rng" type="application/xml"
	schematypens="http://purl.oclc.org/dsdl/schematron"?>
<TEI xmlns="http://www.tei-c.org/ns/1.0">
   <teiHeader>
      <fileDesc>
         <titleStmt>
            <title>LMW Day Book, pp. 213-214</title>
            <author>L.M. Wheaton</author>
         </titleStmt>
         <publicationStmt>
            <p>Indication of work done and date, Wheaton College</p>
         </publicationStmt>
         <sourceDesc>
            <biblFull>
               <titleStmt>
                  <title>Account Books, pp.213-214</title>
                  <author>L.M. Wheaton</author>
                  <respStmt>
                     <resp> TEI-compatible XML markup by <name type="person">Your Name</name> with
                        corrections by <name type="person">Name</name>, <name type="person"
                           >Name</name>, and <name type="person">Name</name>.</resp>
                     <name type="person">Name</name>
                  </respStmt>
               </titleStmt>
               <publicationStmt>
                  <p>Indication of work done and date, Wheaton College</p>
               </publicationStmt>
               <sourceDesc>
                  <p> From the Marion B. Gebbie Archives and Special Collections at the Madeleine
                     Clark Wallace Library, Wheaton College </p>
               </sourceDesc>
            </biblFull>
         </sourceDesc>
      </fileDesc>
   </teiHeader>
   <text>
      <body>
         <pb n="213"/>
         <fw type="pageNum">213</fw>
         <table xml:id="p213" cols="6">
            <head>Thursday <date when="1849-03-09">March 9. 1849</date></head>
            <row xml:id="p213_01">
               <cell/>
               <cell/>
               <cell>$</cell>
               <cell>cts</cell>
               <cell>$</cell>
               <cell>cts</cell>
            </row>
            <row xml:id="p213_02">
               <cell>528</cell>
               <cell><name type="person" ref="pers_WCDH601">Wm. g. Sweet</name>
                  <choice rend="align(right)">
                     <abbr>Dr</abbr>
                     <expan>debtor</expan>
                  </choice></cell>
               <cell/>
               <cell/>
               <cell/>
               <cell/>
            </row>
            <row xml:id="p213_03">
               <cell/>
               <cell>To <measure commodity="pork" quantity="7" unit="lbs">7 lbs. fresh
                     pork</measure>
                  <measure commodity="currency" quantity="11" unit="cents">11x</measure></cell>
               <cell/>
               <cell><measure commodity="currency" quantity="77" unit="cents">77</measure></cell>
               <cell/>
               <cell/>
            </row>
            <row xml:id="p213_04">
               <cell>534</cell>
               <cell><name type="person" ref="pers_WCDH156">Stephen Bailey</name>
                  <choice rend="align(right)">
                     <abbr>Dr</abbr>
                     <expan>debtor</expan>
                  </choice></cell>
               <cell/>
               <cell/>
               <cell/>
               <cell/>
            </row>
            <row xml:id="p213_05">
               <cell/>
               <cell>To <measure commodity="pork" quantity="5" unit="lbs">5 lbs. fresh
                     pork</measure>
                  <measure commodity="currency" quantity="11" unit="cents">11x</measure></cell>
               <cell/>
               <cell><measure commodity="currency" quantity="55" unit="cents">55</measure></cell>
               <cell/>
               <cell/>
            </row>
            <row xml:id="p213_06">
               <cell/>
               <cell/>
               <cell/>
               <cell/>
               <cell/>
               <cell/>
            </row>
            <row xml:id="p213_07">
               <cell>settled</cell>
               <cell><name type="person" ref="pers_WCDH637">Wm. A. West</name>
                  <choice rend="align(right)">
                     <abbr>Dr</abbr>
                     <expan>debtor</expan>
                  </choice></cell>
               <cell/>
               <cell/>
               <cell/>
               <cell/>
            </row>
            <row xml:id="p213_08">
               <cell/>
               <cell>To <measure commodity="pork" quantity="9.5" unit="lbs">9 1/2 lbs fresh
                     pork</measure>
                  <measure commodity="currency" quantity="11" unit="cents">11x</measure></cell>
               <cell><measure commodity="currency" quantity="1" unit="dollars">1</measure></cell>
               <cell><measure commodity="currency" quantity="1" unit="cents">01</measure></cell>
               <cell/>
               <cell/>
            </row>
            <row xml:id="p213_09">
               <cell/>
               <cell/>
               <cell/>
               <cell/>
               <cell/>
               <cell/>
            </row>
            <row xml:id="p213_10">
               <cell>settled</cell>
               <cell><name type="person" ref="pers_WCDH33">S. A. Chapin</name></cell>
               <cell/>
               <cell/>
               <cell/>
               <cell/>
            </row>
            <row xml:id="p213_11">
               <cell/>
               <cell>To <measure commodity="pork" quantity="7" unit="lbs">7 lbs fresh pork</measure>
                  <measure commodity="currency" quantity="11" unit="cents">11</measure></cell>
               <cell/>
               <cell><measure commodity="currency" quantity="77" unit="cents">77</measure></cell>
               <cell/>
               <cell/>
            </row>
            <row xml:id="p213_12">
               <cell>512</cell>
               <cell><name type="person" ref="pers_WCDH190">Geo. Braman</name>
                  <choice rend="align(right)">
                     <abbr>Dr</abbr>
                     <expan>debtor</expan>
                  </choice></cell>
               <cell/>
               <cell/>
               <cell/>
               <cell/>
            </row>
            <row xml:id="p213_13">
               <cell/>
               <cell>To <measure commodity="pork" quantity="7.75" unit="lbs">7 3/4 lbs.
                     pork</measure>
                  <measure commodity="currency" quantity="11" unit="cents">11</measure></cell>
               <cell/>
               <cell><measure commodity="currency" quantity="85" unit="cents">85</measure></cell>
               <cell/>
               <cell/>
            </row>
            <row xml:id="p213_14">
               <cell/>
               <cell/>
               <cell/>
               <cell/>
               <cell/>
               <cell/>
            </row>
            <row xml:id="p213_15">
               <cell>76</cell>
               <cell><name type="person" ref="pers_WCDH475">Jas. O Messenger</name>
                  <choice rend="align(right)">
                     <abbr>Dr</abbr>
                     <expan>debtor</expan>
                  </choice></cell>
               <cell/>
               <cell/>
               <cell/>
               <cell/>
            </row>
            <row xml:id="p213_16">
               <cell/>
               <cell>To <measure commodity="paint brushes" quantity="4" unit="lbs">4 paint
                     brushes</measure> market <measure commodity="currency" quantity="2.75"
                     unit="dollars">2.75x</measure>
                  <measure commodity="currency" quantity="2.59" unit="dollars"
                  >2.59x</measure></cell>
               <cell><measure commodity="currency" quantity="2" unit="dollars">2</measure></cell>
               <cell><measure commodity="currency" quantity="36" unit="cents">36</measure></cell>
               <cell/>
               <cell/>
            </row>
            <row xml:id="p213_17">
               <cell/>
               <cell/>
               <cell/>
               <cell/>
               <cell/>
               <cell/>
            </row>
            <row xml:id="p213_18">
               <cell>355</cell>
               <cell><name type="person" ref="pers_WCDH118">Wheaton Wheeler</name>
                  <choice rend="align(right)">
                     <abbr>Dr</abbr>
                     <expan>debtor</expan>
                  </choice></cell>
               <cell/>
               <cell/>
               <cell/>
               <cell/>
            </row>
            <row xml:id="p213_19">
               <cell/>
               <cell>To <measure commodity="potatoes" quantity=".5" unit="bushels">1/2 buss
                     potatoes</measure>
                  <measure commodity="currency" quantity="60" unit="cents">60x</measure></cell>
               <cell/>
               <cell><measure commodity="currency" quantity="30" unit="cents">30</measure></cell>
               <cell/>
               <cell/>
            </row>
            <row xml:id="p213_20">
               <cell/>
               <cell><date when="1849-03-14">14</date></cell>
               <cell/>
               <cell/>
               <cell/>
               <cell/>
            </row>
            <row xml:id="p213_21">
               <cell>settled</cell>
               <cell><name type="person" ref="pers_WCDH156">Stephen Bailey</name>
                  <choice rend="align(right)">
                     <abbr>Dr</abbr>
                     <expan>debtor</expan>
                  </choice></cell>
               <cell/>
               <cell/>
               <cell/>
               <cell/>
            </row>
            <row xml:id="p213_22">
               <cell/>
               <cell>To <name type="account" ref="LMWcash">cash</name>
                  <measure commodity="currency" quantity="20" unit="dollars">twenty
                     dollars</measure></cell>
               <cell><measure commodity="currency" quantity="20" unit="dollars">20</measure></cell>
               <cell><measure commodity="currency" quantity="00" unit="cents">00</measure></cell>
               <cell/>
               <cell/>
            </row>
            <row xml:id="p213_23">
               <cell/>
               <cell><date when="1849-03-23">23</date></cell>
               <cell/>
               <cell/>
               <cell/>
               <cell/>
            </row>
            <row xml:id="p213_24">
               <cell>355</cell>
               <cell><name type="person" ref="pers_WCDH118">Wheaton Wheeler</name>
                  <choice rend="align(right)">
                     <abbr>D</abbr>
                     <expan>debtor</expan>
                  </choice></cell>
               <cell/>
               <cell/>
               <cell/>
               <cell/>
            </row>
            <row xml:id="p213_25">
               <cell/>
               <cell>To <name type="account" ref="LMWcash">cash</name>
                  <measure commodity="currency" quantity="1" unit="dollars">ten
                  dollars</measure></cell>
               <cell><measure commodity="currency" quantity="1" unit="dollars">10</measure></cell>
               <cell><measure commodity="currency" quantity="00" unit="cents">00</measure></cell>
               <cell/>
               <cell/>
            </row>
            <row xml:id="p213_26">
               <cell/>
               <cell><measure commodity="butter" quantity="3" unit="lbs">3lb butter</measure>
                  1/8</cell>
               <cell/>
               <cell><measure commodity="currency" quantity="75" unit="cents">75</measure></cell>
               <cell><measure commodity="currency" quantity="10" unit="dollars">10</measure></cell>
               <cell><measure commodity="currency" quantity="75" unit="cents">75</measure></cell>
            </row>
            <row xml:id="p213_27">
               <cell/>
               <cell><date when="1849-03-31">31</date></cell>
               <cell/>
               <cell/>
               <cell/>
               <cell/>
            </row>
            <row xml:id="p213_28">
               <cell>510</cell>
               <cell><name type="person" ref="pers_WCDH488">Caty Nolen</name>
                  <choice rend="align(right)">
                     <abbr>Dr</abbr>
                     <expan>debtor</expan>
                  </choice></cell>
               <cell/>
               <cell/>
               <cell/>
               <cell/>
            </row>
            <row xml:id="p213_29">
               <cell/>
               <cell>To <measure commodity="calico" quantity="10.5" unit="yds">10 1/2 yds
                     calico</measure>
                  <measure commodity="currency" quantity="11" unit="cents">11x</measure></cell>
               <cell><measure commodity="currency" quantity="1" unit="dollars">1</measure></cell>
               <cell><measure commodity="currency" quantity="16" unit="cents">16</measure></cell>
               <cell/>
               <cell/>
            </row>
            <row xml:id="p213_30">
               <cell/>
               <cell>To <measure commodity="cotton" quantity="1" unit="yd">1 yd cotton</measure>
                  <measure commodity="currency" quantity="8" unit="cents">8x</measure> -</cell>
               <cell/>
               <cell><measure commodity="currency" quantity="08" unit="cents">08</measure></cell>
               <cell/>
               <cell/>
            </row>
            <row xml:id="p213_31">
               <cell/>
               <cell>" <measure commodity="slippers" quantity="2" unit="pairs">2 prs mens
                     slippers</measure>
                  <measure commodity="currency" quantity="45" unit="cents">45x</measure>
                  <measure commodity="currency" quantity="4.5" unit="dollars">450x</measure></cell>
               <cell/>
               <cell><measure commodity="currency" quantity="95" unit="cents">95</measure></cell>
               <cell><measure commodity="currency" quantity="2" unit="dollars">2</measure></cell>
               <cell><measure commodity="currency" quantity="19" unit="cents">19</measure></cell>
            </row>
            <row xml:id="p213_32">
               <cell/>
               <cell><date when="1849-04-04">April 4th</date></cell>
               <cell/>
               <cell/>
               <cell/>
               <cell/>
            </row>
            <row xml:id="p213_33">
               <cell>settled</cell>
               <cell><name type="person" ref="v">Sarah B. Putnam</name>
                  <choice rend="align(right)">
                     <abbr>Dr</abbr>
                     <expan>debtor</expan>
                  </choice></cell>
               <cell/>
               <cell/>
               <cell/>
               <cell/>
            </row>
            <row xml:id="p213_34">
               <cell/>
               <cell>To <measure commodity="butter" quantity="1.25" unit="lbs">1 1/4 lbs.
                     butter</measure> 1/6</cell>
               <cell/>
               <cell/>
               <cell/>
               <cell/>
            </row>
            <row xml:id="p213_35">
               <cell/>
               <cell><date when="1849-04-05">5</date></cell>
               <cell/>
               <cell/>
               <cell/>
               <cell/>
            </row>
            <row xml:id="p213_36">
               <cell>settled</cell>
               <cell><name type="person" ref="pers_WCDH373">Linus Howard</name>
                  <choice rend="align(right)">
                     <abbr>Dr</abbr>
                     <expan>debtor</expan>
                  </choice></cell>
               <cell/>
               <cell/>
               <cell/>
               <cell/>
            </row>
            <row xml:id="p213_37">
               <cell/>
               <cell>To <measure commodity="hay" quantity="6560" unit="lbs">6560 lbs English
                     hay</measure>
                  <measure commodity="currency" quantity="12" unit="dollars">$12.00</measure></cell>
               <cell><measure commodity="currency" quantity="39" unit="dollars">39</measure></cell>
               <cell><measure commodity="currency" quantity="36" unit="cents">36</measure></cell>
               <cell/>
               <cell/>
            </row>
            <row xml:id="p213_38">
               <cell/>
               <cell/>
               <cell/>
               <cell/>
               <cell/>
               <cell/>
            </row>
            <row xml:id="p213_39">
               <cell>settled</cell>
               <cell><name type="person" ref="v">Sarah B. Putnam</name>
                  <choice rend="align(right)">
                     <abbr>Dr</abbr>
                     <expan>debtor</expan>
                  </choice></cell>
               <cell/>
               <cell/>
               <cell/>
               <cell/>
            </row>
            <row xml:id="p213_40">
               <cell/>
               <cell>To <measure commodity="beef" quantity="78.5" unit="lbs">78 1/2 lbs.
                     beef</measure> med. last fall</cell>
               <cell><measure commodity="currency" quantity="4" unit="dollars">4</measure></cell>
               <cell><measure commodity="currency" quantity="71" unit="cents">71</measure></cell>
               <cell/>
               <cell/>
            </row>
            <row xml:id="p213_41">
               <cell/>
               <cell/>
               <cell/>
               <cell/>
               <cell/>
               <cell/>
            </row>
            <row xml:id="p213_42">
               <cell>534</cell>
               <cell><name type="person" ref="pers_WCDH156">Stephen Bailey</name>
                  <choice rend="align(right)">
                     <abbr>Dr</abbr>
                     <expan>debtor</expan>
                  </choice></cell>
               <cell/>
               <cell/>
               <cell/>
               <cell/>
            </row>
            <row xml:id="p213_43">
               <cell/>
               <cell>To <measure commodity="potatoes" quantity="1" unit="bushels">1 buss
                     potatoes</measure>
                  <measure commodity="currency" quantity="65" unit="cents">65x</measure></cell>
               <cell/>
               <cell><measure commodity="currency" quantity="65" unit="cents">65</measure></cell>
               <cell/>
               <cell/>
            </row>
            <row xml:id="p213_44">
               <cell/>
               <cell/>
               <cell/>
               <cell/>
               <cell/>
               <cell/>
            </row>
            <row xml:id="p213_45">
               <cell>settled</cell>
               <cell><name type="person" ref="pers_WCDH614">Oliver Titus</name>
                  <choice rend="align(right)">
                     <abbr>Dr</abbr>
                     <expan>debtor</expan>
                  </choice></cell>
               <cell/>
               <cell/>
               <cell/>
               <cell/>
            </row>
            <row xml:id="p213_46">
               <cell/>
               <cell>To <measure commodity="rent" quantity=".25" unit="count">rent for
                     quarter</measure> ending 31st May</cell>
               <cell><measure commodity="currency" quantity="1" unit="dollars">10</measure></cell>
               <cell><measure commodity="currency" quantity="00" unit="cents">00</measure></cell>
               <cell/>
               <cell/>
            </row>
            <row xml:id="p213_47">
               <cell/>
               <cell><choice rend="align(right)">
                     <abbr>Cr</abbr>
                     <expan>credit</expan>
                  </choice></cell>
               <cell/>
               <cell/>
               <cell/>
               <cell/>
            </row>
            <row xml:id="p213_48">
               <cell/>
               <cell>By woodhouse &amp; manners -</cell>
               <cell><measure commodity="currency" quantity="1" unit="dollars">15</measure></cell>
               <cell><measure commodity="currency" quantity="00" unit="cents">00</measure></cell>
               <cell/>
               <cell/>
            </row>
            <row xml:id="p213_49">
               <cell/>
               <cell/>
               <cell/>
               <cell/>
               <cell/>
               <cell/>
            </row>
            <row xml:id="p213_50">
               <cell>537</cell>
               <cell><name type="person" ref="pers_WCDH637">Wm. A. West</name>
                  <choice rend="align(right)">
                     <abbr>D</abbr>
                     <expan>debtor</expan>
                  </choice></cell>
               <cell/>
               <cell/>
               <cell/>
               <cell/>
            </row>
            <row xml:id="p213_51">
               <cell/>
               <cell>To <measure commodity="scraper" quantity="1" unit="count">scraper</measure> dys
                  3/</cell>
               <cell/>
               <cell/>
               <cell/>
               <cell/>
            </row>
            <row xml:id="p213_52">
               <cell/>
               <cell/>
               <cell/>
               <cell/>
               <cell/>
               <cell/>
            </row>
            <row xml:id="p213_53">
               <cell>settled</cell>
               <cell><name type="person" ref="pers_WCDH205">Westley Brown</name>
                  <choice rend="align(right)">
                     <abbr>D</abbr>
                     <expan>debtor</expan>
                  </choice></cell>
               <cell/>
               <cell/>
               <cell/>
               <cell/>
            </row>
            <row xml:id="p213_54">
               <cell/>
               <cell>To <measure commodity="potatoes" quantity="2" unit="bushels">2 buss.
                     potatoes</measure> af Dat. May place 4/6</cell>
               <cell><measure commodity="currency" quantity="1" unit="dollars">1</measure></cell>
               <cell><measure commodity="currency" quantity="50" unit="cents">50</measure>
                  (faded)</cell>
               <cell/>
               <cell/>
            </row>
            <row xml:id="p213_55">
               <cell/>
               <cell/>
               <cell/>
               <cell/>
               <cell/>
               <cell/>
            </row>
            <row xml:id="p213_56">
               <cell>sold out</cell>
               <cell><name type="person" ref="pers_WCDH658">George White Jr</name>
                  <choice rend="align(right)">
                     <abbr>D</abbr>
                     <expan>debtor</expan>
                  </choice></cell>
               <cell/>
               <cell/>
               <cell/>
               <cell/>
            </row>
            <row xml:id="p213_57">
               <cell/>
               <cell>To <measure commodity="pasturing" quantity="1" unit="cows">pasturing
                     cow</measure> to Winter</cell>
               <cell><measure commodity="currency" quantity="6" unit="dollars">6</measure></cell>
               <cell><measure commodity="currency" quantity="00" unit="cents">00</measure></cell>
               <cell/>
               <cell/>
            </row>
            <row xml:id="p213_58">
               <cell/>
               <cell/>
               <cell/>
               <cell/>
               <cell/>
               <cell/>
            </row>
            <row xml:id="p213_59">
               <cell/>
               <cell/>
               <cell/>
               <cell/>
               <cell/>
               <cell/>
            </row>
            <row xml:id="p213_60">
               <cell/>
               <cell/>
               <cell/>
               <cell/>
               <cell/>
               <cell/>
            </row>
            <row xml:id="p213_61">
               <cell/>
               <cell/>
               <cell/>
               <cell/>
               <cell/>
               <cell/>
            </row>
            <row xml:id="p213_62">
               <cell/>
               <cell/>
               <cell/>
               <cell/>
               <cell/>
               <cell/>
            </row>
            <row xml:id="p213_63">
               <cell/>
               <cell/>
               <cell/>
               <cell/>
               <cell/>
               <cell/>
            </row>
            <row xml:id="p213_64">
               <cell/>
               <cell/>
               <cell/>
               <cell/>
               <cell/>
               <cell/>
            </row>
         </table>
         <pb n="214"/>
         <fw type="pageNum">214</fw>
         <table xml:id="p214" cols="6">
            <head>Thursday <date when="1849-04-19">April 19th 1849</date></head>
            <row xml:id="p214_01">
               <cell/>
               <cell/>
               <cell>$</cell>
               <cell>cts.</cell>
               <cell>$</cell>
               <cell>cts.</cell>
            </row>
            <row xml:id="p214_02">
               <cell>355</cell>
               <cell><name type="person" ref="pers_WCDH118">Wheaton Wheelor</name>
                  <choice rend="align(right)">
                     <abbr>D</abbr>
                     <expan>debtor</expan>
                  </choice></cell>
               <cell/>
               <cell/>
               <cell/>
               <cell/>
            </row>
            <row xml:id="p214_03">
               <cell/>
               <cell>To <measure commodity="butter" quantity="2" unit="lbs">2 lbs. butter</measure>
                  <measure commodity="currency" quantity="22" unit="cents">22x</measure> pr
                  lb</cell>
               <cell/>
               <cell><measure commodity="currency" quantity="44" unit="cents">44</measure></cell>
               <cell/>
               <cell/>
            </row>
            <row xml:id="p214_04">
               <cell/>
               <cell><date when="1849-04-25">25</date></cell>
               <cell/>
               <cell/>
               <cell/>
               <cell/>
            </row>
            <row xml:id="p214_05">
               <cell>settled</cell>
               <cell><name type="person" ref="pers_WCDH205">Westley Brown</name>
                  <choice rend="align(right)">
                     <abbr>D</abbr>
                     <expan>debtor</expan>
                  </choice></cell>
               <cell/>
               <cell/>
               <cell/>
               <cell/>
            </row>
            <row xml:id="p214_06">
               <cell/>
               <cell>To <measure commodity="dung fork" quantity="1" unit="count">dung fork</measure>
                  extra 12/</cell>
               <cell><measure commodity="currency" quantity="2" unit="dollars">2</measure></cell>
               <cell><measure commodity="currency" quantity="00" unit="cents">00</measure></cell>
               <cell/>
               <cell/>
            </row>
            <row xml:id="p214_07">
               <cell/>
               <cell/>
               <cell/>
               <cell/>
               <cell/>
               <cell/>
            </row>
            <row xml:id="p214_08">
               <cell>512</cell>
               <cell><name type="person" ref="pers_WCDH190">geo. W. Braman</name>
                  <choice rend="align(right)">
                     <abbr>D</abbr>
                     <expan>debtor</expan>
                  </choice></cell>
               <cell/>
               <cell/>
               <cell/>
               <cell/>
            </row>
            <row xml:id="p214_09">
               <cell/>
               <cell>To chk on Attlebor B. -</cell>
               <cell><measure commodity="currency" quantity="30" unit="dollars">30</measure></cell>
               <cell><measure commodity="currency" quantity="00" unit="cents">00</measure></cell>
               <cell/>
               <cell/>
            </row>
            <row xml:id="p214_10">
               <cell/>
               <cell><date when="1849-05-02">May 2nd</date></cell>
               <cell/>
               <cell/>
               <cell/>
               <cell/>
            </row>
            <row xml:id="p214_11">
               <cell>settled</cell>
               <cell><name type="person" ref="pers_WCDH373">Linus Howard</name>
                  <choice rend="align(right)">
                     <abbr>D</abbr>
                     <expan>debtor</expan>
                  </choice></cell>
               <cell/>
               <cell/>
               <cell/>
               <cell/>
            </row>
            <row xml:id="p214_12">
               <cell/>
               <cell>To <measure commodity="butter" quantity="4.56" unit="lbs">4lbs-9oz
                     butter</measure>
                  <measure commodity="currency" quantity="25" unit="cents">25x</measure> pr
                  lb</cell>
               <cell><measure commodity="currency" quantity="1" unit="dollars">1</measure></cell>
               <cell><measure commodity="currency" quantity="14" unit="cents">14</measure></cell>
               <cell/>
               <cell/>
            </row>
            <row xml:id="p214_13">
               <cell/>
               <cell/>
               <cell/>
               <cell/>
               <cell/>
               <cell/>
            </row>
            <row xml:id="p214_14">
               <cell>settled</cell>
               <cell><name type="person" ref="pers_WCDH33">Saml A. Chapin</name>
                  <choice rend="align(right)">
                     <abbr>D</abbr>
                     <expan>debtor</expan>
                  </choice></cell>
               <cell/>
               <cell/>
               <cell/>
               <cell/>
            </row>
            <row xml:id="p214_15">
               <cell/>
               <cell>To <measure commodity="potatoes" quantity="1" unit="lbs">1 lbs
                     potatoes</measure></cell>
               <cell/>
               <cell/>
               <cell/>
               <cell/>
            </row>
            <row xml:id="p214_16">
               <cell/>
               <cell><date when="1849-05-03">3</date></cell>
               <cell/>
               <cell/>
               <cell/>
               <cell/>
            </row>
            <row xml:id="p214_17">
               <cell>355</cell>
               <cell><name type="person" ref="pers_WCDH118">Wheaton Wheeler</name>
                  <choice rend="align(right)">
                     <abbr>Dr</abbr>
                     <expan>debtor</expan>
                  </choice></cell>
               <cell/>
               <cell/>
               <cell/>
               <cell/>
            </row>
            <row xml:id="p214_18">
               <cell/>
               <cell>To <measure commodity="butter" quantity="4" unit="lbs">4 lbs butter</measure>
                  <measure commodity="currency" quantity="22" unit="cents">22x</measure> -</cell>
               <cell/>
               <cell><measure commodity="currency" quantity="88" unit="cents">88</measure></cell>
               <cell/>
               <cell/>
            </row>
            <row xml:id="p214_19">
               <cell/>
               <cell><date when="1849-05-12">12</date></cell>
               <cell/>
               <cell/>
               <cell/>
               <cell/>
            </row>
            <row xml:id="p214_20">
               <cell>settled</cell>
               <cell><name type="person" ref="pers_WCDH205">Westley Brown</name>
                  <choice rend="align(right)">
                     <abbr>D</abbr>
                     <expan>debtor</expan>
                  </choice></cell>
               <cell/>
               <cell/>
               <cell/>
               <cell/>
            </row>
            <row xml:id="p214_21">
               <cell/>
               <cell>To <name type="account" ref="LMWcash">cash</name>
                  <measure commodity="currency" quantity="6" unit="dollars">six
                  dollars</measure></cell>
               <cell><measure commodity="currency" quantity="6" unit="dollars">6</measure></cell>
               <cell><measure commodity="currency" quantity="00" unit="cents">00</measure></cell>
               <cell/>
               <cell/>
            </row>
            <row xml:id="p214_22">
               <cell/>
               <cell>To <measure commodity="potatoes" quantity="10" unit="bushels">10 buss.
                     potatoes</measure> (crossed out)</cell>
               <cell/>
               <cell/>
               <cell/>
               <cell/>
            </row>
            <row xml:id="p214_23">
               <cell/>
               <cell/>
               <cell/>
               <cell/>
               <cell/>
               <cell/>
            </row>
            <row xml:id="p214_24">
               <cell>537</cell>
               <cell><name type="person" ref="pers_WCDH352">John Hill</name>
                  <choice rend="align(right)">
                     <abbr>D</abbr>
                     <expan>debtor</expan>
                  </choice></cell>
               <cell/>
               <cell/>
               <cell/>
               <cell/>
            </row>
            <row xml:id="p214_25">
               <cell/>
               <cell>To <measure commodity="umbrella" quantity="1" unit="count">cane
                     umbrella</measure> 30/</cell>
               <cell><measure commodity="currency" quantity="5" unit="dollars">5</measure></cell>
               <cell><measure commodity="currency" quantity="00" unit="cents">00</measure></cell>
               <cell/>
               <cell/>
            </row>
            <row xml:id="p214_26">
               <cell/>
               <cell/>
               <cell/>
               <cell/>
               <cell/>
               <cell/>
            </row>
            <row xml:id="p214_27">
               <cell>settled</cell>
               <cell><name type="person" ref="pers_WCDH205">Westley Brown</name>
                  <choice rend="align(right)">
                     <abbr>D</abbr>
                     <expan>debtor</expan>
                  </choice></cell>
               <cell/>
               <cell/>
               <cell/>
               <cell/>
            </row>
            <row xml:id="p214_28">
               <cell/>
               <cell>To <measure commodity="potatoes" quantity="7" unit="bushels">7 buss.
                     potatoes</measure> 7/6</cell>
               <cell><measure commodity="currency" quantity="5" unit="dollars">5</measure></cell>
               <cell><measure commodity="currency" quantity="25" unit="cents">25</measure></cell>
               <cell/>
               <cell/>
            </row>
            <row xml:id="p214_29">
               <cell/>
               <cell/>
               <cell/>
               <cell/>
               <cell/>
               <cell/>
            </row>
            <row xml:id="p214_30">
               <cell>534</cell>
               <cell><name type="person" ref="pers_WCDH156">Stephen Bailey</name>
                  <choice rend="align(right)">
                     <abbr>D</abbr>
                     <expan>debtor</expan>
                  </choice></cell>
               <cell/>
               <cell/>
               <cell/>
               <cell/>
            </row>
            <row xml:id="p214_31">
               <cell/>
               <cell>To <measure commodity="potatoes" quantity="1.5" unit="bushels">1 1/2 buss
                     potatoes</measure>
                  <measure commodity="currency" quantity="65" unit="cents">65x</measure></cell>
               <cell/>
               <cell><measure commodity="currency" quantity="98" unit="cents">98</measure></cell>
               <cell/>
               <cell/>
            </row>
            <row xml:id="p214_32">
               <cell/>
               <cell/>
               <cell/>
               <cell/>
               <cell/>
               <cell/>
            </row>
            <row xml:id="p214_33">
               <cell>530</cell>
               <cell><name type="person" ref="pers_WCDH474">Walter McNaughton</name>
                  <choice rend="align(right)">
                     <abbr>D</abbr>
                     <expan>debtor</expan>
                  </choice></cell>
               <cell/>
               <cell/>
               <cell/>
               <cell/>
            </row>
            <row xml:id="p214_34">
               <cell/>
               <cell>To <name type="account" ref="LMWcash">cash</name> to pay <measure
                     commodity="subscription" quantity="1" unit="count">tract
                  subscription</measure></cell>
               <cell><measure commodity="currency" quantity="1" unit="dollars">1</measure></cell>
               <cell><measure commodity="currency" quantity="00" unit="cents">00</measure></cell>
               <cell/>
               <cell/>
            </row>
            <row xml:id="p214_35">
               <cell/>
               <cell/>
               <cell/>
               <cell/>
               <cell/>
               <cell/>
            </row>
            <row xml:id="p214_36">
               <cell>537</cell>
               <cell><name type="person" ref="pers_WCDH352">John Hill</name>
                  <choice rend="align(right)">
                     <abbr>D</abbr>
                     <expan>debtor</expan>
                  </choice></cell>
               <cell/>
               <cell/>
               <cell/>
               <cell/>
            </row>
            <row xml:id="p214_37">
               <cell/>
               <cell>To <name type="account" ref="LMWcash">cash</name> to pay <measure
                     commodity="subscription" quantity="1" unit="count">tract
                  subscription</measure></cell>
               <cell><measure commodity="currency" quantity="1" unit="dollars">1</measure></cell>
               <cell><measure commodity="currency" quantity="00" unit="cents">00</measure></cell>
               <cell/>
               <cell/>
            </row>
            <row xml:id="p214_38">
               <cell/>
               <cell><date when="1849-05-31">31</date></cell>
               <cell/>
               <cell/>
               <cell/>
               <cell/>
            </row>
            <row xml:id="p214_39">
               <cell>355</cell>
               <cell><name type="person" ref="pers_WCDH118">Wheaton Wheeler</name>
                  <choice rend="align(right)">
                     <abbr>D</abbr>
                     <expan>debtor</expan>
                  </choice></cell>
               <cell/>
               <cell/>
               <cell/>
               <cell/>
            </row>
            <row xml:id="p214_40">
               <cell/>
               <cell>To <measure commodity="lumber" quantity=".5" unit="count">1/2 end
                     pine</measure>
                  <measure commodity="currency" quantity="2.5" unit="dollars">250x</measure> pr
                  end</cell>
               <cell><measure commodity="currency" quantity="1" unit="dollars">1</measure></cell>
               <cell><measure commodity="currency" quantity="25" unit="cents">25</measure></cell>
               <cell/>
               <cell/>
            </row>
            <row xml:id="p214_41">
               <cell/>
               <cell>" <measure commodity="lumber" quantity="6" unit="ft">6 ft old boards</measure>
                  <measure commodity="currency" quantity="2.5" unit="dollars">250</measure></cell>
               <cell><measure commodity="currency" quantity="2" unit="dollars">2</measure></cell>
               <cell><measure commodity="currency" quantity="76" unit="cents">76</measure></cell>
               <cell><measure commodity="currency" quantity="4" unit="dollars">4</measure></cell>
               <cell><measure commodity="currency" quantity="01" unit="cents">01</measure></cell>
            </row>
            <row xml:id="p214_42">
               <cell/>
               <cell><date when="1849-06-01">June 1st 1849</date></cell>
               <cell/>
               <cell/>
               <cell/>
               <cell/>
            </row>
            <row xml:id="p214_43">
               <cell>510</cell>
               <cell><name type="person" ref="pers_WCDH488">Catherine Nolen</name>
                  <choice rend="align(right)">
                     <abbr>D</abbr>
                     <expan>debtor</expan>
                  </choice></cell>
               <cell/>
               <cell/>
               <cell/>
               <cell/>
            </row>
            <row xml:id="p214_44">
               <cell/>
               <cell>To <name type="account" ref="LMWcash">cash</name>
                  <measure commodity="currency" quantity="12" unit="dollars">twelve
                     dollars</measure></cell>
               <cell><measure commodity="currency" quantity="12" unit="dollars">12</measure></cell>
               <cell><measure commodity="currency" quantity="00" unit="cents">00</measure></cell>
               <cell/>
               <cell/>
            </row>
            <row xml:id="p214_45">
               <cell/>
               <cell/>
               <cell/>
               <cell/>
               <cell/>
               <cell/>
            </row>
            <row xml:id="p214_46">
               <cell>see bill</cell>
               <cell><name type="person" ref="pers_WCDH293">Thomas Elms</name>
                  <choice rend="align(right)">
                     <abbr>Dr</abbr>
                     <expan>debtor</expan>
                  </choice></cell>
               <cell/>
               <cell/>
               <cell/>
               <cell/>
            </row>
            <row xml:id="p214_47">
               <cell/>
               <cell>To <measure commodity="potatoes" quantity="5" unit="bushels">5 bushels
                     potatoes</measure> 4/6</cell>
               <cell><measure commodity="currency" quantity="3" unit="dollars">3</measure></cell>
               <cell><measure commodity="currency" quantity="75" unit="cents">75</measure></cell>
               <cell/>
               <cell/>
            </row>
            <row xml:id="p214_48">
               <cell/>
               <cell/>
               <cell/>
               <cell/>
               <cell/>
               <cell/>
            </row>
            <row xml:id="p214_49">
               <cell>355</cell>
               <cell><name type="person" ref="pers_WCDH118">Wheaton Wheeler</name>
                  <choice rend="align(right)">
                     <abbr>Dr</abbr>
                     <expan>debtor</expan>
                  </choice></cell>
               <cell/>
               <cell/>
               <cell/>
               <cell/>
            </row>
            <row xml:id="p214_50">
               <cell/>
               <cell>To <measure commodity="pork" quantity="1" unit="pieces">pieces of
                     pork</measure></cell>
               <cell><measure commodity="currency" quantity="1" unit="dollars">1</measure></cell>
               <cell><measure commodity="currency" quantity="11" unit="cents">11</measure></cell>
               <cell/>
               <cell/>
            </row>
            <row xml:id="p214_51">
               <cell/>
               <cell>" <measure commodity="ham" quantity="13" unit="lbs">13 lbs ham</measure> -
                     <measure commodity="currency" quantity="10" unit="cents">10x</measure></cell>
               <cell><measure commodity="currency" quantity="1" unit="dollars">1</measure></cell>
               <cell><measure commodity="currency" quantity="30" unit="cents">30</measure></cell>
               <cell/>
               <cell/>
            </row>
            <row xml:id="p214_52">
               <cell/>
               <cell>" <measure commodity="potatoes" quantity="1" unit="bushels">1 bushel
                     potatoes</measure>
                  <measure commodity="currency" quantity="65" unit="cents">65x</measure></cell>
               <cell/>
               <cell><measure commodity="currency" quantity="65" unit="cents">65</measure></cell>
               <cell><measure commodity="currency" quantity="3" unit="dollars">3</measure></cell>
               <cell><measure commodity="currency" quantity="05" unit="cents">05</measure></cell>
            </row>
            <row xml:id="p214_53">
               <cell/>
               <cell><date when="1849-06-02">2</date></cell>
               <cell/>
               <cell/>
               <cell/>
               <cell/>
            </row>
            <row xml:id="p214_54">
               <cell>214</cell>
               <cell><name type="person" ref="pers_WCDH180">Otis Blandin</name>
                  <choice rend="align(right)">
                     <abbr>D</abbr>
                     <expan>debtor</expan>
                  </choice></cell>
               <cell/>
               <cell/>
               <cell/>
               <cell/>
            </row>
            <row xml:id="p214_55">
               <cell/>
               <cell>To <measure commodity="ham" quantity="21" unit="lbs">21 lb. Ham</measure>
                  <measure commodity="currency" quantity="10" unit="cents">10x</measure> -</cell>
               <cell><measure commodity="currency" quantity="2" unit="dollars">2</measure></cell>
               <cell><measure commodity="currency" quantity="10" unit="cents">10</measure></cell>
               <cell/>
               <cell/>
            </row>
            <row xml:id="p214_56">
               <cell/>
               <cell/>
               <cell/>
               <cell/>
               <cell/>
               <cell/>
            </row>
            <row xml:id="p214_57">
               <cell/>
               <cell/>
               <cell/>
               <cell/>
               <cell/>
               <cell/>
            </row>
            <row xml:id="p214_58">
               <cell/>
               <cell/>
               <cell/>
               <cell/>
               <cell/>
               <cell/>
            </row>
            <row xml:id="p214_59">
               <cell/>
               <cell/>
               <cell/>
               <cell/>
               <cell/>
               <cell/>
            </row>
            <row xml:id="p214_60">
               <cell/>
               <cell/>
               <cell/>
               <cell/>
               <cell/>
               <cell/>
            </row>
            <row xml:id="p214_61">
               <cell/>
               <cell/>
               <cell/>
               <cell/>
               <cell/>
               <cell/>
            </row>
            <row xml:id="p214_62">
               <cell/>
               <cell/>
               <cell/>
               <cell/>
               <cell/>
               <cell/>
            </row>
            <row xml:id="p214_63">
               <cell/>
               <cell/>
               <cell/>
               <cell/>
               <cell/>
               <cell/>
            </row>
            <row xml:id="p214_64">
               <cell/>
               <cell/>
               <cell/>
               <cell/>
               <cell/>
               <cell/>
            </row>
         </table>
      </body>
   </text>
</TEI>
