<?xml version="1.0" encoding="UTF-8"?>
<?xml-model href="http://www.tei-c.org/release/xml/tei/custom/schema/relaxng/tei_all.rng" type="application/xml" schematypens="http://relaxng.org/ns/structure/1.0"?>
<?xml-model href="http://www.tei-c.org/release/xml/tei/custom/schema/relaxng/tei_all.rng" type="application/xml"
	schematypens="http://purl.oclc.org/dsdl/schematron"?>
<TEI xmlns="http://www.tei-c.org/ns/1.0">
   <teiHeader>
      <fileDesc>
         <titleStmt>
            <title>LMW Day Book, pp. 209-210</title>
            <author>L.M. Wheaton</author>
         </titleStmt>
         <publicationStmt>
            <p>Indication of work done and date, Wheaton College</p>
         </publicationStmt>
         <sourceDesc>
            <biblFull>
               <titleStmt>
                  <title>Account Books, pp.209-210</title>
                  <author>L.M. Wheaton</author>
                  <respStmt>
                     <resp> TEI-compatible XML markup by <name type="person">Alyssa Russell</name>
                        with corrections by <name type="person">Name</name>, <name type="person"
                           >Name</name>, and <name type="person">Name</name>.</resp>
                     <name type="person">Name</name>
                  </respStmt>
               </titleStmt>
               <publicationStmt>
                  <p>Indication of work done and date 7/1/15, Wheaton College</p>
               </publicationStmt>
               <sourceDesc>
                  <p> From the Marion B. Gebbie Archives and Special Collections at the Madeleine
                     Clark Wallace Library, Wheaton College </p>
               </sourceDesc>
            </biblFull>
         </sourceDesc>
      </fileDesc>
   </teiHeader>
   <text>
      <body>
         <pb n="209"/>
         <fw type="pageNum">209</fw>
         <table xml:id="p209" cols="6">
            <head>Monday <date when="1848-09-18">Sept. 18 - 1848</date></head>
            <row xml:id="p209_01">
               <cell/>
               <cell/>
               <cell>$</cell>
               <cell>cts.</cell>
               <cell>$</cell>
               <cell>cts.</cell>
            </row>
            <row xml:id="p209_02">
               <cell>settled</cell>
               <cell><name type="person" ref="pers_WCDH032">S. A. Chapin</name>
                  <choice rend="align(right)">
                     <abbr>Dr</abbr>
                     <expan>Debtor</expan>
                  </choice></cell>
               <cell/>
               <cell/>
               <cell/>
               <cell/>
            </row>
            <row xml:id="p209_03">
               <cell/>
               <cell>To <measure commodity="butter" quantity="1.25" unit="lbs">1 1/4 lbs
                     butter</measure> 1/6 -</cell>
               <cell/>
               <cell><measure commodity="currency" quantity="31" unit="cents">31</measure></cell>
               <cell/>
               <cell/>
            </row>
            <row xml:id="p209_04">
               <cell/>
               <cell><date when="1848-09-21">21</date></cell>
               <cell/>
               <cell/>
               <cell/>
               <cell/>
            </row>
            <row xml:id="p209_05">
               <cell/>
               <cell>To <measure commodity="butter" quantity="5.56" unit="lbs">5 lbs 9oz
                     butter</measure> 1/6</cell>
               <cell><measure commodity="currency" quantity="1" unit="dollars">1</measure></cell>
               <cell><measure commodity="currency" quantity="39" unit="cents">39</measure></cell>
               <cell/>
               <cell/>
            </row>
            <row xml:id="p209_06">
               <cell/>
               <cell/>
               <cell/>
               <cell/>
               <cell/>
               <cell/>
            </row>
            <row xml:id="p209_07">
               <cell>345</cell>
               <cell><name type="person" ref="pers_WCDH118">Wheaton Wheeler</name>
                  <choice rend="align(right)">
                     <abbr>D</abbr>
                     <expan>Debtor</expan>
                  </choice></cell>
               <cell/>
               <cell/>
               <cell/>
               <cell/>
            </row>
            <row xml:id="p209_08">
               <cell/>
               <cell>To discount with Center Mills</cell>
               <cell><measure commodity="currency" quantity="13" unit="dollars">13</measure></cell>
               <cell><measure commodity="currency" quantity="00" unit="cents">00</measure></cell>
               <cell/>
               <cell/>
            </row>
            <row xml:id="p209_09">
               <cell/>
               <cell/>
               <cell/>
               <cell/>
               <cell/>
               <cell/>
            </row>
            <row xml:id="p209_10">
               <cell>533</cell>
               <cell><name type="person" ref="pers_WCDH269">Frank Dunahoe</name>
                  <choice rend="align(right)">
                     <abbr>D</abbr>
                     <expan>Debtor</expan>
                  </choice></cell>
               <cell/>
               <cell/>
               <cell/>
               <cell/>
            </row>
            <row xml:id="p209_11">
               <cell/>
               <cell>To discount with Center Mill</cell>
               <cell><measure commodity="currency" quantity="3" unit="dollars">3</measure></cell>
               <cell><measure commodity="currency" quantity="08" unit="cents">08</measure></cell>
               <cell/>
               <cell/>
            </row>
            <row xml:id="p209_12">
               <cell/>
               <cell/>
               <cell/>
               <cell/>
               <cell/>
               <cell/>
            </row>
            <row xml:id="p209_13">
               <cell>76</cell>
               <cell><name type="person" ref="pers_WCDH475">Jas. O Messenger</name>
                  <choice rend="align(right)">
                     <abbr>D</abbr>
                     <expan>Debtor</expan>
                  </choice></cell>
               <cell/>
               <cell/>
               <cell/>
               <cell/>
            </row>
            <row xml:id="p209_14">
               <cell/>
               <cell>To discount with Center Mills</cell>
               <cell><measure commodity="currency" quantity="7" unit="dollars">7</measure></cell>
               <cell><measure commodity="currency" quantity="11" unit="cents">11</measure></cell>
               <cell/>
               <cell/>
            </row>
            <row xml:id="p209_15">
               <cell/>
               <cell/>
               <cell/>
               <cell/>
               <cell/>
               <cell/>
            </row>
            <row xml:id="p209_16">
               <cell>535</cell>
               <cell><name type="person" ref="pers_WCDH703">William H. Wrigley</name>
                  <choice rend="align(right)">
                     <abbr>D</abbr>
                     <expan>Debtor</expan>
                  </choice></cell>
               <cell/>
               <cell/>
               <cell/>
               <cell/>
            </row>
            <row xml:id="p209_17">
               <cell/>
               <cell>To discount with Center Mill</cell>
               <cell><measure commodity="currency" quantity="1" unit="dollars">1</measure></cell>
               <cell><measure commodity="currency" quantity="90" unit="cents">90</measure></cell>
               <cell/>
               <cell/>
            </row>
            <row xml:id="p209_18">
               <cell/>
               <cell>" open half day</cell>
               <cell/>
               <cell><measure commodity="currency" quantity="25" unit="cents">25</measure></cell>
               <cell/>
               <cell/>
            </row>
            <row xml:id="p209_19">
               <cell/>
               <cell>" scraper? 2 days 3/ pr day</cell>
               <cell><measure commodity="currency" quantity="1" unit="dollars">1</measure></cell>
               <cell><measure commodity="currency" quantity="00" unit="cents">00</measure></cell>
               <cell/>
               <cell/>
            </row>
            <row xml:id="p209_20">
               <cell/>
               <cell>" <measure commodity="lumber" quantity="17" unit="feet">two stick timber fa
                     parts 17ft</measure> at <measure commodity="currency" quantity="12.5"
                     unit="dollars">12.50</measure> lbs</cell>
               <cell/>
               <cell><measure commodity="currency" quantity="25" unit="cents">25</measure></cell>
               <cell><measure commodity="currency" quantity="3" unit="dollars">3</measure></cell>
               <cell><measure commodity="currency" quantity="40" unit="cents">40</measure></cell>
            </row>
            <row xml:id="p209_21">
               <cell/>
               <cell/>
               <cell/>
               <cell/>
               <cell/>
               <cell/>
            </row>
            <row xml:id="p209_22">
               <cell>settled</cell>
               <cell><name type="person" ref="v">Sarah Putnam</name>
                  <choice rend="align(right)">
                     <abbr>D</abbr>
                     <expan>Debtor</expan>
                  </choice></cell>
               <cell/>
               <cell/>
               <cell/>
               <cell/>
            </row>
            <row xml:id="p209_23">
               <cell/>
               <cell>To <measure commodity="beans" quantity=".5" unit="bushels">1/2 buss.
                     beans</measure> 10/6 -</cell>
               <cell/>
               <cell><measure commodity="currency" quantity="87" unit="cents">87</measure></cell>
               <cell/>
               <cell/>
            </row>
            <row xml:id="p209_24">
               <cell/>
               <cell/>
               <cell/>
               <cell/>
               <cell/>
               <cell/>
            </row>
            <row xml:id="p209_25">
               <cell>533</cell>
               <cell><name type="person" ref="pers_WCDH269">Frank Dunahoe</name>
                  <choice rend="align(right)">
                     <abbr>D</abbr>
                     <expan>Debtor</expan>
                  </choice></cell>
               <cell/>
               <cell/>
               <cell/>
               <cell/>
            </row>
            <row xml:id="p209_26">
               <cell/>
               <cell>To a <measure commodity="coat" quantity="1" unit="count">coat</measure>
                  9/</cell>
               <cell><measure commodity="currency" quantity="1" unit="dollars">1</measure></cell>
               <cell><measure commodity="currency" quantity="50" unit="cents">50</measure></cell>
               <cell/>
               <cell/>
            </row>
            <row xml:id="p209_27">
               <cell/>
               <cell><date when="1848-09-28">28</date></cell>
               <cell/>
               <cell/>
               <cell/>
               <cell/>
            </row>
            <row xml:id="p209_28">
               <cell>534</cell>
               <cell><name type="person" ref="pers_WCDH156">Stephen Bailey</name>
                  <choice rend="align(right)">
                     <abbr>D</abbr>
                     <expan>Debtor</expan>
                  </choice></cell>
               <cell/>
               <cell/>
               <cell/>
               <cell/>
            </row>
            <row xml:id="p209_29">
               <cell/>
               <cell>To <measure commodity="lumber" quantity="1" unit="load">1 load wood</measure>
                  pr agreement 12/</cell>
               <cell><measure commodity="currency" quantity="2" unit="dollars">2</measure></cell>
               <cell><measure commodity="currency" quantity="00" unit="cents">00</measure></cell>
               <cell/>
               <cell/>
            </row>
            <row xml:id="p209_30">
               <cell/>
               <cell/>
               <cell/>
               <cell/>
               <cell/>
               <cell/>
            </row>
            <row xml:id="p209_31">
               <cell>510</cell>
               <cell><name type="person" ref="pers_WCDH488">Catherine Nolen</name>
                  <choice rend="align(right)">
                     <abbr>D</abbr>
                     <expan>Debtor</expan>
                  </choice></cell>
               <cell/>
               <cell/>
               <cell/>
               <cell/>
            </row>
            <row xml:id="p209_32">
               <cell/>
               <cell>To <name type="account" ref="LMWcash">cash</name>
                  <measure commodity="currency" quantity="5" unit="dollars">$5.00</measure></cell>
               <cell><measure commodity="currency" quantity="5" unit="dollars">5</measure></cell>
               <cell><measure commodity="currency" quantity="00" unit="cents">00</measure></cell>
               <cell/>
               <cell/>
            </row>
            <row xml:id="p209_33">
               <cell/>
               <cell/>
               <cell/>
               <cell/>
               <cell/>
               <cell/>
            </row>
            <row xml:id="p209_34">
               <cell>535</cell>
               <cell><name type="person" ref="pers_WCDH457">Zachary Marcomber</name>
                  <choice rend="align(right)">
                     <abbr>D</abbr>
                     <expan>Debtor</expan>
                  </choice></cell>
               <cell/>
               <cell/>
               <cell/>
               <cell/>
            </row>
            <row xml:id="p209_35">
               <cell/>
               <cell>To <measure commodity="iron" quantity="2.5" unit="lbs">299 lbs wrough iron 2
                     1/2</measure></cell>
               <cell><measure commodity="currency" quantity="7" unit="dollars">7</measure></cell>
               <cell><measure commodity="currency" quantity="48" unit="cents">48</measure></cell>
               <cell/>
               <cell/>
            </row>
            <row xml:id="p209_36">
               <cell/>
               <cell>" <measure commodity="iron" quantity="39" unit="lbs">39 " " "
                  1</measure></cell>
               <cell/>
               <cell><measure commodity="currency" quantity="37" unit="cents">37</measure></cell>
               <cell><measure commodity="currency" quantity="7" unit="dollars">7</measure></cell>
               <cell><measure commodity="currency" quantity="87" unit="cents">87</measure></cell>
            </row>
            <row xml:id="p209_37">
               <cell/>
               <cell><date when="1848-10-03">Oct 3rd</date></cell>
               <cell/>
               <cell/>
               <cell/>
               <cell/>
            </row>
            <row xml:id="p209_38">
               <cell>533</cell>
               <cell><name type="person" ref="pers_WCDH269">Frank Dunahoe</name>
                  <choice rend="align(right)">
                     <abbr>D</abbr>
                     <expan>Debtor</expan>
                  </choice></cell>
               <cell/>
               <cell/>
               <cell/>
               <cell/>
            </row>
            <row xml:id="p209_39">
               <cell/>
               <cell>To <name type="account" ref="LMWcash">cash</name>
                  <measure commodity="currency" quantity="5" unit="dollars">five
                  dollars</measure></cell>
               <cell><measure commodity="currency" quantity="5" unit="dollars">5</measure></cell>
               <cell><measure commodity="currency" quantity="00" unit="cents">00</measure></cell>
               <cell/>
               <cell/>
            </row>
            <row xml:id="p209_40">
               <cell/>
               <cell/>
               <cell/>
               <cell/>
               <cell/>
               <cell/>
            </row>
            <row xml:id="p209_41">
               <cell/>
               <cell><name type="person" ref="pers_WCDH156">Stephen Bailey</name>
                  <choice rend="align(right)">
                     <abbr>D</abbr>
                     <expan>Debtor</expan>
                  </choice></cell>
               <cell/>
               <cell/>
               <cell/>
               <cell/>
            </row>
            <row xml:id="p209_42">
               <cell/>
               <cell>To absence this day to Taunton</cell>
               <cell/>
               <cell/>
               <cell/>
               <cell/>
            </row>
            <row xml:id="p209_43">
               <cell/>
               <cell><date when="1848-10-05">5</date></cell>
               <cell/>
               <cell/>
               <cell/>
               <cell/>
            </row>
            <row xml:id="p209_44">
               <cell>534</cell>
               <cell><name type="person" ref="pers_WCDH156">Stephen Bailey</name>
                  <choice rend="align(right)">
                     <abbr>D</abbr>
                     <expan>Debtor</expan>
                  </choice></cell>
               <cell/>
               <cell/>
               <cell/>
               <cell/>
            </row>
            <row xml:id="p209_45">
               <cell/>
               <cell>To <measure commodity="potatoes" quantity="1" unit="bushels">1 buss.
                     potatoes</measure> 3/</cell>
               <cell/>
               <cell><measure commodity="currency" quantity="50" unit="cents">50</measure></cell>
               <cell/>
               <cell/>
            </row>
            <row xml:id="p209_46">
               <cell/>
               <cell/>
               <cell/>
               <cell/>
               <cell/>
               <cell/>
            </row>
            <row xml:id="p209_47">
               <cell>345</cell>
               <cell><name type="person" ref="pers_WCDH118">Wheaton Wheeler</name>
                  <choice rend="align(right)">
                     <abbr>D</abbr>
                     <expan>Debtor</expan>
                  </choice></cell>
               <cell/>
               <cell/>
               <cell/>
               <cell/>
            </row>
            <row xml:id="p209_48">
               <cell/>
               <cell>To <measure commodity="potatoes" quantity="1" unit="bushels">1 buss.
                     potatoes</measure> 3/</cell>
               <cell/>
               <cell><measure commodity="currency" quantity="50" unit="cents">50</measure></cell>
               <cell/>
               <cell/>
            </row>
            <row xml:id="p209_49">
               <cell/>
               <cell/>
               <cell/>
               <cell/>
               <cell/>
               <cell/>
            </row>
            <row xml:id="p209_50">
               <cell>533</cell>
               <cell><name type="person" ref="pers_WCDH269">Frank Dunahoe</name>
                  <choice rend="align(right)">
                     <abbr>D</abbr>
                     <expan>Debtor</expan>
                  </choice></cell>
               <cell/>
               <cell/>
               <cell/>
               <cell/>
            </row>
            <row xml:id="p209_51">
               <cell/>
               <cell>To <measure commodity="corn" quantity="1" unit="bushels">1 buss. corn</measure>
                  6/</cell>
               <cell><measure commodity="currency" quantity="1" unit="dollars">1</measure></cell>
               <cell><measure commodity="currency" quantity="00" unit="cents">00</measure></cell>
               <cell/>
               <cell/>
            </row>
            <row xml:id="p209_52">
               <cell/>
               <cell/>
               <cell/>
               <cell/>
               <cell/>
               <cell/>
            </row>
            <row xml:id="p209_53">
               <cell>settled</cell>
               <cell><name type="person" ref="pers_WCDH032">S. A. Chapin</name>
                  <choice rend="align(right)">
                     <abbr>Dr</abbr>
                     <expan>Debtor</expan>
                  </choice></cell>
               <cell/>
               <cell/>
               <cell/>
               <cell/>
            </row>
            <row xml:id="p209_54">
               <cell/>
               <cell>To <measure commodity="butter" quantity="6.25" unit="lbs">6 1/4 lbs
                     butter</measure> 1/6 -</cell>
               <cell><measure commodity="currency" quantity="1" unit="dollars">1</measure></cell>
               <cell><measure commodity="currency" quantity="56" unit="cents">56</measure></cell>
               <cell/>
               <cell/>
            </row>
            <row xml:id="p209_55">
               <cell/>
               <cell><date when="1848-10-18">18</date></cell>
               <cell/>
               <cell/>
               <cell/>
               <cell/>
            </row>
            <row xml:id="p209_56">
               <cell>535</cell>
               <cell><name type="person" ref="pers_WCDH703">Wm. H. Wrigley</name>
                  <choice rend="align(right)">
                     <abbr>D</abbr>
                     <expan>Debtor</expan>
                  </choice></cell>
               <cell/>
               <cell/>
               <cell/>
               <cell/>
            </row>
            <row xml:id="p209_57">
               <cell/>
               <cell>To <name type="account" ref="LMWcash">cash</name>
                  <measure commodity="currency" quantity="20" unit="dollars">twenty
                     dollars</measure></cell>
               <cell><measure commodity="currency" quantity="20" unit="dollars">20</measure></cell>
               <cell><measure commodity="currency" quantity="00" unit="cents">00</measure></cell>
               <cell/>
               <cell/>
            </row>
            <row xml:id="p209_58">
               <cell/>
               <cell/>
               <cell/>
               <cell/>
               <cell/>
               <cell/>
            </row>
            <row xml:id="p209_59">
               <cell>535</cell>
               <cell><name type="person" ref="pers_WCDH457">Zachary Marcomber</name>
                  <choice rend="align(right)">
                     <abbr>D</abbr>
                     <expan>Debtor</expan>
                  </choice></cell>
               <cell/>
               <cell/>
               <cell/>
               <cell/>
            </row>
            <row xml:id="p209_60">
               <cell/>
               <cell>To rent of house from <date when="1848-10-12">Oct. 12</date></cell>
               <cell/>
               <cell/>
               <cell/>
               <cell/>
            </row>
            <row xml:id="p209_61">
               <cell/>
               <cell>at <measure commodity="currency" quantity="27" unit="dollars">twenty seven
                     dollars</measure> to <date when="1848-04-01">April 1st</date></cell>
               <cell><measure commodity="currency" quantity="13" unit="dollars">13</measure></cell>
               <cell><measure commodity="currency" quantity="50" unit="cents">50</measure></cell>
               <cell/>
               <cell/>
            </row>
            <row xml:id="p209_62">
               <cell/>
               <cell/>
               <cell/>
               <cell/>
               <cell/>
               <cell/>
            </row>
            <row xml:id="p209_63">
               <cell>534</cell>
               <cell><name type="person" ref="pers_WCDH156">Stephen Bailey</name>
                  <choice rend="align(right)">
                     <abbr>D</abbr>
                     <expan>Debtor</expan>
                  </choice></cell>
               <cell/>
               <cell/>
               <cell/>
               <cell/>
            </row>
            <row xml:id="p209_64">
               <cell/>
               <cell>To <measure commodity="lumber" quantity="7.16" unit="ft">7ft 2 in pine
                     wood</measure></cell>
               <cell><measure commodity="currency" quantity="2" unit="dollars">2</measure></cell>
               <cell><measure commodity="currency" quantity="63" unit="cents">63</measure></cell>
               <cell/>
               <cell/>
            </row>
         </table>
         <pb n="210"/>
         <fw type="pageNum">210</fw>
         <table xml:id="p210" cols="6">
            <head>Friday <date when="1848-10-20">Oct. 20th 1848</date></head>
            <row xml:id="p210_01">
               <cell/>
               <cell/>
               <cell>$</cell>
               <cell>cts.</cell>
               <cell>$</cell>
               <cell>cts.</cell>
            </row>
            <row xml:id="p210_02">
               <cell>76</cell>
               <cell><name type="person" ref="pers_WCDH475">Jas. O. Messenger</name>
                  <choice rend="align(right)">
                     <abbr>D</abbr>
                     <expan>Debtor</expan>
                  </choice></cell>
               <cell/>
               <cell/>
               <cell/>
               <cell/>
            </row>
            <row xml:id="p210_03">
               <cell/>
               <cell>To <measure commodity="apples" quantity="1" unit="bushels">1 bl.
                     Apples</measure></cell>
               <cell/>
               <cell><measure commodity="currency" quantity="90" unit="cents">90</measure></cell>
               <cell/>
               <cell/>
            </row>
            <row xml:id="p210_04">
               <cell/>
               <cell/>
               <cell/>
               <cell/>
               <cell/>
               <cell/>
            </row>
            <row xml:id="p210_05">
               <cell>533</cell>
               <cell><name type="person" ref="pers_WCDH269">Frank Dunahoe</name>
                  <choice rend="align(right)">
                     <abbr>D</abbr>
                     <expan>Debtor</expan>
                  </choice></cell>
               <cell/>
               <cell/>
               <cell/>
               <cell/>
            </row>
            <row xml:id="p210_06">
               <cell/>
               <cell>To <measure commodity="apples" quantity="1" unit="bushels">1 bl.
                     Apples</measure> 6/</cell>
               <cell><measure commodity="currency" quantity="1" unit="dollars">1</measure></cell>
               <cell><measure commodity="currency" quantity="00" unit="cents">00</measure></cell>
               <cell/>
               <cell/>
            </row>
            <row xml:id="p210_07">
               <cell/>
               <cell><date when="1848-10-23">23</date></cell>
               <cell/>
               <cell/>
               <cell/>
               <cell/>
            </row>
            <row xml:id="p210_08">
               <cell>533</cell>
               <cell><name type="person" ref="pers_WCDH269">Frank Dunahoe</name>
                  <choice rend="align(right)">
                     <abbr>D</abbr>
                     <expan>Debtor</expan>
                  </choice></cell>
               <cell/>
               <cell/>
               <cell/>
               <cell/>
            </row>
            <row xml:id="p210_09">
               <cell/>
               <cell>To <name type="account" ref="LMWcash">cash</name>
                  <measure commodity="currency" quantity="10" unit="dollars">$10.00</measure></cell>
               <cell><measure commodity="currency" quantity="10" unit="dollars">10</measure></cell>
               <cell><measure commodity="currency" quantity="00" unit="cents">00</measure></cell>
               <cell/>
               <cell/>
            </row>
            <row xml:id="p210_10">
               <cell/>
               <cell>" paying <name type="person" ref="pers_WCDH061">Miss Sawyer</name></cell>
               <cell><measure commodity="currency" quantity="4" unit="dollars">4</measure></cell>
               <cell><measure commodity="currency" quantity="00" unit="cents">00</measure></cell>
               <cell><measure commodity="currency" quantity="14" unit="dollars">14</measure></cell>
               <cell><measure commodity="currency" quantity="00" unit="cents">00</measure></cell>
            </row>
            <row xml:id="p210_11">
               <cell/>
               <cell><date when="1848-10-25">25</date></cell>
               <cell/>
               <cell/>
               <cell/>
               <cell/>
            </row>
            <row xml:id="p210_12">
               <cell>settled</cell>
               <cell><name type="person" ref="pers_WCDH032">S. A. Chapin</name>
                  <choice rend="align(right)">
                     <abbr>D</abbr>
                     <expan>Debtor</expan>
                  </choice></cell>
               <cell/>
               <cell/>
               <cell/>
               <cell/>
            </row>
            <row xml:id="p210_13">
               <cell/>
               <cell>To <measure commodity="butter" quantity="7" unit="lbs">7lbs butter</measure>
                  <measure commodity="currency" quantity="25" unit="cents">25x</measure></cell>
               <cell><measure commodity="currency" quantity="1" unit="dollars">1</measure></cell>
               <cell><measure commodity="currency" quantity="75" unit="cents">75</measure></cell>
               <cell/>
               <cell/>
            </row>
            <row xml:id="p210_14">
               <cell/>
               <cell><date when="1848-10-26">26</date></cell>
               <cell/>
               <cell/>
               <cell/>
               <cell/>
            </row>
            <row xml:id="p210_15">
               <cell>settled</cell>
               <cell><name type="person" ref="v">Sarah Putnam</name>
                  <choice rend="align(right)">
                     <abbr>D</abbr>
                     <expan>Debtor</expan>
                  </choice></cell>
               <cell/>
               <cell/>
               <cell/>
               <cell/>
            </row>
            <row xml:id="p210_616">
               <cell/>
               <cell>To <measure commodity="stuff" quantity="1" unit="load">1 load dry
                     stuff</measure>
                  <measure commodity="currency" quantity="2" unit="dollars">$2/00</measure></cell>
               <cell><measure commodity="currency" quantity="2" unit="dollars">2</measure></cell>
               <cell><measure commodity="currency" quantity="00" unit="cents">00</measure></cell>
               <cell/>
               <cell/>
            </row>
            <row xml:id="p210_17">
               <cell/>
               <cell><date when="1848-10-29">29</date></cell>
               <cell/>
               <cell/>
               <cell/>
               <cell/>
            </row>
            <row xml:id="p210_18">
               <cell>settled</cell>
               <cell><name type="person" ref="pers_WCDH601">Wm. Sweet</name>
                  <choice rend="align(right)">
                     <abbr>D</abbr>
                     <expan>Debtor</expan>
                  </choice></cell>
               <cell/>
               <cell/>
               <cell/>
               <cell/>
            </row>
            <row xml:id="p210_19">
               <cell/>
               <cell>To <measure commodity="beans" quantity=".5" unit="peck">1/2 peck
                     beens</measure> 9/</cell>
               <cell/>
               <cell/>
               <cell/>
               <cell/>
            </row>
            <row xml:id="p210_20">
               <cell/>
               <cell/>
               <cell/>
               <cell/>
               <cell/>
               <cell/>
            </row>
            <row xml:id="p210_21">
               <cell>settled</cell>
               <cell><name type="person" ref="v">Sarah Putnam</name>
                  <choice rend="align(right)">
                     <abbr>D</abbr>
                     <expan>Debtor</expan>
                  </choice></cell>
               <cell/>
               <cell/>
               <cell/>
               <cell/>
            </row>
            <row xml:id="p210_22">
               <cell/>
               <cell>To <measure commodity="potatoes" quantity="1" unit="peck">1 peck
                     potatoes</measure></cell>
               <cell/>
               <cell/>
               <cell/>
               <cell/>
            </row>
            <row xml:id="p210_23">
               <cell/>
               <cell/>
               <cell/>
               <cell/>
               <cell/>
               <cell/>
            </row>
            <row xml:id="p210_24">
               <cell>345</cell>
               <cell><name type="person" ref="pers_WCDH118">Wheaton Wheeler</name>
                  <choice rend="align(right)">
                     <abbr>D</abbr>
                     <expan>Debtor</expan>
                  </choice></cell>
               <cell/>
               <cell/>
               <cell/>
               <cell/>
            </row>
            <row xml:id="p210_25">
               <cell/>
               <cell>To <measure commodity="lumber" quantity="6" unit="feet">6 ft pine
                     wood</measure>
                  <measure commodity="currency" quantity="3" unit="dollars">$300</measure></cell>
               <cell><measure commodity="currency" quantity="2" unit="dollars">2</measure></cell>
               <cell><measure commodity="currency" quantity="25" unit="cents">25</measure></cell>
               <cell/>
               <cell/>
            </row>
            <row xml:id="p210_26">
               <cell/>
               <cell/>
               <cell/>
               <cell/>
               <cell/>
               <cell/>
            </row>
            <row xml:id="p210_27">
               <cell>345</cell>
               <cell><name type="person" ref="pers_WCDH118">Wheaton Wheeler</name>
                  <choice rend="align(right)">
                     <abbr>D</abbr>
                     <expan>Debtor</expan>
                  </choice></cell>
               <cell/>
               <cell/>
               <cell/>
               <cell/>
            </row>
            <row xml:id="p210_28">
               <cell/>
               <cell>To <name type="account" ref="LMWcash">cash</name>
                  <measure commodity="currency" quantity="10" unit="dollars">ten dollars</measure>
                  -</cell>
               <cell><measure commodity="currency" quantity="10" unit="dollars">10</measure></cell>
               <cell><measure commodity="currency" quantity="00" unit="cents">00</measure></cell>
               <cell/>
               <cell/>
            </row>
            <row xml:id="p210_29">
               <cell/>
               <cell/>
               <cell/>
               <cell/>
               <cell/>
               <cell/>
            </row>
            <row xml:id="p210_30">
               <cell>535</cell>
               <cell><name type="person" ref="pers_WCDH457">Zachary Marcomber</name>
                  <choice rend="align(right)">
                     <abbr>D</abbr>
                     <expan>Debtor</expan>
                  </choice></cell>
               <cell/>
               <cell/>
               <cell/>
               <cell/>
            </row>
            <row xml:id="p210_31">
               <cell/>
               <cell>To <measure commodity="billowers" quantity="1" unit="pair">1 pr
                     Billowers</measure>, store ect. ????</cell>
               <cell><measure commodity="currency" quantity="8" unit="dollars">8</measure></cell>
               <cell><measure commodity="currency" quantity="00" unit="cents">00</measure></cell>
               <cell/>
               <cell/>
            </row>
            <row xml:id="p210_32">
               <cell/>
               <cell>" <measure commodity="ox frame" quantity="1" unit="count">ox frame</measure> -
                  6/</cell>
               <cell><measure commodity="currency" quantity="1" unit="dollars">1</measure></cell>
               <cell><measure commodity="currency" quantity="00" unit="cents">00</measure></cell>
               <cell><measure commodity="currency" quantity="9" unit="dollars">9</measure></cell>
               <cell><measure commodity="currency" quantity="00" unit="cents">00</measure></cell>
            </row>
            <row xml:id="p210_33">
               <cell/>
               <cell>" lbs wrought iron (struck through)</cell>
               <cell/>
               <cell/>
               <cell/>
               <cell/>
            </row>
            <row xml:id="p210_34">
               <cell/>
               <cell><date when="1848-11-08">Nov. 8</date></cell>
               <cell/>
               <cell/>
               <cell/>
               <cell/>
            </row>
            <row xml:id="p210_35">
               <cell>534</cell>
               <cell><name type="person" ref="pers_WCDH156">Stephen Bailey</name>
                  <choice rend="align(right)">
                     <abbr>D</abbr>
                     <expan>Debtor</expan>
                  </choice></cell>
               <cell/>
               <cell/>
               <cell/>
               <cell/>
            </row>
            <row xml:id="p210_36">
               <cell/>
               <cell>To <name type="account" ref="LMWcash">cash</name>
                  <measure commodity="currency" quantity="15" unit="dollars">fifteen
                     dollars</measure></cell>
               <cell><measure commodity="currency" quantity="15" unit="dollars">15</measure></cell>
               <cell><measure commodity="currency" quantity="00" unit="cents">00</measure></cell>
               <cell/>
               <cell/>
            </row>
            <row xml:id="p210_37">
               <cell/>
               <cell/>
               <cell/>
               <cell/>
               <cell/>
               <cell/>
            </row>
            <row xml:id="p210_38">
               <cell>530</cell>
               <cell><name type="person" ref="pers_WCDH474">Walter McNaughton</name>
                  <choice rend="align(right)">
                     <abbr>D</abbr>
                     <expan>Debtor</expan>
                  </choice></cell>
               <cell/>
               <cell/>
               <cell/>
               <cell/>
            </row>
            <row xml:id="p210_39">
               <cell/>
               <cell>To <name type="account" ref="LMWcash">cash</name>
                  <measure commodity="currency" quantity="10" unit="dollars">ten
                  dollars</measure></cell>
               <cell><measure commodity="currency" quantity="10" unit="dollars">10</measure></cell>
               <cell><measure commodity="currency" quantity="00" unit="cents">00</measure></cell>
               <cell/>
               <cell/>
            </row>
            <row xml:id="p210_40">
               <cell/>
               <cell><date when="1848-11-27">Nov. 27</date></cell>
               <cell/>
               <cell/>
               <cell/>
               <cell/>
            </row>
            <row xml:id="p210_41">
               <cell>settled</cell>
               <cell><name type="person" ref="pers_WCDH032">Samuel A. Chapin</name>
                  <choice rend="align(right)">
                     <abbr>D</abbr>
                     <expan>Debtor</expan>
                  </choice></cell>
               <cell/>
               <cell/>
               <cell/>
               <cell/>
            </row>
            <row xml:id="p210_42">
               <cell/>
               <cell>To <measure commodity="butter" quantity="3.5" unit="lbs">3 1/2 lbs
                     butter</measure> 1/6</cell>
               <cell/>
               <cell><measure commodity="currency" quantity="88" unit="cents">88</measure></cell>
               <cell/>
               <cell/>
            </row>
            <row xml:id="p210_43">
               <cell/>
               <cell>" <measure commodity="lumber" quantity="7" unit="feet">7ft pine wood
                     sawed</measure>
                  <measure commodity="currency" quantity="4" unit="dollars">$400</measure></cell>
               <cell><measure commodity="currency" quantity="3" unit="dollars">3</measure></cell>
               <cell><measure commodity="currency" quantity="50" unit="cents">50</measure></cell>
               <cell><measure commodity="currency" quantity="4" unit="dollars">4</measure></cell>
               <cell><measure commodity="currency" quantity="38" unit="cents">38</measure></cell>
            </row>
            <row xml:id="p210_44">
               <cell/>
               <cell><date when="1848-12-01">Dec 1st</date></cell>
               <cell/>
               <cell/>
               <cell/>
               <cell/>
            </row>
            <row xml:id="p210_45">
               <cell>76</cell>
               <cell><name type="person" ref="pers_WCDH475">Jas. O Messenger</name>
                  <choice rend="align(right)">
                     <abbr>D</abbr>
                     <expan>Debtor</expan>
                  </choice></cell>
               <cell/>
               <cell/>
               <cell/>
               <cell/>
            </row>
            <row xml:id="p210_46">
               <cell/>
               <cell>To <name type="account" ref="LMWcash">cash</name> to pay for goods bot
                  ??</cell>
               <cell><measure commodity="currency" quantity="5" unit="dollars">5</measure></cell>
               <cell><measure commodity="currency" quantity="53" unit="cents">53</measure></cell>
               <cell/>
               <cell/>
            </row>
            <row xml:id="p210_47">
               <cell/>
               <cell/>
               <cell/>
               <cell/>
               <cell/>
               <cell/>
            </row>
            <row xml:id="p210_48">
               <cell>533</cell>
               <cell><name type="person" ref="pers_WCDH269">Frank Dunahoe</name>
                  <choice rend="align(right)">
                     <abbr>D</abbr>
                     <expan>Debtor</expan>
                  </choice></cell>
               <cell/>
               <cell/>
               <cell/>
               <cell/>
            </row>
            <row xml:id="p210_49">
               <cell/>
               <cell>To <measure commodity="grain">grain</measure> to <date when="1848-12-05">Dec.
                     5th</date></cell>
               <cell><measure commodity="currency" quantity="3" unit="dollars">3</measure></cell>
               <cell><measure commodity="currency" quantity="96" unit="cents">96</measure></cell>
               <cell/>
               <cell/>
            </row>
            <row xml:id="p210_50">
               <cell/>
               <cell>" House rent to <date when="1848-04-01">April 1st</date></cell>
               <cell><measure commodity="currency" quantity="25" unit="dollars">25</measure></cell>
               <cell><measure commodity="currency" quantity="00" unit="cents">00</measure></cell>
               <cell><measure commodity="currency" quantity="28" unit="dollars">28</measure></cell>
               <cell><measure commodity="currency" quantity="96" unit="cents">96</measure></cell>
            </row>
            <row xml:id="p210_51">
               <cell>533</cell>
               <cell><choice rend="align(right)">
                     <abbr>Cr</abbr>
                     <expan>credit</expan>
                  </choice></cell>
               <cell/>
               <cell/>
               <cell/>
               <cell/>
            </row>
            <row xml:id="p210_52">
               <cell/>
               <cell>By work to <date when="1848-11-30">Nov. 30th 1848</date></cell>
               <cell/>
               <cell/>
               <cell/>
               <cell/>
            </row>
            <row xml:id="p210_53">
               <cell/>
               <cell>from <date when="1848-10-01">Oct. 1st</date> -</cell>
               <cell><measure commodity="currency" quantity="36" unit="dollars">36</measure></cell>
               <cell><measure commodity="currency" quantity="00" unit="cents">00</measure></cell>
               <cell/>
               <cell/>
            </row>
            <row xml:id="p210_54">
               <cell/>
               <cell/>
               <cell/>
               <cell/>
               <cell/>
               <cell/>
            </row>
            <row xml:id="p210_55">
               <cell>533</cell>
               <cell><name type="person" ref="pers_WCDH269">Frank Dunahoe</name>
                  <choice rend="align(right)">
                     <abbr>D</abbr>
                     <expan>Debtor</expan>
                  </choice></cell>
               <cell/>
               <cell/>
               <cell/>
               <cell/>
            </row>
            <row xml:id="p210_56">
               <cell/>
               <cell>To <name type="account" ref="LMWcash">cash</name>
                  <measure commodity="currency" quantity="27" unit="dollars">twenty seven
                     dollars</measure></cell>
               <cell/>
               <cell/>
               <cell/>
               <cell/>
            </row>
            <row xml:id="p210_57">
               <cell/>
               <cell>and <measure commodity="currency" quantity="30" unit="cents">thirty
                     cents</measure> -</cell>
               <cell><measure commodity="currency" quantity="27" unit="dollars">27</measure></cell>
               <cell><measure commodity="currency" quantity="30" unit="cents">30</measure></cell>
               <cell/>
               <cell/>
            </row>
            <row xml:id="p210_58">
               <cell/>
               <cell/>
               <cell/>
               <cell/>
               <cell/>
               <cell/>
            </row>
            <row xml:id="p210_59">
               <cell/>
               <cell><name type="person" ref="pers_WCDH584">Dwight Stone</name>
                  <choice rend="align(right)">
                     <abbr>D</abbr>
                     <expan>Debtor</expan>
                  </choice></cell>
               <cell/>
               <cell/>
               <cell/>
               <cell/>
            </row>
            <row xml:id="p210_60">
               <cell/>
               <cell>To <measure commodity="quinacs?" quantity="1" unit="peck">1 peck
                     quinacs?</measure>
                  <measure commodity="currency" quantity="40" unit="cents">40x</measure></cell>
               <cell/>
               <cell><measure commodity="currency" quantity="40" unit="cents">40</measure></cell>
               <cell/>
               <cell/>
            </row>
            <row xml:id="p210_61">
               <cell/>
               <cell><date when="1848-12-13">13</date></cell>
               <cell/>
               <cell/>
               <cell/>
               <cell/>
            </row>
            <row xml:id="p210_62">
               <cell>355</cell>
               <cell><name type="person" ref="pers_WCDH118">Wheaton Wheeler</name>
                  <choice rend="align(right)">
                     <abbr>D</abbr>
                     <expan>Debtor</expan>
                  </choice></cell>
               <cell/>
               <cell/>
               <cell/>
               <cell/>
            </row>
            <row xml:id="p210_63">
               <cell/>
               <cell>To <measure commodity="beef" quantity="87.5" unit="lbs">87 1/2 lbs
                     beef</measure>
                  <measure commodity="currency" quantity="6" unit="cents">6x</measure></cell>
               <cell><measure commodity="currency" quantity="5" unit="dollars">5</measure></cell>
               <cell><measure commodity="currency" quantity="25" unit="cents">25</measure></cell>
               <cell/>
               <cell/>
            </row>
            <row xml:id="p210_64">
               <cell/>
               <cell/>
               <cell/>
               <cell/>
               <cell/>
               <cell/>
            </row>
         </table>
      </body>
   </text>
</TEI>
