<?xml version="1.0" encoding="UTF-8"?>
<TEI xmlns="http://www.tei-c.org/ns/1.0">
    <teiHeader>
        <fileDesc>
            <titleStmt>
                <title>LMW Day Book, pp. 191-192</title>
                <author>L.M. Wheaton</author>
            </titleStmt>
            <publicationStmt>
                <p>Indication of work done and date, Wheaton College</p>
            </publicationStmt>
            <sourceDesc>
                <biblFull>
                    <titleStmt>
                        <title>Account Books, pp.191-192</title>
                        <author>L.M. Wheaton</author>
                        <respStmt>
                            <resp> TEI-compatible XML markup<date when="2015-06-09"/>
                            </resp>
                            <name type="person">Alyssa Russell</name>
                        </respStmt>
                    </titleStmt>
                    <publicationStmt>
                        <p>Indication of work done and date, Wheaton College</p>
                    </publicationStmt>
                    <sourceDesc>
                        <p> From the Marion B. Gebbie Archives and Special Collections at the
                            Madeleine Clark Wallace Library, Wheaton College </p>
                    </sourceDesc>
                </biblFull>
            </sourceDesc>
        </fileDesc>
    </teiHeader>
    <text>
        <body>
            <pb n="191"/>
            <fw type="pageNum">191</fw>
            <table xml:id="p191" cols="6">
                <head>Tuesday <date when="1845-07-23">Wednesday July 23rd 1845</date></head>
                <row xml:id="p191_01">
                    <cell/>
                    <cell/>
                    <cell>&#36;</cell>
                    <cell>cts</cell>
                    <cell>&#36;</cell>
                    <cell>cts</cell>
                </row>
                <row xml:id="p191_02">
                    <cell>529</cell>
                    <cell><name type="person" ref="pers_WCDH269">Frank Dunahoe</name>
                        <choice rend="align(right)">
                            <abbr>D</abbr>
                            <expan>debtor</expan>
                        </choice></cell>
                    <cell/>
                    <cell/>
                    <cell/>
                    <cell/>
                </row>
                <row xml:id="p191_03">
                    <cell/>
                    <cell>To <measure commodity="currency">cash</measure></cell>
                    <cell><measure commodity="currency" quantity="15" unit="dollars"
                        >15</measure></cell>
                    <cell><measure commodity="currency" quantity="0" unit="cents"
                        >00</measure></cell>
                    <cell/>
                    <cell/>
                </row>
                <row xml:id="p191_04">
                    <cell/>
                    <cell/>
                    <cell/>
                    <cell/>
                    <cell/>
                    <cell/>
                </row>
                <row xml:id="p191_05">
                    <cell>529</cell>
                    <cell><name type="person" ref="pers_WCDH269">Frank Dunahoe</name>
                        <choice rend="align(right)">
                            <abbr>D</abbr>
                            <expan>debtor</expan>
                        </choice></cell>
                    <cell/>
                    <cell/>
                    <cell/>
                    <cell/>
                </row>
                <row xml:id="p191_06">
                    <cell/>
                    <cell>To <measure commodity="time">time</measure>lost <measure commodity="time"
                            quantity="2" unit="weeks">two weeks</measure> 2prt pr dy.</cell>
                    <cell><measure commodity="currency" quantity="5" unit="dollars"
                        >5</measure></cell>
                    <cell><measure commodity="currency" quantity="4" unit="cents"
                        >04</measure></cell>
                    <cell/>
                    <cell/>
                </row>
                <row xml:id="p191_07">
                    <cell/>
                    <cell><date when="1845-08-15">Aug. 15</date></cell>
                    <cell/>
                    <cell/>
                    <cell/>
                    <cell/>
                </row>
                <row xml:id="p191_08">
                    <cell>529</cell>
                    <cell><name type="person" ref="pers_WCDH269">Frank Dunahoe</name>
                        <choice rend="align(right)">
                            <abbr>Dr</abbr>
                            <expan>debtor</expan>
                        </choice></cell>
                    <cell/>
                    <cell/>
                    <cell/>
                    <cell/>
                </row>
                <row xml:id="p191_09">
                    <cell/>
                    <cell>To <measure commodity="coat">coat</measure>, <measure commodity="pants"
                            >pants</measure>, and <measure commodity="vest">vest</measure> as pr.
                        agreement(?)</cell>
                    <cell><measure commodity="currency" quantity="13" unit="dollars"
                        >13</measure></cell>
                    <cell><measure commodity="currency" quantity="00" unit="cents"
                        >00</measure></cell>
                    <cell/>
                    <cell/>
                </row>
                <row xml:id="p191_10">
                    <cell/>
                    <cell><date when="1845-08-21">21</date></cell>
                    <cell/>
                    <cell/>
                    <cell/>
                    <cell/>
                </row>
                <row xml:id="p191_11">
                    <cell>79</cell>
                    <cell><name type="person" ref="pers_WCDH455">James Lynch</name>
                        <choice rend="align(right)">
                            <abbr>D</abbr>
                            <expan>debtor</expan>
                        </choice></cell>
                    <cell/>
                    <cell/>
                    <cell/>
                    <cell/>
                </row>
                <row xml:id="p191_12">
                    <cell/>
                    <cell>To <measure commodity="currency">cash</measure> 12/</cell>
                    <cell><measure commodity="currency" quantity="2" unit="dollars"
                        >2</measure></cell>
                    <cell><measure commodity="currency" quantity="0" unit="cents"
                        >00</measure></cell>
                    <cell/>
                    <cell/>
                </row>
                <row xml:id="p191_13">
                    <cell/>
                    <cell>light(?) qt</cell>
                    <cell/>
                    <cell/>
                    <cell/>
                    <cell/>
                </row>
                <row xml:id="p191_14">
                    <cell>511</cell>
                    <cell><name type="person" ref="pers_WCDH180">Otis Blandin</name>
                        <choice rend="align(right)">
                            <abbr>D</abbr>
                            <expan>debtor</expan>
                        </choice></cell>
                    <cell/>
                    <cell/>
                    <cell/>
                    <cell/>
                </row>
                <row xml:id="p191_15">
                    <cell/>
                    <cell>To <measure commodity="pine joint" quantity="42" unit="feet">42 ft. pine
                            joint(?)</measure>
                        <measure commodity="currency" quantity="26" unit="dollars"
                            >&#36;26.</measure></cell>
                    <cell><measure commodity="currency" quantity="1" unit="dollars"
                        >1</measure></cell>
                    <cell><measure commodity="currency" quantity="09" unit="cents"
                        >09</measure></cell>
                    <cell/>
                    <cell/>
                </row>
                <row xml:id="p191_16">
                    <cell/>
                    <cell>" <measure commodity="paint">paints</measure> oil(?) for porch at boarding
                        house (?/)</cell>
                    <cell><measure commodity="currency" quantity="1" unit="dollars"
                        >1</measure></cell>
                    <cell><measure commodity="currency" quantity="00" unit="cents"
                        >00</measure></cell>
                    <cell><measure commodity="currency" quantity="2" unit="dollars"
                        >2</measure></cell>
                    <cell><measure commodity="currency" quantity="09" unit="cents"
                        >09</measure></cell>
                </row>
                <row xml:id="p191_17">
                    <cell/>
                    <cell><date when="1845-09-11">11</date></cell>
                    <cell/>
                    <cell/>
                    <cell/>
                    <cell/>
                </row>
                <row xml:id="p191_18">
                    <cell/>
                    <cell/>
                    <cell/>
                    <cell/>
                    <cell/>
                    <cell/>
                </row>
                <row xml:id="p191_19">
                    <cell>79</cell>
                    <cell><name type="person" ref="pers_WCDH455">James Lynch</name>
                        <choice rend="align(right)">
                            <abbr>D</abbr>
                            <expan>debtor</expan>
                        </choice></cell>
                    <cell/>
                    <cell/>
                    <cell/>
                    <cell/>
                </row>
                <row xml:id="p191_20">
                    <cell/>
                    <cell>To <measure commodity="currency" quantity="26" unit="dollars">cash twenty
                            six dollars</measure></cell>
                    <cell><measure commodity="currency" quantity="20" unit="dollars"
                        >20</measure></cell>
                    <cell><measure commodity="currency" quantity="00" unit="cents"
                        >00</measure></cell>
                    <cell/>
                    <cell/>
                </row>
                <row xml:id="p191_21">
                    <cell/>
                    <cell><date when="1845-09-12">12</date></cell>
                    <cell/>
                    <cell/>
                    <cell/>
                    <cell/>
                </row>
                <row xml:id="p191_22">
                    <cell>529</cell>
                    <cell><name type="person" ref="pers_WCDH269">Frank Dunahoe</name>
                        <choice rend="align(right)">
                            <abbr>Dr</abbr>
                            <expan>debtor</expan>
                        </choice></cell>
                    <cell/>
                    <cell/>
                    <cell/>
                    <cell/>
                </row>
                <row xml:id="p191_23">
                    <cell/>
                    <cell>To <measure commodity="currency">cash</measure> fr. <measure
                            commodity="ring">Ring</measure> 7/6</cell>
                    <cell><measure commodity="currency" quantity="1" unit="dollars"
                        >1</measure></cell>
                    <cell><measure commodity="currency" quantity="25" unit="cents"
                        >25</measure></cell>
                    <cell/>
                    <cell/>
                </row>
                <row xml:id="p191_24">
                    <cell/>
                    <cell>" " " <measure commodity="c?" quantity="10" unit="yrds">10 yds C.
                            H?</measure></cell>
                    <cell><measure commodity="currency" quantity="1" unit="dollars"
                        >1</measure></cell>
                    <cell><measure commodity="currency" quantity="25" unit="dollars"
                        >25</measure></cell>
                    <cell><measure commodity="currency" quantity="2" unit="dollars"
                        >2</measure></cell>
                    <cell><measure commodity="currency" quantity="50" unit="dollars"
                        >50</measure></cell>
                </row>
                <row xml:id="p191_25">
                    <cell>104</cell>
                    <cell><name type="person" ref="pers_WCDH454">Catherine Lynch</name>
                        <choice rend="align(right)">
                            <abbr>Dr</abbr>
                            <expan>debtor</expan>
                        </choice></cell>
                    <cell/>
                    <cell/>
                    <cell/>
                    <cell/>
                </row>
                <row xml:id="p191_26">
                    <cell/>
                    <cell>To <measure commodity="currency">cash</measure> fr. <measure
                            commodity="ribbon">Ribbon</measure>
                        <measure commodity="currency" quantity="87" unit="cents"
                        >.87</measure></cell>
                    <cell/>
                    <cell/>
                    <cell/>
                    <cell/>
                </row>
                <row xml:id="p191_27">
                    <cell/>
                    <cell>" <measure commodity="gloves" quantity="1" unit="count">white silk
                            gloves</measure>
                        <measure commodity="currency" quantity="56" unit="cents"
                        >.56</measure></cell>
                    <cell/>
                    <cell/>
                    <cell/>
                    <cell/>
                </row>
                <row xml:id="p191_28">
                    <cell/>
                    <cell>" fr. <measure commodity="lace" quantity="1" unit="yard">one yd
                            lace</measure>
                        <measure commodity="currency" quantity="17" unit="cents"
                        >.17</measure></cell>
                    <cell><measure commodity="currency" quantity="1" unit="dollars"
                        >1</measure></cell>
                    <cell><measure commodity="currency" quantity="60" unit="cents"
                        >60</measure></cell>
                    <cell/>
                    <cell/>
                </row>
                <row xml:id="p191_29">
                    <cell/>
                    <cell><date when="1845-09-19">19</date></cell>
                    <cell/>
                    <cell/>
                    <cell/>
                    <cell/>
                </row>
                <row xml:id="p191_30">
                    <cell>531</cell>
                    <cell><name type="person" ref="pers_WCDH402">Phillip B King</name>
                        <choice rend="align(right)">
                            <abbr>D</abbr>
                            <expan>debtor</expan>
                        </choice></cell>
                    <cell/>
                    <cell/>
                    <cell/>
                    <cell/>
                </row>
                <row xml:id="p191_31">
                    <cell/>
                    <cell>To <measure commodity="currency">cash</measure> lent 30/</cell>
                    <cell><measure commodity="currency" quantity="5" unit="dollars"
                        >5</measure></cell>
                    <cell><measure commodity="currency" quantity="0" unit="cents"
                        >00</measure></cell>
                    <cell/>
                    <cell/>
                </row>
                <row xml:id="p191_32">
                    <cell>Settled</cell>
                    <cell><name type="person" ref="persons.xml#WCDH633">Andrew Randal</name>
                        <choice rend="align(right)">
                            <abbr>D</abbr>
                            <expan>debtor</expan>
                        </choice></cell>
                    <cell/>
                    <cell/>
                    <cell/>
                    <cell/>
                </row>
                <row xml:id="p191_33">
                    <cell/>
                    <cell>To <measure commodity="3 by 4 pine joint" quantity="17" unit="feet">17 ft.
                            3 by 4 pine joint(?)</measure>
                        <measure commodity="currency" quantity="30" unit="dollars"
                            >&#36;30.</measure></cell>
                    <cell/>
                    <cell><measure commodity="currency" quantity="51" unit="cents"
                        >51</measure></cell>
                    <cell/>
                    <cell/>
                </row>
                <row xml:id="p191_34">
                    <cell>529</cell>
                    <cell><name type="person" ref="pers_WCDH269">Frank Dunahoe</name>
                        <choice rend="align(right)">
                            <abbr>D</abbr>
                            <expan>debtor</expan>
                        </choice></cell>
                    <cell/>
                    <cell/>
                    <cell/>
                    <cell/>
                </row>
                <row xml:id="p191_35">
                    <cell/>
                    <cell>To <measure commodity="currency">cash</measure>
                        <measure commodity="currency" quantity="10" unit="dollars">ten dollars
                            cash</measure></cell>
                    <cell><measure commodity="currency" quantity="10" unit="dollars"
                        >10</measure></cell>
                    <cell><measure commodity="currency" quantity="00" unit="cents"
                        >00</measure></cell>
                    <cell/>
                    <cell/>
                </row>
                <row xml:id="p191_36">
                    <cell/>
                    <cell><date when="1845-09-25">25</date></cell>
                    <cell/>
                    <cell/>
                    <cell/>
                    <cell/>
                </row>
                <row xml:id="p191_37">
                    <cell>529</cell>
                    <cell><name type="person" ref="pers_WCDH269">Frank Dunahoe</name>
                        <choice rend="align(right)">
                            <abbr>Cr</abbr>
                            <expan>credit</expan>
                        </choice></cell>
                    <cell/>
                    <cell/>
                    <cell/>
                    <cell/>
                </row>
                <row xml:id="p191_38">
                    <cell/>
                    <cell>by <measure commodity="work">work</measure> of Wife fr. date
                        9/(?cash)</cell>
                    <cell/>
                    <cell/>
                    <cell/>
                    <cell/>
                </row>
                <row xml:id="p191_39">
                    <cell/>
                    <cell>To <measure commodity="currency">cash</measure> dlvd. Wife fr. <measure
                            commodity="shirting">shirting</measure></cell>
                    <cell/>
                    <cell><measure commodity="currency" quantity="17" unit="cents"
                        >.71</measure></cell>
                    <cell/>
                    <cell/>
                </row>
                <row xml:id="p191_40">
                    <cell/>
                    <cell><date when="1845-10-03">Oct. 3rd</date></cell>
                    <cell/>
                    <cell/>
                    <cell/>
                    <cell/>
                </row>
                <row xml:id="p191_41">
                    <cell>529</cell>
                    <cell><name type="person" ref="pers_WCDH269">Frank Dunahoe</name>
                        <choice rend="align(right)">
                            <abbr>Dr</abbr>
                            <expan>debtor</expan>
                        </choice></cell>
                    <cell/>
                    <cell/>
                    <cell/>
                    <cell/>
                </row>
                <row xml:id="p191_42">
                    <cell/>
                    <cell>To <measure commodity="shirting" quantity="32.5" unit="yards">32 1/2 yds.
                            shirting</measure>
                        <measure commodity="currency" quantity="8" unit="cents"
                        >8cts</measure></cell>
                    <cell><measure commodity="currency" quantity="2" unit="dollars"
                        >2</measure></cell>
                    <cell>
                        <measure commodity="currency" quantity="60" unit="cents">60</measure></cell>
                    <cell/>
                    <cell/>
                </row>
                <row xml:id="p191_43">
                    <cell/>
                    <cell><date when="1845-10-13">13</date></cell>
                    <cell/>
                    <cell/>
                    <cell/>
                    <cell/>
                </row>
                <row xml:id="p191_44">
                    <cell>529</cell>
                    <cell>To <measure commodity="umbrella">umbrella</measure> for wife (?)</cell>
                    <cell><measure commodity="currency" quantity="1" unit="dollars"
                        >1</measure></cell>
                    <cell><measure commodity="currency" quantity="00" unit="cents"
                        >00</measure></cell>
                    <cell/>
                    <cell/>
                </row>
                <row xml:id="p191_45">
                    <cell/>
                    <cell>To <measure commodity="socks" quantity="3" unit="pairs">3 prs
                            Socks</measure> fr. self 2/</cell>
                    <cell><measure commodity="currency" quantity="1" unit="dollars"
                        >1</measure></cell>
                    <cell><measure commodity="currency" quantity="00" unit="cents"
                        >00</measure></cell>
                    <cell/>
                    <cell/>
                </row>
                <row xml:id="p191_46">
                    <cell/>
                    <cell/>
                    <cell/>
                    <cell/>
                    <cell/>
                    <cell/>
                </row>
                <row xml:id="p191_47">
                    <cell>29</cell>
                    <cell><name type="person" ref="persons.xml#WCDH633">Lydia Bradstreet</name>
                        <choice rend="align(right)">
                            <abbr>D</abbr>
                            <expan>debtor</expan>
                        </choice></cell>
                    <cell/>
                    <cell/>
                    <cell/>
                    <cell/>
                </row>
                <row xml:id="p191_48">
                    <cell/>
                    <cell>To <measure commodity="apples" quantity="2.5" unit="bushels">two and a
                            half buss. Apples</measure>
                        <measure commodity="currency" quantity="25" unit="cents"
                        >25x</measure></cell>
                    <cell/>
                    <cell><measure commodity="currency" quantity="50" unit="cents"
                        >50</measure></cell>
                    <cell/>
                    <cell/>
                </row>
                <row xml:id="p191_49">
                    <cell/>
                    <cell><date when="1845-10-24">24</date></cell>
                    <cell/>
                    <cell/>
                    <cell/>
                    <cell/>
                </row>
                <row xml:id="p191_50">
                    <cell>529</cell>
                    <cell><name type="person" ref="pers_WCDH269">Frank Dunahoe</name>
                        <choice rend="align(right)">
                            <abbr>D</abbr>
                            <expan>debtor</expan>
                        </choice></cell>
                    <cell/>
                    <cell/>
                    <cell/>
                    <cell/>
                </row>
                <row xml:id="p191_51">
                    <cell/>
                    <cell>To paying <name type="person" ref="pers_WCDH392">Zeno Kelley</name> your acompt.</cell>
                    <cell><measure commodity="currency" quantity="5" unit="dollars"
                        >5</measure></cell>
                    <cell><measure commodity="currency" quantity="81" unit="cents"
                        >81</measure></cell>
                    <cell/>
                    <cell/>
                </row>
                <row xml:id="p191_52">
                    <cell/>
                    <cell><date when="1845-10-28">28</date></cell>
                    <cell/>
                    <cell/>
                    <cell/>
                    <cell/>
                </row>
                <row xml:id="p191_53">
                    <cell>529</cell>
                    <cell><name type="person" ref="pers_WCDH269">Frank Dunahoe</name>
                        <choice rend="align(right)">
                            <abbr>D</abbr>
                            <expan>debtor</expan>
                        </choice></cell>
                    <cell/>
                    <cell/>
                    <cell/>
                    <cell/>
                </row>
                <row xml:id="p191_54">
                    <cell/>
                    <cell>To paying (?) Perry for wife</cell>
                    <cell><measure commodity="currency" quantity="2" unit="dollars"
                        >2</measure></cell>
                    <cell><measure commodity="currency" quantity="42" unit="cents"
                        >42</measure></cell>
                    <cell/>
                    <cell/>
                </row>
                <row xml:id="p191_55">
                    <cell/>
                    <cell><date when="1845-11-12">Nov. 12</date></cell>
                    <cell/>
                    <cell/>
                    <cell/>
                    <cell/>
                </row>
                <row xml:id="p191_56">
                    <cell>29</cell>
                    <cell><name type="person" ref="persons.xml#WCDH633">Lydia Bradstreet</name>
                        <choice rend="align(right)">
                            <abbr>D</abbr>
                            <expan>debtor</expan>
                        </choice></cell>
                    <cell/>
                    <cell/>
                    <cell/>
                    <cell/>
                </row>
                <row xml:id="p191_57">
                    <cell/>
                    <cell>To (?) to date 29996 3t/ngt.</cell>
                    <cell><measure commodity="currency" quantity="8" unit="dollars"
                        >8</measure></cell>
                    <cell><measure commodity="currency" quantity="99" unit="cents"
                        >99</measure></cell>
                    <cell/>
                    <cell/>
                </row>
                <row xml:id="p191_58">
                    <cell/>
                    <cell><choice rend="align(right)">
                            <abbr>Cr</abbr>
                            <expan>credit</expan>
                        </choice></cell>
                    <cell/>
                    <cell/>
                    <cell/>
                    <cell/>
                </row>
                <row xml:id="p191_59">
                    <cell/>
                    <cell>By 2 1/4 (?)</cell>
                    <cell/>
                    <cell/>
                    <cell/>
                    <cell/>
                </row>
                <row xml:id="p191_60">
                    <cell/>
                    <cell/>
                    <cell/>
                    <cell/>
                    <cell/>
                    <cell/>
                </row>
                <row xml:id="p191_61">
                    <cell>511</cell>
                    <cell><name type="person" ref="pers_WCDH180">Otis Blandin</name>
                        <choice rend="align(right)">
                            <abbr>D</abbr>
                            <expan>debtor</expan>
                        </choice></cell>
                    <cell/>
                    <cell/>
                    <cell/>
                    <cell/>
                </row>
                <row xml:id="p191_62">
                    <cell/>
                    <cell>To <measure commodity="apples" quantity="3" unit="bushels">three buss.
                            Apples</measure>
                        <measure commodity="currency" quantity="1.25" unit="dollars"
                            >&#36;125</measure></cell>
                    <cell>2(?)</cell>
                    <cell><measure commodity="currency" quantity="75" unit="cents"
                        >75</measure></cell>
                    <cell/>
                    <cell/>
                </row>
                <row xml:id="p191_63">
                    <cell/>
                    <cell>buss. to be returned</cell>
                    <cell><measure commodity="currency" quantity="1" unit="dollars"
                        >1</measure></cell>
                    <cell><measure commodity="currency" quantity="50" unit="cents"
                        >50</measure></cell>
                    <cell/>
                    <cell/>
                </row>
                <row xml:id="p191_64">
                    <cell/>
                    <cell/>
                    <cell/>
                    <cell/>
                    <cell/>
                    <cell/>
                </row>
            </table>
            <pb n="192"/>
            <fw type="pageNum">192</fw>
            <table xml:id="p192" cols="6">
                <head>Thursday<date when="1845-11-12">Nov. 12 1845</date></head>
                <row xml:id="p192_01">
                    <cell>529</cell>
                    <cell>
                        <name type="person" ref="pers_WCDH269">Frank Dunahoe</name>
                        <choice rend="align(right)">
                            <abbr>Dr</abbr>
                            <expan>debtor</expan>
                        </choice></cell>
                    <cell/>
                    <cell/>
                    <cell/>
                    <cell/>
                </row>
                <row xml:id="p192_02">
                    <cell/>
                    <cell>To 3 7/8 (?) <measure commodity="currency" quantity="20" unit="cents"
                            >.20</measure></cell>
                    <cell/>
                    <cell><measure commodity="currency" quantity="77" unit="cents"
                        >.77</measure></cell>
                    <cell/>
                    <cell/>
                </row>
                <row xml:id="p192_03">
                    <cell>settled</cell>
                    <cell>To " (??ash) 7 2/4 /.27 yd.</cell>
                    <cell/>
                    <cell/>
                    <cell/>
                    <cell/>
                </row>
                <row xml:id="p192_04">
                    <cell/>
                    <cell>To <measure commodity="table cloth" quantity="2">two table
                            cloths</measure></cell>
                    <cell/>
                    <cell/>
                    <cell/>
                    <cell/>
                </row>
                <row xml:id="p192_05">
                    <cell/>
                    <cell><date when="1845-11-15">15</date></cell>
                    <cell/>
                    <cell/>
                    <cell/>
                    <cell/>
                </row>
                <row xml:id="p192_06">
                    <cell>79</cell>
                    <cell><name type="person" ref="pers_WCDH455">James Lynch</name>
                        <choice rend="align(right)">
                            <abbr>D</abbr>
                            <expan>debtor</expan>
                        </choice></cell>
                    <cell/>
                    <cell/>
                    <cell/>
                    <cell/>
                </row>
                <row xml:id="p192_07">
                    <cell/>
                    <cell>To cart to go to Prov. 30/</cell>
                    <cell><measure commodity="currency" quantity="5" unit="dollars"
                        >5</measure></cell>
                    <cell><measure commodity="currency" quantity="00" unit="dollars"
                        >00</measure></cell>
                    <cell/>
                    <cell/>
                </row>
                <row xml:id="p192_08">
                    <cell/>
                    <cell>left work today at noon</cell>
                    <cell/>
                    <cell/>
                    <cell/>
                    <cell/>
                </row>
                <row xml:id="p192_09">
                    <cell>paid</cell>
                    <cell><name type="person" ref="pers_WCDH668">Warren White</name>
                        <choice rend="align(right)">
                            <abbr>D</abbr>
                            <expan>debtor</expan>
                        </choice></cell>
                    <cell/>
                    <cell/>
                    <cell/>
                    <cell/>
                </row>
                <row xml:id="p192_10">
                    <cell/>
                    <cell>To tax on farm <date when="1845">1845</date></cell>
                    <cell><measure commodity="currency" quantity="10" unit="dollars"
                        >10</measure></cell>
                    <cell><measure commodity="currency" quantity="80" unit="cents"
                        >80</measure></cell>
                    <cell/>
                    <cell/>
                </row>
                <row xml:id="p192_11">
                    <cell/>
                    <cell><date when="1845-11-20">20</date></cell>
                    <cell/>
                    <cell/>
                    <cell/>
                    <cell/>
                </row>
                <row xml:id="p192_12">
                    <cell>(???) Bill</cell>
                    <cell><name type="person" ref="pers_WCDH345">Alcot Harden</name>
                        <choice rend="align(right)">
                            <abbr>D</abbr>
                            <expan>debtor</expan>
                        </choice></cell>
                    <cell/>
                    <cell/>
                    <cell/>
                    <cell/>
                </row>
                <row xml:id="p192_13">
                    <cell/>
                    <cell>to <measure commodity="cloth">cloaths</measure> for <measure
                            commodity="pants">pants</measure> by agreement</cell>
                    <cell><measure commodity="currency" quantity="7" unit="dollars"
                        >7</measure></cell>
                    <cell><measure commodity="currency" quantity="00" unit="cents"
                        >00</measure></cell>
                    <cell/>
                    <cell/>
                </row>
                <row xml:id="p192_14">
                    <cell/>
                    <cell><date when="1845-11-24">24</date></cell>
                    <cell/>
                    <cell/>
                    <cell/>
                    <cell/>
                </row>
                <row xml:id="p192_15">
                    <cell>511</cell>
                    <cell><name type="person" ref="pers_WCDH180">Otis Blandin</name>
                        <choice rend="align(right)">
                            <abbr>D</abbr>
                            <expan>debtor</expan>
                        </choice></cell>
                    <cell/>
                    <cell/>
                    <cell/>
                    <cell/>
                </row>
                <row xml:id="p192_16">
                    <cell/>
                    <cell>To <measure commodity="apples" quantity="1" unit="bushels">1 buss.
                            Apples</measure> 9/</cell>
                    <cell><measure commodity="currency" quantity="1" unit="dollars"
                        >1</measure></cell>
                    <cell><measure commodity="currency" quantity="50" unit="cents"
                        >50</measure></cell>
                    <cell/>
                    <cell/>
                </row>
                <row xml:id="p192_17">
                    <cell/>
                    <cell><date when="1845-11-28">28</date></cell>
                    <cell/>
                    <cell/>
                    <cell/>
                    <cell/>
                </row>
                <row xml:id="p192_18">
                    <cell>79</cell>
                    <cell><name type="person" ref="pers_WCDH455">James Lynch</name>
                        <choice rend="align(right)">
                            <abbr>D</abbr>
                            <expan>debtor</expan>
                        </choice></cell>
                    <cell/>
                    <cell/>
                    <cell/>
                    <cell/>
                </row>
                <row xml:id="p192_19">
                    <cell/>
                    <cell>To <measure commodity="currency" quantity="3" unit="dollars">cash three
                            dollars</measure></cell>
                    <cell><measure commodity="currency" quantity="3" unit="dollars"
                        >3</measure></cell>
                    <cell><measure commodity="currency" quantity="00" unit="cents"
                        >00</measure></cell>
                    <cell/>
                    <cell/>
                </row>
                <row xml:id="p192_20">
                    <cell/>
                    <cell><date when="1845-11-29">29</date></cell>
                    <cell/>
                    <cell/>
                    <cell/>
                    <cell/>
                </row>
                <row xml:id="p192_21">
                    <cell>167</cell>
                    <cell><name type="person" ref="pers_WCDH529">Charly Reed</name>
                        <choice rend="align(right)">
                            <abbr>D</abbr>
                            <expan>debtor</expan>
                        </choice></cell>
                    <cell/>
                    <cell/>
                    <cell/>
                    <cell/>
                </row>
                <row xml:id="p192_22">
                    <cell/>
                    <cell>To cylinder stove No. 2</cell>
                    <cell><measure commodity="currency" quantity="2" unit="dollars"
                        >2</measure></cell>
                    <cell><measure commodity="currency" quantity="50" unit="cents"
                        >50</measure></cell>
                    <cell/>
                    <cell/>
                </row>
                <row xml:id="p192_23">
                    <cell/>
                    <cell>" a <measure commodity="pipe" quantity="5" unit="inch">five inch
                            pipe</measure> for same 9th (and) knee</cell>
                    <cell/>
                    <cell><measure commodity="currency" quantity="50" unit="cents"
                        >50</measure></cell>
                    <cell><measure commodity="currency" quantity="3" unit="dollars"
                        >3</measure></cell>
                    <cell><measure commodity="currency" quantity="00" unit="cents"
                        >00</measure></cell>
                </row>
                <row xml:id="p192_24">
                    <cell/>
                    <cell>" <measure commodity="brick">brick</measure>
                        <measure commodity="lath">and lath</measure> (strikethrough)</cell>
                    <cell/>
                    <cell/>
                    <cell/>
                    <cell/>
                </row>
                <row xml:id="p192_25">
                    <cell/>
                    <cell><date when="1845-12-01">Dec. 1 1845</date></cell>
                    <cell/>
                    <cell/>
                    <cell/>
                    <cell/>
                </row>
                <row xml:id="p192_26">
                    <cell>Nothing to ballance</cell>
                    <cell><name type="person" ref="pers_WCDH373">Linus Howard</name>
                        <choice rend="align(right)">
                            <abbr>D</abbr>
                            <expan>debtor</expan>
                        </choice></cell>
                    <cell/>
                    <cell/>
                    <cell/>
                    <cell/>
                </row>
                <row xml:id="p192_27">
                    <cell/>
                    <cell>To (crossed out) to zinck <measure commodity="brick">brick</measure> (and)
                            <measure commodity="lath">lath</measure></cell>
                    <cell/>
                    <cell/>
                    <cell/>
                    <cell/>
                </row>
                <row xml:id="p192_28">
                    <cell/>
                    <cell/>
                    <cell/>
                    <cell/>
                    <cell/>
                    <cell/>
                </row>
                <row xml:id="p192_29">
                    <cell>529</cell>
                    <cell><name type="person" ref="pers_WCDH269">Frank Dunahoe</name>
                        <choice rend="align(right)">
                            <abbr>D</abbr>
                            <expan>debtor</expan>
                        </choice></cell>
                    <cell/>
                    <cell/>
                    <cell/>
                    <cell/>
                </row>
                <row xml:id="p192_30">
                    <cell/>
                    <cell>To <measure commodity="currency" quantity="25" unit="dollars">cash twenty
                            five dollars</measure></cell>
                    <cell><measure commodity="currency" quantity="25" unit="dollars"
                        >25</measure></cell>
                    <cell><measure commodity="currency" quantity="00" unit="cents"
                        >00</measure></cell>
                    <cell/>
                    <cell/>
                </row>
                <row xml:id="p192_31">
                    <cell/>
                    <cell>" half parts 12/</cell>
                    <cell><measure commodity="currency" quantity="2" unit="dollars"
                        >2</measure></cell>
                    <cell><measure commodity="currency" quantity="00" unit="cents"
                        >00</measure></cell>
                    <cell><measure commodity="currency" quantity="27" unit="dollars"
                        >27</measure></cell>
                    <cell><measure commodity="currency" quantity="00" unit="cents"
                        >00</measure></cell>
                </row>
                <row xml:id="p192_32">
                    <cell/>
                    <cell/>
                    <cell/>
                    <cell/>
                    <cell/>
                    <cell/>
                </row>
                <row xml:id="p192_33">
                    <cell>511</cell>
                    <cell><name type="person" ref="pers_WCDH180">Otis Blandin</name>
                        <choice rend="align(right)">
                            <abbr>Dr</abbr>
                            <expan>debtor</expan>
                        </choice></cell>
                    <cell/>
                    <cell/>
                    <cell/>
                    <cell/>
                </row>
                <row xml:id="p192_34">
                    <cell/>
                    <cell>To <measure commodity="lime" quantity=".5" unit="cask">1/2 cask
                            lime</measure>
                        <measure commodity="currency" quantity="62.5" unit="cents">62
                        1/2</measure></cell>
                    <cell/>
                    <cell><measure commodity="currency" quantity="62.5" unit="cents">62
                            1/2</measure></cell>
                    <cell/>
                    <cell/>
                </row>
                <row xml:id="p192_35">
                    <cell/>
                    <cell>" James <measure commodity="time" quantity="3" unit="days">three
                            days</measure> 1/2 6/</cell>
                    <cell><measure commodity="currency" quantity="3" unit="dollars"
                        >3</measure></cell>
                    <cell><measure commodity="currency" quantity="50" unit="cents"
                        >50</measure></cell>
                    <cell/>
                    <cell/>
                </row>
                <row xml:id="p192_36">
                    <cell/>
                    <cell>" <measure commodity="laths" quantity="2" unit="bunches">two bunches laths
                            22</measure></cell>
                    <cell/>
                    <cell><measure commodity="currency" quantity="44" unit="cents"
                        >44</measure></cell>
                    <cell><measure commodity="currency" quantity="4" unit="dollars"
                        >4</measure></cell>
                    <cell><measure commodity="currency" quantity="50" unit="cents"
                        >50</measure></cell>
                </row>
                <row xml:id="p192_37">
                    <cell/>
                    <cell><date when="1845-12-06">6</date></cell>
                    <cell/>
                    <cell/>
                    <cell/>
                    <cell/>
                </row>
                <row xml:id="p192_38">
                    <cell>79</cell>
                    <cell><name type="person" ref="pers_WCDH455">James Lynch</name>
                        <choice rend="align(right)">
                            <abbr>D</abbr>
                            <expan>debtor</expan>
                        </choice></cell>
                    <cell/>
                    <cell/>
                    <cell/>
                    <cell/>
                </row>
                <row xml:id="p192_39">
                    <cell/>
                    <cell>To <measure commodity="currency">cash</measure> p <name type="person" ref="pers_WCDH373">L. Howard</name> 15/</cell>
                    <cell><measure commodity="currency" quantity="2" unit="dollars"
                        >2</measure></cell>
                    <cell><measure commodity="currency" quantity="50" unit="cents"
                        >50</measure></cell>
                    <cell/>
                    <cell/>
                </row>
                <row xml:id="p192_40">
                    <cell/>
                    <cell/>
                    <cell><date when="1845-12-09">9</date></cell>
                    <cell/>
                    <cell/>
                    <cell/>
                </row>
                <row xml:id="p192_41">
                    <cell>79</cell>
                    <cell><name type="person" ref="pers_WCDH455">James Lynch</name>
                        <choice rend="align(right)">
                            <abbr>D</abbr>
                            <expan>debtor</expan>
                        </choice></cell>
                    <cell/>
                    <cell/>
                    <cell/>
                    <cell/>
                </row>
                <row xml:id="p192_42">
                    <cell/>
                    <cell>To <measure commodity="currency">cash</measure> to ballance his
                        acompt.</cell>
                    <cell><measure commodity="currency" quantity="12" unit="dollars"
                        >12</measure></cell>
                    <cell><measure commodity="currency" quantity="20" unit="cents"
                        >20</measure></cell>
                    <cell/>
                    <cell/>
                </row>
                <row xml:id="p192_43">
                    <cell/>
                    <cell/>
                    <cell/>
                    <cell/>
                    <cell/>
                    <cell/>
                </row>
                <row xml:id="p192_44">
                    <cell>settled</cell>
                    <cell><name type="person" ref="pers_WCDH373">Linus Howard</name>
                        <choice rend="align(right)">
                            <abbr>D</abbr>
                            <expan>debtor</expan>
                        </choice></cell>
                    <cell/>
                    <cell/>
                    <cell/>
                    <cell/>
                </row>
                <row xml:id="p192_45">
                    <cell/>
                    <cell>To <measure commodity="rye" quantity="1.5" unit="bushels">1 1/2 buss.
                            Rye</measure> 6/</cell>
                    <cell><measure commodity="currency" quantity="1" unit="dollars"
                        >1</measure></cell>
                    <cell><measure commodity="currency" quantity="50" unit="cents"
                        >50</measure></cell>
                    <cell/>
                    <cell/>
                </row>
                <row xml:id="p192_46">
                    <cell/>
                    <cell/>
                    <cell/>
                    <cell/>
                    <cell/>
                    <cell/>
                </row>
                <row xml:id="p192_47">
                    <cell>529</cell>
                    <cell><name type="person" ref="pers_WCDH269">Frank Dunahoe</name>
                        <choice rend="align(right)">
                            <abbr>D</abbr>
                            <expan>debtor</expan>
                        </choice></cell>
                    <cell/>
                    <cell/>
                    <cell/>
                    <cell/>
                </row>
                <row xml:id="p192_48">
                    <cell/>
                    <cell>To <measure commodity="cloth" quantity="8.5" unit="yards">8 1/2 yds
                            cloth(?)</measure> 7 3/4 p yd</cell>
                    <cell/>
                    <cell><measure commodity="currency" quantity="6" unit="cents"
                        >66</measure></cell>
                    <cell/>
                    <cell/>
                </row>
                <row xml:id="p192_49">
                    <cell/>
                    <cell><date when="1845-12-13">13</date></cell>
                    <cell/>
                    <cell/>
                    <cell/>
                    <cell/>
                </row>
                <row xml:id="p192_50">
                    <cell>settled</cell>
                    <cell><name type="person" ref="pers_WCDH373">Linus Howard</name>
                        <choice rend="align(right)">
                            <abbr>D</abbr>
                            <expan>debtor</expan>
                        </choice></cell>
                    <cell/>
                    <cell/>
                    <cell/>
                    <cell/>
                </row>
                <row xml:id="p192_51">
                    <cell/>
                    <cell>To <measure commodity="rye" quantity="2" unit="bushels">two buss.
                            Rye</measure> 6/</cell>
                    <cell><measure commodity="currency" quantity="2" unit="dollars"
                        >2</measure></cell>
                    <cell><measure commodity="currency" quantity="00" unit="cents"
                        >00</measure></cell>
                    <cell/>
                    <cell/>
                </row>
                <row xml:id="p192_52">
                    <cell/>
                    <cell><date when="1845-12-20">20</date></cell>
                    <cell/>
                    <cell/>
                    <cell/>
                    <cell/>
                </row>
                <row xml:id="p192_53">
                    <cell>529</cell>
                    <cell><name type="person" ref="pers_WCDH269">Frank Dunahoe</name>
                        <choice rend="align(right)">
                            <abbr>Dr</abbr>
                            <expan>debtor</expan>
                        </choice></cell>
                    <cell/>
                    <cell/>
                    <cell/>
                    <cell/>
                </row>
                <row xml:id="p192_54">
                    <cell/>
                    <cell>To <measure commodity="bed ticking" quantity="28" unit="yards">28 yds. bed
                            ticking</measure>
                        <measure commodity="currency" quantity="20" unit="cents"
                        >.20c</measure></cell>
                    <cell><measure commodity="currency" quantity="5" unit="dollars"
                        >5</measure></cell>
                    <cell><measure commodity="currency" quantity="60" unit="cents"
                        >60</measure></cell>
                    <cell/>
                    <cell/>
                </row>
                <row xml:id="p192_55">
                    <cell/>
                    <cell>" <measure commodity="boarding" quantity="3" unit="pieces">3 pieces
                            Boarding</measure>
                        <measure commodity="currency" quantity="12" unit="cents"
                        >12c</measure></cell>
                    <cell/>
                    <cell><measure commodity="currency" quantity="37" unit="cents"
                        >37</measure></cell>
                    <cell/>
                    <cell/>
                </row>
                <row xml:id="p192_56">
                    <cell/>
                    <cell>" <measure commodity="damask linen" quantity="4" unit="yards">4 yds Damask
                            linen</measure> 5/6-</cell>
                    <cell><measure commodity="currency" quantity="3" unit="dollars"
                        >3</measure></cell>
                    <cell><measure commodity="currency" quantity="67" unit="cents"
                        >67</measure></cell>
                    <cell/>
                    <cell/>
                </row>
                <row xml:id="p192_57">
                    <cell/>
                    <cell>" <measure commodity="linen threads">linen threads</measure> 14 <measure
                            commodity="cotton yarn">cotton yarn</measure></cell>
                    <cell/>
                    <cell><measure commodity="currency" quantity="25" unit="cents"
                        >25</measure></cell>
                    <cell/>
                    <cell/>
                </row>
                <row xml:id="p192_58">
                    <cell/>
                    <cell><measure commodity="cotton lapse" quantity="3" unit="lbs">3 lbs cotton
                            lapse</measure></cell>
                    <cell/>
                    <cell><measure commodity="currency" quantity="27" unit="cents"
                        >27</measure></cell>
                    <cell/>
                    <cell/>
                </row>
                <row xml:id="p192_59">
                    <cell/>
                    <cell>" <measure commodity="currency">cash</measure> / <measure
                            commodity="cook book">cook book</measure> 1 <measure
                            commodity="currency" quantity="37" unit="cents">37</measure>-</cell>
                    <cell/>
                    <cell><measure commodity="currency" quantity="37" unit="cents"
                        >37</measure></cell>
                    <cell/>
                    <cell/>
                </row>
                <row xml:id="p192_60">
                    <cell/>
                    <cell/>
                    <cell/>
                    <cell/>
                    <cell/>
                    <cell/>
                </row>
                <row xml:id="p192_61">
                    <cell>115</cell>
                    <cell><name type="person" ref="pers_WCDH637">William A West</name>
                        <choice rend="align(right)">
                            <abbr>D</abbr>
                            <expan>debtor</expan>
                        </choice></cell>
                    <cell/>
                    <cell/>
                    <cell/>
                    <cell/>
                </row>
                <row xml:id="p192_62">
                    <cell/>
                    <cell>To tax on house fr <measure commodity="currency" quantity="3.60"
                            unit="dollars">3.60</measure> school etc. <measure commodity="currency"
                            quantity="20" unit="cents">.20x</measure></cell>
                    <cell><measure commodity="currency" quantity="3" unit="dollars"
                        >3</measure></cell>
                    <cell><measure commodity="currency" quantity="80" unit="dollars"
                        >80</measure></cell>
                    <cell/>
                    <cell/>
                </row>
                <row xml:id="p192_63">
                    <cell/>
                    <cell/>
                    <cell/>
                    <cell/>
                    <cell/>
                    <cell/>
                </row>
                <row xml:id="p192_64">
                    <cell/>
                    <cell/>
                    <cell/>
                    <cell/>
                    <cell/>
                    <cell/>
                </row>
            </table>
        </body>
    </text>
</TEI>
