<?xml version="1.0" encoding="UTF-8"?>
<oai_dc:dc xmlns:oai_dc="http://www.openarchives.org/OAI/2.0/oai_dc/"
    xmlns:dc="http://purl.org/dc/elements/1.1/"
    xmlns:xsi="http://www.w3.org/2001/XMLSchema-instance"
    xsi:schemaLocation="http://www.openarchives.org/OAI/2.0/oai_dc/ http://www.openarchives.org/OAI/2.0/oai_dc.xsd">
    <dc:title>Schlitz</dc:title>
    <dc:publisher>Institute Centre for Information Modelling, University of Graz</dc:publisher>
    <dc:date>1897</dc:date>
    <dc:coverage>USA</dc:coverage>
    <dc:language>en</dc:language>
    <dc:rights>https://creativecommons.org/licenses/by/4.0/</dc:rights>
    <dc:format>XML/TEI</dc:format>
    <dc:type>Dataset</dc:type>
    <dc:identifier>https://gams.uni-graz.at/context:depcha.schlitz</dc:identifier>
</oai_dc:dc>
