<?xml version="1.0" encoding="UTF-8"?>
<?oxygen RNGSchema="http://www.tei-c.org/release/xml/tei/custom/schema/relaxng/tei_all.rng" type="xml"?>
<TEI xmlns="http://www.tei-c.org/ns/1.0" xml:lang="en">
    <teiHeader>
        <fileDesc>
            <titleStmt>
                <title>p</title>
                <author>p</author>
                <respStmt>
                    <name type="person">Kathryn Tomasek</name>
                    <resp>TEI-compatible XML markup begun by <name type="person">Kathryn
                            Tomasek</name> in <date when="2010-04">April 2010.</date>
                    </resp>
                </respStmt>
            </titleStmt>
            <publicationStmt>
                <p/>
            </publicationStmt>
            <sourceDesc>
                <p> Built from organizations mentioned in documents in the Wheaton Family Papers
                    MC001, Marion B. Gebbie Archives and Special Collections at the Madeleine Clark
                    Wallace Library, Wheaton College, Norton, Massachusetts. </p>
                <p> This file is based in part on EBWdiaback file that was created by student
                    researchers in 2005 and is used in Eliza Baylies Wheaton Diaries published in
                    TAPAS.</p>
                <p> The purpose of the new file is to bring supporting files for the Wheaton College
                    Digital History Project into compatibility with TEI P5.</p>
                <p> Begun by <name type="person">Kathryn Tomasek</name> in <date when="2010-04"
                        >April 2010</date>. </p>
            </sourceDesc>
        </fileDesc>
        <revisionDesc>
            <change> Revisions, including removal of unnecessary leading zeroes in identifiers by
                    <name type="person">Kathryn Tomasek</name> in <date when="2019-05">May
                    2019.</date>
            </change>
            <change> Additions by <name type="person">Kathryn Tomasek</name> in <date when="2011-08"
                    >August 2011.</date>
            </change>
        </revisionDesc>
    </teiHeader>

    <text>
        <body>
            <div>
                <listOrg>
                    <org xml:id="org_WCDH1">
                        <orgName>Wheaton Female Seminary</orgName>
                        <settlement>Norton</settlement>
                        <region>Massachusetts</region>
                    </org>
                    <org xml:id="org_WCDH2">
                        <orgName>Uxbridge Academy</orgName>
                        <settlement>Uxbridge</settlement>
                        <region>Massachusetts</region>
                    </org>
                    <org xml:id="org_WCDH3">
                        <orgName>Boston Young Ladies' Academy</orgName>
                        <settlement>Boston</settlement>
                        <region>Massachusetts</region>
                    </org>
                    <org xml:id="org_WCDH4">
                        <orgName>Brown University</orgName>
                        <settlement>Providence</settlement>
                        <region>Rhode Island </region>
                    </org>
                    <org xml:id="org_WCDH5">
                        <orgName>Massachusetts General Court</orgName>
                        <settlement>Boston</settlement>
                        <region>Massachusetts</region>
                    </org>
                    <org xml:id="org_WCDH6">
                        <orgName>Governor's Council</orgName>
                        <settlement>Boston</settlement>
                        <region>Massachusetts</region>
                    </org>
                    <org xml:id="org_WCDH7">
                        <orgName>State Industrial School for Girls</orgName>
                        <settlement>Lancaster</settlement>
                        <region>Massachusetts</region>
                    </org>
                    <org xml:id="org_WCDH8">
                        <orgName>Wrentham Academy</orgName>
                        <settlement>Wrentham</settlement>
                        <region>Massachusetts</region>
                    </org>
                    <org xml:id="org_WCDH9">
                        <orgName>Harvard College</orgName>
                        <settlement>Cambridge</settlement>
                        <region>Massachusetts</region>
                    </org>
                    <org xml:id="org_WCDH10">
                        <orgName>Bristol County Bar</orgName>
                        <settlement>Taunton</settlement>
                        <region>Massachusetts</region>
                    </org>
                    <org xml:id="org_WCDH11">
                        <orgName>United States House of Representatives</orgName>
                        <settlement>Washington</settlement>
                        <region>District of Columbia</region>
                    </org>
                    <org xml:id="org_WCDH12">
                        <orgName>Court of Common Pleas</orgName>
                        <region>Massachusetts</region>
                    </org>
                    <org xml:id="org_WCDH13">
                        <orgName>Court of Sessions</orgName>
                        <region>Massachusetts</region>
                    </org>
                    <org xml:id="org_WCDH14">
                        <orgName>Baylies Refinery</orgName>
                        <region>Massachusetts</region>
                    </org>
                    <org xml:id="org_WCDH15">
                        <orgName>Supreme Court</orgName>
                        <region>Vermont</region>
                    </org>
                    <org xml:id="org_WCDH16">
                        <orgName>Yale University</orgName>
                        <settlement>New Haven</settlement>
                        <region>Connecticut</region>
                    </org>
                    <org xml:id="org_WCDH17">
                        <orgName>Yale Medical School</orgName>
                        <settlement>New Haven</settlement>
                        <region>Connecticut</region>
                    </org>
                    <org xml:id="org_WCDH18">
                        <orgName>Massachusetts Medical Society</orgName>
                        <settlement>Boston</settlement>
                        <region>Massachusetts</region>
                    </org>
                    <org xml:id="org_WCDH19">
                        <orgName>Insane Hospital</orgName>
                        <settlement>Somerville</settlement>
                        <region>Massachusetts</region>
                    </org>
                    <org xml:id="org_WCDH20">
                        <orgName>Ipswich Seminary</orgName>
                        <settlement>Ipswich</settlement>
                        <region>Massachusetts</region>
                    </org>
                    <org xml:id="org_WCDH21">
                        <orgName>Trinitarian Congregational Church</orgName>
                        <settlement>Norton</settlement>
                        <region>Massachusetts</region>
                    </org>
                    <org xml:id="org_WCDH22">
                        <orgName>Harvard Medical School</orgName>
                        <settlement/>
                        <region>Massachusetts</region>
                    </org>
                    <org xml:id="org_WCDH23">
                        <orgName>First Society</orgName>
                        <settlement>Woodstock</settlement>
                        <region>Connecticut</region>
                    </org>
                    <org xml:id="org_WCDH24">
                        <orgName>Exeter</orgName>
                        <settlement/>
                        <region/>
                    </org>
                    <org xml:id="org_WCDH25">
                        <orgName>Harvard Divinity School</orgName>
                        <settlement>Cambridge</settlement>
                        <region>Massachusetts</region>
                    </org>
                    <org xml:id="org_WCDH26">
                        <orgName>Norton Public Library</orgName>
                        <settlement>Norton</settlement>
                        <region>Massachusetts</region>
                    </org>
                    <org xml:id="org_WCDH27">
                        <orgName>Cleveland Medical College</orgName>
                        <settlement>Cleveland</settlement>
                        <region>Ohio</region>
                    </org>
                    <org xml:id="org_WCDH28">
                        <orgName notBefore="1871">Clifton Springs Sanitarium Company</orgName>
                        <settlement>Clifton Springs</settlement>
                        <region>New York</region>
                    </org>
                    <org xml:id="org_WCDH29">
                        <orgName>Wheaton Alumnae Association</orgName>
                    </org>
                    <org xml:id="org_WCDH30">
                        <orgName notBefore="1844">Wheaton Manufacturing Company</orgName>
                        <settlement>Norton</settlement>
                        <region>Massachusetts</region>
                    </org>
                    <org xml:id="org_WCDH31">
                        <orgName>Centre Mills</orgName>
                        <settlement>Norton</settlement>
                        <region>Massachusetts</region>
                    </org>
                    <org xml:id="org_WCDH32">
                        <orgName>Fields and Fobes</orgName>
                        <settlement>Norton</settlement>
                        <region>Massachusetts</region>
                    </org>
                    <org xml:id="org_WCDH33">
                        <orgName>Park Street Congregational Church</orgName>
                        <settlement>Boston</settlement>
                        <region>Massachusetts</region>
                    </org>
                    <org xml:id="org_WCDH34">
                        <orgName>Board of Education</orgName>
                        <settlement>San Francisco</settlement>
                        <region>California</region>
                    </org>
                    <org xml:id="org_WCDH35">
                        <orgName when="1863">Nevada Constitutional Convention</orgName>
                        <region>Nevada Territory</region>
                    </org>
                    <org xml:id="org_WCDH36">
                        <orgName when="1864">Nevada Constitutional Convention</orgName>
                        <region>Nevada Territory</region>
                    </org>
                    <org xml:id="org_WCDH37">
                        <orgName>Andover Theological Seminary</orgName>
                        <settlement>Andover</settlement>
                        <region>Massachusetts</region>
                    </org>
                    <org xml:id="org_WCDH38">
                        <orgName notBefore="1837">Mount Holyoke Female Seminary</orgName>
                        <settlement>South Hadley</settlement>
                        <region>Massachusetts</region>
                    </org>
                    <org xml:id="org_WCDH39">
                        <orgName>Peter Grienell and Son</orgName>
                        <settlement/>
                        <region/>
                    </org>
                    <org xml:id="org_WCDH40">
                        <orgName>Hamilton and Sweet</orgName>
                        <settlement/>
                        <region/>
                    </org>
                    <org xml:id="org_WCDH41">
                        <orgName>John Hunt and Co.</orgName>
                        <settlement/>
                        <region/>
                    </org>
                    <org xml:id="org_WCDH42">
                        <orgName>Charles D. and O.H. Lane</orgName>
                        <settlement/>
                        <region/>
                    </org>
                    <org xml:id="org_WCDH43">
                        <orgName>CJames O. Messenger and Stanely</orgName>
                        <settlement/>
                        <region/>
                    </org>
                    <org xml:id="org_WCDH44">
                        <orgName>James O. Messenger and Geo. B. Townsend</orgName>
                        <settlement/>
                        <region/>
                    </org>
                    <org xml:id="org_WCDH45">
                        <orgName>Norton Straw Co.</orgName>
                        <settlement/>
                        <region/>
                    </org>
                    <org xml:id="org_WCDH46">
                        <orgName>Perry Hunt and Co.</orgName>
                        <settlement/>
                        <region/>
                    </org>
                    <org xml:id="org_WCDH47">
                        <orgName>Saunders and Gilman</orgName>
                        <settlement/>
                        <region/>
                    </org>
                    <org xml:id="org_WCDH48">
                        <orgName>Stimpson and Hodges</orgName>
                        <settlement/>
                        <region/>
                    </org>
                    <org xml:id="org_WCDH49">
                        <orgName>Sons of Temperance</orgName>
                        <settlement/>
                        <region/>
                    </org>
                    <org xml:id="org_WCDH50">
                        <orgName>Waring and Bill</orgName>
                        <settlement/>
                        <region/>
                    </org>
                    <org xml:id="org_WCDH51">
                        <orgName>H.B. White and Co.</orgName>
                        <settlement/>
                        <region/>
                    </org>
                    <org xml:id="org_WCDH52">
                        <orgName>Wild Warren and Co.</orgName>
                        <settlement/>
                        <region/>
                    </org>
                    <org xml:id="org_WCDH53">
                        <orgName>Stage Company</orgName>
                        <region/>
                    </org>
                </listOrg>
            </div>
        </body>
    </text>
</TEI>
