<?xml version="1.0" encoding="UTF-8"?>
<oai_dc:dc xmlns:oai_dc="http://www.openarchives.org/OAI/2.0/oai_dc/"
    xmlns:dc="http://purl.org/dc/elements/1.1/"
    xmlns:xsi="http://www.w3.org/2001/XMLSchema-instance"
    xsi:schemaLocation="http://www.openarchives.org/OAI/2.0/oai_dc/ http://www.openarchives.org/OAI/2.0/oai_dc.xsd">
    <dc:title>Laban Morey Wheaton Day Book</dc:title>
    <dc:creator>Laban Morey Wheaton</dc:creator>
    <dc:subject>Family Accounts</dc:subject>
    <dc:description>Daybook of L.M. Wheaton's Store, expenses of building houses and barns, and expenses of constructing Wheaton Female Seminary buildings.</dc:description>
    <dc:publisher>Wheaton College Massachusetts</dc:publisher>
    <dc:publisher>Institute Centre for Information Modelling, University of Graz</dc:publisher>
    <dc:contributor>Sahilia Ramirez</dc:contributor>
    <dc:contributor>Kathryn Tomasek</dc:contributor>
    <dc:date>1828-1859</dc:date>
    <dc:coverage>Norton, Massachusetts, USA</dc:coverage>
    <dc:language>en</dc:language>
    <dc:rights>https://creativecommons.org/licenses/by/4.0/</dc:rights>
    <dc:source>Wheaton College Massachusetts</dc:source>
    <dc:relation>https://digitalrepository.wheatoncollege.edu/handle/11040/31475</dc:relation>
    <dc:relation>https://collections.leventhalmap.org/search/commonwealth:x059cb646</dc:relation>
    <dc:format>XML/TEI</dc:format>
    <dc:type>Collection</dc:type>
    <dc:identifier>https://gams.uni-graz.at/context:depcha.wheaton</dc:identifier>
</oai_dc:dc>
