<?xml version="1.0" encoding="UTF-8"?>
<oai_dc:dc xmlns:oai_dc="http://www.openarchives.org/OAI/2.0/oai_dc/"
    xmlns:dc="http://purl.org/dc/elements/1.1/"
    xmlns:xsi="http://www.w3.org/2001/XMLSchema-instance"
    xsi:schemaLocation="http://www.openarchives.org/OAI/2.0/oai_dc/ http://www.openarchives.org/OAI/2.0/oai_dc.xsd">
    <dc:title>Annata SS. Pietro e Sebastiano 1485</dc:title>
    <dc:subject>Business Accounts</dc:subject>
    <dc:description></dc:description>
    <dc:publisher>Institute Centre for Information Modelling, University of Graz</dc:publisher>
    <dc:contributor>Ciro Romano</dc:contributor>
    <dc:contributor>Antonella Ambrosio</dc:contributor>
    <dc:contributor>Georg Vogeler</dc:contributor>
    <dc:date>1485</dc:date>
    <dc:coverage>Napoli, Italy</dc:coverage>
    <dc:language>it</dc:language>
    <dc:rights>https://creativecommons.org/licenses/by/4.0/</dc:rights>
    <dc:source>Napoli, Archivio di Stato</dc:source>
    <dc:format>XML/TEI</dc:format>
    <dc:type>Dataset</dc:type>
    <dc:identifier>http://gams.uni-graz.at/context:depcha.ssps1485</dc:identifier>
</oai_dc:dc>
