<?xml version="1.0" encoding="UTF-8"?>
<?xml-model href="http://www.tei-c.org/release/xml/tei/custom/schema/relaxng/tei_all.rng" type="application/xml" schematypens="http://relaxng.org/ns/structure/1.0"?>
<?xml-model href="http://www.tei-c.org/release/xml/tei/custom/schema/relaxng/tei_all.rng" type="application/xml"
	schematypens="http://purl.oclc.org/dsdl/schematron"?>
<TEI xmlns="http://www.tei-c.org/ns/1.0">
   <teiHeader>
      <fileDesc>
         <titleStmt>
            <title>LMW Day Book, pp. 166-167</title>
            <author>L.M. Wheaton</author>
         </titleStmt>
         <publicationStmt>
            <p>Indication of work done and date, Wheaton College</p>
         </publicationStmt>
         <sourceDesc>
            <biblFull>
               <titleStmt>
                  <title>Account Books, pp.166-167</title>
                  <author>L.M. Wheaton</author>
                  <respStmt>
                     <resp> TEI-compatible XML markup by <name type="person">Tyana Craig</name> with
                        corrections by <name type="person">Name</name>, <name type="person"
                           >Name</name>, and <name type="person">Name</name>.</resp>
                     <name type="person">Name</name>
                  </respStmt>
               </titleStmt>
               <publicationStmt>
                  <p>Indication of work done and date 06/03/16, Wheaton College</p>
               </publicationStmt>
               <sourceDesc>
                  <p> From the Marion B. Gebbie Archives and Special Collections at the Madeleine
                     Clark Wallace Library, Wheaton College </p>
               </sourceDesc>
            </biblFull>
         </sourceDesc>
      </fileDesc>
   </teiHeader>
   <text>
      <body>
         <pb n="166"/>
         <fw type="pageNum">166</fw>
         <table xml:id="p166" cols="6">
            <head>Wednesday <date when="1841-07-21">July 21st 1841</date></head>
            <row xml:id="p166_01">
               <cell/>
               <cell/>
               <cell/>
               <cell/>
               <cell/>
               <cell/>
            </row>
            <row xml:id="p166_02">
               <cell>Paid</cell>
               <cell><name type="person" ref="v">Linus Howard</name>
                  <choice rend="align(right)">
                     <abbr>D</abbr>
                     <expan>debtor</expan>
                  </choice></cell>
               <cell/>
               <cell/>
               <cell/>
               <cell/>
            </row>
            <row xml:id="p166_03">
               <cell/>
               <cell>
                   To <name type="account" ref="LMWcash">cash lent</name> Thirty Dollars
               </cell>
               <cell>
                   <measure commodity="currency" quantity="30" unit="dollars">30</measure>
               </cell>
               <cell>
                   <measure commodity="currency" quantity="00" unit="cents">00</measure>
               </cell>
               <cell/>
               <cell/>
            </row>
            <row xml:id="p166_04">
               <cell/>
               <cell/>
               <cell/>
               <cell/>
               <cell/>
               <cell/>
            </row>
            <row xml:id="p166_05">
               <cell>Settled</cell>
               <cell><name type="person" ref="v">Joseph Borden</name>
                  <choice rend="align(right)">
                     <abbr>D</abbr>
                     <expan>debtor</expan>
                  </choice></cell>
               <cell/>
               <cell/>
               <cell/>
               <cell/>
            </row>
            <row xml:id="p166_06">
               <cell/>
               <cell>
                   To <name type="account" ref="LMWcash">cash</name>three Dollars
               </cell>
               <cell>
                   To <measure commodity="currency" quantity="3" unit="dollars">3</measure>
               </cell>
               <cell>
                   <measure commodity="currency" quantity="00" unit="cents">00</measure>
               </cell>
               <cell/>
               <cell/>
            </row>
            <row xml:id="p166_07">
               <cell/>
               <cell/>
               <cell/>
               <cell/>
               <cell/>
               <cell/>
            </row>
            <row xml:id="p166_08">
               <cell>384</cell>
               <cell><name type="person" ref="v">Sumner Blandin</name>
                  <choice rend="align(right)">
                     <abbr>D</abbr>
                     <expan>debtor</expan>
                  </choice></cell>
               <cell/>
               <cell/>
               <cell/>
               <cell/>
            </row>
            <row xml:id="p166_09">
               <cell/>
               <cell>
                   To <name type="account" ref="LWMcash">cash </name>five Dollars
               </cell>
               <cell>
                   <measure commodity="currency" quantity="5" unit="dollars">5</measure>
               </cell>
               <cell>
                   <measure commodity="currency" quantity="00" unit="cents">00</measure>
               </cell>
               <cell/>
               <cell/>
            </row>
            <row xml:id="p166_10">
               <cell/>
               <cell/>
               <cell/>
               <cell/>
               <cell/>
               <cell/>
            </row>
            <row xml:id="p166_11">
               <cell>Paid</cell>
               <cell><name type="person" ref="v">Linus Howard</name>
                  <choice rend="align(right)">
                     <abbr>D</abbr>
                     <expan>debtor</expan>
                  </choice></cell>
               <cell/>
               <cell/>
               <cell/>
               <cell/>
            </row>
            <row xml:id="p166_12">
               <cell/>
               <cell>
                   To <name type="account" ref="LMWcash">cash lent to pay for Hat</name> 18/
               </cell>
               <cell>
                   <measure commodity="currency" quantity="3" unit="dollars">3</measure>
               </cell>
               <cell>
                   <measure commodity="currency" quantity="00" unit="cents">00</measure>
               </cell>
               <cell/>
               <cell/>
            </row>
            <row xml:id="p166_13">
               <cell/>
               <cell>
                   <date when="1841-07-24">24</date>
               </cell>
               <cell/>
               <cell/>
               <cell/>
               <cell/>
            </row>
            <row xml:id="p166_14">
               <cell>Settled</cell>
               <cell>
                   To <measure commodity="Corn" quantity="1" unit="bushels">one Buss. Corn</measure> 5/
               </cell>
               <cell/>
               <cell>
                   <measure commodity="currency" quantity="83" unit="cents">83</measure>
               </cell>
               <cell/>
               <cell/>
            </row>
            <row xml:id="p166_15">
               <cell/>
               <cell>
                   <date when="1841-07-22">22</date>
               </cell>
               <cell/>
               <cell/>
               <cell/>
               <cell/>
            </row>
            <row xml:id="p166_16">
               <cell>516</cell>
               <cell><name type="person" ref="v">Mary A. Wrigley</name>
                  <choice rend="align(right)">
                     <abbr>Dr</abbr>
                     <expan>debtor</expan>
                  </choice></cell>
               <cell/>
               <cell/>
               <cell/>
               <cell/>
            </row>
            <row xml:id="p166_17">
               <cell/>
               <cell>
                   To her time for 3 <!--?--> 9/
               </cell>
               <cell>
                   <measure commodity="currency" quantity="4" unit="dollars">4</measure>
               </cell>
               <cell>
                   <measure commodity="currency" quantity="50" unit="cents">50</measure>
               </cell>
               <cell/>
               <cell/>
            </row>
            <row xml:id="p166_18">
               <cell/>
               <cell>
                   <date when="1841-07-27">27</date>
               </cell>
               <cell/>
               <cell/>
               <cell/>
               <cell/>
            </row>
            <row xml:id="p166_19">
               <cell>384</cell>
               <cell><name type="person" ref="v">Sumner Blandin</name>
                  <choice rend="align(right)">
                     <abbr>D</abbr>
                     <expan>debtor</expan>
                  </choice></cell>
               <cell/>
               <cell/>
               <cell/>
               <cell/>
            </row>
            <row xml:id="p166_20">
               <cell/>
               <cell>
                   To <measure commodity="Ham" quantity="18" unit="pounds">18 lbs Ham </measure>10x pr. lb
               </cell>
               <cell>
                   <measure commodity="currency" quantity="1" unit="dollars">1</measure>
               </cell>
               <cell>
                   <measure commodity="currency" quantity="80" unit="cents">80</measure>
               </cell>
               <cell/>
               <cell/>
            </row>
            <row xml:id="p166_21">
               <cell/>
               <cell>
                   <date when="1841-07-23">23rd</date>
               </cell>
               <cell/>
               <cell/>
               <cell/>
               <cell/>
            </row>
            <row xml:id="p166_22">
               <cell>397</cell>
               <cell><name type="person" ref="v">James Wrigley</name>
                  <choice rend="align(right)">
                     <abbr>Dr</abbr>
                     <expan>debtor</expan>
                  </choice></cell>
               <cell/>
               <cell/>
               <cell/>
               <cell/>
            </row>
            <row xml:id="p166_23">
               <cell/>
               <cell>
                   To absence from Noon of date
               </cell>
               <cell/>
               <cell/>
               <cell/>
               <cell/>
            </row>
            <row xml:id="p166_24">
               <cell/>
               <cell>to</cell>
               <cell/>
               <cell/>
               <cell/>
               <cell/>
            </row>
            <row xml:id="p166_25">
               <cell/>
               <cell>
                  <date when="1841-07-30">30</date>
               </cell>
               <cell/>
               <cell/>
               <cell/>
               <cell/>
            </row>
            <row xml:id="p166_26">
               <cell>384</cell>
               <cell><name type="person" ref="v">Sumner Blandin</name>
                  <choice rend="align(right)">
                     <abbr>Dr</abbr>
                     <expan>debtor</expan>
                  </choice></cell>
               <cell/>
               <cell/>
               <cell/>
               <cell/>
            </row>
            <row xml:id="p166_27">
               <cell/>
               <cell>
                  To <measure commodity="Potatoes" quantity="1" unit="bushels">one Buss Potatoes </measure>1/6
               </cell>
               <cell/>
               <cell>
                  <measure commodity="currency" quantity="25" unit="cents">25</measure>
               </cell>
               <cell/>
               <cell/>
            </row>
            <row xml:id="p166_28">
               <cell/>
               <cell>
                  " <name type="account" ref="LMWcash">Cash Four Dollars</name>
               </cell>
               <cell>
                  <measure commodity="currency" quantity="4" unit="dollars">4</measure>
               </cell>
               <cell>
                  <measure commodity="currency" quantity="00" unit="cents">00</measure>
               </cell>
               <cell>
                  <measure commodity="currency" quantity="4" unit="dollars">4</measure>
               </cell>
               <cell>
                  <measure commodity="currency" quantity="25" unit="cents">25</measure>
               </cell>
            </row>
            <row xml:id="p166_29">
               <cell/>
               <cell/>
               <cell/>
               <cell/>
               <cell/>
               <cell/>
            </row>
            <row xml:id="p166_30">
               <cell>Settled</cell>
               <cell><name type="person" ref="v">Joseph Borden</name>
                  <choice rend="align(right)">
                     <abbr>D</abbr>
                     <expan>debtor</expan>
                  </choice></cell>
               <cell/>
               <cell/>
               <cell/>
               <cell/>
            </row>
            <row xml:id="p166_31">
               <cell/>
               <cell>
                  To <measure commodity="Corn" quantity="3" unit="bushels">three Buss Corn </measure>5/
               </cell>
               <cell>
                  <measure commodity="currency" quantity="2" unit="dollars">2</measure>
               </cell>
               <cell>
                  <measure commodity="currency" quantity="00" unit="cents">00</measure>
               </cell>
               <cell/>
               <cell/>
            </row>
            <row xml:id="p166_32">
               <cell/>
               <cell>
                  <date when="1841-08-07">7 August</date>
               </cell>
               <cell/>
               <cell/>
               <cell/>
               <cell/>
            </row>
            <row xml:id="p166_33">
               <cell>384</cell>
               <cell><name type="person" ref="v">Sumner Blandin</name>
                  <choice rend="align(right)">
                     <abbr>D</abbr>
                     <expan>debtor</expan>
                  </choice></cell>
               <cell/>
               <cell/>
               <cell/>
               <cell/>
            </row>
            <row xml:id="p166_34">
               <cell/>
               <cell>
                  To <name type="account" ref="LMWcash">cash five Dollars</name> 
               </cell>
               <cell/>
               <cell/>
               <cell/>
               <cell/>
            </row>
            <row xml:id="p166_35">
               <cell/>
               <cell>
                  <date when="1841-08-13">13</date>
               </cell>
               <cell/>
               <cell/>
               <cell/>
               <cell/>
            </row>
            <row xml:id="p166_36">
               <cell/>
               <cell><name type="person" ref="v">Joseph Borden</name>
                  <choice rend="align(right)">
                     <abbr>D</abbr>
                     <expan>Debtor</expan>
                  </choice>
               </cell>
               <cell/>
               <cell/>
               <cell/>
               <cell/>
            </row>
            <row xml:id="p166_37">
               <cell/>
               <cell>
                  <name type="account" ref="LMWcash">To cash 9/</name>
               </cell>
               <cell>
                  <measure commodity="currency" quantity="1" unit="dollars">1</measure>
               </cell>
               <cell>
                  <measure commodity="currency" quantity="50" unit="cents">50</measure>
               </cell>
               <cell/>
               <cell/>
            </row>
            <row xml:id="p166_38">
               <cell/>
               <cell>
                  <date when="1841-08-14">14</date>
               </cell>
               <cell/>
               <cell/>
               <cell/>
               <cell/>
            </row>
            <row xml:id="p166_39">
               <cell>384</cell>
               <cell><name type="person" ref="v">Sumner Blandin</name>
                  <choice rend="align(right)">
                     <abbr>D</abbr>
                     <expan>debtor</expan>
                  </choice></cell>
               <cell/>
               <cell/>
               <cell/>
               <cell/>
            </row>
            <row xml:id="p166_40">
               <cell/>
               <cell>
                  To <name type="account" ref="LMWcash">cash five Dollars</name>
               </cell>
               <cell>
                  <measure commodity="currency" quantity="5" unit="dollars">5</measure>
               </cell>
               <cell>
                  <measure commodity="currency" quantity="00" unit="cents">00</measure>
               </cell>
               <cell/>
               <cell/>
            </row>
            <row xml:id="p166_41">
               <cell/>
               <cell>
                  <date when="1841-08-23">23</date>
               </cell>
               <cell/>
               <cell/>
               <cell/>
               <cell/>
            </row>
            <row xml:id="p166_42">
               <cell>523</cell>
               <cell><name type="person" ref="v">Henry Freeman</name>
                  <choice rend="align(right)">
                     <abbr>D</abbr>
                     <expan>debtor</expan>
                  </choice></cell>
               <cell/>
               <cell/>
               <cell/>
               <cell/>
            </row>
            <row xml:id="p166_43">
               <cell/>
               <cell>
                  To <measure commodity="Corn" quantity="2" unit="bushels">two Buss Corn</measure> in my absence 6
               </cell>
               <cell>
                  <measure commodity="currency" quantity="2" unit="dollars">2</measure>
               </cell>
               <cell>
                  <measure commodity="currency" quantity="00" unit="cents">00</measure>
               </cell>
               <cell/>
               <cell/>
            </row>
            <row xml:id="p166_44">
               <cell/>
               <cell>
                  <date when="1841-08-26">26</date>
               </cell>
               <cell/>
               <cell/>
               <cell/>
               <cell/>
            </row>
            <row xml:id="p166_45">
               <cell>384</cell>
               <cell><name type="person" ref="v">Sumner Blandin</name>
                  <choice rend="align(right)">
                     <abbr>D</abbr>
                     <expan>debtor</expan>
                  </choice></cell>
               <cell/>
               <cell/>
               <cell/>
               <cell/>
            </row>
            <row xml:id="p166_46">
               <cell/>
               <cell>
                  To <name type="account" ref="LMWcash">cash in silver</name> 18/
               </cell>
               <cell>
                  <measure commodity="currency" quantity="3" unit="dollars">3</measure>
               </cell>
               <cell>
                  <measure commodity="currency" quantity="00" unit="cents">00</measure>
               </cell>
               <cell/>
               <cell/>
            </row>
            <row xml:id="p166_47">
               <cell/>
               <cell>
                  <date when="1841-08-27">27</date>
               </cell>
               <cell/>
               <cell/>
               <cell/>
               <cell/>
            </row>
            <row xml:id="p166_48">
               <cell/>
               <cell>
                  To <measure commodity="Corn" quantity="2" unit="bushels">two Buss Corn </measure>6/
               </cell>
               <cell>
                  <measure commodity="currency" quantity="2" unit="dollars">2</measure>
               </cell>
               <cell>
                  <measure commodity="currency" quantity="00" unit="cents">00</measure>
               </cell>
               <cell/>
               <cell/>
            </row>
            <row xml:id="p166_49">
               <cell/>
               <cell>
                  <date when="1841-08-27">27</date>
               </cell>
               <cell/>
               <cell/>
               <cell/>
               <cell/>
            </row>
            <row xml:id="p166_50">
               <cell>Settled</cell>
               <cell><name type="person" ref="v">Linus Howard</name>
                  <choice rend="align(right)">
                     <abbr>Dr</abbr>
                     <expan>debtor</expan>
                  </choice></cell>
               <cell/>
               <cell/>
               <cell/>
               <cell/>
            </row>
            <row xml:id="p166_51">
               <cell/>
               <cell>
                  To <measure commodity="New Milk" quantity="6.5" unit="quarts">6 1/2 qts New Milk</measure> 4x
               </cell>
               <cell>
                  <measure commodity="currency" quantity="2" unit="dollars">2</measure>
               </cell>
               <cell>
                  <measure commodity="currency" quantity="46" unit="cents">46</measure>
               </cell>
               <cell/>
               <cell/>
            </row>
            <row xml:id="p166_52">
               <cell/>
               <cell/>
               <cell/>
               <cell/>
               <cell/>
               <cell/>
            </row>
            <row xml:id="p166_53">
               <cell>516</cell>
               <cell><name type="person" ref="v">Mary Wrigley</name>
                  <choice rend="align(right)">
                     <abbr>D</abbr>
                     <expan>debtor</expan>
                  </choice></cell>
               <cell/>
               <cell/>
               <cell/>
               <cell/>
            </row>
            <row xml:id="p166_54">
               <cell/>
               <cell>
                  To <name type="account" ref="LMWcash">cash</name> 6/
               </cell>
               <cell>
                  <measure commodity="currency" quantity="1" unit="dollars">1</measure>
               </cell>
               <cell>
                  <measure commodity="currency" quantity="00" unit="cents">00</measure>
               </cell>
               <cell/>
               <cell/>
            </row>
            <row xml:id="p166_55">
               <cell/>
               <cell/>
               <cell/>
               <cell/>
               <cell/>
               <cell/>
            </row>
            <row xml:id="p166_56">
               <cell>Settled </cell>
               <cell><name type="person" ref="v">Joseph Borden</name>
                  <choice rend="align(right)">
                     <abbr>D</abbr>
                     <expan>debtor</expan>
                  </choice></cell>
               <cell/>
               <cell/>
               <cell/>
               <cell/>
            </row>
            <row xml:id="p166_57">
               <cell/>
               <cell>
                  To <measure commodity="Corn" quantity="2" unit="bushels">two Buss Corn </measure>6/
               </cell>
               <cell>
                  <measure commodity="currency" quantity="2" unit="dollars">2</measure>
               </cell>
               <cell>
                  <measure commodity="currency" quantity="00" unit="cents">00</measure>
               </cell>
               <cell/>
               <cell/>
            </row>
            <row xml:id="p166_58">
               <cell/>
               <cell/>
               <cell/>
               <cell/>
               <cell/>
               <cell/>
            </row>
            <row xml:id="p166_59">
               <cell>C Pd before</cell>
               <cell><name type="person" ref="v">Sumner Blandin</name>
                  <choice rend="align(right)">
                     <abbr>D</abbr>
                     <expan>debtor</expan>
                  </choice></cell>
               <cell/>
               <cell/>
               <cell/>
               <cell/>
            </row>
            <row xml:id="p166_60">
               <cell/>
               <cell>
                  To <measure commodity="Corn" quantity="2" unit="bushels">two Buss Corn </measure>6/
               </cell>
               <cell>
                  <measure commodity="currency" quantity="2" unit="dollars">2</measure>
               </cell>
               <cell>
                  <measure commodity="currency" quantity="00" unit="cents">00</measure>
               </cell>
               <cell/>
               <cell/>
            </row>
            <row xml:id="p166_61">
               <cell/>
               <cell>
                  <date when="1841-09-02">Sept.2</date>
               </cell>
               <cell/>
               <cell/>
               <cell/>
               <cell/>
            </row>
            <row xml:id="p166_62">
               <cell>Settled </cell>
               <cell><name type="person" ref="v">Joseph Borden</name>
                  <choice rend="align(right)">
                     <abbr>D</abbr>
                     <expan>debtor</expan>
                  </choice></cell>
               <cell/>
               <cell/>
               <cell/>
               <cell/>
            </row>
            <row xml:id="p166_63">
               <cell/>
               <cell>
                  To <name type="account" ref="LMWcash">cash eight Dollars </name>50x
               </cell>
               <cell>
                  <measure commodity="currency" quantity="8" unit="dollars">8</measure>
               </cell>
               <cell>
                  <measure commodity="currency" quantity="50" unit="cents">50</measure>
               </cell>
               <cell/>
               <cell/>
            </row>
            <row xml:id="p166_64">
               <cell/>
               <cell/>
               <cell/>
               <cell/>
               <cell/>
               <cell/>
            </row>
            <row xml:id="p166_65">
               <cell/>
               <cell/>
               <cell/>
               <cell/>
               <cell/>
               <cell/>
            </row>
         </table>
         <pb n="167"/>
         <fw type="pageNum">167</fw>
         <table xml:id="p167" cols="6">
            <head>Tuesday <date when="1841-08-31">August 31st 1841.</date></head>
            <row xml:id="p167_01">
               <cell/>
               <cell/>
               <cell>$</cell>
               <cell>cts.</cell>
               <cell>$</cell>
               <cell>cts.</cell>
            </row>
            <row xml:id="p167_02">
               <cell>384</cell>
               <cell><name type="person" ref="v">Sumner Blandin</name>
                  <choice rend="align(right)">
                     <abbr>Cr</abbr>
                     <expan>credit</expan>
                  </choice></cell>
               <cell/>
               <cell/>
               <cell/>
               <cell/>
            </row>
            <row xml:id="p167_03">
               <cell/>
               <cell>
                  By twenty six Days work at 7/6
               </cell>
               <cell>
                  <measure commodity="currency" quantity="32" unit="dollars">32</measure>
               </cell>
               <cell>
                  <measure commodity="currency" quantity="50" unit="cents">50</measure>
               </cell>
               <cell/>
               <cell/>
            </row>
            <row xml:id="p167_04">
               <cell/>
               <cell>" twenty nine + half do.</cell>
               <cell>
                  <measure commodity="currency" quantity="34" unit="dollars">34</measure>
               </cell>
               <cell>
                  <measure commodity="currency" quantity="42" unit="cents">42</measure>
               </cell>
               <cell/>
               <cell/>
            </row>
            <row xml:id="p167_05">
               <cell/>
               <cell>" twenty days board $200 pr. week</cell>
               <cell>
                  <measure commodity="currency" quantity="6" unit="dollars">6</measure>
               </cell>
               <cell/>
               <cell>
                  <measure commodity="currency" quantity="72" unit="dollars">72</measure>
               </cell>
               <cell>
                  <measure commodity="currency" quantity="92" unit="cents">92</measure>
               </cell>
            </row>
            <row xml:id="p167_06">
               <cell/>
               <cell>
                  <date when="1841-09-03">Sept 3</date>
               </cell>
               <cell/>
               <cell/>
               <cell/>
               <cell/>
            </row>
            <row xml:id="p167_07">
               <cell>384</cell>
               <cell><name type="person" ref="v">Sumner Blandin</name>
                  <choice rend="align(right)">
                     <abbr>D</abbr>
                     <expan>debtor</expan>
                  </choice></cell>
               <cell/>
               <cell/>
               <cell/>
               <cell/>
            </row>
            <row xml:id="p167_08">
               <cell/>
               <cell>
                  To <name type="account" ref="LMWcash">cash Twenty Dollars</name> 
               </cell>
               <cell>
                  <measure commodity="currency" quantity="20" unit="dollars">20</measure>
               </cell>
               <cell>
                  <measure commodity="currency" quantity="00" unit="cents">00</measure>
               </cell>
               <cell/>
               <cell/>
            </row>
            <row xml:id="p167_09">
               <cell/>
               <cell>
                  <date when="1841-09-06">6</date>
               </cell>
               <cell/>
               <cell/>
               <cell/>
               <cell/>
            </row>
            <row xml:id="p167_10">
               <cell>511</cell>
               <cell><name type="person" ref="v">Otis Blandin</name>
                  <choice rend="align(right)">
                     <abbr>D</abbr>
                     <expan>debtor</expan>
                  </choice></cell>
               <cell/>
               <cell/>
               <cell/>
               <cell/>
            </row>
            <row xml:id="p167_11">
               <cell/>
               <cell>
                  To <measure commodity="Ham" quantity="9.5" unit="pounds">9 1/2 lbs. Ham </measure>10x
               </cell>
               <cell/>
               <cell>
                  <measure commodity="currency" quantity="9.5" unit="cents">9.5</measure>
               </cell>
               <cell/>
               <cell/>
            </row>
            <row xml:id="p167_12">
               <cell/>
               <cell/>
               <cell/>
               <cell/>
               <cell/>
               <cell/>
            </row>
            <row xml:id="p167_13">
               <cell>516</cell>
               <cell><name type="person" ref="v">Mary Wrigley</name>
                  <choice rend="align(right)">
                     <abbr>D</abbr>
                     <expan>debtor</expan>
                  </choice></cell>
               <cell/>
               <cell/>
               <cell/>
               <cell/>
            </row>
            <row xml:id="p167_14">
               <cell/>
               <cell>
                  To <name type="account" ref="LMWcash">cash </name> 12/
               </cell>
               <cell>
                  <measure commodity="currency" quantity="2" unit="dollars">2</measure>
               </cell>
               <cell>
                  <measure commodity="currency" quantity="00" unit="cents">00</measure>
               </cell>
               <cell/>
               <cell/>
            </row>
            <row xml:id="p167_15">
               <cell/>
               <cell>
                  <date when="1841-09-20">20</date>
               </cell>
               <cell/>
               <cell/>
               <cell/>
               <cell/>
            </row>
            <row xml:id="p167_16">
               <cell>384</cell>
               <cell><name type="person" ref="v">Sumner Blandin</name>
                  <choice rend="align(right)">
                     <abbr>D</abbr>
                     <expan>debtor</expan>
                  </choice></cell>
               <cell/>
               <cell/>
               <cell/>
               <cell/>
            </row>
            <row xml:id="p167_17">
               <cell/>
               <cell>
                  To <measure commodity="Corn" quantity="1.5" unit="bushels">One &amp; half Buss. Corn</measure> 6/
               </cell>
               <cell/>
               <cell/>
               <cell/>
               <cell/>
            </row>
            <row xml:id="p167_18">
               <cell/>
               <cell>
                  <date when="1841-09-21">21</date>
               </cell>
               <cell/>
               <cell/>
               <cell/>
               <cell/>
            </row>
            <row xml:id="p167_19">
               <cell>Settled</cell>
               <cell><name type="person" ref="v">Jesse New</name>
                  <choice rend="align(right)">
                     <abbr>D</abbr>
                     <expan>debtor</expan>
                  </choice></cell>
               <cell/>
               <cell/>
               <cell/>
               <cell/>
            </row>
            <row xml:id="p167_20">
               <cell/>
               <cell>
                  To <measure commodity="Rye" quantity="2" unit="bushels">two Buss. Rye </measure>87
               </cell>
               <cell>
                  <measure commodity="currency" quantity="1" unit="dollars">1</measure>
               </cell>
               <cell>
                  <measure commodity="currency" quantity="74" unit="cents">74</measure>
               </cell>
               <cell/>
               <cell/>
            </row>
            <row xml:id="p167_21">
               <cell/>
               <cell/>
               <cell/>
               <cell/>
               <cell/>
               <cell/>
            </row>
            <row xml:id="p167_22">
               <cell>384</cell>
               <cell><name type="person" ref="v">Sumner Blandin</name>
                  <choice rend="align(right)">
                     <abbr>D</abbr>
                     <expan>debtor</expan>
                  </choice></cell>
               <cell/>
               <cell/>
               <cell/>
               <cell/>
            </row>
            <row xml:id="p167_23">
               <cell/>
               <cell>
                  To <measure commodity="Pork" quantity="16.3125" unit="pounds">16lbs 5oz of Pork </measure> 10
               </cell>
               <cell>
                  <measure commodity="currency" quantity="1" unit="dollars">1</measure>
               </cell>
               <cell>
                  <measure commodity="currency" quantity="62" unit="cents">62</measure>
               </cell>
               <cell/>
               <cell/>
            </row>
            <row xml:id="p167_24">
               <cell/>
               <cell>
                  <date when="1841-09-25">25</date>
               </cell>
               <cell/>
               <cell/>
               <cell/>
               <cell/>
            </row>
            <row xml:id="p167_25">
               <cell>384</cell>
               <cell><name type="person" ref="v">Sumner Blandin</name>
                  <choice rend="align(right)">
                     <abbr>D</abbr>
                     <expan>debtor</expan>
                  </choice></cell>
               <cell/>
               <cell/>
               <cell/>
               <cell/>
            </row>
            <row xml:id="p167_26">
               <cell/>
               <cell>
                  To <name type="account" ref="LMWcash">cash</name> 18/
               </cell>
               <cell/>
               <cell/>
               <cell/>
               <cell/>
            </row>
            <row xml:id="p167_27">
               <cell/>
               <cell>
                  <date when="1841-10-01">1 October 13ot</date>
               </cell>
               <cell/>
               <cell/>
               <cell/>
               <cell/>
            </row>
            <row xml:id="p167_28">
               <cell>511</cell>
               <cell><name type="person" ref="v">Otis Blandin</name>
                  <choice rend="align(right)">
                     <abbr>D</abbr>
                     <expan>debtor</expan>
                  </choice></cell>
               <cell/>
               <cell/>
               <cell/>
               <cell/>
            </row>
            <row xml:id="p167_29">
               <cell/>
               <cell>
                  To <measure commodity="Ham" quantity="9.25" unit="pounds">9 1/4 lb. Ham </measure> 10x
               </cell>
               <cell/>
               <cell>
                  <measure commodity="currency" quantity="93" unit="cents">93</measure>
               </cell>
               <cell/>
               <cell/>
            </row>
            <row xml:id="p167_30">
               <cell/>
               <cell/>
               <cell/>
               <cell/>
               <cell/>
               <cell/>
            </row>
            <row xml:id="p167_31">
               <cell>Settled</cell>
               <cell><name type="person" ref="v">Jesse New</name>
                  <choice rend="align(right)">
                     <abbr>D</abbr>
                     <expan>debtor</expan>
                  </choice></cell>
               <cell/>
               <cell/>
               <cell/>
               <cell/>
            </row>
            <row xml:id="p167_32">
               <cell/>
               <cell>
                  To <measure commodity="Salt Pork" quantity="9.5" unit="pounds">9 1/2lbs. Salt Pork </measure>10x
               </cell>
               <cell/>
               <cell>
                  <measure commodity="currency" quantity="95" unit="cents">95</measure>
               </cell>
               <cell/>
               <cell/>
            </row>
            <row xml:id="p167_33">
               <cell/>
               <cell>
                  <date when="1841-10-02">2</date>
               </cell>
               <cell/>
               <cell/>
               <cell/>
               <cell/>
            </row>
            <row xml:id="p167_34">
               <cell>Settled</cell>
               <cell><name type="person" ref="v">Linus Howard</name>
                  <choice rend="align(right)">
                     <abbr>Dr</abbr>
                     <expan>debtor</expan>
                  </choice></cell>
               <cell/>
               <cell/>
               <cell/>
               <cell/>
            </row>
            <row xml:id="p167_35">
               <cell/>
               <cell>
                  To <measure commodity="Milk" quantity="4" unit="quarts"> 4qts Milk </measure>3. 12x
               </cell>
               <cell/>
               <cell>
                  <measure commodity="currency" quantity="12" unit="cents">12</measure>
               </cell>
               <cell/>
               <cell/>
            </row>
            <row xml:id="p167_36">
               <cell/>
               <cell/>
               <cell/>
               <cell/>
               <cell/>
               <cell/>
            </row>
            <row xml:id="p167_37">
               <cell>519</cell>
               <cell><name type="person" ref="v">Oliver S. Titus</name>
                  <choice rend="align(right)">
                     <abbr>Cr</abbr>
                     <expan>credit</expan>
                  </choice></cell>
               <cell/>
               <cell/>
               <cell/>
               <cell/>
            </row>
            <row xml:id="p167_38">
               <cell/>
               <cell>
                  By ballance on last settlement
               </cell>
               <cell>
                  <measure commodity="currency" quantity="6" unit="dollars">6</measure>
               </cell>
               <cell>
                  <measure commodity="currency" quantity="60" unit="cents">60</measure>
               </cell>
               <cell/>
               <cell/>
            </row>
            <row xml:id="p167_39">
               <cell/>
               <cell><choice rend="align(right)">
                     <abbr>D</abbr>
                     <expan>debtor</expan>
                  </choice></cell>
               <cell/>
               <cell/>
               <cell/>
               <cell/>
            </row>
            <row xml:id="p167_40">
               <cell/>
               <cell>
                  To rent of House &amp;c. to April 1st
               </cell>
               <cell>
                  <measure commodity="currency" quantity="38" unit="dollars">38</measure>
               </cell>
               <cell>
                  <measure commodity="currency" quantity="00" unit="cents">00</measure>
               </cell>
               <cell/>
               <cell/>
            </row>
            <row xml:id="p167_41">
               <cell/>
               <cell>1842.</cell>
               <cell/>
               <cell/>
               <cell/>
               <cell/>
            </row>
            <row xml:id="p167_42">
               <cell/>
               <cell/>
               <cell/>
               <cell/>
               <cell/>
               <cell/>
            </row>
            <row xml:id="p167_43">
               <cell>384</cell>
               <cell><name type="person" ref="v">Sumner Blandin</name>
                  <choice rend="align(right)">
                     <abbr>D</abbr>
                     <expan>debtor</expan>
                  </choice></cell>
               <cell/>
               <cell/>
               <cell/>
               <cell/>
            </row>
            <row xml:id="p167_44">
               <cell/>
               <cell>
                  To <name type="account" ref="LMWcash">paying W. Kelley upon order</name> 
               </cell>
               <cell>
                  <measure commodity="currency" quantity="6" unit="dollars">6</measure>
               </cell>
               <cell>
                  <measure commodity="currency" quantity="22" unit="cents">22</measure>
               </cell>
               <cell/>
               <cell/>
            </row>
            <row xml:id="p167_45">
               <cell/>
               <cell>
                  " <name type="account" ref="LMWcash">Cash</name>
               </cell>
               <cell>
                  <measure commodity="currency" quantity="5" unit="dollars">5</measure>
               </cell>
               <cell>
                  <measure commodity="currency" quantity="00" unit="cents">00</measure>
               </cell>
               <cell>
                  <measure commodity="currency" quantity="11" unit="dollars">11</measure>
               </cell>
               <cell>
                  <measure commodity="currency" quantity="22" unit="cents">22</measure>
               </cell>
            </row>
            <row xml:id="p167_46">
               <cell/>
               <cell>
                  <date when="1841-10-04">4</date>
               </cell>
               <cell/>
               <cell/>
               <cell/>
               <cell/>
            </row>
            <row xml:id="p167_47">
               <cell>Settled</cell>
               <cell><name type="person" ref="v">Jesse New</name>
                  <choice rend="align(right)">
                     <abbr>D</abbr>
                     <expan>debtor</expan>
                  </choice></cell>
               <cell/>
               <cell/>
               <cell/>
               <cell/>
            </row>
            <row xml:id="p167_48">
               <cell/>
               <cell>
                  To <measure commodity="goods" quantity="1" unit="count">goods at Store</measure>  1.71x
               </cell>
               <cell/>
               <cell/>
               <cell/>
               <cell/>
            </row>
            <row xml:id="p167_49">
               <cell/>
               <cell>
                  " <name type="account" ref="LMWcash"> Cash</name> 6/
               </cell>
               <cell>
                  <measure commodity="currency" quantity="7" unit="dollars">7</measure>
               </cell>
               <cell>
                  <measure commodity="currency" quantity="71" unit="cents">71</measure>
               </cell>
               <cell/>
               <cell/>
            </row>
            <row xml:id="p167_50">
               <cell/>
               <cell/>
               <cell/>
               <cell/>
               <cell/>
               <cell/>
            </row>
            <row xml:id="p167_51">
               <cell>Settled</cell>
               <cell><name type="person" ref="v">Joseph Borden</name>
                  <choice rend="align(right)">
                     <abbr>D</abbr>
                     <expan>debtor</expan>
                  </choice></cell>
               <cell/>
               <cell/>
               <cell/>
               <cell/>
            </row>
            <row xml:id="p167_52">
               <cell/>
               <cell>
                  To <measure commodity="Corn" quantity="2" unit="bushels">two Buss. Corn</measure> 6/
               </cell>
               <cell>
                  <measure commodity="currency" quantity="2" unit="dollars">2</measure>
               </cell>
               <cell>
                  <measure commodity="currency" quantity="00" unit="cents">00</measure>
               </cell>
               <cell/>
               <cell/>
            </row>
            <row xml:id="p167_53">
               <cell/>
               <cell>
                  To <measure commodity="Pork" quantity="10" unit="pounds">10lbs Pork</measure> 10x
               </cell>
               <cell>
                  <measure commodity="currency" quantity="1" unit="dollars">1</measure>
               </cell>
               <cell>
                  <measure commodity="currency" quantity="00" unit="cents">00</measure>
               </cell>
               <cell/>
               <cell/>
            </row>
            <row xml:id="p167_54">
               <cell/>
               <cell>
                  <date when="1841-10-09">9</date>
               </cell>
               <cell/>
               <cell/>
               <cell/>
               <cell/>
            </row>
            <row xml:id="p167_55">
               <cell>384</cell>
               <cell><name type="person" ref="v">Sumner Blandin</name>
                  <choice rend="align(right)">
                     <abbr>Dr</abbr>
                     <expan>debtor</expan>
                  </choice></cell>
               <cell/>
               <cell/>
               <cell/>
               <cell/>
            </row>
            <row xml:id="p167_56">
               <cell/>
               <cell>
                  To <measure commodity="Corn" quantity="1.5" unit="bushels"> 1 1/2 Bushels of Corn</measure> 6/
               </cell>
               <cell>
                  <measure commodity="currency" quantity="1" unit="dollars">1</measure>
               </cell>
               <cell>
                  <measure commodity="currency" quantity="50" unit="cents">50</measure>
               </cell>
               <cell/>
               <cell/>
            </row>
            <row xml:id="p167_57">
               <cell/>
               <cell>
                  <date when="1841-10-15">15</date>
               </cell>
               <cell/>
               <cell/>
               <cell/>
               <cell/>
            </row>
            <row xml:id="p167_58">
               <cell>384</cell>
               <cell><name type="person" ref="v">Sumner Blandin</name>
                  <choice rend="align(right)">
                     <abbr>D</abbr>
                     <expan>debtor</expan>
                  </choice></cell>
               <cell/>
               <cell/>
               <cell/>
               <cell/>
            </row>
            <row xml:id="p167_59">
               <cell/>
               <cell>
                  To <name type="account" ref="LMWcash"> cash eight Dollars</name>
               </cell>
               <cell>
                  <measure commodity="currency" quantity="8" unit="dollars">8</measure>
               </cell>
               <cell>
                  <measure commodity="currency" quantity="00" unit="cents">00</measure>
               </cell>
               <cell/>
               <cell/>
            </row>
            <row xml:id="p167_60">
               <cell/>
               <cell/>
               <cell/>
               <cell/>
               <cell/>
               <cell/>
            </row>
            <row xml:id="p167_61">
               <cell>Billed</cell>
               <cell><name type="person" ref="v">Joseph Borden</name>
                  <choice rend="align(right)">
                     <abbr>D</abbr>
                     <expan>debtor</expan>
                  </choice></cell>
               <cell/>
               <cell/>
               <cell/>
               <cell/>
            </row>
            <row xml:id="p167_62">
               <cell/>
               <cell>
                  To <name type="account" ref="LMWcash">cash Six Dollars</name>
               </cell>
               <cell>
                  <measure commodity="currency" quantity="6" unit="dollars">6</measure>
               </cell>
               <cell>
                  <measure commodity="currency" quantity="00" unit="cents">00</measure>
               </cell>
               <cell/>
               <cell/>
            </row>
            <row xml:id="p167_63">
               <cell/>
               <cell/>
               <cell/>
               <cell/>
               <cell/>
               <cell/>
            </row>
            <row xml:id="p167_64">
               <cell>Settled</cell>
               <cell><name type="person" ref="v">Jess New</name>
                  <choice rend="align(right)">
                     <abbr>D</abbr>
                     <expan>debtor</expan>
                  </choice> To <name type="account" ref="LMWcash">cash 7 88</name></cell>
               <cell>
                  <measure commodity="currency" quantity="7" unit="dollars">7</measure>
               </cell>
               <cell>
                  <measure commodity="currency" quantity="88" unit="cents">88</measure>
               </cell>
               <cell/>
               <cell/>
            </row>
         </table>
      </body>
   </text>
</TEI>
