<?xml version="1.0" encoding="UTF-8"?>
<?xml-model href="http://www.tei-c.org/release/xml/tei/custom/schema/relaxng/tei_all.rng" type="application/xml" schematypens="http://relaxng.org/ns/structure/1.0"?>
<?xml-model href="http://www.tei-c.org/release/xml/tei/custom/schema/relaxng/tei_all.rng" type="application/xml"
	schematypens="http://purl.oclc.org/dsdl/schematron"?>
<TEI xmlns="http://www.tei-c.org/ns/1.0">
   <teiHeader>
      <fileDesc>
         <titleStmt>
            <title>LMW Day Book, pp. 189-190</title>
            <author>L.M. Wheaton</author>
         </titleStmt>
         <publicationStmt>
            <p>Indication of work done and date, Wheaton College</p>
         </publicationStmt>
         <sourceDesc>
            <biblFull>
               <titleStmt>
                  <title>Account Books, pp.189-190</title>
                  <author>L.M. Wheaton</author>
                  <respStmt>
                     <resp> TEI-compatible XML markup by <name type="person">Tyana Craig</name> with
                        corrections by <name type="person">Name</name>, <name type="person"
                           >Name</name>, and <name type="person">Name</name>.</resp>
                     <name type="person">Name</name>
                  </respStmt>
               </titleStmt>
               <publicationStmt>
                  <p>Indication of work done and date 06/09/16, Wheaton College</p>
               </publicationStmt>
               <sourceDesc>
                  <p> From the Marion B. Gebbie Archives and Special Collections at the Madeleine
                     Clark Wallace Library, Wheaton College </p>
               </sourceDesc>
            </biblFull>
         </sourceDesc>
      </fileDesc>
   </teiHeader>
   <text>
      <body>
         <pb n="189"/>
         <fw type="pageNum">189</fw>
         <table xml:id="p189" cols="6">
            <head>
               <date when="1844-12-13">December 13th 1844</date></head>
            <row xml:id="p189_01">
               <cell/>
               <cell/>
               <cell/>
               <cell/>
               <cell/>
               <cell/>
            </row>
            <row xml:id="p189_02">
               <cell>528</cell>
               <cell><name type="person" ref="v">Wm. J. Sweet</name>
                  <choice rend="align(right)">
                     <abbr>Dr</abbr>
                     <expan>debtor</expan>
                  </choice></cell>
               <cell/>
               <cell/>
               <cell/>
               <cell/>
            </row>
            <row xml:id="p189_03">
               <cell/>
               <cell>
                  To <measure commodity="Salt Pork" quantity="13.25" unit="pounds">13 1/4 lbs of Salt Pork </measure> 9
               </cell>
               <cell>
                  <measure commodity="currency" quantity="1" unit="dollars">1</measure>
               </cell>
               <cell>
                  <measure commodity="currency" quantity="19" unit="cents">19</measure>
               </cell>
               <cell/>
               <cell/>
            </row>
            <row xml:id="p189_04">
               <cell/>
               <cell>
                  <date when="1844-12-18">18</date>
               </cell>
               <cell/>
               <cell/>
               <cell/>
               <cell/>
            </row>
            <row xml:id="p189_05">
               <cell>528</cell>
               <cell><name type="person" ref="v">Wm. J. Sweet</name>
                  <choice rend="align(right)">
                     <abbr>Dr</abbr>
                     <expan>debtor</expan>
                  </choice></cell>
               <cell/>
               <cell/>
               <cell/>
               <cell/>
            </row>
            <row xml:id="p189_06">
               <cell/>
               <cell>
                  To <measure commodity="Pig Pork" quantity="141.3125" unit="pounds">141 lbs 5 oz Pig Pork</measure> 5 1/2
               </cell>
               <cell>
                  <measure commodity="currency" quantity="7" unit="dollars">7</measure>
               </cell>
               <cell>
                  <measure commodity="currency" quantity="78" unit="cents">78</measure>
               </cell>
               <cell/>
               <cell/>
            </row>
            <row xml:id="p189_07">
               <cell/>
               <cell/>
               <cell/>
               <cell/>
               <cell/>
               <cell/>
            </row>
            <row xml:id="p189_08">
               <cell>74</cell>
               <cell><name type="person" ref="v">James Wrigley</name>
                  <choice rend="align(right)">
                     <abbr>Dr</abbr>
                     <expan>debtor</expan>
                  </choice></cell>
               <cell/>
               <cell/>
               <cell/>
               <cell/>
            </row>
            <row xml:id="p189_09">
               <cell/>
               <cell>
                  To <measure commodity="Pig Pork" quantity="146" unit="pounds">146 lbs Pig Pork </measure> 5/2
               </cell>
               <cell>
                  <measure commodity="currency" quantity="8" unit="dollars">8</measure>
               </cell>
               <cell>
                  <measure commodity="currency" quantity="03" unit="cents">03</measure>
               </cell>
               <cell>
                  <measure commodity="currency" quantity="8" unit="dollars">8</measure>
               </cell>
               <cell>
                  <measure commodity="currency" quantity="03" unit="cents">03</measure>
               </cell>
            </row>
            <row xml:id="p189_10">
               <cell/>
               <cell/>
               <cell/>
               <cell/>
               <cell/>
               <cell/>
            </row>
            <row xml:id="p189_11">
               <cell>397</cell>
               <cell><name type="person" ref="v">Anna Wrigley</name>
                  <choice rend="align(right)">
                     <abbr>Dr</abbr>
                     <expan>debtor</expan>
                  </choice></cell>
               <cell/>
               <cell/>
               <cell/>
               <cell/>
            </row>
            <row xml:id="p189_12">
               <cell/>
               <cell>
                  To <measure commodity="Flour" quantity="1" unit="barrel">1 Bll. Flour</measure>
               </cell>
               <cell/>
               <cell/>
               <cell/>
               <cell/>
            </row>
            <row xml:id="p189_13">
               <cell/>
               <cell/>
               <cell/>
               <cell/>
               <cell/>
               <cell/>
            </row>
            <row xml:id="p189_14">
               <cell>104</cell>
               <cell><name type="person" ref="v">Catherine Lynch</name>
                  <choice rend="align(right)">
                     <abbr>Dr</abbr>
                     <expan>debtor</expan>
                  </choice></cell>
               <cell/>
               <cell/>
               <cell/>
               <cell/>
            </row>
            <row xml:id="p189_15">
               <cell/>
               <cell>
                  To <name type="account" ref="LMWcash"> cash</name> fr. 
                  <measure commodity="labor" quantity="1" unit="alteration">altering Bonnet </measure>3/
               </cell>
               <cell/>
               <cell>
                  <measure commodity="currency" quantity="50" unit="cents">50</measure>
               </cell>
               <cell/>
               <cell/>
            </row>
            <row xml:id="p189_16">
               <cell/>
               <cell>
                  <date when="1844-12-31">31</date>
               </cell>
               <cell/>
               <cell/>
               <cell/>
               <cell/>
            </row>
            <row xml:id="p189_17">
               <cell>104</cell>
               <cell><name type="person" ref="v">Catherine Lynch</name>
                  <choice rend="align(right)">
                     <abbr>Dr</abbr>
                     <expan>debtor</expan>
                  </choice></cell>
               <cell/>
               <cell/>
               <cell/>
               <cell/>
            </row>
            <row xml:id="p189_18">
               <cell/>
               <cell>
                  To <name type="account" ref="LMWcash">cash twenty six Dollars 90x</name>
               </cell>
               <cell>
                  <measure commodity="currency" quantity="26" unit="dollars">26</measure>
               </cell>
               <cell>
                  <measure commodity="currency" quantity="90" unit="cents">90</measure>
               </cell>
               <cell/>
               <cell/>
            </row>
            <row xml:id="p189_19">
               <cell/>
               <cell/>
               <cell/>
               <cell/>
               <cell/>
               <cell/>
            </row>
            <row xml:id="p189_20">
               <cell>524</cell>
               <cell><name type="person" ref="v">Geo. W. Braman</name>
                  <choice rend="align(right)">
                     <abbr>Dr</abbr>
                     <expan>debtor</expan>
                  </choice></cell>
               <cell/>
               <cell/>
               <cell/>
               <cell/>
            </row>
            <row xml:id="p189_21">
               <cell/>
               <cell>
                  To <name type="account" ref="LMWcash">paying Jas H. Antoney</name>
               </cell>
               <cell>
                  <measure commodity="currency" quantity="333" unit="dollars">333</measure>
               </cell>
               <cell>
                  <measure commodity="currency" quantity="00" unit="cents">00</measure>
               </cell>
               <cell/>
               <cell/>
            </row>
            <row xml:id="p189_22">
               <cell/>
               <cell>
                  <name type="account" ref="LMWcash">" Abraham Williams + Son</name>
               </cell>
               <cell>
                  <measure commodity="currency" quantity="18" unit="dollars">18</measure>
               </cell>
               <cell>
                  <measure commodity="currency" quantity="52" unit="cents">52</measure>
               </cell>
               <cell>
                  <measure commodity="currency" quantity="351" unit="dollars">351</measure>
               </cell>
               <cell>
                  <measure commodity="currency" quantity="52" unit="cents">52</measure>
               </cell>
            </row>
            <row xml:id="p189_23">
               <cell/>
               <cell>
                  <date when="1845-01-10">Jan. 10</date>
               </cell>
               <cell/>
               <cell/>
               <cell/>
               <cell/>
            </row>
            <row xml:id="p189_24">
               <cell>104</cell>
               <cell><name type="person" ref="v">Catherine Lynch</name>
                  <choice rend="align(right)">
                     <abbr>Dr</abbr>
                     <expan>debtor</expan>
                  </choice></cell>
               <cell/>
               <cell/>
               <cell/>
               <cell/>
            </row>
            <row xml:id="p189_25">
               <cell/>
               <cell>
                  <measure commodity="Slippers" quantity="2" unit="count">1 Slippers </measure>3/
               </cell>
               <cell/>
               <cell>
                  <measure commodity="currency" quantity="50" unit="cents">50</measure>
               </cell>
               <cell/>
               <cell/>
            </row>
            <row xml:id="p189_26">
               <cell/>
               <cell>
                  <date when="1845-01-11">11</date>
               </cell>
               <cell/>
               <cell/>
               <cell/>
               <cell/>
            </row>
            <row xml:id="p189_27">
               <cell>531</cell>
               <cell><name type="person" ref="v">Phillip B. King</name>
                  <choice rend="align(right)">
                     <abbr>D</abbr>
                     <expan>debtor</expan>
                  </choice></cell>
               <cell/>
               <cell/>
               <cell/>
               <cell/>
            </row>
            <row xml:id="p189_28">
               <cell/>
               <cell>
                  To <name type="account" ref="LMWcash">cash </name> 30/
               </cell>
               <cell>
                  <measure commodity="currency" quantity="5" unit="dollars">5</measure>
               </cell>
               <cell>
                  <measure commodity="currency" quantity="00" unit="cents">00</measure>
               </cell>
               <cell/>
               <cell/>
            </row>
            <row xml:id="p189_29">
               <cell/>
               <cell/>
               <cell/>
               <cell/>
               <cell/>
               <cell/>
            </row>
            <row xml:id="p189_30">
               <cell>524</cell>
               <cell><name type="person" ref="v">Geo. W. Braman</name>
                  <choice rend="align(right)">
                     <abbr>D</abbr>
                     <expan>debtor</expan>
                  </choice></cell>
               <cell/>
               <cell/>
               <cell/>
               <cell/>
            </row>
            <row xml:id="p189_31">
               <cell/>
               <cell>
                  To <measure commodity="building spot">use of building spot for nothing</measure>
               </cell>
               <cell/>
               <cell/>
               <cell/>
               <cell/>
            </row>
            <row xml:id="p189_32">
               <cell/>
               <cell/>
               <cell/>
               <cell/>
               <cell/>
               <cell/>
            </row>
            <row xml:id="p189_33">
               <cell>528</cell>
               <cell><name type="person" ref="v">Wm J. Sweet</name>
                  <choice rend="align(right)">
                     <abbr>D</abbr>
                     <expan>debtor</expan>
                  </choice></cell>
               <cell/>
               <cell/>
               <cell/>
               <cell/>
            </row>
            <row xml:id="p189_34">
               <cell/>
               <cell>
                  To <name type="account" ref="LMWcash"> cash as pr receipt</name>
               </cell>
               <cell>
                  <measure commodity="currency" quantity="15" unit="dollars">15</measure>
               </cell>
               <cell>
                  <measure commodity="currency" quantity="00" unit="cents">00</measure>
               </cell>
               <cell/>
               <cell/>
            </row>
            <row xml:id="p189_35">
               <cell/>
               <cell>
                  " <measure commodity="Vinegar" quantity="1" unit="gallon">1 Gall Vinegar.</measure> 20x 
               </cell>
               <cell/>
               <cell>
                  <measure commodity="currency" quantity="20" unit="cents">20</measure>
               </cell>
               <cell/>
               <cell/>
            </row>
            <row xml:id="p189_36">
               <cell/>
               <cell>
                  " <name type="account" ref="LMWcash">Tax</name>
               </cell>
               <cell>
                  <measure commodity="currency" quantity="2" unit="dollars">2</measure>
               </cell>
               <cell>
                  <measure commodity="currency" quantity="10" unit="cents">10</measure>
               </cell>
               <cell>
                  <measure commodity="currency" quantity="17" unit="dollars">17</measure>
               </cell>
               <cell>
                  <measure commodity="currency" quantity="30" unit="cents">30</measure>
               </cell>
            </row>
            <row xml:id="p189_37">
               <cell/>
               <cell/>
               <cell/>
               <cell/>
               <cell/>
               <cell/>
            </row>
            <row xml:id="p189_38">
               <cell>Settled by note</cell>
               <cell><name type="person" ref="v">Oliver S. Titus</name>
                  <choice rend="align(right)">
                     <abbr>D</abbr>
                     <expan>debtor</expan>
                  </choice></cell>
               <cell/>
               <cell/>
               <cell/>
               <cell/>
            </row>
            <row xml:id="p189_39">
               <cell/>
               <cell>
                  To <name type="account" ref="LMWcash">tax paid Crane</name> 
               </cell>
               <cell>
                  <measure commodity="currency" quantity="2" unit="dollars">2</measure>
               </cell>
               <cell>
                  <measure commodity="currency" quantity="52" unit="cents">52</measure>
               </cell>
               <cell/>
               <cell/>
            </row>
            <row xml:id="p189_40">
               <cell/>
               <cell/>
               <cell/>
               <cell/>
               <cell/>
               <cell/>
            </row>
            <row xml:id="p189_41">
               <cell>not paid Settled</cell>
               <cell><name type="person" ref="v">George W. Braman</name>
                  <choice rend="align(right)">
                     <abbr>D</abbr>
                     <expan>debtor</expan>
                  </choice></cell>
               <cell/>
               <cell/>
               <cell/>
               <cell/>
            </row>
            <row xml:id="p189_42">
               <cell/>
               <cell>
                  To <name type="account" ref="LMWcash">tax on Farm for 1844</name>
               </cell>
               <cell>
                  <measure commodity="currency" quantity="3" unit="dollars">3</measure>
               </cell>
               <cell>
                  <measure commodity="currency" quantity="99" unit="cents">99</measure>
               </cell>
               <cell/>
               <cell/>
            </row>
            <row xml:id="p189_43">
               <cell/>
               <cell/>
               <cell/>
               <cell/>
               <cell/>
               <cell/>
            </row>
            <row xml:id="p189_44">
               <cell>388</cell>
               <cell><name type="person" ref="v">Jason M Reed</name>
                  <choice rend="align(right)">
                     <abbr>D</abbr>
                     <expan>debtor</expan>
                  </choice></cell>
               <cell/>
               <cell/>
               <cell/>
               <cell/>
            </row>
            <row xml:id="p189_45">
               <cell/>
               <cell>
                  To <name type="account" ref="LMWcash">paying tax to Crane</name>
               </cell>
               <cell>
                  <measure commodity="currency" quantity="1" unit="dollars">1</measure>
               </cell>
               <cell>
                  <measure commodity="currency" quantity="26" unit="dollars">26</measure>
               </cell>
               <cell/>
               <cell/>
            </row>
            <row xml:id="p189_46">
               <cell/>
               <cell/>
               <cell/>
               <cell/>
               <cell/>
               <cell/>
            </row>
            <row xml:id="p189_47">
               <cell>Settled </cell>
               <cell><name type="person" ref="v">Zeno Kelley</name>
                  <choice rend="align(right)">
                     <abbr>D</abbr>
                     <expan>debtor</expan>
                  </choice></cell>
               <cell/>
               <cell/>
               <cell/>
               <cell/>
            </row>
            <row xml:id="p189_48">
               <cell/>
               <cell>
                  To <name type="account" ref="LMWcash">tax for 1844</name> 
               </cell>
               <cell>
                  <measure commodity="currency" quantity="3" unit="dollars">3</measure>
               </cell>
               <cell>
                  <measure commodity="currency" quantity="36" unit="cents">36</measure>
               </cell>
               <cell/>
               <cell/>
            </row>
            <row xml:id="p189_49">
               <cell/>
               <cell/>
               <cell/>
               <cell/>
               <cell/>
               <cell/>
            </row>
            <row xml:id="p189_50">
               <cell>524</cell>
               <cell><name type="person" ref="v">Geo. W. Braman</name>
                  <choice rend="align(right)">
                     <abbr>Dr</abbr>
                     <expan>debtor</expan>
                  </choice></cell>
               <cell/>
               <cell/>
               <cell/>
               <cell/>
            </row>
            <row xml:id="p189_51">
               <cell/>
               <cell>
                  To <name type="account" ref="LMWcash"> paying Kelley for 
                     <measure commodity="Lock">Lock</measure></name>
               </cell>
               <cell>
                  <measure commodity="currency" quantity="2" unit="dollars">2</measure>
               </cell>
               <cell>
                  <measure commodity="currency" quantity="00" unit="cents">00</measure>
               </cell>
               <cell/>
               <cell/>
            </row>
            <row xml:id="p189_52">
               <cell/>
               <cell>
                  <measure commodity="labor" quantity="1" unit="lock">puting on the same</measure> 
               </cell>
               <cell/>
               <cell/>
               <cell/>
               <cell/>
            </row>
            <row xml:id="p189_53">
               <cell/>
               <cell>
                  <date when="1845-02-22">Feb. 22</date>
               </cell>
               <cell/>
               <cell/>
               <cell/>
               <cell/>
            </row>
            <row xml:id="p189_54">
               <cell>523</cell>
               <cell><name type="person" ref="v">Frank Dunaho</name>
                  <choice rend="align(right)">
                     <abbr>D</abbr>
                     <expan>debtor</expan>
                  </choice></cell>
               <cell/>
               <cell/>
               <cell/>
               <cell/>
            </row>
            <row xml:id="p189_55">
               <cell/>
               <cell>
                  To <measure commodity="Linen">Linen for Shirts </measure> as pr Book
               </cell>
               <cell/>
               <cell>
                  <measure commodity="currency" quantity="52" unit="dollars">52</measure>
               </cell>
               <cell/>
               <cell/>
            </row>
            <row xml:id="p189_56">
               <cell/>
               <cell>
                  <date when="1845-02-25">25</date>
               </cell>
               <cell/>
               <cell/>
               <cell/>
               <cell/>
            </row>
            <row xml:id="p189_57">
               <cell>524</cell>
               <cell><name type="person" ref="v">Geo. W. Braman</name>
                  <choice rend="align(right)">
                     <abbr>D</abbr>
                     <expan>debtor</expan>
                  </choice></cell>
               <cell/>
               <cell/>
               <cell/>
               <cell/>
            </row>
            <row xml:id="p189_58">
               <cell/>
               <cell>
                  To <name type="account" ref="LMWcash">cash lent </name>18/
               </cell>
               <cell>
                  <measure commodity="currency" quantity="3" unit="dollars">3</measure>
               </cell>
               <cell>
                  <measure commodity="currency" quantity="00" unit="cents">00</measure>
               </cell>
               <cell/>
               <cell/>
            </row>
            <row xml:id="p189_59">
               <cell/>
               <cell/>
               <cell/>
               <cell/>
               <cell/>
               <cell/>
            </row>
            <row xml:id="p189_60">
               <cell>See Bill</cell>
               <cell><name type="person" ref="v">Henry Freeman</name>
                  <choice rend="align(right)">
                     <abbr>D</abbr>
                     <expan>debtor</expan>
                  </choice></cell>
               <cell/>
               <cell/>
               <cell/>
               <cell/>
            </row>
            <row xml:id="p189_61">
               <cell/>
               <cell><!--To tax for 1843[crossed out]--></cell>
               <cell><!--3[crossed out]--></cell>
               <cell><!--00[crossed out]--></cell>
               <cell/>
               <cell/>
            </row>
            <row xml:id="p189_62">
               <cell/>
               <cell>
                  <name type="account" ref="LMWcash">" do 1844</name>
               </cell>
               <cell>
                  <measure commodity="currency" quantity="4" unit="dollars">4</measure>
               </cell>
               <cell>
                  <measure commodity="currency" quantity="20" unit="cents">20</measure>
               </cell>
               <cell/>
               <cell/>
            </row>
            <row xml:id="p189_63">
               <cell>given in</cell>
               <cell><name type="person" ref="v">Geo W. Bram</name>
                  <choice rend="align(right)">
                     <abbr>Dr</abbr>
                     <expan>debtor</expan>
                  </choice></cell>
               <cell/>
               <cell/>
               <cell/>
               <cell/>
            </row>
            <row xml:id="p189_64">
               <cell/>
               <cell>
                  To <name type="account" ref="LMWcash">tax for 1843. </name>$2.40 44 $3 99
               </cell>
               <cell>
                  <measure commodity="currency" quantity="6" unit="dollars">6</measure>
               </cell>
               <cell>
                  <measure commodity="currency" quantity="39" unit="cents">39</measure>
               </cell>
               <cell/>
               <cell/>
            </row>
         </table>
         <pb n="190"/>
         <fw type="pageNum">190</fw>
         <table xml:id="p190" cols="6">
            <head>Monday <date when="1848-01-14">March 17th 1845</date></head>
            <row xml:id="p190_01">
               <cell/>
               <cell/>
               <cell>$</cell>
               <cell>cts.</cell>
               <cell>$</cell>
               <cell>cts.</cell>
            </row>
            <row xml:id="p190_02">
               <cell>523</cell>
               <cell><name type="person" ref="v">Frank Dunahoe</name>
                  <choice rend="align(right)">
                     <abbr>D</abbr>
                     <expan>debtor</expan>
                  </choice></cell>
               <cell/>
               <cell/>
               <cell/>
               <cell/>
            </row>
            <row xml:id="p190_03">
               <cell/>
               <cell>
                  To <name type="account" ref="LMWcash">cash five Dollars</name>
               </cell>
               <cell>
                  <measure commodity="currency" quantity="5" unit="dollars">5</measure>
               </cell>
               <cell>
                  <measure commodity="currency" quantity="00" unit="cents">00</measure>
               </cell>
               <cell/>
               <cell/>
            </row>
            <row xml:id="p190_04">
               <cell/>
               <cell>
                  <date when="1845-03-20">20</date>
               </cell>
               <cell/>
               <cell/>
               <cell/>
               <cell/>
            </row>
            <row xml:id="p190_05">
               <cell>528</cell>
               <cell><name type="person" ref="v">Wm. J. Sweet</name>
                  <choice rend="align(right)">
                     <abbr>Dr</abbr>
                     <expan>debtor</expan>
                  </choice></cell>
               <cell/>
               <cell/>
               <cell/>
               <cell/>
            </row>
            <row xml:id="p190_06">
               <cell/>
               <cell>
                  To <measure commodity="Cheese" quantity="4.375" unit="pounds"> 4 lbs 6oz Cheese</measure> 8 1/2 cts
               </cell>
               <cell/>
               <cell>
                  <measure commodity="currency" quantity="39" unit="cents">39</measure>
               </cell>
               <cell/>
               <cell/>
            </row>
            <row xml:id="p190_07">
               <cell/>
               <cell>
                  <date when="1845-04-03">April 3d</date>
               </cell>
               <cell/>
               <cell/>
               <cell/>
               <cell/>
            </row>
            <row xml:id="p190_08">
               <cell/>
               <cell/>
               <cell/>
               <cell/>
               <cell/>
               <cell/>
            </row>
            <row xml:id="p190_09">
               <cell>523</cell>
               <cell><name type="person" ref="v">Frank Dunahoe</name>
                  <choice rend="align(right)">
                     <abbr>Dr</abbr>
                     <expan>debtor</expan>
                  </choice></cell>
               <cell/>
               <cell/>
               <cell/>
               <cell/>
            </row>
            <row xml:id="p190_10">
               <cell/>
               <cell>
                  To <name type="account" ref="LMWcash"> cash eleven Dollars</name>
               </cell>
               <cell>
                  <measure commodity="currency" quantity="11" unit="dollars">11</measure>
               </cell>
               <cell>
                  <measure commodity="currency" quantity="00" unit="cents">00</measure>
               </cell>
               <cell/>
               <cell/>
            </row>
            <row xml:id="p190_11">
               <cell/>
               <cell>
                  <date when="1845-04-09">9</date>
               </cell>
               <cell/>
               <cell/>
               <cell/>
               <cell/>
            </row>
            <row xml:id="p190_12">
               <cell>524</cell>
               <cell><name type="person" ref="v">Geo Braman</name>
                  <choice rend="align(right)">
                     <abbr>D</abbr>
                     <expan>debtor</expan>
                  </choice></cell>
               <cell/>
               <cell/>
               <cell/>
               <cell/>
            </row>
            <row xml:id="p190_13">
               <cell/>
               <cell>
                  To <measure commodity="Snow Potatoes" quantity="2" unit="bushels">2 Buss. Snow Potatoes </measure>3/
               </cell>
               <cell>
                  <measure commodity="currency" quantity="1" unit="dollars">1</measure>
               </cell>
               <cell>
                  <measure commodity="currency" quantity="00" unit="cents">00</measure>
               </cell>
               <cell/>
               <cell/>
            </row>
            <row xml:id="p190_14">
               <cell/>
               <cell>
                  " <measure commodity="Blk Potatoes" quantity="5" unit="bushels"> 5 " Blk do </measure>25x
               </cell>
               <cell>
                  <measure commodity="currency" quantity="1" unit="dollars">1</measure>
               </cell>
               <cell>
                  <measure commodity="currency" quantity="25" unit="cents">25</measure>
               </cell>
               <cell>
                  <measure commodity="currency" quantity="2" unit="dollars">2</measure>
               </cell>
               <cell>
                  <measure commodity="currency" quantity="25" unit="cents">25</measure>
               </cell>
            </row>
            <row xml:id="p190_15">
               <cell/>
               <cell><choice rend="align(right)">
                     <abbr>Cr</abbr>
                     <expan>credit</expan>
                  </choice></cell>
               <cell/>
               <cell/>
               <cell/>
               <cell/>
            </row>
            <row xml:id="p190_16">
               <cell/>
               <cell>By <name type="account" ref="LMWcash">short on Potatoes on account</name> ,</cell>
               <cell/>
               <cell/>
               <cell/>
               <cell/>
            </row>
            <row xml:id="p190_17">
               <cell/>
               <cell>of cot.</cell>
               <cell/>
               <cell>
                  <measure commodity="currency" quantity="20" unit="cents">20</measure>
               </cell>
               <cell/>
               <cell/>
            </row>
            <row xml:id="p190_18">
               <cell/>
               <cell>
                  <date when="1845-04-10">10</date>
               </cell>
               <cell/>
               <cell/>
               <cell/>
               <cell/>
            </row>
            <row xml:id="p190_19">
               <cell>524</cell>
               <cell><name type="person" ref="v">Geo. W. Braman</name>
                  <choice rend="align(right)">
                     <abbr>D</abbr>
                     <expan>debtor</expan>
                  </choice></cell>
               <cell/>
               <cell/>
               <cell/>
               <cell/>
            </row>
            <row xml:id="p190_20">
               <cell/>
               <cell>
                  To <name type="account" ref="LMWcash"><name type="person" ref="pers_WCDH702">Wm Wrigley </name>not given up</name>
               </cell>
               <cell>
                  <measure commodity="currency" quantity="12" unit="dollars">12</measure>
               </cell>
               <cell>
                  <measure commodity="currency" quantity="43" unit="cents">43</measure>
               </cell>
               <cell/>
               <cell/>
            </row>
            <row xml:id="p190_21">
               <cell/>
               <cell>
                  <date when="1845-04-18">18</date>
               </cell>
               <cell/>
               <cell/>
               <cell/>
               <cell/>
            </row>
            <row xml:id="p190_22">
               <cell>29</cell>
               <cell><name type="person" ref="v">Lydia Bradstreet</name>
                  <choice rend="align(right)">
                     <abbr>Dr</abbr>
                     <expan>debtor</expan>
                  </choice></cell>
               <cell/>
               <cell/>
               <cell/>
               <cell/>
            </row>
            <row xml:id="p190_23">
               <cell/>
               <cell>
                  To <measure commodity="Salt Pork" quantity="106.875" unit="pounds">106lbs 14oz of Salt Pork </measure> 9x</cell>
               <cell/>
               <cell/>
               <cell/>
               <cell/>
            </row>
            <row xml:id="p190_24">
               <cell/>
               <cell>
                  " <measure commodity="Hard Sawed Wood" quantity="6.16" unit="feet"> 6ft 2inches hard sawed wood </measure>$6 00
               </cell>
               <cell>
                  <measure commodity="currency" quantity="4" unit="dollars">4</measure>
               </cell>
               <cell>
                  <measure commodity="currency" quantity="50" unit="cents">50</measure>
               </cell>
               <cell/>
               <cell/>
            </row>
            <row xml:id="p190_25">
               <cell/>
               <cell>
                  " <measure commodity="Pine" quantity="6.66" unit="feet">6ft. 8 inches pine do. do.</measure> 
               </cell>
               <cell>
                  <measure commodity="currency" quantity="3" unit="dollars">3</measure>
               </cell>
               <cell>
                  <measure commodity="currency" quantity="48" unit="cents">48</measure>
               </cell>
               <cell>
                  <measure commodity="currency" quantity="7" unit="dollars">7</measure>
               </cell>
               <cell>
                  <measure commodity="currency" quantity="98" unit="cents">98</measure>
               </cell>
            </row>
            <row xml:id="p190_26">
               <cell/>
               <cell>
                  <date when="1845-05-13">May 13th</date></cell>
               <cell/>
               <cell/>
               <cell/>
               <cell/>
            </row>
            <row xml:id="p190_27">
               <cell>Bill</cell>
               <cell><name type="person" ref="v">Wm. J. Sweet</name>
                  <choice rend="align(right)">
                     <abbr>D</abbr>
                     <expan>debtor</expan>
                  </choice></cell>
               <cell/>
               <cell/>
               <cell/>
               <cell/>
            </row>
            <row xml:id="p190_28">
               <cell/>
               <cell>
                  To <measure commodity="Charcoal" quantity="1" unit="basket">1 Basket Charcoal</measure> 
               </cell>
               <cell/>
               <cell/>
               <cell/>
               <cell>
                  <measure commodity="currency" quantity="13" unit="cents">13</measure>
               </cell>
            </row>
            <row xml:id="p190_29">
               <cell/>
               <cell>
                  <date when="1845-05-14">14</date>
               </cell>
               <cell/>
               <cell/>
               <cell/>
               <cell/>
            </row>
            <row xml:id="p190_30">
               <cell>104</cell>
               <cell><name type="person" ref="v">Catherine Lynch</name>
                  <choice rend="align(right)">
                     <abbr>Dr</abbr>
                     <expan>debtor</expan>
                  </choice></cell>
               <cell/>
               <cell/>
               <cell/>
               <cell/>
            </row>
            <row xml:id="p190_31">
               <cell/>
               <cell>
                  To <name type="account" ref="LMWcash">cash twenty eight Dollars</name>
               </cell>
               <cell>
                  <measure commodity="currency" quantity="28" unit="dollars">28</measure>
               </cell>
               <cell>
                  <measure commodity="currency" quantity="00" unit="cents">00</measure>
               </cell>
               <cell/>
               <cell/>
            </row>
            <row xml:id="p190_32">
               <cell/>
               <cell/>
               <cell/>
               <cell/>
               <cell/>
               <cell/>
            </row>
            <row xml:id="p190_33">
               <cell>Bill</cell>
               <cell><name type="person" ref="v">Wm. J. Sweet</name>
                  <choice rend="align(right)">
                     <abbr>Dr</abbr>
                     <expan>debtor</expan>
                  </choice></cell>
               <cell/>
               <cell/>
               <cell/>
               <cell/>
            </row>
            <row xml:id="p190_34">
               <cell/>
               <cell>
                  To <measure commodity="Potatoes" quantity="1" unit="bushels">1 Bushel potatoes </measure> 9d
               </cell>
               <cell/>
               <cell/>
               <cell>
                  <measure commodity="currency" quantity="13" unit="dollars">13</measure>
               </cell>
               <cell>
                  <measure commodity="currency" quantity="13" unit="cents">13</measure>
               </cell>
            </row>
            <row xml:id="p190_35">
               <cell/>
               <cell/>
               <cell/>
               <cell/>
               <cell/>
               <cell/>
            </row>
            <row xml:id="p190_36">
               <cell>29</cell>
               <cell><name type="person" ref="v">Lydia Bradstreet</name>
                  <choice rend="align(right)">
                     <abbr>Dr</abbr>
                     <expan>debtor</expan>
                  </choice></cell>
               <cell/>
               <cell/>
               <cell/>
               <cell/>
            </row>
            <row xml:id="p190_37">
               <cell/>
               <cell>
                  To <measure commodity="White Beans" quantity="1" unit="bushels">1 Bushel White Beans</measure>
               </cell>
               <cell/>
               <cell/>
               <cell>
                  <measure commodity="currency" quantity="1" unit="dollars">1</measure>
               </cell>
               <cell>
                  <measure commodity="currency" quantity="25" unit="cents">25</measure>
               </cell>
            </row>
            <row xml:id="p190_38">
               <cell/>
               <cell>
                  <date when="1845-05-19">19</date>
               </cell>
               <cell/>
               <cell/>
               <cell/>
               <cell/>
            </row>
            <row xml:id="p190_39">
               <cell>Settled</cell>
               <cell><name type="person" ref="v">Andrew B Randal</name>
                  <choice rend="align(right)">
                     <abbr>Dr</abbr>
                     <expan>debtor</expan>
                  </choice></cell>
               <cell/>
               <cell/>
               <cell/>
               <cell/>
            </row>
            <row xml:id="p190_40">
               <cell/>
               <cell>
                  To <measure commodity="Pine" quantity="18" unit="feet">18ft. Pine </measure>just 3x
               </cell>
               <cell/>
               <cell>
                  <measure commodity="currency" quantity="54" unit="cents">54</measure>
               </cell>
               <cell/>
               <cell/>
            </row>
            <row xml:id="p190_41">
               <cell/>
               <cell>
                  <date when="1845-05-31">31</date>
               </cell>
               <cell/>
               <cell/>
               <cell/>
               <cell/>
            </row>
            <row xml:id="p190_42">
               <cell>529</cell>
               <cell><name type="person" ref="v">Frank Dunahoe</name>
                  <choice rend="align(right)">
                     <abbr>D</abbr>
                     <expan>debtor</expan>
                  </choice></cell>
               <cell/>
               <cell/>
               <cell/>
               <cell/>
            </row>
            <row xml:id="p190_43">
               <cell/>
               <cell>
                  To <name type="account" ref="LMWcash">cash five Dollars</name>
               </cell>
               <cell>
                  <measure commodity="currency" quantity="5" unit="dollars">5</measure>
               </cell>
               <cell>
                  <measure commodity="currency" quantity="00" unit="cents">0</measure>
               </cell>
               <cell/>
               <cell/>
            </row>
            <row xml:id="p190_44">
               <cell/>
               <cell/>
               <cell/>
               <cell/>
               <cell/>
               <cell/>
            </row>
            <row xml:id="p190_45">
               <cell>Bill</cell>
               <cell><name type="person" ref="v">Wm. J. Sweet</name>
                  <choice rend="align(right)">
                     <abbr>Dr</abbr>
                     <expan>debtor</expan>
                  </choice></cell>
               <cell/>
               <cell/>
               <cell/>
               <cell/>
            </row>
            <row xml:id="p190_46">
               <cell/>
               <cell>
                  To <measure commodity="Beef Salt" quantity="6.75" unit="pounds">6 3/4 lb of Beef Salt </measure>6x
               </cell>
               <cell/>
               <cell>
                  <measure commodity="currency" quantity="38" unit="cents">38</measure>
               </cell>
               <cell/>
               <cell/>
            </row>
            <row xml:id="p190_47">
               <cell/>
               <cell>
                  <date when="1845-07-02">July 2</date>
               </cell>
               <cell/>
               <cell/>
               <cell/>
               <cell/>
            </row>
            <row xml:id="p190_48">
               <cell>Paid</cell>
               <cell><name type="person" ref="v">Wm. Wrigley</name>
                  <choice rend="align(right)">
                     <abbr>Dr</abbr>
                     <expan>debtor</expan>
                  </choice></cell>
               <cell/>
               <cell/>
               <cell/>
               <cell/>
            </row>
            <row xml:id="p190_49">
               <cell/>
               <cell>
                  To <name type="account" ref="LMWcash">Cash Ten Dollars</name>
               </cell>
               <cell>
                  <measure commodity="currency" quantity="10" unit="dollars">10</measure>
               </cell>
               <cell>
                  <measure commodity="currency" quantity="00" unit="cents">00</measure>
               </cell>
               <cell/>
               <cell/>
            </row>
            <row xml:id="p190_50">
               <cell/>
               <cell>
                  <date when="1845-07-14">14</date>
               </cell>
               <cell/>
               <cell/>
               <cell/>
               <cell/>
            </row>
            <row xml:id="p190_51">
               <cell>29</cell>
               <cell><name type="person" ref="v">Lydia Bradstreet</name>
                  <choice rend="align(right)">
                     <abbr>Dr</abbr>
                     <expan>debtor</expan>
                  </choice></cell>
               <cell/>
               <cell/>
               <cell/>
               <cell/>
            </row>
            <row xml:id="p190_52">
               <cell/>
               <cell>
                  To <measure commodity="new Milk" quantity="216"> 216 2t new Milk</measure>
               </cell>
               <cell/>
               <cell/>
               <cell/>
               <cell/>
            </row>
            <row xml:id="p190_53">
               <cell/>
               <cell>
                  <measure commodity="Charcoal">Char Coal dld. John</measure>
               </cell>
               <cell/>
               <cell/>
               <cell/>
               <cell/>
            </row>
            <row xml:id="p190_54">
               <cell/>
               <cell>
                  <date when="1845-07-14">14</date>  
                  <choice rend="align(right)">
                     <abbr>Cr</abbr>
                     <expan>credit</expan>
                  </choice></cell>
               <cell/>
               <cell/>
               <cell/>
               <cell/>
            </row>
            <row xml:id="p190_55">
               <cell>29</cell>
               <cell>
                  By <measure commodity="Cheese" quantity="3.25" unit="pounds">3 1/4 lbs Cheese</measure>
               </cell>
               <cell/>
               <cell/>
               <cell/>
               <cell/>
            </row>
            <row xml:id="p190_56">
               <cell/>
               <cell>
                  <measure commodity="labor" quantity="1" unit="drawing">Labans drawing</measure>
               </cell>
               <cell/>
               <cell/>
               <cell/>
               <cell/>
            </row>
            <row xml:id="p190_57">
               <cell/>
               <cell>
                  <date when="1845-07-21">21</date>
               </cell>
               <cell/>
               <cell/>
               <cell/>
               <cell/>
            </row>
            <row xml:id="p190_58">
               <cell>530</cell>
               <cell><name type="person" ref="v">Martin D. Huhbard</name>
                  <choice rend="align(right)">
                     <abbr>Dr</abbr>
                     <expan>debtor</expan>
                  </choice></cell>
               <cell/>
               <cell/>
               <cell/>
               <cell/>
            </row>
            <row xml:id="p190_59">
               <cell/>
               <cell>
                  To <measure commodity="Bagge Harness" quantity="1" unit="count">Bagge Harness </measure>pr agreement
               </cell>
               <cell>
                  <measure commodity="currency" quantity="10" unit="dollars">10</measure>
               </cell>
               <cell>
                  <measure commodity="currency" quantity="00" unit="cents">00</measure>
               </cell>
               <cell/>
               <cell/>
            </row>
            <row xml:id="p190_60">
               <cell/>
               <cell/>
               <cell/>
               <cell/>
               <cell/>
               <cell/>
            </row>
            <row xml:id="p190_61">
               <cell>Bill</cell>
               <cell><name type="person" ref="v">William J Sweet</name>
                  <choice rend="align(right)">
                     <abbr>D</abbr>
                     <expan>debtor</expan>
                  </choice></cell>
               <cell/>
               <cell/>
               <cell/>
               <cell/>
            </row>
            <row xml:id="p190_62">
               <cell/>
               <cell>
                  To <name type="account" ref="LMWcash">shop rent to date</name> 
               </cell>
               <cell>
                  <measure commodity="currency" quantity="5" unit="dollars">5</measure>
               </cell>
               <cell>
                  <measure commodity="currency" quantity="00" unit="cents">00</measure>
               </cell>
               <cell/>
               <cell/>
            </row>
            <row xml:id="p190_63">
               <cell/>
               <cell/>
               <cell/>
               <cell/>
               <cell/>
               <cell/>
            </row>
         </table>
      </body>
   </text>
</TEI>
