<?xml version="1.0" encoding="UTF-8"?>
<?xml-model href="http://www.tei-c.org/release/xml/tei/custom/schema/relaxng/tei_all.rng" type="application/xml" schematypens="http://relaxng.org/ns/structure/1.0"?>
<?xml-model href="http://www.tei-c.org/release/xml/tei/custom/schema/relaxng/tei_all.rng" type="application/xml"
	schematypens="http://purl.oclc.org/dsdl/schematron"?>
<TEI xmlns="http://www.tei-c.org/ns/1.0">
   <teiHeader>
      <fileDesc>
         <titleStmt>
            <title>LMW Day Book, pp. 171-172</title>
            <author>L.M. Wheaton</author>
         </titleStmt>
         <publicationStmt>
            <p>Indication of work done and date, Wheaton College</p>
         </publicationStmt>
         <sourceDesc>
            <biblFull>
               <titleStmt>
                  <title>Account Books, pp.171-172</title>
                  <author>L.M. Wheaton</author>
                  <respStmt>
                     <resp> TEI-compatible XML markup by <name type="person">Tyana Craig</name> with
                        corrections by <name type="person">Name</name>, <name type="person"
                           >Name</name>, and <name type="person">Name</name>.</resp>
                     <name type="person">Name</name>
                  </respStmt>
               </titleStmt>
               <publicationStmt>
                  <p>Indication of work done and date 06/06/16, Wheaton College</p>
               </publicationStmt>
               <sourceDesc>
                  <p> From the Marion B. Gebbie Archives and Special Collections at the Madeleine
                     Clark Wallace Library, Wheaton College </p>
               </sourceDesc>
            </biblFull>
         </sourceDesc>
      </fileDesc>
   </teiHeader>
   <text>
      <body>
         <pb n="171"/>
         <fw type="pageNum">171</fw>
         <table xml:id="p171" cols="6">
            <head>Wednesday <date when="1842-03-02">March 2nd 1842</date></head>
            <row xml:id="p171_01">
               <cell/>
               <cell/>
               <cell/>
               <cell/>
               <cell/>
               <cell/>
            </row>
            <row xml:id="p171_02">
               <cell>Settled</cell>
               <cell><name type="person" ref="v">Zeno Kelley</name>
                  <choice rend="align(right)">
                     <abbr>D</abbr>
                     <expan>debtor</expan>
                  </choice></cell>
               <cell/>
               <cell/>
               <cell/>
               <cell/>
            </row>
            <row xml:id="p171_03">
               <cell/>
               <cell>
                  To <measure commodity="Beef" quantity="97.5" unit="pounds">97 1/2 lb Beef</measure>  $6 00
               </cell>
               <cell>
                  <measure commodity="currency" quantity="5" unit="dollars">5</measure>
               </cell>
               <cell>
                  <measure commodity="currency" quantity="85" unit="cents">85</measure>
               </cell>
               <cell/>
               <cell/>
            </row>
            <row xml:id="p171_04">
               <cell/>
               <cell/>
               <cell/>
               <cell/>
               <cell/>
               <cell/>
            </row>
            <row xml:id="p171_05">
               <cell>Setlled</cell>
               <cell><name type="person" ref="v">Linus Howard</name>
                  <choice rend="align(right)">
                     <abbr>Dr</abbr>
                     <expan>debtor</expan>
                  </choice></cell>
               <cell/>
               <cell/>
               <cell/>
               <cell/>
            </row>
            <row xml:id="p171_06">
               <cell/>
               <cell>
                  To <measure commodity="Pork" quantity="17.75" unit="pounds">17 3/4 lbs fresh pork </measure>8 pr lb.
               </cell>
               <cell>
                  <measure commodity="currency" quantity="1" unit="dollars">1</measure>
               </cell>
               <cell>
                  <measure commodity="currency" quantity="42" unit="cents">42</measure>
               </cell>
               <cell/>
               <cell/>
            </row>
            <row xml:id="p171_07">
               <cell/>
               <cell/>
               <cell/>
               <cell/>
               <cell/>
               <cell/>
            </row>
            <row xml:id="p171_08">
               <cell>360</cell>
               <cell><name type="person" ref="v">George White Jr.</name>
                  <choice rend="align(right)">
                     <abbr>Dr</abbr>
                     <expan>debtor</expan>
                  </choice></cell>
               <cell/>
               <cell/>
               <cell/>
               <cell/>
            </row>
            <row xml:id="p171_09">
               <cell/>
               <cell>
                  To <measure commodity="Pork" quantity="51" unit="cut">51 cut pork</measure> 9x
               </cell>
               <cell>
                  <measure commodity="currency" quantity="4" unit="dollars">4</measure>
               </cell>
               <cell>
                  <measure commodity="currency" quantity="50" unit="cents">50</measure>
               </cell>
               <cell/>
               <cell/>
            </row>
            <row xml:id="p171_10">
               <cell/>
               <cell>
                  <date when="1842-03-16">16</date>
               </cell>
               <cell/>
               <cell/>
               <cell/>
               <cell/>
            </row>
            <row xml:id="p171_11">
               <cell>Paid</cell>
               <cell><name type="person" ref="v">Dauphin King</name>
                  <choice rend="align(right)">
                     <abbr>D</abbr>
                     <expan>debtor</expan>
                  </choice></cell>
               <cell/>
               <cell/>
               <cell/>
               <cell/>
            </row>
            <row xml:id="p171_12">
               <cell/>
               <cell>To Policy of Insurance</cell>
               <cell>
                  <measure commodity="currency" quantity="9" unit="dollars">9</measure>
               </cell>
               <cell>
                  <measure commodity="currency" quantity="00" unit="cents">00</measure>
               </cell>
               <cell/>
               <cell/>
            </row>
            <row xml:id="p171_13">
               <cell/>
               <cell/>
               <cell/>
               <cell/>
               <cell/>
               <cell/>
            </row>
            <row xml:id="p171_14">
               <cell>Settled by Doct <!--Braman--> as pr Bill</cell>
               <cell><name type="person" ref="v">Isaac White</name>
                  <choice rend="align(right)">
                     <abbr>D</abbr>
                     <expan>debtor</expan>
                  </choice></cell>
               <cell/>
               <cell/>
               <cell/>
               <cell/>
            </row>
            <row xml:id="p171_15">
               <cell/>
               <cell>
                  To <measure commodity="labor" quantity="382" unit="days">pasture </measure>to April 1st 1843
               </cell>
               <cell>
                  <measure commodity="currency" quantity="8" unit="dollars">8</measure>
               </cell>
               <cell>
                  <measure commodity="currency" quantity="50" unit="cents">50</measure>
               </cell>
               <cell/>
               <cell/>
            </row>
            <row xml:id="p171_16">
               <cell/>
               <cell/>
               <cell/>
               <cell/>
               <cell/>
               <cell/>
            </row>
            <row xml:id="p171_17">
               <cell>384</cell>
               <cell><name type="person" ref="v">Summer Blandin</name>
                  <choice rend="align(right)">
                     <abbr>Cr</abbr>
                     <expan>Credit</expan>
                  </choice></cell>
               <cell/>
               <cell/>
               <cell/>
               <cell/>
            </row>
            <row xml:id="p171_18">
               <cell/>
               <cell>By work Dec. 4th 133. Dec. 8th 100 jobs 50x</cell>
               <cell>
                  <measure commodity="currency" quantity="2" unit="dollars">2</measure>
               </cell>
               <cell>
                  <measure commodity="currency" quantity="83" unit="cents">83</measure>
               </cell>
               <cell>
                  
               </cell>
               <cell>
                  
               </cell>
            </row>
            <row xml:id="p171_19">
               <cell/>
               <cell>" " March 18th 100 </cell>
               <cell>
                  <measure commodity="currency" quantity="1" unit="dollars">1</measure>
               </cell>
               <cell>
                  <measure commodity="currency" quantity="00" unit="cents">00</measure>
               </cell>
               <cell>
                  <measure commodity="currency" quantity="3" unit="dollars">3</measure>
               </cell>
               <cell>
                  <measure commodity="currency" quantity="83" unit="cents">83</measure>
               </cell>
            </row>
            <row xml:id="p171_20">
               <cell/>
               <cell>
                  <date when="1842-03-18">18</date>
               </cell>
               <cell/>
               <cell/>
               <cell/>
               <cell/>
            </row>
            <row xml:id="p171_21">
               <cell>Settled</cell>
               <cell><name type="person" ref="v">Summer Blandin</name>
                  <choice rend="align(right)">
                     <abbr>Cr</abbr>
                     <expan>credit</expan>
                  </choice></cell>
               <cell/>
               <cell/>
               <cell/>
               <cell/>
            </row>
            <row xml:id="p171_22">
               <cell/>
               <cell>
                  By <measure commodity="labor" quantity="1" unit="count">fixing horn Shed</measure> 
               </cell>
               <cell>
                  <measure commodity="currency" quantity="6" unit="dollars">6</measure>
               </cell>
               <cell>
                  <measure commodity="currency" quantity="00" unit="cents">00</measure>
               </cell>
               <cell/>
               <cell/>
            </row>
            <row xml:id="p171_23">
               <cell/>
               <cell><choice rend="align(right)">
                     <abbr>D</abbr>
                     <expan>debtor</expan>
                  </choice></cell>
               <cell/>
               <cell/>
               <cell/>
               <cell/>
            </row>
            <row xml:id="p171_24">
               <cell>384</cell>
               <cell>
                  To <name type="account" ref="LMWcash">Cash 24/</name>
               </cell>
               <cell/>
               <cell/>
               <cell/>
               <cell/>
            </row>
            <row xml:id="p171_25">
               <cell/>
               <cell>
                  <date when="1842-03-20">20</date>
               </cell>
               <cell/>
               <cell/>
               <cell/>
               <cell/>
            </row>
            <row xml:id="p171_26">
               <cell>Settled</cell>
               <cell>
                  To <name type="account" ref="LMWcash">cash</name>
               </cell>
               <cell>
                  <measure commodity="currency" quantity="5" unit="dollars">5</measure>
               </cell>
               <cell>
                  <measure commodity="currency" quantity="51" unit="cents">51</measure>
               </cell>
               <cell/>
               <cell/>
            </row>
            <row xml:id="p171_27">
               <cell/>
               <cell/>
               <cell/>
               <cell/>
               <cell/>
               <cell/>
            </row>
            <row xml:id="p171_28">
               <cell>Settled</cell>
               <cell><name type="person" ref="v">Oliver Deane</name>
                  <choice rend="align(right)">
                     <abbr>D</abbr>
                     <expan>debtor</expan>
                  </choice></cell>
               <cell/>
               <cell/>
               <cell/>
               <cell/>
            </row>
            <row xml:id="p171_29">
               <cell/>
               <cell>
                  To <measure commodity="Powder" quantity="6" unit="pounds"> 6 lbs. Powder </measure>14x pr lb.
               </cell>
               <cell/>
               <cell>
                  <measure commodity="currency" quantity="84" unit="cents">84</measure>
               </cell>
               <cell/>
               <cell/>
            </row>
            <row xml:id="p171_30">
               <cell/>
               <cell>
                  <date when="1842-03-31">31</date>
               </cell>
               <cell/>
               <cell/>
               <cell/>
               <cell/>
            </row>
            <row xml:id="p171_31">
               <cell>516</cell>
               <cell><name type="person" ref="v">Mary A Wrigley</name>
                  <choice rend="align(right)">
                     <abbr>D</abbr>
                     <expan>debtor</expan>
                  </choice></cell>
               <cell/>
               <cell/>
               <cell/>
               <cell/>
            </row>
            <row xml:id="p171_32">
               <cell/>
               <cell>
                  To note to ballance
               </cell>
               <cell>
                  <measure commodity="currency" quantity="60" unit="dollars">60</measure>
               </cell>
               <cell>
                  <measure commodity="currency" quantity="00" unit="cents">00</measure>
               </cell>
               <cell/>
               <cell/>
            </row>
            <row xml:id="p171_33">
               <cell/>
               <cell/>
               <cell/>
               <cell/>
               <cell/>
               <cell/>
            </row>
            <row xml:id="p171_34">
               <cell>115</cell>
               <cell><name type="person" ref="v">Wm A. West</name>
                  <choice rend="align(right)">
                     <abbr>Dr</abbr>
                     <expan>debtor</expan>
                  </choice></cell>
               <cell/>
               <cell/>
               <cell/>
               <cell/>
            </row>
            <row xml:id="p171_35">
               <cell/>
               <cell>To Interest on Clocker + brothers note</cell>
               <cell/>
               <cell/>
               <cell/>
               <cell/>
            </row>
            <row xml:id="p171_36">
               <cell/>
               <cell>of 125.00 for 3 mo.</cell>
               <cell><!--7 [crossed out]--></cell>
               <cell><!--50 [crossed out]--></cell>
               <cell>
                  <measure commodity="currency" quantity="1" unit="dollars">1</measure>
               </cell>
               <cell>
                  <measure commodity="currency" quantity="87" unit="cents">87</measure>
               </cell>
            </row>
            <row xml:id="p171_37">
               <cell/>
               <cell>
                  <date when="1842-04-09">April 9t</date>
               </cell>
               <cell/>
               <cell/>
               <cell/>
               <cell/>
            </row>
            <row xml:id="p171_38">
               <cell/>
               <cell><name type="person" ref="v">Don P. Makepeace</name>
                  <choice rend="align(right)">
                     <abbr>D</abbr>
                     <expan>debtor</expan>
                  </choice></cell>
               <cell/>
               <cell/>
               <cell/>
               <cell/>
            </row>
            <row xml:id="p171_39">
               <cell/>
               <cell>
                  To <measure commodity="Waggon" quantity="1" unit="count">old Horse Waggon </measure>$12 00
               </cell>
               <cell>
                  <measure commodity="currency" quantity="12" unit="dollars">12</measure>
               </cell>
               <cell>
                  <measure commodity="currency" quantity="00" unit="cents">00</measure>
               </cell>
               <cell/>
               <cell/>
            </row>
            <row xml:id="p171_40">
               <cell/>
               <cell>
                  <date when="1842-04-16">16</date>
               </cell>
               <cell/>
               <cell/>
               <cell/>
               <cell/>
            </row>
            <row xml:id="p171_41">
               <cell>516</cell>
               <cell><name type="person" ref="v">Mary A. Wrigley</name>
                  <choice rend="align(right)">
                     <abbr>Dr</abbr>
                     <expan>debtor</expan>
                  </choice></cell>
               <cell/>
               <cell/>
               <cell/>
               <cell/>
            </row>
            <row xml:id="p171_42">
               <cell/>
               <cell>To <measure commodity="Mire handim" quantity="1" unit="count"><!--Mire handim--></measure> 4.21</cell>
               <cell>
                  <measure commodity="currency" quantity="4" unit="dollars">4</measure>
               </cell>
               <cell>
                  <measure commodity="currency" quantity="21" unit="cents">21</measure>
               </cell>
               <cell/>
               <cell/>
            </row>
            <row xml:id="p171_43">
               <cell/>
               <cell>
                  <date when="1842-04-18">18</date>
               </cell>
               <cell/>
               <cell/>
               <cell/>
               <cell/>
            </row>
            <row xml:id="p171_44">
               <cell>522</cell>
               <cell><name type="person" ref="v">Stephen Bayley</name>
                  <choice rend="align(right)">
                     <abbr>D</abbr>
                     <expan>debtor</expan>
                  </choice></cell>
               <cell/>
               <cell/>
               <cell/>
               <cell/>
            </row>
            <row xml:id="p171_45">
               <cell/>
               <cell>
                  To <measure commodity="Beef" quantity="14" unit="pounds">14 lbs Beef</measure> 8x
               </cell>
               <cell>
                  <measure commodity="currency" quantity="1" unit="dollars">1</measure>
               </cell>
               <cell>
                  <measure commodity="currency" quantity="12" unit="cents">12</measure>
               </cell>
               <cell/>
               <cell/>
            </row>
            <row xml:id="p171_46">
               <cell/>
               <cell/>
               <cell/>
               <cell/>
               <cell/>
               <cell/>
            </row>
            <row xml:id="p171_47">
               <cell>519</cell>
               <cell><name type="person" ref="v">Oliver S. Titus</name>
                  <choice rend="align(right)">
                     <abbr>D</abbr>
                     <expan>debtor</expan>
                  </choice></cell>
               <cell/>
               <cell/>
               <cell/>
               <cell/>
            </row>
            <row xml:id="p171_48">
               <cell/>
               <cell>
                  To rent of House to April 1st
               </cell>
               <cell>
                  <measure commodity="currency" quantity="38" unit="dollars">38</measure>
               </cell>
               <cell/>
               <cell/>
               <cell/>
            </row>
            <row xml:id="p171_49">
               <cell/>
               <cell>
                  " pasture land
               </cell>
               <cell>
                  <measure commodity="currency" quantity="7" unit="dollars">7</measure>
               </cell>
               <cell>
                  <measure commodity="currency" quantity="00" unit="cents">00</measure>
               </cell>
               <cell>
                  <measure commodity="currency" quantity="45" unit="dollars">45</measure>
               </cell>
               <cell/>
            </row>
            <row xml:id="p171_50">
               <cell/>
               <cell>
                  <date when="1842-04-28">28</date>
               </cell>
               <cell/>
               <cell/>
               <cell/>
               <cell/>
            </row>
            <row xml:id="p171_51">
               <cell>516</cell>
               <cell><name type="person" ref="v">Mary A. Wrigley</name>
                  <choice rend="align(right)">
                     <abbr>Dr</abbr>
                     <expan>debtor</expan>
                  </choice></cell>
               <cell/>
               <cell/>
               <cell/>
               <cell/>
            </row>
            <row xml:id="p171_52">
               <cell/>
               <cell>
                  To <name type="account" ref="LMWcash">cash 7/6</name>
               </cell>
               <cell>
                  <measure commodity="currency" quantity="1" unit="dollars">1</measure>
               </cell>
               <cell>
                  <measure commodity="currency" quantity="25" unit="cents">25</measure>
               </cell>
               <cell/>
               <cell/>
            </row>
            <row xml:id="p171_53">
               <cell/>
               <cell/>
               <cell/>
               <cell/>
               <cell/>
               <cell/>
            </row>
            <row xml:id="p171_54">
               <cell>Settled</cell>
               <cell><name type="person" ref="v">Mason Freeman</name>
                  <choice rend="align(right)">
                     <abbr>D</abbr>
                     <expan>debtor</expan>
                  </choice></cell>
               <cell/>
               <cell/>
               <cell/>
               <cell/>
            </row>
            <row xml:id="p171_55">
               <cell/>
               <cell>
                  To <measure commodity="Bull Calf" quantity="1" unit="count">Bull Calf</measure> $9 00
               </cell>
               <cell>
                  <measure commodity="currency" quantity="9" unit="dollars">9</measure>
               </cell>
               <cell>
                  <measure commodity="currency" quantity="00" unit="cents">00</measure>
               </cell>
               <cell/>
               <cell/>
            </row>
            <row xml:id="p171_56">
               <cell/>
               <cell/>
               <cell/>
               <cell/>
               <cell/>
               <cell/>
            </row>
            <row xml:id="p171_57">
               <cell>516</cell>
               <cell><name type="person" ref="v">Mary A. Wrigley</name>
                  <choice rend="align(right)">
                     <abbr>D</abbr>
                     <expan>debtor</expan>
                  </choice></cell>
               <cell/>
               <cell/>
               <cell/>
               <cell/>
            </row>
            <row xml:id="p171_58">
               <cell/>
               <cell>
                  To <measure commodity="Soap" quantity="1" unit="count">Soap</measure> 9 c
               </cell>
               <cell/>
               <cell>
                  <measure commodity="currency" quantity="09" unit="cents">09</measure>
               </cell>
               <cell/>
               <cell/>
            </row>
            <row xml:id="p171_59">
               <cell/>
               <cell>
                  <date when="1842-05-04">May 4</date>
               </cell>
               <cell/>
               <cell/>
               <cell/>
               <cell/>
            </row>
            <row xml:id="p171_60">
               <cell>522</cell>
               <cell><name type="person" ref="v">Stephen Baily</name>
                  <choice rend="align(right)">
                     <abbr>D</abbr>
                     <expan>debtor</expan>
                  </choice></cell>
               <cell/>
               <cell/>
               <cell/>
               <cell/>
            </row>
            <row xml:id="p171_61">
               <cell/>
               <cell>
                  To <name type="account" ref="LMWcash"> cash to pay for flower</name>
               </cell>
               <cell>
                  <measure commodity="currency" quantity="7" unit="dollars">7</measure>
               </cell>
               <cell>
                  <measure commodity="currency" quantity="00" unit="cents">00</measure>
               </cell>
               <cell/>
               <cell/>
            </row>
            <row xml:id="p171_62">
               <cell/>
               <cell>
                  <date when="1842-05-25">25</date>
               </cell>
               <cell/>
               <cell/>
               <cell/>
               <cell/>
            </row>
            <row xml:id="p171_63">
               <cell>522</cell>
               <cell>
                  <name type="account" ref="LMWcash">Paid Geo M. Sweet for Pig </name>
               </cell>
               <cell>
                  <measure commodity="currency" quantity="4" unit="dollars">4</measure>
               </cell>
               <cell>
                  <measure commodity="currency" quantity="00" unit="cents">00</measure>
               </cell>
               <cell/>
               <cell/>
            </row>
            <row xml:id="p171_64">
               <cell/>
               <cell/>
               <cell/>
               <cell/>
               <cell/>
               <cell/>
            </row>
         </table>
         <fw type="pageNum">172</fw>
         <table xml:id="p172" cols="6">
            <head>Thursday <date when="1842-05-25">May 25th 1842</date></head>
            <row xml:id="p172_01">
               <cell/>
               <cell/>
               <cell>$</cell>
               <cell>cts.</cell>
               <cell>$</cell>
               <cell>cts.</cell>
            </row>
            <row xml:id="p172_02">
               <cell>522</cell>
               <cell><name type="person" ref="v">Stephen Bailey</name>
                  <choice rend="align(right)">
                     <abbr>D</abbr>
                     <expan>debtor</expan>
                  </choice></cell>
               <cell/>
               <cell/>
               <cell/>
               <cell/>
            </row>
            <row xml:id="p172_03">
               <cell/>
               <cell>
                  To <name type="account" ref="LMWcash">paying Z. Kelley forward</name> 
               </cell>
               <cell>
                  <measure commodity="currency" quantity="8" unit="dollars">8</measure>
               </cell>
               <cell>
                  <measure commodity="currency" quantity="71" unit="cents">71</measure>
               </cell>
               <cell/>
               <cell/>
            </row>
            <row xml:id="p172_04">
               <cell/>
               <cell/>
               <cell/>
               <cell/>
               <cell/>
               <cell/>
            </row>
            <row xml:id="p172_05">
               <cell>516</cell>
               <cell><name type="person" ref="v">Mary A. Wrigley</name>
                  <choice rend="align(right)">
                     <abbr>D</abbr>
                     <expan>debtor</expan>
                  </choice></cell>
               <cell/>
               <cell/>
               <cell/>
               <cell/>
            </row>
            <row xml:id="p172_06">
               <cell/>
               <cell>
                  To <name type="account" ref="LMWcash">cash to go to Taunton last week</name>
               </cell>
               <cell>
                  <measure commodity="currency" quantity="6" unit="dollars">6</measure>
               </cell>
               <cell>
                  <measure commodity="currency" quantity="00" unit="cents">00</measure>
               </cell>
               <cell/>
               <cell/>
            </row>
            <row xml:id="p172_07">
               <cell/>
               <cell>
                  <date when="1842-05-26">26</date>
               </cell>
               <cell/>
               <cell/>
               <cell/>
               <cell/>
            </row>
            <row xml:id="p172_08">
               <cell>522</cell>
               <cell><name type="person" ref="v">Stephen Bailey</name>
                  <choice rend="align(right)">
                     <abbr>Dr</abbr>
                     <expan>debtor</expan>
                  </choice></cell>
               <cell/>
               <cell/>
               <cell/>
               <cell/>
            </row>
            <row xml:id="p172_09">
               <cell/>
               <cell>
                  To <measure commodity="Salt Beef" quantity="5" unit="pounds">5 lbs Salt Beef</measure> 7x
               </cell>
               <cell/>
               <cell>
                  <measure commodity="currency" quantity="35" unit="cents">35</measure>
               </cell>
               <cell/>
               <cell/>
            </row>
            <row xml:id="p172_10">
               <cell/>
               <cell/>
               <cell/>
               <cell/>
               <cell/>
               <cell/>
            </row>
            <row xml:id="p172_11">
               <cell>Settled</cell>
               <cell><name type="person" ref="v">Linus Howard</name>
                  <choice rend="align(right)">
                     <abbr>Dr</abbr>
                     <expan>debtor</expan>
                  </choice></cell>
               <cell/>
               <cell/>
               <cell/>
               <cell/>
            </row>
            <row xml:id="p172_12">
               <cell/>
               <cell>
                  To <measure commodity="Milk" quantity="3" unit="quarts">3 qts. Milk </measure> 6
               </cell>
               <cell/>
               <cell>
                  <measure commodity="currency" quantity="06" unit="cents">06</measure>
               </cell>
               <cell/>
               <cell/>
            </row>
            <row xml:id="p172_13">
               <cell/>
               <cell>
                  Credit by <measure commodity="Book" quantity="1" unit="count"> 1 Music Book</measure>
               </cell>
               <cell/>
               <cell/>
               <cell/>
               <cell/>
            </row>
            <row xml:id="p172_14">
               <cell/>
               <cell>
                  <date when="1842-05-27">27</date>
               </cell>
               <cell/>
               <cell/>
               <cell/>
               <cell/>
            </row>
            <row xml:id="p172_15">
               <cell>522</cell>
               <cell><name type="person" ref="v">Stephen Bailey</name>
                  <choice rend="align(right)">
                     <abbr>D</abbr>
                     <expan>debtor</expan>
                  </choice></cell>
               <cell/>
               <cell/>
               <cell/>
               <cell/>
            </row>
            <row xml:id="p172_16">
               <cell/>
               <cell>
                  To <name type="account" ref="LMWcash">cash</name> 30/
               </cell>
               <cell>
                  <measure commodity="currency" quantity="5" unit="dollars">5</measure>
               </cell>
               <cell>
                  <measure commodity="currency" quantity="00" unit="cents">00</measure>
               </cell>
               <cell/>
               <cell/>
            </row>
            <row xml:id="p172_17">
               <cell/>
               <cell/>
               <cell/>
               <cell/>
               <cell/>
               <cell/>
            </row>
            <row xml:id="p172_18">
               <cell>516</cell>
               <cell><name type="person" ref="v">Mary A. Wrigley</name>
                  <choice rend="align(right)">
                     <abbr>D</abbr>
                     <expan>debtor</expan>
                  </choice></cell>
               <cell/>
               <cell/>
               <cell/>
               <cell/>
            </row>
            <row xml:id="p172_19">
               <cell/>
               <cell>
                  To <name type="account" ref="LMWcash">cash </name> 6/
               </cell>
               <cell>
                  <measure commodity="currency" quantity="1" unit="dollars">1</measure>
               </cell>
               <cell>
                  <measure commodity="currency" quantity="00" unit="cents">00</measure>
               </cell>
               <cell/>
               <cell/>
            </row>
            <row xml:id="p172_20">
               <cell/>
               <cell/>
               <cell/>
               <cell/>
               <cell/>
               <cell/>
            </row>
            <row xml:id="p172_21">
               <cell>522</cell>
               <cell><name type="person" ref="v">Stephen Bailey</name>
                  <choice rend="align(right)">
                     <abbr>D</abbr>
                     <expan>debtor</expan>
                  </choice></cell>
               <cell/>
               <cell/>
               <cell/>
               <cell/>
            </row>
            <row xml:id="p172_22">
               <cell/>
               <cell>
                  To <name type="account" ref="LMWcash">paying for Daughters tuition</name>
               </cell>
               <cell>
                  <measure commodity="currency" quantity="10" unit="dollars">10</measure>
               </cell>
               <cell>
                  <measure commodity="currency" quantity="50" unit="cents">50</measure>
               </cell>
               <cell/>
               <cell/>
            </row>
            <row xml:id="p172_23">
               <cell/>
               <cell>
                  <date when="1842-06-01">June 1st</date>
               </cell>
               <cell/>
               <cell/>
               <cell/>
               <cell/>
            </row>
            <row xml:id="p172_24">
               <cell>516</cell>
               <cell><name type="person" ref="v">Mary A. Wrigley</name>
                  <choice rend="align(right)">
                     <abbr>D</abbr>
                     <expan>debtor</expan>
                  </choice></cell>
               <cell/>
               <cell/>
               <cell/>
               <cell/>
            </row>
            <row xml:id="p172_25">
               <cell/>
               <cell>
                  To <name type="account" ref="LMWcash">cash </name>18/
               </cell>
               <cell>
                  <measure commodity="currency" quantity="3" unit="dollars">3</measure>
               </cell>
               <cell>
                  <measure commodity="currency" quantity="00" unit="cents">00</measure>
               </cell>
               <cell/>
               <cell/>
            </row>
            <row xml:id="p172_26">
               <cell/>
               <cell>
                  <date when="1842-06-02">2</date>
               </cell>
               <cell/>
               <cell/>
               <cell/>
               <cell/>
            </row>
            <row xml:id="p172_27">
               <cell>522</cell>
               <cell><name type="person" ref="v">Stephen Bailey</name>
                  <choice rend="align(right)">
                     <abbr>D</abbr>
                     <expan>debtor</expan>
                  </choice></cell>
               <cell/>
               <cell/>
               <cell/>
               <cell/>
            </row>
            <row xml:id="p172_28">
               <cell/>
               <cell>
                  To <name type="account" ref="LMWcash">cash pr. Bonnet +. Flowers</name> 6/
               </cell>
               <cell>
                  <measure commodity="currency" quantity="1" unit="dollars">1</measure>
               </cell>
               <cell>
                  <measure commodity="currency" quantity="00" unit="cents">00</measure>
               </cell>
               <cell/>
               <cell/>
            </row>
            <row xml:id="p172_29">
               <cell/>
               <cell/>
               <cell/>
               <cell/>
               <cell/>
               <cell/>
            </row>
            <row xml:id="p172_30">
               <cell>Settled</cell>
               <cell><name type="person" ref="v">Alexander Anthony</name>
                  <choice rend="align(right)">
                     <abbr>Cr</abbr>
                     <expan>credit</expan>
                  </choice></cell>
               <cell/>
               <cell/>
               <cell/>
               <cell/>
            </row>
            <row xml:id="p172_31">
               <cell/>
               <cell>By work from 23 May at</cell>
               <cell/>
               <cell/>
               <cell/>
               <cell/>
            </row>
            <row xml:id="p172_32">
               <cell/>
               <cell>$1350 pr Month</cell>
               <cell/>
               <cell/>
               <cell/>
               <cell/>
            </row>
            <row xml:id="p172_33">
               <cell/>
               <cell>
                  <date when="1842-06-09">9</date>
               </cell>
               <cell/>
               <cell/>
               <cell/>
               <cell/>
            </row>
            <row xml:id="p172_34">
               <cell>522</cell>
               <cell><name type="person" ref="v">Stephen Bailey</name>
                  <choice rend="align(right)">
                     <abbr>D</abbr>
                     <expan>debtor</expan>
                  </choice></cell>
               <cell/>
               <cell/>
               <cell/>
               <cell/>
            </row>
            <row xml:id="p172_35">
               <cell/>
               <cell>
                  To <measure commodity="Vinegar" quantity="2" unit="quarts">2qts Vinegar</measure> 10x
               </cell>
               <cell/>
               <cell>
                  <measure commodity="currency" quantity="10" unit="cents">10</measure>
               </cell>
               <cell/>
               <cell/>
            </row>
            <row xml:id="p172_36">
               <cell/>
               <cell>
                  <date when="1842-06-28">28</date>
               </cell>
               <cell/>
               <cell/>
               <cell/>
               <cell/>
            </row>
            <row xml:id="p172_37">
               <cell>Settled</cell>
               <cell><name type="person" ref="v">Jesse New</name>
                  <choice rend="align(right)">
                     <abbr>D</abbr>
                     <expan>debtor</expan>
                  </choice></cell>
               <cell/>
               <cell/>
               <cell/>
               <cell/>
            </row>
            <row xml:id="p172_38">
               <cell/>
               <cell>
                  To <measure commodity="Corn" quantity="2" unit="bushels">two Buss Corn</measure>
               </cell>
               <cell/>
               <cell/>
               <cell/>
               <cell/>
            </row>
            <row xml:id="p172_39">
               <cell/>
               <cell>
                  " <measure commodity="Rye" quantity="1" unit="bushel">One " Rye</measure> 
               </cell>
               <cell/>
               <cell/>
               <cell/>
               <cell/>
            </row>
            <row xml:id="p172_40">
               <cell/>
               <cell>
                  <date when="1842-07-01">July 1st</date>
               </cell>
               <cell/>
               <cell/>
               <cell/>
               <cell/>
            </row>
            <row xml:id="p172_41">
               <cell>Settled</cell>
               <cell><name type="person" ref="v">Alexander Antony</name>
                  <choice rend="align(right)">
                     <abbr>D</abbr>
                     <expan>debtor</expan>
                  </choice></cell>
               <cell/>
               <cell/>
               <cell/>
               <cell/>
            </row>
            <row xml:id="p172_42">
               <cell/>
               <cell>
                  To <name type="account" ref="LMWcash">cash eight Dollars</name>
               </cell>
               <cell>
                  <measure commodity="currency" quantity="8" unit="dollars">8</measure>
               </cell>
               <cell>
                  <measure commodity="currency" quantity="00" unit="cents">00</measure>
               </cell>
               <cell/>
               <cell/>
            </row>
            <row xml:id="p172_43">
               <cell>516</cell>
               <cell><name type="person" ref="v">Mary A. Wrigley</name>
                  <choice rend="align(right)">
                     <abbr>D</abbr>
                     <expan>debtor</expan>
                  </choice></cell>
               <cell/>
               <cell/>
               <cell/>
               <cell/>
            </row>
            <row xml:id="p172_44">
               <cell/>
               <cell>
                  To <name type="account" ref="LMWcash"> cash </name>3/
               </cell>
               <cell/>
               <cell/>
               <cell/>
               <cell/>
            </row>
            <row xml:id="p172_45">
               <cell/>
               <cell>
                  <choice rend="align(right)">
                     <abbr>D</abbr>
                     <expan>debtor</expan>
                  </choice></cell>
               <cell/>
               <cell/>
               <cell/>
               <cell/>
            </row>
            <row xml:id="p172_46">
               <cell/>
               <cell>
                  " <name type="account" ref="LMWcash"> cash 9/ for Adelio</name>
               </cell>
               <cell>
                  <measure commodity="currency" quantity="2" unit="cents">2</measure>
               </cell>
               <cell>
                  <measure commodity="currency" quantity="00" unit="cents">00</measure>
               </cell>
               <cell/>
               <cell/>
            </row>
            <row xml:id="p172_47">
               <cell/>
               <cell>
                  <date when="1842-07-06">6</date>
               </cell>
               <cell/>
               <cell/>
               <cell/>
               <cell/>
            </row>
            <row xml:id="p172_48">
               <cell>522</cell>
               <cell><name type="person" ref="v">Stephen Bailey</name>
                  <choice rend="align(right)">
                     <abbr>Dr</abbr>
                     <expan>debtor</expan>
                  </choice></cell>
               <cell/>
               <cell/>
               <cell/>
               <cell/>
            </row>
            <row xml:id="p172_49">
               <cell/>
               <cell>
                  To <measure commodity="Shawl" quantity="1" unit="count"> Shawl</measure> 1.75. H Pd for Mrs. B. 6
               </cell>
               <cell/>
               <cell/>
               <cell/>
               <cell/>
            </row>
            <row xml:id="p172_50">
               <cell/>
               <cell>
                  To <measure commodity="Lace" quantity="1" unit="count">Lace</measure> 15x
               </cell>
               <cell>
                  <measure commodity="currency" quantity="2" unit="dollars">2</measure>
               </cell>
               <cell>
                  <measure commodity="currency" quantity="90" unit="cents">90</measure>
               </cell>
               <cell/>
               <cell/>
            </row>
            <row xml:id="p172_51">
               <cell/>
               <cell/>
               <cell/>
               <cell/>
               <cell/>
               <cell/>
            </row>
            <row xml:id="p172_52">
               <cell>516</cell>
               <cell><name type="person" ref="v">Mary A. Wrigley</name>
                  <choice rend="align(right)">
                     <abbr>Dr</abbr>
                     <expan>debtor</expan>
                  </choice></cell>
               <cell/>
               <cell/>
               <cell/>
               <cell/>
            </row>
            <row xml:id="p172_53">
               <cell/>
               <cell>
                  To <measure commodity="Calico" quantity="7" unit="yards">7 Yds Calico</measure> fr her Mother 1.75
               </cell>
               <cell/>
               <cell/>
               <cell/>
               <cell/>
            </row>
            <row xml:id="p172_54">
               <cell/>
               <cell>
                  " <measure commodity="Yarn" quantity="1.5" unit="yards">1 1/2 "  "18 3/4 Yarn</measure> 6 1/4x
               </cell>
               <cell>
                  <measure commodity="currency" quantity="2" unit="dollars">2</measure>
               </cell>
               <cell>
                  <measure commodity="currency" quantity="00" unit="cents">00</measure>
               </cell>
               <cell/>
               <cell/>
            </row>
            <row xml:id="p172_55">
               <cell/>
               <cell>
                  <date when="1842-07-10">10</date>
               </cell>
               <cell/>
               <cell/>
               <cell/>
               <cell/>
            </row>
            <row xml:id="p172_56">
               <cell>Settled</cell>
               <cell><name type="person" ref="v">Alexander Antony</name> 12/</cell>
               <cell>
                  <measure commodity="currency" quantity="2" unit="dollars">2</measure>
               </cell>
               <cell>
                  <measure commodity="currency" quantity="00" unit="cents">00</measure>
               </cell>
               <cell/>
               <cell/>
            </row>
            <row xml:id="p172_57">
               <cell/>
               <cell>To cash</cell>
               <cell/>
               <cell/>
               <cell/>
               <cell/>
            </row>
            <row xml:id="p172_58">
               <cell>522</cell>
               <cell><name type="person" ref="v">Stephen Bailey</name>
                  <choice rend="align(right)">
                     <abbr>D</abbr>
                     <expan>debtor</expan>
                  </choice></cell>
               <cell/>
               <cell/>
               <cell/>
               <cell/>
            </row>
            <row xml:id="p172_59">
               <cell/>
               <cell>
                  To <measure commodity="Beef" quantity="5.5" unit="pounds"> 5 1/2 lbs Beef</measure> 7
               </cell>
               <cell/>
               <cell>
                  <measure commodity="currency" quantity="38" unit="cents">38</measure>
               </cell>
               <cell/>
               <cell/>
            </row>
            <row xml:id="p172_60">
               <cell/>
               <cell/>
               <cell/>
               <cell/>
               <cell/>
               <cell/>
            </row>
            <row xml:id="p172_61">
               <cell>Settled</cell>
               <cell><name type="person" ref="v">Jesse New</name>
                  <choice rend="align(right)">
                     <abbr>D</abbr>
                     <expan>debtor</expan>
                  </choice></cell>
               <cell/>
               <cell/>
               <cell/>
               <cell/>
            </row>
            <row xml:id="p172_62">
               <cell>Settled</cell>
               <cell>
                  To <measure commodity="Salt Pork" quantity="10" unit="pounds">10 lbs Salt Pork</measure> 9x
               </cell>
               <cell/>
               <cell>
                  <measure commodity="currency" quantity="90" unit="cents">90</measure>
               </cell>
               <cell/>
               <cell/>
            </row>
            <row xml:id="p172_63">
               <cell/>
               <cell/>
               <cell/>
               <cell>
                  <measure commodity="currency" quantity="54" unit="cents">54</measure>
               </cell>
               <cell/>
               <cell/>
            </row>
            <row xml:id="p172_64">
               <cell/>
               <cell/>
               <cell/>
               <cell>
                  <measure commodity="currency" quantity="72" unit="cents">72</measure>
               </cell>
               <cell/>
               <cell/>
            </row>
         </table>
      </body>
   </text>
</TEI>
