<?xml version="1.0" encoding="UTF-8"?>
<?oxygen RNGSchema="http://www.tei-c.org/release/xml/tei/custom/schema/relaxng/tei_all.rng" type="xml"?>
<TEI xmlns="http://www.tei-c.org/ns/1.0">
    <teiHeader>
        <fileDesc>
            <titleStmt>
                <title>LMW Day Book, pp. 006-007</title>
                <author>L.M. Wheaton</author>
            </titleStmt>
            <publicationStmt>
                <p>Indication of work done and date, Wheaton College</p>
            </publicationStmt>
            <sourceDesc>
                <biblFull>
                    <titleStmt>
                        <title>Account Books, pp.006-007</title>
                        <author>L.M. Wheaton</author>
                        <respStmt>
                            <resp> TEI-compatible XML markup by <name type="person">Bill Funk</name>
                                with corrections by <name type="person">Name</name>, <name
                                    type="person">Name</name>, and <name type="person"
                                >Name</name>.</resp>
                            <name type="person">Name</name>
                        </respStmt>
                    </titleStmt>
                    <publicationStmt>
                        <p>First Transcription and 3/8/2016, Wheaton College</p>
                    </publicationStmt>
                    <sourceDesc>
                        <p> From the Marion B. Gebbie Archives and Special Collections at the
                            Madeleine Clark Wallace Library, Wheaton College </p>
                    </sourceDesc>
                </biblFull>
            </sourceDesc>
        </fileDesc>
    </teiHeader>
    <text>
        <body>
            <pb n="002"/>
            <fw type="pageNum">006</fw>
            <table xml:id="p001" cols="6">
                <head>Norton Saturday <date when="1829-04-18">April 18 1829</date></head>
                <row xml:id="p000_01">
                    <cell/>
                    <cell>
                        <name type="person" ref="name"/>
                        <choice rend="align(right)">
                            <abbr/>
                            <expan/>
                        </choice>
                    </cell>
                    <cell>$</cell>
                    <cell>cents</cell>
                    <cell>Sum $</cell>
                    <cell>Cts</cell>
                </row>
                <row xml:id="p000_02">
                    <cell>376</cell>
                    <cell><name type="person" ref="pers_WCDH565">John Smith</name></cell>
                    <cell/>
                    <cell/>
                    <cell/>
                    <cell/>
                </row>
                <row xml:id="p000_03">
                    <cell/>
                    <cell>To<measure quantity="1" unit="pint" commodity="N E Rum">1 pt N E Rum</measure></cell>
                    <cell/>
                    <cell/>
                    <cell/>
                    <cell><measure commodity="currency" quantity="13" unit="cents">13</measure></cell>
                </row>
                <row xml:id="p000_04">
                    <cell>367</cell>
                    <cell><name type="person" ref="pers_WCDH540">Holmes Richmond</name></cell>
                    <cell/>
                    <cell/>
                    <cell/>
                    <cell/>
                </row>
                <row xml:id="p000_05">
                    <cell/>
                    <cell>To<measure quantity="1" unit="pint" commodity="Gin">1 pt Gin</measure></cell>
                    <cell/>
                    <cell><measure commodity="currency" quantity="6" unit="cents">6</measure></cell>
                    <cell/>
                    <cell><measure commodity="currency" quantity="6" unit="cents">6</measure></cell>
                </row>
                <row>
                    <cell>372</cell>
                    <cell><name type="person" ref="pers_WCDH579">Amos Starkey</name></cell>
                    <cell/>
                    <cell/>
                    <cell/>
                    <cell/>
                </row>
                <row>
                    <cell/>
                    <cell>To<measure quantity="1" unit="pint" commodity="N E Rum">1 pt N E Rum</measure></cell>
                    <cell/>
                    <cell><measure commodity="currency" quantity="5" unit="cents">5</measure></cell>
                    <cell/>
                    <cell><measure commodity="currency" quantity="5" unit="cents">5</measure></cell>
                </row>
                <row>
                    <cell>338</cell>
                    <cell><name type="person" ref="pers_WCDH206">Alanson Bruce</name></cell>
                    <cell/>
                    <cell/>
                    <cell/>
                    <cell/>
                </row>
                <row>
                    <cell/>
                    <cell>To<measure quantity="1" unit="pint" commodity="N E Rum">1 pt N E Rum</measure></cell>
                    <cell/>
                    <cell><measure commodity="currency" quantity="5" unit="cents">5</measure></cell>
                    <cell/>
                    <cell><measure commodity="currency" quantity="5" unit="cents">5</measure></cell>
                </row>
                <row>
                    <cell>200</cell>
                    <cell><name type="person" ref="pers_WCDH483">Doct Samuel Morey</name></cell>
                    <cell/>
                    <cell/>
                    <cell/>
                    <cell/>
                </row>
                <row>
                    <cell/>
                    <cell>To<measure quantity=".5" unit="paper" commodity="pins">½ paper pins 6</measure></cell>
                    <cell/>
                    <cell><measure commodity="currency" quantity="6" unit="cents">6</measure></cell>
                    <cell/>
                    <cell/>
                </row>
                <row>
                    <cell/>
                    <cell>"<measure quantity="1" unit="pound" commodity="Loaf Sugar">1 lb L Sugar 20</measure></cell>
                    <cell/>
                    <cell><measure commodity="currency" quantity="20" unit="cents">20</measure></cell>
                    <cell/>
                    <cell/>
                </row>
                <row>
                    <cell/>
                    <cell>"<measure quantity="1/2" unit="pound" commodity="Snuff">½ lb Snuff</measure> 16</cell>
                    <cell/>
                    <cell><measure commodity="currency" quantity="16" unit="cents">16</measure></cell>
                    <cell/>
                    <cell/>
                </row>
                <row>
                    <cell/>
                    <cell>" <measure quantity="2" unit="Skains" commodity="Tkd">2 Skains Tkd</measure> 2</cell>
                    <cell/>
                    <cell><measure commodity="currency" quantity="2" unit="cents">2</measure></cell>
                    <cell/>
                    <cell/>
                </row>
                <row>
                    <cell/>
                    <cell>" <measure quantity="1" unit="pint" commodity="Brandy">1 pt Brandy</measure> 25</cell>
                    <cell/>
                    <cell><measure commodity="currency" quantity="69" unit="cents">69</measure></cell>
                    <cell><measure commodity="currency" quantity="1" unit="dollar">1</measure></cell>
                    <cell><measure commodity="currency" quantity="13" unit="cents">13</measure></cell>
                </row>
                <row>
                    <cell>41</cell>
                    <cell><name type="person" ref="pers_WCDH126">Thompson Tripp</name></cell>
                    <cell/>
                    <cell/>
                    <cell/>
                    <cell/>
                </row>
                <row>
                    <cell/>
                    <cell>To<measure quantity="1" unit="pair" commodity="Shoe Brushes">1 pr Shoe Brushes</measure></cell>
                    <cell/>
                    <cell><measure commodity="currency" quantity="25" unit="cents">25</measure></cell>
                    <cell/>
                    <cell/>
                </row>
                <row>
                    <cell/>
                    <cell>" <measure quantity="1" unit="Jug" commodity="Blacking">1 Jug Blacking</measure></cell>
                    <cell/>
                    <cell><measure commodity="currency" quantity="16" unit="cents">16</measure></cell>
                    <cell/>
                    <cell><measure commodity="currency" quantity="41" unit="cents">41</measure></cell>
                </row>
                <row>
                    <cell/>
                    <cell><date when="1829-04-20">20</date></cell>
                    <cell/>
                    <cell/>
                    <cell/>
                    <cell/>
                </row>
                <row>
                    <cell>368</cell>
                    <cell><name type="person" ref="pers_WCDH574">Timothy Smith</name></cell>
                    <cell/>
                    <cell/>
                    <cell/>
                    <cell/>
                </row>
                <row>
                    <cell/>
                    <cell>To<measure quantity="1" unit="Bushell" commodity="Beef">1 BU Mass Beef</measure> 12~~</cell>
                    <cell/>
                    <cell/>
                    <cell/>
                    <cell/>
                </row>
                <row>
                    <cell/>
                    <cell>" <measure quantity="1" unit="bushell" commodity="pork">1 do do Pork</measure> 1450</cell>
                    <cell/>
                    <cell/>
                    <cell><measure commodity="currency" quantity="26" unit="dollars">26</measure></cell>
                    <cell><measure commodity="currency" quantity="50" unit="cents">50</measure></cell>
                </row>
                <row>
                    <cell>108</cell>
                    <cell><name type="person" ref="pers_WCDH419">George Lane</name></cell>
                    <cell/>
                    <cell/>
                    <cell/>
                    <cell/>
                </row>
                <row>
                    <cell/>
                    <cell>By Carting 1600 from Providence</cell>
                    <cell><measure commodity="currency" quantity="2" unit="dollars">2</measure></cell>
                    <cell><measure commodity="currency" quantity="00" unit="cents">00</measure></cell>
                    <cell/>
                    <cell/>
                </row>
                <row>
                    <cell>375</cell>
                    <cell><name type="person" ref="pers_WCDH647">Laban Wheaton</name></cell>
                    <cell/>
                    <cell/>
                    <cell/>
                    <cell/>
                </row>
                <row>
                    <cell/>
                    <cell>To<measure quantity="1/4" unit="pound" commodity="saleratus">¼ lb Saleratus</measure></cell>
                    <cell/>
                    <cell><measure commodity="currency" quantity="4" unit="cents">4</measure></cell>
                    <cell/>
                    <cell><measure commodity="currency" quantity="4" unit="cents">4</measure></cell>
                </row>
                <row>
                    <cell>354</cell>
                    <cell><name type="person" ref="pers_WCDH427">Charles Leonard</name></cell>
                    <cell/>
                    <cell/>
                    <cell/>
                    <cell/>
                </row>
                <row>
                    <cell/>
                    <cell>To<measure quantity="1" unit="hand" commodity="Tobacco">1 H Tobacco</measure></cell>
                    <cell/>
                    <cell><measure commodity="currency" quantity="3" unit="cents">3</measure></cell>
                    <cell/>
                    <cell><measure commodity="currency" quantity="3" unit="cents">3</measure></cell>
                </row>
                <row>
                    <cell>375</cell>
                    <cell><name type="person" ref="pers_WCDH647">Laban Wheaton</name></cell>
                    <cell/>
                    <cell/>
                    <cell/>
                    <cell/>
                </row>
                <row>
                    <cell/>
                    <cell>To <measure quantity="1" unit="quart" commodity="best Rum">1 qt best Rum</measure></cell>
                    <cell/>
                    <cell><measure commodity="currency" quantity="25" unit="cents">25</measure></cell>
                    <cell/>
                    <cell/>
                </row>
                <row>
                    <cell/>
                    <cell>"<measure quantity="1" unit="quart" commodity="N E Rum">1 qt N E Rum</measure></cell>
                    <cell/>
                    <cell><measure commodity="currency" quantity="11" unit="cents">11</measure></cell>
                    <cell/>
                    <cell><measure commodity="currency" quantity="36" unit="cents">36</measure></cell>
                </row>
                <row>
                    <cell>On Bill</cell>
                    <cell>Robert Bangs</cell>
                    <cell/>
                    <cell/>
                    <cell/>
                    <cell/>
                </row>
                <row>
                    <cell/>
                    <cell>To<measure quantity="1" unit="pint" commodity="N E Rum">1 pt N E Rum</measure></cell>
                    <cell/>
                    <cell><measure commodity="currency" quantity="6" unit="cents">6</measure></cell>
                    <cell/>
                    <cell><measure commodity="currency" quantity="6" unit="cents">6</measure></cell>
                </row>
                <row>
                    <cell>367</cell>
                    <cell><name type="person" ref="pers_WCDH540">Holmes Richmond</name></cell>
                    <cell/>
                    <cell/>
                    <cell/>
                    <cell/>
                </row>
                <row>
                    <cell/>
                    <cell>To Cash Dld D Williams</cell>
                    <cell/>
                    <cell><measure commodity="currency" quantity="25" unit="cents">25</measure></cell>
                    <cell/>
                    <cell><measure commodity="currency" quantity="25" unit="cents">25</measure></cell>
                </row>
                <row>
                    <cell>368</cell>
                    <cell><name type="person" ref="pers_WCDH574">Timothy Smith</name></cell>
                    <cell/>
                    <cell/>
                    <cell/>
                    <cell/>
                </row>
                <row>
                    <cell/>
                    <cell>To <measure quantity="5" unit="yards" commodity="calica">5 yds Calica</measure> Dld Anne M Bonney</cell>
                    <cell/>
                    <cell/>
                    <cell><measure commodity="currency" quantity="1" unit="dollar">1</measure></cell>
                    <cell>~~</cell>
                </row>
                <row>
                    <cell>Settled</cell>
                    <cell>Anne S Britton</cell>
                    <cell/>
                    <cell/>
                    <cell/>
                    <cell/>
                </row>
                <row>
                    <cell>Settled</cell>
                    <cell>To <measure quantity="5" unit="yards" commodity="calica">5 yds Calica</measure></cell>
                    <cell><!-- crossed out --></cell>
                    <cell/>
                    <cell/>
                    <cell/>
                </row>
                <row>
                    <cell/>
                    <cell>" <measure quantity="3/4" unit="yards" commodity="shirting">¾ yr Shirting</measure></cell>
                    <cell/>
                    <cell><!-- crossed out --></cell>
                    <cell><!-- crossed out --></cell>
                    <cell><!-- crossed out --></cell>
                </row>
                <row>
                    <cell>25</cell>
                    <cell><name type="person" ref="pers_WCDH261">Thomas Danforth Esquire</name></cell>
                    <cell/>
                    <cell/>
                    <cell/>
                    <cell/>
                </row>
                <row>
                    <cell/>
                    <cell>To<measure quantity="1" unit="quarts" commodity="gin">1 qt Gin</measure></cell>
                    <cell/>
                    <cell><measure commodity="currency" quantity="12" unit="cents">12</measure></cell>
                    <cell/>
                    <cell><measure commodity="currency" quantity="12" unit="cents">12</measure></cell>
                </row>
                <row>
                    <cell>339</cell>
                    <cell><name type="person" ref="pers_WCDH428">Cromwell Leonard</name></cell>
                    <cell/>
                    <cell/>
                    <cell/>
                    <cell/>
                </row>
                <row>
                    <cell/>
                    <cell>To <measure quantity="2" unit="quarts" commodity="N E Rum">2 qts N E Rum</measure></cell>
                    <cell/>
                    <cell><measure commodity="currency" quantity="20" unit="cents">20</measure></cell>
                    <cell/>
                    <cell><measure commodity="currency" quantity="20" unit="cents">20</measure></cell>
                </row>
                <row>
                    <cell/>
                    <cell><date when=" 1829-04-21">21</date></cell>
                    <cell/>
                    <cell/>
                    <cell/>
                    <cell/>
                </row>
                <row>
                    <cell>41</cell>
                    <cell><name type="person" ref="pers_WCDH126">Thompson Tripp</name></cell>
                    <cell/>
                    <cell/>
                    <cell/>
                    <cell/>
                </row>
                <row>
                    <cell/>
                    <cell>To cash</cell>
                    <cell><measure commodity="currency" quantity="1" unit="dollar">1</measure></cell>
                    <cell>~~</cell>
                    <cell><measure commodity="currency" quantity="1" unit="dollar">1</measure></cell>
                    <cell>~~</cell>
                </row>
            </table>
            <pb n="002"/>
            <fw type="pageNum">007</fw>
            <table xml:id="p003" cols="6">
                <head>Norton Tuesday<date when="1829-04-21">April-21- 1829</date></head>
                <row xml:id="p000_06">
                    <cell/>
                    <cell>
                        <name type="person" ref="name"/>
                        <choice rend="align(right)">
                            <abbr/>
                            <expan/>
                        </choice>
                    </cell>
                    <cell>$</cell>
                    <cell>cents</cell>
                    <cell>Sum $</cell>
                    <cell>Cts</cell>
                </row>
                <row xml:id="p000_07">
                    <cell>339</cell>
                    <cell><name type="person" ref="pers_WCDH428">Cromwell Leonard</name></cell>
                    <cell/>
                    <cell/>
                    <cell/>
                    <cell/>
                </row>
                <row xml:id="p000_08">
                    <cell/>
                    <cell>To <measure quantity=".5" unit="hand" commodity="Tobacco">.5 H Tobacco</measure></cell>
                    <cell/>
                    <cell><measure commodity="currency" quantity="10" unit="cents">10</measure></cell>
                    <cell/>
                    <cell><measure commodity="currency" quantity="10" unit="cents">10</measure></cell>
                </row>
                <row xml:id="p000_09">
                    <cell>376</cell>
                    <cell><name type="person" ref="pers_WCDH565">John Smith</name></cell>
                    <cell/>
                    <cell/>
                    <cell/>
                    <cell/>
                </row>
                <row xml:id="p000_10">
                    <cell/>
                    <cell>To<measure quantity="1/4" unit="pound" commodity="pepper">¼ lb Pepper</measure></cell>
                    <cell/>
                    <cell><measure commodity="currency" quantity="10" unit="cents">10</measure></cell>
                    <cell/>
                    <cell><measure commodity="currency" quantity="10" unit="cents">10</measure></cell>
                </row>
                <row>
                    <cell>Settled</cell>
                    <cell>George W Willey</cell>
                    <cell/>
                    <cell/>
                    <cell/>
                    <cell/>
                </row>
                <row>
                    <cell/>
                    <cell>To cash</cell>
                    <cell/>
                    <cell><measure commodity="currency" quantity="25" unit="cents">25</measure></cell>
                    <cell/>
                    <cell/>
                </row>
                <row>
                    <cell/>
                    <cell>" pd<name type="person" ref="pers_WCDH649">Wheaton Wheeler</name></cell>
                    <cell/>
                    <cell><measure commodity="currency" quantity="25" unit="cents">25</measure></cell>
                    <cell/>
                    <cell><measure commodity="currency" quantity="50" unit="cents">50</measure></cell>
                </row>
                <row>
                    <cell>375</cell>
                    <cell><name type="person" ref="pers_WCDH647">Laban Wheaton</name></cell>
                    <cell/>
                    <cell/>
                    <cell/>
                    <cell/>
                </row>
                <row>
                    <cell/>
                    <cell>To <measure quantity="1/2" unit="Bushell" commodity="Fine Tass Seed">½ Bushell fine Tass Seed</measure></cell>
                    <cell/>
                    <cell><measure commodity="currency" quantity="63" unit="cents">63</measure></cell>
                    <cell/>
                    <cell><measure commodity="currency" quantity="63" unit="cents">63</measure></cell>
                </row>
                <row>
                    <cell>99</cell>
                    <cell><name type="person" ref="pers_WCDH562">Capt Daniel Smith</name></cell>
                    <cell/>
                    <cell/>
                    <cell/>
                    <cell/>
                </row>
                <row>
                    <cell/>
                    <cell>By <measure quantity="1/2" unit="Bushell" commodity="Fine Tass Seed">½ Bushell fine Tass Seed</measure></cell>
                    <cell/>
                    <cell><measure commodity="currency" quantity="63" unit="cents">63</measure></cell>
                    <cell/>
                    <cell/>
                </row>
                <row>
                    <cell/>
                    <cell>½ do ½ peck</cell>
                    <cell/>
                    <cell/>
                    <cell/>
                    <cell/>
                </row>
                <row>
                    <cell>On Bill </cell>
                    <cell>Robert Bangs</cell>
                    <cell/>
                    <cell/>
                    <cell/>
                    <cell/>
                </row>
                <row>
                    <cell/>
                    <cell>To <measure quantity="1" unit="pint" commodity="Gin">1 pt Gin</measure></cell>
                    <cell/>
                    <cell><measure commodity="currency" quantity="6" unit="cents">6</measure></cell>
                    <cell/>
                    <cell><measure commodity="currency" quantity="6" unit="cents">6</measure></cell>
                </row>
                <row>
                    <cell/>
                    <cell><date when="1829-04-22">22</date></cell>
                    <cell/>
                    <cell/>
                    <cell/>
                    <cell/>
                </row>
                <row>
                    <cell>339</cell>
                    <cell><name type="person" ref="pers_WCDH428">Cromwell Leonard</name></cell>
                    <cell/>
                    <cell/>
                    <cell/>
                    <cell/>
                </row>
                <row>
                    <cell/>
                    <cell>To<measure quantity="1" unit="peck" commodity="salt">1 peck Salt</measure>          25</cell>
                    <cell/>
                    <cell><measure commodity="currency" quantity="25" unit="cents">25</measure></cell>
                    <cell/>
                    <cell><measure commodity="currency" quantity="25" unit="cents">25</measure></cell>
                </row>
                <row>
                    <cell>367</cell>
                    <cell><name type="person" ref="pers_WCDH540">Holmes Richmond</name></cell>
                    <cell/>
                    <cell/>
                    <cell/>
                    <cell/>
                </row>
                <row>
                    <cell/>
                    <cell>To <measure quantity="1" unit="pint" commodity="Gin">1 pt Gin</measure></cell>
                    <cell/>
                    <cell><measure commodity="currency" quantity="6" unit="cents">6</measure></cell>
                    <cell/>
                    <cell><measure commodity="currency" quantity="6" unit="cents">6</measure></cell>
                </row>
                <row>
                    <cell>On Bill</cell>
                    <cell>Robert Bangs</cell>
                    <cell/>
                    <cell/>
                    <cell/>
                    <cell/>
                </row>
                <row>
                    <cell/>
                    <cell>To <measure quantity="1" unit="pint" commodity="Gin">1 pt Gin</measure></cell>
                    <cell/>
                    <cell><measure commodity="currency" quantity="6" unit="cents">6</measure></cell>
                    <cell/>
                    <cell><measure commodity="currency" quantity="6" unit="cents">6</measure></cell>
                </row>
                <row>
                    <cell>367</cell>
                    <cell><name type="person" ref="pers_WCDH540">Holmes Richmond</name></cell>
                    <cell/>
                    <cell/>
                    <cell/>
                    <cell/>
                </row>
                <row>
                    <cell/>
                    <cell>To<measure quantity="1" unit="hand" commodity="Tobacco">1 H Tobacco</measure></cell>
                    <cell/>
                    <cell><measure commodity="currency" quantity="2" unit="cents">2</measure></cell>
                    <cell/>
                    <cell><measure commodity="currency" quantity="2" unit="cents">2</measure></cell>
                </row>
                <row>
                    <cell>200</cell>
                    <cell><name type="person" ref="pers_WCDH483">Doct Samuel Morey</name></cell>
                    <cell/>
                    <cell/>
                    <cell/>
                    <cell/>
                </row>
                <row>
                    <cell/>
                    <cell>To <measure quantity="1" unit="pint" commodity="Brandy">1 pt Brandy</measure></cell>
                    <cell/>
                    <cell><measure commodity="currency" quantity="25" unit="cents">25</measure></cell>
                    <cell/>
                    <cell/>
                </row>
                <row>
                    <cell/>
                    <cell>" <measure quantity="2" unit="pound" commodity="coffee">2 lb  Coffee</measure>      18c</cell>
                    <cell/>
                    <cell><measure commodity="currency" quantity="36" unit="cents">36</measure></cell>
                    <cell/>
                    <cell/>
                </row>
                <row>
                    <cell/>
                    <cell>"<measure quantity="1/4" unit="pounds" commodity="H Tea">¼ lb H Tea</measure></cell>
                    <cell/>
                    <cell><measure commodity="currency" quantity="25" unit="cents">25</measure></cell>
                    <cell/>
                    <cell/>
                </row>
                <row>
                    <cell/>
                    <cell>" <measure quantity="1" unit="pair" commodity="shoes">1 pr Shoes</measure></cell>
                    <cell><measure commodity="currency" quantity="1" unit="dollar">1</measure></cell>
                    <cell><measure commodity="currency" quantity="25" unit="cents">25</measure></cell>
                    <cell><measure commodity="currency" quantity="2" unit="dollars">2</measure></cell>
                    <cell><measure commodity="currency" quantity="11" unit="cents">11</measure></cell>
                </row>
                <row>
                    <cell/>
                    <cell><date when="1829-04-23">23</date></cell>
                    <cell/>
                    <cell/>
                    <cell/>
                    <cell/>
                </row>
                <row>
                    <cell>367</cell>
                    <cell><name type="person" ref="pers_WCDH540">Holmes Richmond</name></cell>
                    <cell/>
                    <cell/>
                    <cell/>
                    <cell/>
                </row>
                <row>
                    <cell/>
                    <cell>To <measure quantity="1" unit="pint" commodity="Gin">1 pt Gin</measure></cell>
                    <cell/>
                    <cell><measure commodity="currency" quantity="6" unit="cents">6</measure></cell>
                    <cell/>
                    <cell><measure commodity="currency" quantity="6" unit="cents">6</measure></cell>
                </row>
                <row>
                    <cell>On Bill</cell>
                    <cell>Robert Bangs</cell>
                    <cell/>
                    <cell/>
                    <cell/>
                    <cell/>
                </row>
                <row>
                    <cell/>
                    <cell>To <measure quantity="1" unit="pint" commodity="Gin">1 pt Gin</measure></cell>
                    <cell/>
                    <cell><measure commodity="currency" quantity="6" unit="cents">6</measure></cell>
                    <cell/>
                    <cell><measure commodity="currency" quantity="6" unit="cents">6</measure></cell>
                </row>
                <row>
                    <cell>359</cell>
                    <cell><name type="person" ref="pers_WCDH427">Charles Leonard</name></cell>
                    <cell/>
                    <cell/>
                    <cell/>
                    <cell/>
                </row>
                <row>
                    <cell/>
                    <cell>To<measure quantity="1" unit="hand" commodity="Tobacco">1 H Tobacco</measure></cell>
                    <cell/>
                    <cell><measure commodity="currency" quantity="3" unit="cents">3</measure></cell>
                    <cell/>
                    <cell><measure commodity="currency" quantity="3" unit="cents">3</measure></cell>
                </row>
                <row>
                    <cell>367</cell>
                    <cell><name type="person" ref="pers_WCDH540">Holmes Richmond</name></cell>
                    <cell/>
                    <cell/>
                    <cell/>
                    <cell/>
                </row>
                <row>
                    <cell/>
                    <cell>To <measure quantity="1" unit="pair" commodity="shoes">1 pr Shoes</measure></cell>
                    <cell><measure commodity="currency" quantity="1" unit="dollar">1</measure></cell>
                    <cell><measure commodity="currency" quantity="25" unit="cents">25</measure></cell>
                    <cell><measure commodity="currency" quantity="1" unit="dollar">1</measure></cell>
                    <cell><measure commodity="currency" quantity="25" unit="cents">25</measure></cell>
                </row>
                <row>
                    <cell>370</cell>
                    <cell>Peter Leirhman</cell>
                    <cell/>
                    <cell/>
                    <cell/>
                    <cell/>
                </row>
                <row>
                    <cell/>
                    <cell>To <measure quantity="3/4" unit="yards" commodity="padding">¾ yr Padding</measure></cell>
                    <cell/>
                    <cell><measure commodity="currency" quantity="50" unit="cents">50</measure></cell>
                    <cell/>
                    <cell/>
                </row>
                <row>
                    <cell/>
                    <cell>" <measure quantity="1" unit="pound" commodity="soap">1 lb soap</measure></cell>
                    <cell/>
                    <cell><measure commodity="currency" quantity="12" unit="cents">12</measure></cell>
                    <cell/>
                    <cell><measure commodity="currency" quantity="62" unit="cents">62</measure></cell>
                </row>
                <row>
                    <cell>372</cell>
                    <cell><name type="person" ref="pers_WCDH579">Amos Starkey</name></cell>
                    <cell/>
                    <cell/>
                    <cell/>
                    <cell/>
                </row>
                <row>
                    <cell/>
                    <cell>To<measure quantity="1" unit="pint" commodity="N E Rum">1 pt N E Rum</measure></cell>
                    <cell/>
                    <cell><measure commodity="currency" quantity="5" unit="cents">5</measure></cell>
                    <cell/>
                    <cell><measure commodity="currency" quantity="5" unit="cents">5</measure></cell>
                </row>
                <row>
                    <cell>76</cell>
                    <cell><name type="person" ref="pers_WCDH478">Oliver Messenger</name></cell>
                    <cell/>
                    <cell/>
                    <cell/>
                    <cell/>
                </row>
                <row>
                    <cell/>
                    <cell><measure quantity="1" unit="pair" commodity="shoes">1 pr Shoes</measure></cell>
                    <cell><measure commodity="currency" quantity="1" unit="dollar">1</measure></cell>
                    <cell><measure commodity="currency" quantity="25" unit="cents">25</measure></cell>
                    <cell><measure commodity="currency" quantity="1" unit="dollar">1</measure></cell>
                    <cell><measure commodity="currency" quantity="25" unit="cents">25</measure></cell>
                </row>
                <row>
                    <cell>367</cell>
                    <cell><name type="person" ref="pers_WCDH540">Holmes Richmond</name></cell>
                    <cell/>
                    <cell/>
                    <cell/>
                    <cell/>
                </row>
                <row>
                    <cell> </cell>
                    <cell> To <measure quantity="1" unit="pint" commodity="Gin">1 pt Gin</measure></cell>
                    <cell> </cell>
                    <cell><measure commodity="currency" quantity="6" unit="cents">6</measure></cell>
                    <cell> </cell>
                    <cell><measure commodity="currency" quantity="6" unit="cents">6</measure></cell>
                </row>
            </table>
        </body>
    </text>
</TEI>