<?xml version="1.0" encoding="UTF-8"?>
<?oxygen RNGSchema="http://www.tei-c.org/release/xml/tei/custom/schema/relaxng/tei_all.rng" type="xml"?>
<TEI xmlns="http://www.tei-c.org/ns/1.0">
 <teiHeader>
  <fileDesc>
   <titleStmt>
    <title>LMW Day Book, pp. 000-001</title>
    <author>L.M. Wheaton</author>
   </titleStmt>
   <publicationStmt>
    <p>Indication of work done and date, Wheaton College</p>
   </publicationStmt>
   <sourceDesc>
    <biblFull>
     <titleStmt>
      <title>Account Books, pp.000-001</title>
      <author>L.M. Wheaton</author>
      <respStmt>
       <resp> TEI-compatible XML markup by <name type="person">Bill Funk</name> with corrections by
         <name type="person">Name</name>, <name type="person">Name</name>, and <name type="person"
         >Name</name>.</resp>
       <name type="person">Name</name>
      </respStmt>
     </titleStmt>
     <publicationStmt>
      <p>First Transcription and 3/8/2016, Wheaton College</p>
     </publicationStmt>
     <sourceDesc>
      <p> From the Marion B. Gebbie Archives and Special Collections at the Madeleine Clark Wallace
       Library, Wheaton College </p>
     </sourceDesc>
    </biblFull>
   </sourceDesc>
  </fileDesc>
 </teiHeader>
 <text>
  <body>
   <pb n="000"/>
   <fw type="pageNum">000</fw>
   <table xml:id="p000" cols="6">
    <head><date> </date></head>
    <row xml:id="p000_01">
     <cell/>
     <cell>
      <name type="person" ref="name"/>
      <choice rend="align(right)">
       <abbr/>
       <expan/>
      </choice>
     </cell>
     <cell>$</cell>
     <cell>cents</cell>
     <cell>Sum $</cell>
     <cell>Cts</cell>
    </row>
   </table>
   <pb n="001"/>
   <fw type="pageNum">001</fw>
   <table xml:id="p001" cols="6">
    <head>Monday<date> <date when="1828-09-15">September-15th-1828</date></date></head>
    <row xml:id="p000_02">
     <cell/>
     <cell>
      <name type="person" ref="name"/>
      <choice rend="align(right)">
       <abbr/>
       <expan/>
      </choice>
     </cell>
     <cell>$</cell>
     <cell>cents</cell>
     <cell>Sum $</cell>
     <cell>Cts</cell>
    </row>
    <row xml:id="p000_03">
     <cell/>
     <cell><name type="person" ref="pers_WCDH276">Derius Drake <!-- crossed out --></name></cell>
     <cell/>
     <cell/>
     <cell/>
     <cell/>
    </row>
    <row xml:id="p000_04">
     <cell/>
     <cell>To ax dlvd By Puffer 9/1<!--crossed out--></cell>
     <cell><measure commodity="currency" quantity="1" unit="dollars">1</measure></cell>
     <cell><measure commodity="currency" quantity="50" unit="cents">50</measure></cell>
     <cell/>
     <cell/>
    </row>
    <row xml:id="p000_05">
     <cell>Settled</cell>
     <cell>By cutting two sticks <!--crossed out-->
     </cell>
     <cell/>
     <cell/>
     <cell/>
     <cell/>
    </row>
    <row xml:id="p000_06">
     <cell>109</cell>
     <cell><name type="person" ref="pers_WCDH524">Pliny Puffer</name></cell>
     <cell/>
     <cell/>
     <cell/>
     <cell/>
    </row>
    <row>
     <cell> </cell>
     <cell>By 1 ax dlv.d. Drake 9/</cell>
     <cell><measure commodity="currency" quantity="1" unit="dollars">1</measure></cell>
     <cell><measure commodity="currency" quantity="50" unit="cents">50</measure></cell>
     <cell> </cell>
     <cell> </cell>
    </row>
    <row>
     <cell>342 </cell>
     <cell><name type="person" ref="pers_WCDH255">Asa Danforth</name></cell>
     <cell> </cell>
     <cell> </cell>
     <cell> </cell>
     <cell> </cell>
    </row>
    <row>
     <cell> </cell>
     <cell> By drawing two logs from Rogers</cell>
     <cell> </cell>
     <cell> </cell>
     <cell> </cell>
     <cell> </cell>
    </row>
    <row>
     <cell/>
     <cell><date when="1828-09-22">Monday Sept. 22d 1828</date></cell>
     <cell> </cell>
     <cell> </cell>
     <cell> </cell>
     <cell> </cell>
    </row>
    <row>
     <cell> 342</cell>
     <cell><name type="person" ref="pers_WCDH255">Asa Danforth</name></cell>
     <cell> </cell>
     <cell> </cell>
     <cell> </cell>
     <cell> </cell>
    </row>
    <row>
     <cell> </cell>
     <cell> By <measure quantity="1" unit="Days" commodity="work">1 Days work</measure> with oxen, wheels, &amp;</cell>
     <cell> </cell>
     <cell> </cell>
     <cell> </cell>
     <cell> </cell>
    </row>
    <row>
     <cell> </cell>
     <cell><measure quantity="1/2" unit="days" commodity="work">" ½ do. do.</measure></cell>
     <cell> </cell>
     <cell> </cell>
     <cell> </cell>
     <cell> </cell>
    </row>
    <row>
     <cell> Settled <!--crossed out--></cell>
     <cell><name type="person" ref="pers_WCDH276">Derius Drake<!-- crossed out --></name></cell>
     <cell> </cell>
     <cell> </cell>
     <cell> </cell>
     <cell> </cell>
    </row>
    <row>
     <cell> </cell>
     <cell> To order upon T. Smith for 3/<!--crossed out--></cell>
     <cell> </cell>
     <cell> <measure commodity="currency" quantity="50" unit="cents">50<!--crossed out--></measure></cell>
     <cell> </cell>
     <cell> </cell>
    </row>
    <row>
     <cell> </cell>
     <cell> "<!--crossed out--></cell>
     <cell> </cell>
     <cell> </cell>
     <cell> </cell>
     <cell> </cell>
    </row>
    <row>
     <cell> </cell>
     <cell> By<measure quantity="1" unit="Days" commodity="work">1 Days work<!--crossed out--></measure></cell>
     <cell> </cell>
     <cell> </cell>
     <cell> </cell>
     <cell> </cell>
    </row>
    <row>
     <cell> </cell>
     <cell><measure quantity="1/2" unit="days" commodity="work">" ½ do.<!--crossed out--></measure></cell>
     <cell> </cell>
     <cell> </cell>
     <cell> </cell>
     <cell> </cell>
    </row>
    <row>
     <cell> </cell>
     <cell><date when="1828-10-03">October 3d 1828</date></cell>
     <cell> </cell>
     <cell> </cell>
     <cell> </cell>
     <cell> </cell>
    </row>
    <row>
     <cell> 25</cell>
     <cell><name type="person" ref="pers_WCDH260">Thomas Danforth 2d</name></cell>
     <cell> </cell>
     <cell> </cell>
     <cell> </cell>
     <cell> </cell>
    </row>
    <row>
     <cell> </cell>
     <cell>To<measure quantity="1" unit="pound" commodity="nails">1 lb. 4d Cut Nails          .8</measure></cell>
     <cell> </cell>
     <cell> </cell>
     <cell> </cell>
     <cell> </cell>
    </row>
    <row>
     <cell> </cell>
     <cell> " <measure quantity="1" unit="bushel" commodity="rye">1 Buss. Rye 90t          90</measure></cell>
     <cell> </cell>
     <cell> <measure commodity="currency" quantity="98" unit="cents">98</measure></cell>
     <cell> </cell>
     <cell> </cell>
    </row>
    <row>
     <cell>Settled  </cell>
     <cell>Nathaniel Lincoln</cell>
     <cell> </cell>
     <cell> </cell>
     <cell> </cell>
     <cell> </cell>
    </row>
    <row>
     <cell> </cell>
     <cell> To cash 8/</cell>
     <cell> </cell>
     <cell> <measure commodity="currency" quantity="50" unit="cents">50</measure></cell>
     <cell> </cell>
     <cell> </cell>
    </row>
    <row>
     <cell> 342</cell>
     <cell><name type="person" ref="pers_WCDH255">Asa Danforth</name></cell>
     <cell> </cell>
     <cell> </cell>
     <cell> </cell>
     <cell> </cell>
    </row>
    <row>
     <cell> </cell>
     <cell> By drawing two sticks from Mss Bowend</cell>
     <cell> </cell>
     <cell> </cell>
     <cell> </cell>
     <cell> </cell>
    </row>
    <row>
     <cell> </cell>
     <cell><date when="1828-10-04">4.</date></cell>
     <cell> </cell>
     <cell> </cell>
     <cell> </cell>
     <cell> </cell>
    </row>
    <row>
     <cell> 139</cell>
     <cell><name type="person" ref="pers_WCDH264">John Deane</name></cell>
     <cell> </cell>
     <cell> </cell>
     <cell> </cell>
     <cell> </cell>
    </row>
    <row>
     <cell> </cell>
     <cell> To cash 6/</cell>
     <cell><measure commodity="currency" quantity="1" unit="dollars">1</measure></cell>
     <cell><measure commodity="currency" quantity="00" unit="cents">00</measure></cell>
     <cell> </cell>
     <cell> </cell>
    </row>
    <row>
     <cell> </cell>
     <cell><date when="1828-10-07">7</date></cell>
     <cell> </cell>
     <cell> </cell>
     <cell> </cell>
     <cell> </cell>
    </row>
    <row>
     <cell> 126</cell>
     <cell><name type="person" ref="pers_WCDH509">Ms Fanny Perry</name></cell>
     <cell> </cell>
     <cell> </cell>
     <cell> </cell>
     <cell> </cell>
    </row>
    <row>
     <cell> </cell>
     <cell> To<measure quantity="1" unit="count" commodity="Crane">1 Crane</measure></cell>
     <cell> </cell>
     <cell> </cell>
     <cell> </cell>
     <cell> </cell>
    </row>
    <row>
     <cell> </cell>
     <cell><measure quantity="1" unit="count" commodity="Stove">" 1 Stove         12.50</measure></cell>
     <cell> </cell>
     <cell> </cell>
     <cell> </cell>
     <cell> </cell>
    </row>
    <row>
     <cell> </cell>
     <cell><date when="1828-10-21">21</date></cell>
     <cell> </cell>
     <cell> </cell>
     <cell> </cell>
     <cell> </cell>
    </row>
    <row>
     <cell>  Settled</cell>
     <cell>Amos Wilham  </cell>
     <cell> </cell>
     <cell> </cell>
     <cell> </cell>
     <cell> </cell>
    </row>
    <row>
     <cell> </cell>
     <cell> By work from this day</cell>
     <cell> </cell>
     <cell> </cell>
     <cell> </cell>
     <cell> </cell>
    </row>
    <row>
     <cell>Settled </cell>
     <cell> To an order upon D. Bates for 3/      .50</cell>
     <cell> </cell>
     <cell> </cell>
     <cell> </cell>
     <cell> </cell>
    </row>
    <row>
     <cell> </cell>
     <cell> " upon T. Smith 8/          1.34</cell>
     <cell> </cell>
     <cell> </cell>
     <cell> </cell>
     <cell> </cell>
    </row>
    <row>
     <cell> </cell>
     <cell> "<measure quantity="1/2" unit="bushel" commodity="rye">½ Buss. Rye          50</measure></cell>
     <cell> </cell>
     <cell> </cell>
     <cell> </cell>
     <cell> </cell>
    </row>
    <row>
     <cell> Settled</cell>
     <cell><name type="person" ref="pers_WCDH230">Oliver Clapp</name></cell>
     <cell> </cell>
     <cell> </cell>
     <cell> </cell>
     <cell> </cell>
    </row>
    <row>
     <cell> </cell>
     <cell> By work from Oct. 14th 1828 16 Days</cell>
     <cell><measure commodity="currency" quantity="16" unit="dollars">16</measure></cell>
     <cell><measure commodity="currency" quantity="00" unit="cents">00</measure></cell>
     <cell> </cell>
     <cell> </cell>
    </row>
    <row>
     <cell> 369</cell>
     <cell><name type="person" ref="pers_WCDH540">Holmes Richmond</name></cell>
     <cell> </cell>
     <cell> </cell>
     <cell> </cell>
     <cell> </cell>
    </row>
    <row>
     <cell> </cell>
     <cell> To<measure quantity="1" unit="count" commodity="Heiffer">a Heiffer</measure>  &amp;<measure quantity="1" unit="count" commodity="calf">Calf</measure></cell>
     <cell><measure commodity="currency" quantity="20" unit="dollars">20</measure></cell>
     <cell><measure commodity="currency" quantity="00" unit="cents">00</measure></cell>
     <cell> </cell>
     <cell> </cell>
    </row>
    <row>
     <cell>100  </cell>
     <cell><name type="person" ref="pers_WCDH656">Earl O White</name></cell>
     <cell> </cell>
     <cell> </cell>
     <cell> </cell>
     <cell> </cell>
    </row>
    <row>
     <cell> </cell>
     <cell> To Cash lent 6/</cell>
     <cell><measure commodity="currency" quantity="1" unit="dollars">1</measure></cell>
     <cell><measure commodity="currency" quantity="00" unit="cents">00</measure></cell>
     <cell> </cell>
     <cell> </cell>
    </row>
    <row>
     <cell> </cell>
     <cell><date when="1828-10-27">27</date></cell>
     <cell> </cell>
     <cell> </cell>
     <cell> </cell>
     <cell> </cell>
    </row>
    <row>
     <cell>139</cell>
     <cell><name type="person" ref="pers_WCDH264">John Deane</name></cell>
     <cell> </cell>
     <cell> </cell>
     <cell> </cell>
     <cell> </cell>
    </row>
    <row>
     <cell> </cell>
     <cell> To cash 6/</cell>
     <cell><measure commodity="currency" quantity="1" unit="dollars">1</measure></cell>
     <cell><measure commodity="currency" quantity="00" unit="cents">00</measure></cell>
     <cell> </cell>
     <cell> </cell>
    </row>
    <row>
     <cell> 367</cell>
     <cell><name type="person" ref="pers_WCDH540">Holmes Richmond</name></cell>
     <cell> </cell>
     <cell> </cell>
     <cell> </cell>
     <cell> </cell>
    </row>
    <row>
     <cell> </cell>
     <cell> To cash 30/</cell>
     <cell><measure commodity="currency" quantity="5" unit="dollars">5</measure></cell>
     <cell><measure commodity="currency" quantity="00" unit="cents">00</measure></cell>
     <cell> </cell>
     <cell> </cell>
    </row>
   </table>
  </body>
 </text>
</TEI>
