<?xml version="1.0" encoding="UTF-8"?>
<oai_dc:dc xmlns:oai_dc="http://www.openarchives.org/OAI/2.0/oai_dc/" xmlns:dc="http://purl.org/dc/elements/1.1/" xmlns:xsi="http://www.w3.org/2001/XMLSchema-instance" xsi:schemaLocation="http://www.openarchives.org/OAI/2.0/oai_dc/ http://www.openarchives.org/OAI/2.0/oai_dc.xsd">
    <dc:title>Tax Rolls of Medieval Paris 1296</dc:title>
    <dc:subject>Tax Accounts</dc:subject>
    <dc:description>The Tax Rolls of Medieval Paris is a TEI (Text Encoding Initiative)-based digital edition of the seven extant tax rolls from the tailles levied on the city of Paris by Philip the Fair between 1292 and 1313. These documents provide a wealth of information about the individual people, demographics, and history of the city.</dc:description>
    <dc:publisher>Institute Centre for Information Modelling, University of Graz</dc:publisher>
    <dc:contributor>Nathan Daniels</dc:contributor>
    <dc:date>1296-1313</dc:date>
    <dc:coverage>Paris, France</dc:coverage>
    <dc:language>fr</dc:language>
    <dc:rights>http://creativecommons.org/licenses/by/4.0/</dc:rights>
    <dc:source>Archives nationales de France, Paris</dc:source>
    <dc:relation>https://taxrolls.github.io/html/index.html</dc:relation>
    <dc:format>XML/TEI</dc:format>
    <dc:type>Collection</dc:type>
    <dc:relation>https://taxrolls.github.io/html/roll_1296.html</dc:relation>
    <dc:identifier>https://gams.uni-graz.at/context:depcha.taxroll</dc:identifier>
</oai_dc:dc>

