<?xml version="1.0" encoding="UTF-8"?>
<?xml-model href="http://www.tei-c.org/release/xml/tei/custom/schema/relaxng/tei_all.rng" type="application/xml" schematypens="http://relaxng.org/ns/structure/1.0"?>
<?xml-model href="http://www.tei-c.org/release/xml/tei/custom/schema/relaxng/tei_all.rng" type="application/xml"
	schematypens="http://purl.oclc.org/dsdl/schematron"?>
<TEI xmlns="http://www.tei-c.org/ns/1.0">
   <teiHeader>
      <fileDesc>
         <titleStmt>
            <title>LMW Day Book, pp. 197-198</title>
            <author>L.M. Wheaton</author>
         </titleStmt>
         <publicationStmt>
            <p>Indication of work done and date, Wheaton College</p>
         </publicationStmt>
         <sourceDesc>
            <biblFull>
               <titleStmt>
                  <title>Account Books, pp.197-198</title>
                  <author>L.M. Wheaton</author>
                  <respStmt>
                     <resp> TEI-compatible XML markup by <name type="person">Alyssa Russell</name>
                        with corrections by <name type="person">Name</name>, <name type="person"
                           >Name</name>, and <name type="person">Name</name>.</resp>
                     <name type="person">Name</name>
                  </respStmt>
               </titleStmt>
               <publicationStmt>
                  <p>Indication of work done and date, Wheaton College</p>
               </publicationStmt>
               <sourceDesc>
                  <p> From the Marion B. Gebbie Archives and Special Collections at the Madeleine
                     Clark Wallace Library, Wheaton College </p>
               </sourceDesc>
            </biblFull>
         </sourceDesc>
      </fileDesc>
   </teiHeader>
   <text>
      <body>
         <pb n="197"/>
         <fw type="pageNum">197</fw>
         <table xml:id="p197" cols="6">
            <head>Wednesday <date when="1846-12-09">Dec. 9. 1846</date></head>
            <row xml:id="p197_01">
               <cell>210</cell>
               <cell>
                  <name type="person" ref="pers_WCDH488">Caty Nolen</name>
                  <choice rend="align(right)">
                     <abbr>Dr</abbr>
                     <expan>debtor</expan>
                  </choice>
               </cell>
               <cell/>
               <cell/>
               <cell/>
               <cell/>
            </row>
            <row xml:id="p197_02">
               <cell/>
               <cell>To <name type="account" ref="LMWcash">cash</name> fr. <name type="person" ref="pers_WCDH325">A.P.Goodwin</name> 4/7</cell>
               <cell/>
               <cell><measure commodity="currency" quantity="75" unit="cents">75</measure></cell>
               <cell/>
               <cell/>
            </row>
            <row xml:id="p197_03">
               <cell/>
               <cell/>
               <cell/>
               <cell/>
               <cell/>
               <cell/>
            </row>
            <row xml:id="p197_04">
               <cell/>
               <cell><date when="1846-12-10">10</date></cell>
               <cell/>
               <cell/>
               <cell/>
               <cell/>
            </row>
            <row xml:id="p197_05">
               <cell>529</cell>
               <cell><name type="person" ref="pers_WCDH269">Frank Dunahoe</name>
                  <choice rend="align(right)">
                     <abbr>Dr</abbr>
                     <expan>debtor</expan>
                  </choice></cell>
               <cell/>
               <cell/>
               <cell/>
               <cell/>
            </row>
            <row xml:id="p197_06">
               <cell/>
               <cell>To <name type="account" ref="LMWcash">cash</name> <measure commodity="currency" quantity="20" unit="dollars">twenty
                     dollars</measure></cell>
               <cell><measure commodity="currency" quantity="20" unit="dollars">20</measure></cell>
               <cell><measure commodity="currency" quantity="00" unit="cents">00</measure></cell>
               <cell/>
               <cell/>
            </row>
            <row xml:id="p197_07">
               <cell/>
               <cell><date when="1846-12-14">14</date></cell>
               <cell/>
               <cell/>
               <cell/>
               <cell/>
            </row>
            <row xml:id="p197_08">
               <cell>405</cell>
               <cell><name type="person" ref="pers_WCDH409">Wm Knowles</name>
                  <choice rend="align(right)">
                     <abbr>D</abbr>
                     <expan>debtor</expan>
                  </choice></cell>
               <cell/>
               <cell/>
               <cell/>
               <cell/>
            </row>
            <row xml:id="p197_09">
               <cell/>
               <cell>To <measure commodity="rye" quantity="1" unit="bushel">1 buss. rye</measure>
                  6/</cell>
               <cell><measure commodity="currency" quantity="1" unit="dollars">1</measure></cell>
               <cell><measure commodity="currency" quantity="00" unit="cents">00</measure></cell>
               <cell/>
               <cell/>
            </row>
            <row xml:id="p197_10">
               <cell/>
               <cell><date when="1846-12-17">17</date></cell>
               <cell/>
               <cell/>
               <cell/>
               <cell/>
            </row>
            <row xml:id="p197_11">
               <cell/>
               <cell/>
               <cell/>
               <cell/>
               <cell/>
               <cell/>
            </row>
            <row xml:id="p197_12">
               <cell>527</cell>
               <cell><name type="person" ref="pers_WCDH619">George W. Townsend</name>
                  <choice rend="align(right)">
                     <abbr>D</abbr>
                     <expan>debtor</expan>
                  </choice></cell>
               <cell/>
               <cell/>
               <cell/>
               <cell/>
            </row>
            <row xml:id="p197_13">
               <cell/>
               <cell>To <measure commodity="bells" quantity="1" unit="string">1 string
                     bells</measure> 9/</cell>
               <cell><measure commodity="currency" quantity="1" unit="dollars">1</measure></cell>
               <cell><measure commodity="currency" quantity="50" unit="cents">50</measure></cell>
               <cell/>
               <cell/>
            </row>
            <row xml:id="p197_14">
               <cell/>
               <cell>" <measure commodity="corn" quantity="2" unit="bushels">two buss.
                     corn</measure> 6/</cell>
               <cell><measure commodity="currency" quantity="2" unit="dollars">2</measure></cell>
               <cell><measure commodity="currency" quantity="00" unit="cents">00</measure></cell>
               <cell><measure commodity="currency" quantity="3" unit="dollars">3</measure></cell>
               <cell><measure commodity="currency" quantity="50" unit="cents">50</measure></cell>
            </row>
            <row xml:id="p197_15">
               <cell/>
               <cell><date when="1846-12-23">23</date></cell>
               <cell/>
               <cell/>
               <cell/>
               <cell/>
            </row>
            <row xml:id="p197_16">
               <cell>Paid</cell>
               <cell><name type="person" ref="pers_WCDH180">Otis Blandin</name>
                  <choice rend="align(right)">
                     <abbr>D</abbr>
                     <expan>debtor</expan>
                  </choice></cell>
               <cell/>
               <cell/>
               <cell/>
               <cell/>
            </row>
            <row xml:id="p197_17">
               <cell/>
               <cell>To <measure commodity="pork" quantity="310" unit="lbs">310 lbs fresh
                     pork</measure>
                  <measure commodity="currency" quantity="6" unit="cents">6x</measure></cell>
               <cell><measure commodity="currency" quantity="18" unit="dollars">18</measure></cell>
               <cell><measure commodity="currency" quantity="60" unit="cents">60</measure></cell>
               <cell/>
               <cell/>
            </row>
            <row xml:id="p197_18">
               <cell/>
               <cell/>
               <cell/>
               <cell/>
               <cell/>
               <cell/>
            </row>
            <row xml:id="p197_19">
               <cell>529</cell>
               <cell><name type="person" ref="pers_WCDH269">Frank Dunahoe</name>
                  <choice rend="align(right)">
                     <abbr>Dr</abbr>
                     <expan>debtor</expan>
                  </choice></cell>
               <cell/>
               <cell/>
               <cell/>
               <cell/>
            </row>
            <row xml:id="p197_20">
               <cell/>
               <cell>To <measure commodity="pork" quantity="150" unit="lbs">150 lbs fresh
                     pork</measure>
                  <measure commodity="currency" quantity="6" unit="cents">6x</measure></cell>
               <cell><measure commodity="currency" quantity="9" unit="dollars">9</measure></cell>
               <cell><measure commodity="currency" quantity="00" unit="cents">00</measure></cell>
               <cell/>
               <cell/>
            </row>
            <row xml:id="p197_21">
               <cell/>
               <cell/>
               <cell/>
               <cell/>
               <cell/>
               <cell/>
            </row>
            <row xml:id="p197_22">
               <cell>settled</cell>
               <cell><name type="person" ref="pers_WCDH004">Fanny Wheaton</name>
                  <choice rend="align(right)">
                     <abbr>D</abbr>
                     <expan>debtor</expan>
                  </choice></cell>
               <cell/>
               <cell/>
               <cell/>
               <cell/>
            </row>
            <row xml:id="p197_23">
               <cell/>
               <cell>To <measure commodity="pork" quantity="175" unit="lbs">175 lbs fresh
                     pork</measure>
                  <measure commodity="currency" quantity="6" unit="cents">6x</measure></cell>
               <cell><measure commodity="currency" quantity="9" unit="dollars">9</measure></cell>
               <cell><measure commodity="currency" quantity="42" unit="cents">42</measure></cell>
               <cell/>
               <cell/>
            </row>
            <row xml:id="p197_24">
               <cell/>
               <cell><date when="1846-12-31">31</date></cell>
               <cell/>
               <cell/>
               <cell/>
               <cell/>
            </row>
            <row xml:id="p197_25">
               <cell>510</cell>
               <cell><name type="person" ref="pers_WCDH488">Caty Nolen</name>
                  <choice rend="align(right)">
                     <abbr>Dr</abbr>
                     <expan>debtor</expan>
                  </choice></cell>
               <cell/>
               <cell/>
               <cell/>
               <cell/>
            </row>
            <row xml:id="p197_26">
               <cell/>
               <cell>To <name type="account" ref="LMWcash">cash</name> to <name type="person" ref="pers_WCDH325">A.P. Goodwin</name> (for dresses?) <measure commodity="currency"
                     quantity="65" unit="cents">.65</measure></cell>
               <cell/>
               <cell><measure commodity="currency" quantity="65" unit="cents">65</measure></cell>
               <cell/>
               <cell/>
            </row>
            <row xml:id="p197_27">
               <cell/>
               <cell>To <measure commodity="shirting" quantity="8.5" unit="yrd">8 1/2 yrd
                     shirting</measure>
                  <measure commodity="currency" quantity="10" unit="cents">10x</measure></cell>
               <cell/>
               <cell><measure commodity="currency" quantity="85" unit="cents">85</measure></cell>
               <cell><measure commodity="currency" quantity="1" unit="dollars">1</measure></cell>
               <cell><measure commodity="currency" quantity="53" unit="cents">53</measure></cell>
            </row>
            <row xml:id="p197_28">
               <cell/>
               <cell/>
               <cell/>
               <cell/>
               <cell/>
               <cell/>
            </row>
            <row xml:id="p197_29">
               <cell>159</cell>
               <cell><name type="person" ref="pers_WCDH244">Wm Cooper</name>
                  <choice rend="align(right)">
                     <abbr>D</abbr>
                     <expan>debtor</expan>
                  </choice></cell>
               <cell/>
               <cell/>
               <cell/>
            </row>
            <row xml:id="p197_30">
               <cell/>
               <cell>To <measure commodity="pasturing" quantity="33" unit="weeks">?pasturing horse the past
                     summer</measure>
                  <measure commodity="currency" quantity="6" unit="cents">6x</measure> weekly
                  2/</cell>
               <cell><measure commodity="currency" quantity="2" unit="dollars">2</measure></cell>
               <cell><measure commodity="currency" quantity="00" unit="cents">00</measure></cell>
               <cell/>
               <cell/>
            </row>
            <row xml:id="p197_31">
               <cell/>
               <cell><date when="1846-01-11">Jan. 11</date></cell>
               <cell/>
               <cell/>
               <cell/>
               <cell/>
            </row>
            <row xml:id="p197_32">
               <cell>510</cell>
               <cell><name type="person" ref="pers_WCDH488">Caty Nolen</name>
                  <choice rend="align(right)">
                     <abbr>Dr</abbr>
                     <expan>debtor</expan>
                  </choice></cell>
               <cell/>
               <cell/>
               <cell/>
               <cell/>
            </row>
            <row xml:id="p197_33">
               <cell/>
               <cell>To <name type="account" ref="LMWcash">cash</name> to <name type="person" ref="pers_WCDH325">A.P.G.</name> fr <measure commodity="labor" quantity="1" unit="garment">sewing
                     gar.</measure>
                  <measure commodity="currency" quantity="22" unit="cents">22</measure></cell>
               <cell/>
               <cell><measure commodity="currency" quantity="66" unit="cents">66</measure></cell>
               <cell/>
               <cell/>
            </row>
            <row xml:id="p197_34">
               <cell/>
               <cell><date when="1846-01-12">12</date></cell>
               <cell/>
               <cell/>
               <cell/>
               <cell/>
            </row>
            <row xml:id="p197_35">
               <cell>159</cell>
               <cell><name type="person" ref="pers_WCDH244">William Cooper</name>
                  <choice rend="align(right)">
                     <abbr>D</abbr>
                     <expan>debtor</expan>
                  </choice></cell>
               <cell/>
               <cell/>
               <cell/>
               <cell/>
            </row>
            <row xml:id="p197_36">
               <cell/>
               <cell>To <name type="account" ref="LMWcash">cash</name> <measure commodity="currency" quantity="30" unit="dollars">thrity
                     dollars</measure></cell>
               <cell><measure commodity="currency" quantity="30" unit="dollars">30</measure></cell>
               <cell><measure commodity="currency" quantity="00" unit="cents">00</measure></cell>
               <cell/>
               <cell/>
            </row>
            <row xml:id="p197_37">
               <cell/>
               <cell/>
               <cell/>
               <cell/>
               <cell/>
               <cell/>
            </row>
            <row xml:id="p197_38">
               <cell>Paid</cell>
               <cell><name type="person" ref="v">Francis King</name>
                  <choice rend="align(right)">
                     <abbr>D</abbr>
                     <expan>debtor</expan>
                  </choice></cell>
               <cell/>
               <cell/>
               <cell/>
               <cell/>
            </row>
            <row xml:id="p197_39">
               <cell/>
               <cell>To Franklin Store</cell>
               <cell><measure commodity="currency" quantity="2" unit="dollars">2</measure></cell>
               <cell><measure commodity="currency" quantity="50" unit="cents">50</measure></cell>
               <cell/>
               <cell/>
            </row>
            <row xml:id="p197_40">
               <cell/>
               <cell>" <measure commodity="stove pipe" quantity="7.34" unit="lb">7 /34 lb stove
                     pipe</measure></cell>
               <cell><measure commodity="currency" quantity="1" unit="dollars">1</measure></cell>
               <cell><measure commodity="currency" quantity="29" unit="cents">29</measure></cell>
               <cell><measure commodity="currency" quantity="3" unit="dollars">3</measure></cell>
               <cell><measure commodity="currency" quantity="79" unit="cents">79</measure></cell>
            </row>
            <row xml:id="p197_41">
               <cell/>
               <cell><date when="1846-01-23">23</date></cell>
               <cell/>
               <cell/>
               <cell/>
               <cell><measure commodity="currency" quantity="21" unit="cents">21</measure></cell>
            </row>
            <row xml:id="p197_42">
               <cell/>
               <cell>" <measure commodity="pipe" quantity="1.25" unit="lb">1 1/4 lb pipe</measure>
                  1/</cell>
               <cell/>
               <cell><measure commodity="currency" quantity="21" unit="cents">21</measure></cell>
               <cell><measure commodity="currency" quantity="4" unit="dollars"
                  >&#36;4</measure></cell>
               <cell><measure commodity="currency" quantity="00" unit="cents">00</measure></cell>
            </row>
            <row xml:id="p197_43">
               <cell/>
               <cell><date when="1846-01-25">25</date></cell>
               <cell/>
               <cell/>
               <cell/>
               <cell/>
            </row>
            <row xml:id="p197_44">
               <cell>159</cell>
               <cell><name type="person" ref="pers_WCDH244">Wm Cooper</name>
                  <choice rend="align(right)">
                     <abbr>D</abbr>
                     <expan>debtor</expan>
                  </choice></cell>
               <cell/>
               <cell/>
               <cell/>
               <cell/>
            </row>
            <row xml:id="p197_45">
               <cell/>
               <cell>To paying your tax</cell>
               <cell/>
               <cell><measure commodity="currency" quantity="75" unit="cents">75</measure></cell>
               <cell/>
               <cell/>
            </row>
            <row xml:id="p197_46">
               <cell>530</cell>
               <cell><name type="person" ref="pers_WCDH374">Martin D. Hubbard</name>
                  <choice rend="align(right)">
                     <abbr>D</abbr>
                     <expan>debtor</expan>
                  </choice></cell>
               <cell/>
               <cell/>
               <cell/>
               <cell/>
            </row>
            <row xml:id="p197_47">
               <cell/>
               <cell>To your tax</cell>
               <cell><measure commodity="currency" quantity="1" unit="dollars">1</measure></cell>
               <cell><measure commodity="currency" quantity="80" unit="cents">80</measure></cell>
               <cell/>
               <cell/>
            </row>
            <row xml:id="p197_48">
               <cell/>
               <cell/>
               <cell/>
               <cell/>
               <cell/>
               <cell/>
            </row>
            <row xml:id="p197_49">
               <cell>Settled</cell>
               <cell><name type="person" ref="pers_WCDH373">Linus Howard</name>
                  <choice rend="align(right)">
                     <abbr>D</abbr>
                     <expan>debtor</expan>
                  </choice></cell>
               <cell/>
               <cell/>
               <cell/>
               <cell/>
            </row>
            <row xml:id="p197_50">
               <cell/>
               <cell>To tax on store half</cell>
               <cell><measure commodity="currency" quantity="1" unit="dollars">1</measure></cell>
               <cell><measure commodity="currency" quantity="44" unit="cents">44</measure></cell>
               <cell/>
               <cell/>
            </row>
            <row xml:id="p197_51">
               <cell/>
               <cell/>
               <cell/>
               <cell/>
               <cell/>
               <cell/>
            </row>
            <row xml:id="p197_52">
               <cell>settled</cell>
               <cell><name type="person" ref="pers_WCDH345">Alcot Harden</name>
                  <choice rend="align(right)">
                     <abbr>D</abbr>
                     <expan>debtor</expan>
                  </choice></cell>
               <cell/>
               <cell/>
               <cell/>
               <cell/>
            </row>
            <row xml:id="p197_53">
               <cell/>
               <cell>To tax</cell>
               <cell><measure commodity="currency" quantity="1" unit="dollars">1</measure></cell>
               <cell><measure commodity="currency" quantity="44" unit="cents">44</measure></cell>
               <cell/>
               <cell/>
            </row>
            <row xml:id="p197_54">
               <cell/>
               <cell><date when="1846-02-02">Feb. 2</date></cell>
               <cell/>
               <cell/>
               <cell/>
               <cell/>
            </row>
            <row xml:id="p197_55">
               <cell>510</cell>
               <cell><name type="person" ref="pers_WCDH488">Caty Nolen</name>
                  <choice rend="align(right)">
                     <abbr>Dr</abbr>
                     <expan>debtor</expan>
                  </choice></cell>
               <cell/>
               <cell/>
               <cell/>
               <cell/>
            </row>
            <row xml:id="p197_56">
               <cell/>
               <cell>To <name type="account" ref="LMWcash">cash</name> for Su? <measure commodity="currency" quantity="1.25" unit="dollars"
                     >1.25</measure>
                  <measure commodity="shoes" quantity="1" unit="pairs">shoes</measure> 3/</cell>
               <cell><measure commodity="currency" quantity="1" unit="dollars">1</measure></cell>
               <cell><measure commodity="currency" quantity="75" unit="cents">75</measure></cell>
               <cell/>
               <cell/>
            </row>
            <row xml:id="p197_57">
               <cell/>
               <cell/>
               <cell/>
               <cell/>
               <cell/>
               <cell/>
            </row>
            <row xml:id="p197_58">
               <cell>529</cell>
               <cell><name type="person" ref="pers_WCDH269">Frank Dunahoe</name>
                  <choice rend="align(right)">
                     <abbr>Dr</abbr>
                     <expan>debtor</expan>
                  </choice></cell>
               <cell/>
               <cell/>
               <cell/>
               <cell/>
            </row>
            <row xml:id="p197_59">
               <cell/>
               <cell>To <name type="account" ref="LMWcash">cash</name> fr. <measure commodity="cloak" quantity="1" unit="count">cloak</measure>
                  fr. c?</cell>
               <cell><measure commodity="currency" quantity="1" unit="dollars">1</measure></cell>
               <cell><measure commodity="currency" quantity="35" unit="cents">35</measure></cell>
               <cell/>
               <cell/>
            </row>
            <row xml:id="p197_60">
               <cell/>
               <cell/>
               <cell/>
               <cell/>
               <cell/>
               <cell/>
            </row>
            <row xml:id="p197_61">
               <cell>76</cell>
               <cell><name type="person" ref="pers_WCDH475">Jas O Messenger</name>
                  <choice rend="align(right)">
                     <abbr>D</abbr>
                     <expan>debtor</expan>
                  </choice></cell>
               <cell/>
               <cell/>
               <cell/>
               <cell/>
            </row>
            <row xml:id="p197_62">
               <cell/>
               <cell>To <name type="account" ref="LMWcash">cash</name> pr. farm? 21 as pr. receipt</cell>
               <cell><measure commodity="currency" quantity="100" unit="dollars"
                  >100</measure></cell>
               <cell><measure commodity="currency" quantity="00" unit="cents">00</measure></cell>
               <cell/>
               <cell/>
            </row>
            <row xml:id="p197_63">
               <cell/>
               <cell/>
               <cell/>
               <cell/>
               <cell/>
               <cell/>
            </row>
         </table>
         <pb n="198"/>
         <fw type="pageNum">198</fw>
         <table xml:id="p198" cols="6">
            <head>Tuesday <date when="1847-02-02">Febry 2nd 1847</date></head>
            <row xml:id="p198_01">
               <cell/>
               <cell/>
               <cell>&#36;</cell>
               <cell>cts</cell>
               <cell>&#36;</cell>
               <cell>cts</cell>
            </row>
            <row xml:id="p198_02">
               <cell>Settled</cell>
               <cell><name type="person" ref="pers_WCDH586">George Storer</name>
                  <choice rend="align(right)">
                     <abbr>D</abbr>
                     <expan>debtor</expan>
                  </choice></cell>
               <cell/>
               <cell/>
               <cell/>
               <cell/>
            </row>
            <row xml:id="p198_03">
               <cell/>
               <cell>To <measure commodity="lumber" quantity="6.25" unit="ft">6 ft 3/12 basket
                     timber</measure> at <measure commodity="currency" quantity="14" unit="dollars"
                     >14 &#36;?</measure></cell>
               <cell><measure commodity="currency" quantity="10" unit="dollars">10</measure></cell>
               <cell><measure commodity="currency" quantity="94" unit="cents">94</measure></cell>
               <cell/>
               <cell/>
            </row>
            <row xml:id="p198_04">
               <cell/>
               <cell>" <measure commodity="lumber" quantity="1.33" unit="ft">1ft &amp; 4/12 4red
                     oak</measure> 700pr</cell>
               <cell><measure commodity="currency" quantity="1" unit="dollars">1</measure></cell>
               <cell><measure commodity="currency" quantity="17" unit="cents">17</measure></cell>
               <cell><measure commodity="currency" quantity="12" unit="dollars">12</measure></cell>
               <cell><measure commodity="currency" quantity="11" unit="cents">11</measure></cell>
            </row>
            <row xml:id="p198_05">
               <cell>510</cell>
               <cell><name type="person" ref="pers_WCDH488">Caty Nolen</name>
                  <choice rend="align(right)">
                     <abbr>D</abbr>
                     <expan>debtor</expan>
                  </choice></cell>
               <cell/>
               <cell/>
               <cell/>
               <cell/>
            </row>
            <row xml:id="p198_06">
               <cell/>
               <cell>To <name type="account" ref="LMWcash">cash</name> <measure commodity="currency" quantity="9" unit="dollars"
                     >&#36;9.00</measure></cell>
               <cell><measure commodity="currency" quantity="9" unit="dollars">9</measure></cell>
               <cell><measure commodity="currency" quantity="00" unit="cents">00</measure></cell>
               <cell/>
               <cell/>
            </row>
            <row xml:id="p198_07">
               <cell/>
               <cell><date when="1846-02-09">9</date></cell>
               <cell/>
               <cell/>
               <cell/>
               <cell/>
            </row>
            <row xml:id="p198_08">
               <cell>529</cell>
               <cell><name type="person" ref="pers_WCDH269">Frank Dunahoe</name>
                  <choice rend="align(right)">
                     <abbr>D</abbr>
                     <expan>debtor</expan>
                  </choice></cell>
               <cell/>
               <cell/>
               <cell/>
               <cell/>
            </row>
            <row xml:id="p198_09">
               <cell/>
               <cell>To <measure commodity="labor" quantity="1" unit="day">absence</measure> this day
                     <measure commodity="currency" quantity="58" unit="cents">58x</measure></cell>
               <cell/>
               <cell><measure commodity="currency" quantity="58" unit="cents">58</measure></cell>
               <cell/>
               <cell/>
            </row>
            <row xml:id="p198_10">
               <cell/>
               <cell/>
               <cell/>
               <cell/>
               <cell/>
               <cell/>
            </row>
            <row xml:id="p198_11">
               <cell>Paid</cell>
               <cell><name type="person" ref="persons.xml#WCDH633">Jesse New</name>
                  <choice rend="align(right)">
                     <abbr>Dr</abbr>
                     <expan>debtor</expan>
                  </choice></cell>
               <cell/>
               <cell/>
               <cell/>
               <cell/>
            </row>
            <row xml:id="p198_12">
               <cell/>
               <cell>To <measure commodity="crushing" quantity="8" unit="count">8 crushing</measure> pr
                  l?? <measure commodity="currency" quantity="37" unit="cents">37x</measure></cell>
               <cell><measure commodity="currency" quantity="2" unit="dollars">2</measure></cell>
               <cell><measure commodity="currency" quantity="96" unit="cents">96</measure></cell>
               <cell/>
               <cell/>
            </row>
            <row xml:id="p198_13">
               <cell/>
               <cell/>
               <cell/>
               <cell/>
               <cell/>
               <cell/>
            </row>
            <row xml:id="p198_14">
               <cell>Settled</cell>
               <cell><name type="person" ref="persons.xml#WCDH633">Geo. B. Torrey</name>
                  <choice rend="align(right)">
                     <abbr>D</abbr>
                     <expan>debtor</expan>
                  </choice></cell>
               <cell/>
               <cell/>
               <cell/>
               <cell/>
            </row>
            <row xml:id="p198_15">
               <cell/>
               <cell>To <measure commodity="lumber" quantity="1" unit="ft">ft of elm
                  timber</measure></cell>
               <cell><measure commodity="currency" quantity="1" unit="dollars">1</measure></cell>
               <cell><measure commodity="currency" quantity="20" unit="cents">20</measure></cell>
               <cell/>
               <cell/>
            </row>
            <row xml:id="p198_16">
               <cell/>
               <cell><date when="1846-02-12">12</date></cell>
               <cell/>
               <cell/>
               <cell/>
               <cell/>
            </row>
            <row xml:id="p198_17">
               <cell>?</cell>
               <cell><name type="person" ref="pers_WCDH705">Thomas Young</name>
                  <choice rend="align(right)">
                     <abbr>D</abbr>
                     <expan>debtor</expan>
                  </choice></cell>
               <cell/>
               <cell/>
               <cell/>
               <cell/>
            </row>
            <row xml:id="p198_18">
               <cell/>
               <cell>To <measure commodity="lumber" quantity="7.5" unit="ft">7ft- 8in hard
                     wood</measure>
                  <measure commodity="currency" quantity="4" unit="dollars"
                  >&#36;4.00</measure></cell>
               <cell><measure commodity="currency" quantity="3" unit="dollars">3</measure></cell>
               <cell><measure commodity="currency" quantity="82" unit="cents">82</measure></cell>
               <cell/>
               <cell/>
            </row>
            <row xml:id="p198_19">
               <cell/>
               <cell/>
               <cell/>
               <cell/>
               <cell/>
               <cell/>
            </row>
            <row xml:id="p198_20">
               <cell>settled</cell>
               <cell><name type="person" ref="pers_WCDH118">Wheaton Wheeler</name>
                  <choice rend="align(right)">
                     <abbr>D</abbr>
                     <expan>debtor</expan>
                  </choice></cell>
               <cell/>
               <cell/>
               <cell/>
               <cell/>
            </row>
            <row xml:id="p198_21">
               <cell/>
               <cell>To <measure commodity="lumber" quantity="7.33" unit="ft">7ft 4in wood</measure>
                  <measure commodity="currency" quantity="4" unit="dollars">&#36;4.00</measure></cell>
               <cell><measure commodity="currency" quantity="3" unit="dollars">3</measure></cell>
               <cell><measure commodity="currency" quantity="68" unit="cents">68</measure></cell>
               <cell/>
               <cell/>
            </row>
            <row xml:id="p198_22">
               <cell/>
               <cell><date when="1846-02-10">10</date></cell>
               <cell/>
               <cell/>
               <cell/>
               <cell/>
            </row>
            <row xml:id="p198_23">
               <cell>settled</cell>
               <cell><name type="person" ref="pers_WCDH475">Jas O Messenger</name>
                  <choice rend="align(right)">
                     <abbr>D</abbr>
                     <expan>debtor</expan>
                  </choice></cell>
               <cell/>
               <cell/>
               <cell/>
               <cell/>
            </row>
            <row xml:id="p198_24">
               <cell/>
               <cell>To <measure commodity="oil" quantity="1" unit="barrel">freight of bll.
                     oil</measure> in alley.</cell>
               <cell/>
               <cell/>
               <cell/>
               <cell/>
            </row>
            <row xml:id="p198_25">
               <cell/>
               <cell><date when="1846-02-19">19</date></cell>
               <cell/>
               <cell/>
               <cell/>
               <cell/>
            </row>
            <row xml:id="p198_26">
               <cell>see bill</cell>
               <cell><name type="person" ref="pers_WCDH705">Thomas Young</name>
                  <choice rend="align(right)">
                     <abbr>D</abbr>
                     <expan>debtor</expan>
                  </choice></cell>
               <cell/>
               <cell/>
               <cell/>
               <cell/>
            </row>
            <row xml:id="p198_27">
               <cell/>
               <cell>To <measure commodity="lumber" quantity="6.5" unit="ft">6ft 6in pine
                     wood</measure>, <measure commodity="saw" quantity="1" unit="count"
                  >saw</measure></cell>
               <cell/>
               <cell/>
               <cell/>
               <cell/>
            </row>
            <row xml:id="p198_28">
               <cell/>
               <cell><date when="1846-02-21">21</date></cell>
               <cell/>
               <cell/>
               <cell/>
               <cell/>
            </row>
            <row xml:id="p198_29">
               <cell>510</cell>
               <cell><name type="person" ref="pers_WCDH488">Caty Nolen</name>
                  <choice rend="align(right)">
                     <abbr>D</abbr>
                     <expan>debtor</expan>
                  </choice></cell>
               <cell/>
               <cell/>
               <cell/>
               <cell/>
            </row>
            <row xml:id="p198_30">
               <cell/>
               <cell>To paying for <measure commodity="labor" quantity="1" unit="count">mending
                     shoes</measure></cell>
               <cell/>
               <cell><measure commodity="currency" quantity="10" unit="cents">10</measure></cell>
               <cell/>
               <cell/>
            </row>
            <row xml:id="p198_31">
               <cell/>
               <cell><date when="1846-02-25">25</date></cell>
               <cell/>
               <cell/>
               <cell/>
               <cell/>
            </row>
            <row xml:id="p198_32">
               <cell>529</cell>
               <cell><name type="person" ref="pers_WCDH269">Frank Dunahoe</name>
                  <choice rend="align(right)">
                     <abbr>D</abbr>
                     <expan>debtor</expan>
                  </choice></cell>
               <cell/>
               <cell/>
               <cell/>
               <cell/>
            </row>
            <row xml:id="p198_33">
               <cell/>
               <cell>To <name type="account" ref="LMWcash">cash</name> <measure commodity="currency" quantity="20" unit="dollars">twenty
                     dollars</measure></cell>
               <cell><measure commodity="currency" quantity="20" unit="dollars">20</measure></cell>
               <cell><measure commodity="currency" quantity="00" unit="cents">00</measure></cell>
               <cell/>
               <cell/>
            </row>
            <row xml:id="p198_34">
               <cell/>
               <cell/>
               <cell/>
               <cell/>
               <cell/>
               <cell/>
            </row>
            <row xml:id="p198_35">
               <cell>510</cell>
               <cell><name type="person" ref="pers_WCDH488">Caty Nolen</name>
                  <choice rend="align(right)">
                     <abbr>Dr</abbr>
                     <expan>debtor</expan>
                  </choice></cell>
               <cell/>
               <cell/>
               <cell/>
               <cell/>
            </row>
            <row xml:id="p198_36">
               <cell/>
               <cell>To <measure commodity="shirting" quantity="1.5" unit="yard">1 1/2 yd B.
                     shirting</measure> 9/</cell>
               <cell/>
               <cell><measure commodity="currency" quantity="19" unit="cents">19</measure></cell>
               <cell/>
               <cell/>
            </row>
            <row xml:id="p198_37">
               <cell/>
               <cell>" <measure commodity="button" quantity="1" unit="count">button</measure>
                  <measure commodity="currency" quantity="8" unit="cents">8</measure> and <measure
                     commodity="edging" quantity="1" unit="count">edging</measure>
                  <measure commodity="currency" quantity="9" unit="cents">9/</measure></cell>
               <cell/>
               <cell><measure commodity="currency" quantity="17" unit="cents">17</measure></cell>
               <cell/>
               <cell/>
            </row>
            <row xml:id="p198_38">
               <cell/>
               <cell>" <name type="account" ref="LMWcash">cash</name> fr <name type="person" ref="pers_WCDH325">A.P.Goodwin</name> 2/6</cell>
               <cell/>
               <cell><measure commodity="currency" quantity="42" unit="cents">42</measure></cell>
               <cell/>
               <cell><measure commodity="currency" quantity="78" unit="cents">78</measure></cell>
            </row>
            <row xml:id="p198_39">
               <cell/>
               <cell><date when="1846-03-09">March 9</date></cell>
               <cell/>
               <cell/>
               <cell/>
               <cell/>
            </row>
            <row xml:id="p198_40">
               <cell>159</cell>
               <cell><name type="person" ref="pers_WCDH244">Wm Cooper</name>
                  <choice rend="align(right)">
                     <abbr>D</abbr>
                     <expan>debtor</expan>
                  </choice></cell>
               <cell/>
               <cell/>
               <cell/>
               <cell/>
            </row>
            <row xml:id="p198_41">
               <cell/>
               <cell>To <name type="account" ref="LMWcash">cash</name> <measure commodity="currency" quantity="20" unit="dollars"
                     >&#36;20.00</measure></cell>
               <cell><measure commodity="currency" quantity="20" unit="dollars">20</measure></cell>
               <cell><measure commodity="currency" quantity="00" unit="cents">00</measure></cell>
               <cell/>
               <cell/>
            </row>
            <row xml:id="p198_42">
               <cell/>
               <cell><date when="1846-03-15">15</date></cell>
               <cell/>
               <cell/>
               <cell/>
               <cell/>
            </row>
            <row xml:id="p198_43">
               <cell>5??</cell>
               <cell><name type="person" ref="pers_WCDH190">Geo. W Braman</name>
                  <choice rend="align(right)">
                     <abbr>D</abbr>
                     <expan>debtor</expan>
                  </choice></cell>
               <cell/>
               <cell/>
               <cell/>
               <cell/>
            </row>
            <row xml:id="p198_44">
               <cell/>
               <cell>To <measure commodity="lumber" quantity="1" unit="ft">1 ft
                  timber</measure></cell>
               <cell><measure commodity="currency" quantity="6" unit="dollars">6</measure></cell>
               <cell><measure commodity="currency" quantity="01" unit="cents">01</measure></cell>
               <cell/>
               <cell/>
            </row>
            <row xml:id="p198_45">
               <cell/>
               <cell/>
               <cell/>
               <cell/>
               <cell/>
               <cell/>
            </row>
            <row xml:id="p198_46">
               <cell>see bill</cell>
               <cell><name type="person" ref="pers_WCDH587">Thomas Stubbins</name>
                  <choice rend="align(right)">
                     <abbr>D</abbr>
                     <expan>debtor</expan>
                  </choice></cell>
               <cell/>
               <cell/>
               <cell/>
               <cell/>
            </row>
            <row xml:id="p198_47">
               <cell/>
               <cell>To <measure commodity="x" quantity="8" unit="x">eight trowls</measure>
                  2/</cell>
               <cell><measure commodity="currency" quantity="2" unit="dollars">2</measure></cell>
               <cell><measure commodity="currency" quantity="07" unit="cents">07</measure></cell>
               <cell/>
               <cell/>
            </row>
            <row xml:id="p198_48">
               <cell/>
               <cell/>
               <cell/>
               <cell/>
               <cell/>
               <cell/>
            </row>
            <row xml:id="p198_49">
               <cell>159</cell>
               <cell><name type="person" ref="pers_WCDH244">Wm. Cooper</name>
                  <choice rend="align(right)">
                     <abbr>D</abbr>
                     <expan>debtor</expan>
                  </choice></cell>
               <cell/>
               <cell/>
               <cell/>
               <cell/>
            </row>
            <row xml:id="p198_50">
               <cell/>
               <cell>To <measure commodity="milk" quantity="8" unit="qts">8qts Milk</measure>
                  <measure commodity="currency" quantity="4" unit="cents">4x</measure></cell>
               <cell/>
               <cell><measure commodity="currency" quantity="32" unit="cents">32</measure></cell>
               <cell/>
               <cell/>
            </row>
            <row xml:id="p198_51">
               <cell/>
               <cell><date when="1846-04-01">April 1st</date></cell>
               <cell/>
               <cell/>
               <cell/>
               <cell/>
            </row>
            <row xml:id="p198_52">
               <cell>159</cell>
               <cell><name type="person" ref="pers_WCDH244">William Cooper</name>
                  <choice rend="align(right)">
                     <abbr>Cr</abbr>
                     <expan>credit</expan>
                  </choice></cell>
               <cell/>
               <cell/>
               <cell/>
               <cell/>
            </row>
            <row xml:id="p198_53">
               <cell/>
               <cell>By gift of <measure commodity="labor" quantity="1" unit="day">one day</measure>
                  6/</cell>
               <cell><measure commodity="currency" quantity="1" unit="dollars">1</measure></cell>
               <cell><measure commodity="currency" quantity="00" unit="cents">00</measure></cell>
               <cell/>
               <cell/>
            </row>
            <row xml:id="p198_54">
               <cell/>
               <cell/>
               <cell/>
               <cell/>
               <cell/>
               <cell/>
            </row>
            <row xml:id="p198_55">
               <cell>159</cell>
               <cell><name type="person" ref="pers_WCDH244">Wm Cooper</name>
                  <choice rend="align(right)">
                     <abbr>D</abbr>
                     <expan>debtor</expan>
                  </choice></cell>
               <cell/>
               <cell/>
               <cell/>
               <cell/>
            </row>
            <row xml:id="p198_56">
               <cell/>
               <cell>To <name type="account" ref="LMWcash">cash</name></cell>
               <cell><measure commodity="currency" quantity="217" unit="dollars"
                  >217</measure></cell>
               <cell><measure commodity="currency" quantity="05" unit="cents">05</measure></cell>
               <cell/>
               <cell/>
            </row>
            <row xml:id="p198_57">
               <cell/>
               <cell/>
               <cell/>
               <cell/>
               <cell/>
               <cell/>
            </row>
            <row xml:id="p198_58">
               <cell>76</cell>
               <cell><name type="person" ref="pers_WCDH475">Jas O Messsenger</name>
                  <choice rend="align(right)">
                     <abbr>D</abbr>
                     <expan>debtor</expan>
                  </choice></cell>
               <cell/>
               <cell/>
               <cell/>
               <cell/>
            </row>
            <row xml:id="p198_59">
               <cell/>
               <cell>To accepting? O. L. J? order</cell>
               <cell><measure commodity="currency" quantity="13" unit="dollars">13</measure></cell>
               <cell><measure commodity="currency" quantity="50" unit="cents">50</measure></cell>
               <cell/>
               <cell/>
            </row>
            <row xml:id="p198_60">
               <cell/>
               <cell><date when="1846-04-02">2</date></cell>
               <cell/>
               <cell/>
               <cell/>
               <cell/>
            </row>
            <row xml:id="p198_61">
               <cell>529</cell>
               <cell><name type="person" ref="pers_WCDH269">Frank Dunahoe</name>
                  <choice rend="align(right)">
                     <abbr>D</abbr>
                     <expan>debtor</expan>
                  </choice></cell>
               <cell/>
               <cell/>
               <cell/>
               <cell/>
            </row>
            <row xml:id="p198_62">
               <cell/>
               <cell>To <name type="account" ref="LMWcash">cash</name> <measure commodity="currency" quantity="6" unit="dollars">six
                     dollars</measure></cell>
               <cell><measure commodity="currency" quantity="6" unit="dollars">6</measure></cell>
               <cell><measure commodity="currency" quantity="00" unit="cents">00</measure></cell>
               <cell/>
               <cell/>
            </row>
            <row xml:id="p198_63">
               <cell/>
               <cell/>
               <cell/>
               <cell/>
               <cell/>
               <cell/>
            </row>
            <row xml:id="p198_64">
               <cell/>
               <cell/>
               <cell/>
               <cell/>
               <cell/>
               <cell/>
            </row>
         </table>
      </body>
   </text>
</TEI>
