<?xml version="1.0" encoding="UTF-8"?>
<?xml-model href="http://www.tei-c.org/release/xml/tei/custom/schema/relaxng/tei_all.rng" type="application/xml" schematypens="http://relaxng.org/ns/structure/1.0"?>
<?xml-model href="http://www.tei-c.org/release/xml/tei/custom/schema/relaxng/tei_all.rng" type="application/xml"
	schematypens="http://purl.oclc.org/dsdl/schematron"?>
<TEI xmlns="http://www.tei-c.org/ns/1.0">
   <teiHeader>
      <fileDesc>
         <titleStmt>
            <title>LMW Day Book, pp. 199-200</title>
            <author>L.M. Wheaton</author>
         </titleStmt>
         <publicationStmt>
            <p>Indication of work done and date, Wheaton College</p>
         </publicationStmt>
         <sourceDesc>
            <biblFull>
               <titleStmt>
                  <title>Account Books, pp.199-200</title>
                  <author>L.M. Wheaton</author>
                  <respStmt>
                     <resp> TEI-compatible XML markup by <name type="person">Alyssa Russell</name>
                        with corrections by <name type="person">Name</name>, <name type="person"
                           >Name</name>, and <name type="person">Name</name>.</resp>
                     <name type="person">Name</name>
                  </respStmt>
               </titleStmt>
               <publicationStmt>
                  <p>Indication of work done and date, Wheaton College</p>
               </publicationStmt>
               <sourceDesc>
                  <p> From the Marion B. Gebbie Archives and Special Collections at the Madeleine
                     Clark Wallace Library, Wheaton College </p>
               </sourceDesc>
            </biblFull>
         </sourceDesc>
      </fileDesc>
   </teiHeader>
   <text>
      <body>
         <pb n="199"/>
         <fw type="pageNum">199</fw>
         <table xml:id="p199" cols="6">
            <head>Monday <date when="1847-04-05">April 5th 1847</date></head>
            <row xml:id="p199_01">
               <cell/>
               <cell>
                  <name type="person" ref="pers_WCDH705">Thomas Young</name>
                  <choice rend="align(right)">
                     <abbr>Dr</abbr>
                     <expan>Debtor</expan>
                  </choice>
               </cell>
               <cell/>
               <cell/>
               <cell/>
               <cell/>
            </row>
            <row xml:id="p199_02">
               <cell/>
               <cell>To <measure commodity="lumber" quantity="7" unit="ft">7ft hard wood</measure>
                  <measure commodity="currency" quantity="4" unit="dollars">400</measure></cell>
               <cell><measure commodity="currency" quantity="3" unit="dollars">3</measure></cell>
               <cell><measure commodity="currency" quantity="50" unit="cents">50</measure></cell>
               <cell/>
               <cell/>
            </row>
            <row xml:id="p199_03">
               <cell/>
               <cell>" <measure commodity="lumber" quantity="5" unit="ft">5ft sawed pine</measure> "
                     <measure commodity="currency" quantity="4" unit="dollars">400</measure></cell>
               <cell><measure commodity="currency" quantity="2" unit="dollars">2</measure></cell>
               <cell><measure commodity="currency" quantity="50" unit="cents">50</measure></cell>
               <cell/>
               <cell/>
            </row>
            <row xml:id="p199_04">
               <cell/>
               <cell>" <measure commodity="potatoes" quantity="3" unit="bushels">3 buss
                     potatoes</measure>
                  <measure commodity="currency" quantity="50" unit="cents">50x</measure></cell>
               <cell><measure commodity="currency" quantity="1" unit="dollars">1</measure></cell>
               <cell><measure commodity="currency" quantity="50" unit="cents">50</measure></cell>
               <cell><measure commodity="currency" quantity="7" unit="dollars">7</measure></cell>
               <cell><measure commodity="currency" quantity="50" unit="cents">50</measure></cell>
            </row>
            <row xml:id="p199_05">
               <cell/>
               <cell><date when="1847-04-10">10</date></cell>
               <cell/>
               <cell/>
               <cell/>
               <cell/>
            </row>
            <row xml:id="p199_06">
               <cell>See Bill</cell>
               <cell><name type="person" ref="pers_WCDH587">Thomas Stubbins</name>
                  <choice rend="align(right)">
                     <abbr>D</abbr>
                     <expan>Debtor</expan>
                  </choice></cell>
               <cell/>
               <cell/>
               <cell/>
               <cell/>
            </row>
            <row xml:id="p199_07">
               <cell/>
               <cell>To <measure commodity="lumber" quantity="7.3" unit="ft">7ft 4 inch hard
                     wood</measure>
                  <measure commodity="currency" quantity="4" unit="dollars">$400</measure></cell>
               <cell><measure commodity="currency" quantity="3" unit="dollars">3</measure></cell>
               <cell><measure commodity="currency" quantity="07" unit="cents">07</measure></cell>
               <cell/>
               <cell/>
            </row>
            <row xml:id="p199_08">
               <cell/>
               <cell>" <measure commodity="lumber" quantity="1" unit="count">1/2 end? sawed pine
                     wood</measure>
                  <measure commodity="currency" quantity="4" unit="dollars">$400</measure></cell>
               <cell><measure commodity="currency" quantity="2" unit="dollars">2</measure></cell>
               <cell><measure commodity="currency" quantity="00" unit="cents">00</measure></cell>
               <cell/>
               <cell/>
            </row>
            <row xml:id="p199_09">
               <cell/>
               <cell><date when="1847-04-16">16</date></cell>
               <cell/>
               <cell/>
               <cell/>
               <cell/>
            </row>
            <row xml:id="p199_10">
               <cell>See</cell>
               <cell><name type="person" ref="pers_WCDH702">William Wrigley</name>
                  <choice rend="align(right)">
                     <abbr>D</abbr>
                     <expan>Debtor</expan>
                  </choice></cell>
               <cell/>
               <cell/>
               <cell/>
               <cell/>
            </row>
            <row xml:id="p199_11">
               <cell/>
               <cell>To <measure commodity="?" quantity="6" unit="count">1/2 doz Trowels?</measure>
                  2/ pr.</cell>
               <cell><measure commodity="currency" quantity="2" unit="dollars">2</measure></cell>
               <cell><measure commodity="currency" quantity="00" unit="cents">00</measure></cell>
               <cell/>
               <cell/>
            </row>
            <row xml:id="p199_12">
               <cell/>
               <cell><date when="1847-04-28">28</date></cell>
               <cell/>
               <cell/>
               <cell/>
               <cell/>
            </row>
            <row xml:id="p199_13">
               <cell>345</cell>
               <cell><name type="person" ref="pers_WCDH118">Wheaton Wheeler</name>
                  <choice rend="align(right)">
                     <abbr>D</abbr>
                     <expan>Debtor</expan>
                  </choice></cell>
               <cell/>
               <cell/>
               <cell/>
               <cell/>
            </row>
            <row xml:id="p199_14">
               <cell/>
               <cell>To <name type="account" ref="LMWcash">cash</name> <measure commodity="currency" quantity="3" unit="dollars">three
                     dollars</measure></cell>
               <cell><measure commodity="currency" quantity="3" unit="dollars">3</measure></cell>
               <cell><measure commodity="currency" quantity="00" unit="cents">00</measure></cell>
               <cell/>
               <cell/>
            </row>
            <row xml:id="p199_15">
               <cell/>
               <cell><date when="1847-05-05">May 5</date></cell>
               <cell/>
               <cell/>
               <cell/>
               <cell/>
            </row>
            <row xml:id="p199_16">
               <cell>345</cell>
               <cell><name type="person" ref="pers_WCDH118">Wheaton Wheeler</name>
                  <choice rend="align(right)">
                     <abbr>D</abbr>
                     <expan>Debtor</expan>
                  </choice></cell>
               <cell/>
               <cell/>
               <cell/>
               <cell/>
            </row>
            <row xml:id="p199_17">
               <cell/>
               <cell>To <name type="account" ref="LMWcash">cash</name> towards <measure commodity="labor" quantity="15" unit="days"
                     >??work</measure>
                  <measure commodity="currency" quantity="15" unit="dollars">fifteen
                     dollars</measure></cell>
               <cell><measure commodity="currency" quantity="15" unit="dollars">15</measure></cell>
               <cell><measure commodity="currency" quantity="00" unit="cents">00</measure></cell>
               <cell/>
               <cell/>
            </row>
            <row xml:id="p199_18">
               <cell/>
               <cell><date when="1847-05-06">6</date></cell>
               <cell/>
               <cell/>
               <cell/>
               <cell/>
            </row>
            <row xml:id="p199_19">
               <cell>settled</cell>
               <cell><name type="person" ref="pers_WCDH702">Wm. Wrigley</name>
                  <choice rend="align(right)">
                     <abbr>Dr</abbr>
                     <expan>Debtor</expan>
                  </choice></cell>
               <cell/>
               <cell/>
               <cell/>
               <cell/>
            </row>
            <row xml:id="p199_20">
               <cell/>
               <cell>To <measure commodity="lumber" quantity="7.75" unit="ft">7ft 9 inches hard
                     wood</measure>
                  <measure commodity="currency" quantity="4.5" unit="dollars">4.50</measure></cell>
               <cell><measure commodity="currency" quantity="4" unit="dollars">4</measure></cell>
               <cell><measure commodity="currency" quantity="08" unit="cents">08</measure></cell>
               <cell/>
               <cell/>
            </row>
            <row xml:id="p199_21">
               <cell/>
               <cell/>
               <cell/>
               <cell/>
               <cell/>
               <cell/>
            </row>
            <row xml:id="p199_22">
               <cell>529</cell>
               <cell><name type="person" ref="pers_WCDH269">Frank Dunaho</name>
                  <choice rend="align(right)">
                     <abbr>Dr</abbr>
                     <expan>Debtor</expan>
                  </choice></cell>
               <cell/>
               <cell/>
               <cell/>
               <cell/>
            </row>
            <row xml:id="p199_23">
               <cell/>
               <cell>To <measure commodity="lumber" quantity="4.16" unit="ft">4ft 2 inches
                     wood</measure>
                  <measure commodity="currency" quantity="4" unit="dollars">$4.00</measure>
                  /?</cell>
               <cell><measure commodity="currency" quantity="2" unit="dollars">2</measure></cell>
               <cell><measure commodity="currency" quantity="08" unit="cents">08</measure></cell>
               <cell/>
               <cell/>
            </row>
            <row xml:id="p199_24">
               <cell/>
               <cell>" <measure commodity="milk" quantity="47" unit="quarts">47 qts Milk</measure>
                  <measure commodity="currency" quantity="4" unit="cents">4x</measure></cell>
               <cell><measure commodity="currency" quantity="1" unit="dollars">1</measure></cell>
               <cell><measure commodity="currency" quantity="88" unit="cents">88</measure></cell>
               <cell/>
               <cell/>
            </row>
            <row xml:id="p199_25">
               <cell/>
               <cell>" <name type="account" ref="LMWcash">cash</name> fr. <measure commodity="fish" quantity="1" unit="count">fish
                     1/6</measure></cell>
               <cell/>
               <cell><measure commodity="currency" quantity="25" unit="cents">25</measure></cell>
               <cell/>
               <cell/>
            </row>
            <row xml:id="p199_26">
               <cell/>
               <cell>" " " <measure commodity="Milenary" quantity="1" unit="count"
                     >Milenary</measure></cell>
               <cell><measure commodity="currency" quantity="1" unit="dollars">1</measure></cell>
               <cell><measure commodity="currency" quantity="57" unit="cents">57</measure></cell>
               <cell><measure commodity="currency" quantity="5" unit="dollars">5</measure></cell>
               <cell><measure commodity="currency" quantity="78" unit="cents">78</measure></cell>
            </row>
            <row xml:id="p199_27">
               <cell>settled</cell>
               <cell><name type="person" ref="pers_WCDH032">S. A. Chapin</name>
                  <choice rend="align(right)">
                     <abbr>Dr</abbr>
                     <expan>Debtor</expan>
                  </choice></cell>
               <cell/>
               <cell/>
               <cell/>
               <cell/>
            </row>
            <row xml:id="p199_28">
               <cell/>
               <cell>To <measure commodity="potatoes" quantity="5" unit="bushels">5 bush.
                     potatoes</measure></cell>
               <cell/>
               <cell/>
               <cell/>
               <cell/>
            </row>
            <row xml:id="p199_29">
               <cell/>
               <cell>" <measure commodity="potatoes" quantity="2" unit="bushels">2</measure> "
                     <measure commodity="labor" quantity="1" unit="delivery">?dld. last
                     miles?</measure></cell>
               <cell><measure commodity="currency" quantity="3" unit="dollars">3</measure></cell>
               <cell><measure commodity="currency" quantity="50" unit="cents">50</measure></cell>
               <cell/>
               <cell/>
            </row>
            <row xml:id="p199_30">
               <cell/>
               <cell>" <measure commodity="milk" quantity="100" unit="quarts">100 qts Milk</measure>
                  <measure commodity="currency" quantity="4" unit="cents">4x</measure></cell>
               <cell><measure commodity="currency" quantity="4" unit="dollars">4</measure></cell>
               <cell><measure commodity="currency" quantity="00" unit="cents">00</measure></cell>
               <cell/>
               <cell/>
            </row>
            <row xml:id="p199_31">
               <cell/>
               <cell><date when="1847-05-07">7</date></cell>
               <cell/>
               <cell/>
               <cell/>
               <cell/>
            </row>
            <row xml:id="p199_32">
               <cell/>
               <cell/>
               <cell/>
               <cell/>
               <cell/>
               <cell/>
            </row>
            <row xml:id="p199_33">
               <cell>510</cell>
               <cell><name type="person" ref="pers_WCDH488">Caty Nolen</name>
                  <choice rend="align(right)">
                     <abbr>Dr</abbr>
                     <expan>Debtor</expan>
                  </choice></cell>
               <cell/>
               <cell/>
               <cell/>
               <cell/>
            </row>
            <row xml:id="p199_34">
               <cell/>
               <cell>To <measure commodity="goods" quantity="1" unit="count">goods</measure> for ?
                  /2</cell>
               <cell><measure commodity="currency" quantity="1" unit="dollars">1</measure></cell>
               <cell><measure commodity="currency" quantity="72" unit="cents">72</measure></cell>
               <cell/>
               <cell/>
            </row>
            <row xml:id="p199_35">
               <cell/>
               <cell/>
               <cell/>
               <cell/>
               <cell/>
               <cell/>
            </row>
            <row xml:id="p199_36">
               <cell>529</cell>
               <cell><name type="person" ref="pers_WCDH269">Frank Dunaho</name>
                  <choice rend="align(right)">
                     <abbr>Dr</abbr>
                     <expan>Debtor</expan>
                  </choice></cell>
               <cell/>
               <cell/>
               <cell/>
               <cell/>
            </row>
            <row xml:id="p199_37">
               <cell/>
               <cell>To <measure commodity="beans" quantity="1" unit="pack">1 pack? white
                     beans</measure>
                  <measure commodity="currency" quantity="2" unit="dollars">$200</measure></cell>
               <cell/>
               <cell><measure commodity="currency" quantity="50" unit="cents">50</measure></cell>
               <cell/>
               <cell/>
            </row>
            <row xml:id="p199_38">
               <cell/>
               <cell>" <measure commodity="potatoes" quantity="6" unit="bushels">6 bushels
                     potatoes</measure>
                  <measure commodity="currency" quantity="55" unit="cents">.55x</measure></cell>
               <cell><measure commodity="currency" quantity="3" unit="dollars">3</measure></cell>
               <cell><measure commodity="currency" quantity="30" unit="cents">30</measure></cell>
               <cell><measure commodity="currency" quantity="3" unit="dollars">3</measure></cell>
               <cell><measure commodity="currency" quantity="80" unit="cents">80</measure></cell>
            </row>
            <row xml:id="p199_39">
               <cell/>
               <cell><date when="1847-05-07">7</date></cell>
               <cell/>
               <cell/>
               <cell/>
               <cell/>
            </row>
            <row xml:id="p199_40">
               <cell>345</cell>
               <cell><name type="person" ref="pers_WCDH118">Wheaton Wheeler</name>
                  <choice rend="align(right)">
                     <abbr>D</abbr>
                     <expan>Debtor</expan>
                  </choice></cell>
               <cell/>
               <cell/>
               <cell/>
               <cell/>
            </row>
            <row xml:id="p199_41">
               <cell/>
               <cell>To <measure commodity="corn" quantity="1" unit="bushels">1 buss. corn</measure>
                  6/</cell>
               <cell><measure commodity="currency" quantity="1" unit="dollars">1</measure></cell>
               <cell><measure commodity="currency" quantity="00" unit="cents">00</measure></cell>
               <cell/>
               <cell/>
            </row>
            <row xml:id="p199_42">
               <cell/>
               <cell>" <measure commodity="beans" quantity="1" unit="pack">1 pack white
                     beans</measure>
                  <measure commodity="currency" quantity="50" unit="cents">50x</measure></cell>
               <cell/>
               <cell><measure commodity="currency" quantity="50" unit="cents">50</measure></cell>
               <cell/>
               <cell/>
            </row>
            <row xml:id="p199_43">
               <cell/>
               <cell>" <measure commodity="potatoes" quantity=".5" unit="bushels">1/2 buss
                     potatoes</measure>
                  <measure commodity="currency" quantity="37.5" unit="cents">37
                  1/2x</measure></cell>
               <cell/>
               <cell><measure commodity="currency" quantity="19" unit="cents">19</measure></cell>
               <cell><measure commodity="currency" quantity="1" unit="dollars">1</measure></cell>
               <cell><measure commodity="currency" quantity="69" unit="cents">69</measure></cell>
            </row>
            <row xml:id="p199_44">
               <cell/>
               <cell/>
               <cell/>
               <cell/>
               <cell/>
               <cell/>
            </row>
            <row xml:id="p199_45">
               <cell>76</cell>
               <cell><name type="person" ref="pers_WCDH475">Jas O Messenger</name>
                  <choice rend="align(right)">
                     <abbr>D</abbr>
                     <expan>Debtor</expan>
                  </choice></cell>
               <cell/>
               <cell/>
               <cell/>
               <cell/>
            </row>
            <row xml:id="p199_46">
               <cell/>
               <cell>To <measure commodity="oil" quantity="3.5" unit="gallons">3 1/2 gall.
                     oil</measure>
                  <measure commodity="currency" quantity="80" unit="cents">80x</measure>
                  <measure commodity="labor" quantity="1" unit="delivery">?dlvd.</measure> in ?
                     <date when="1846">1846</date></cell>
               <cell><measure commodity="currency" quantity="2" unit="dollars">2</measure></cell>
               <cell><measure commodity="currency" quantity="80" unit="cents">80</measure></cell>
               <cell/>
               <cell/>
            </row>
            <row xml:id="p199_47">
               <cell/>
               <cell><choice rend="align(right)">
                     <abbr>Cr</abbr>
                     <expan>Credit</expan>
                  </choice></cell>
               <cell/>
               <cell/>
               <cell/>
               <cell/>
            </row>
            <row xml:id="p199_48">
               <cell/>
               <cell>By <measure commodity="oil" quantity="1" unit="barrel">1 bll. Oil</measure>
                  accounted for</cell>
               <cell><measure commodity="currency" quantity="32" unit="dollars">32</measure></cell>
               <cell><measure commodity="currency" quantity="33" unit="cents">33</measure></cell>
               <cell/>
               <cell/>
            </row>
            <row xml:id="p199_49">
               <cell/>
               <cell><date when="1847-05-15">15</date></cell>
               <cell/>
               <cell/>
               <cell/>
               <cell/>
            </row>
            <row xml:id="p199_50">
               <cell>settled</cell>
               <cell><name type="person" ref="v">John Harvey</name>
                  <choice rend="align(right)">
                     <abbr>D</abbr>
                     <expan>Debtor</expan>
                  </choice></cell>
               <cell/>
               <cell/>
               <cell/>
               <cell/>
            </row>
            <row xml:id="p199_51">
               <cell/>
               <cell>To <name type="account" ref="LMWcash">cash</name> <measure commodity="currency" quantity="20" unit="dollars">twenty
                     dollars</measure></cell>
               <cell><measure commodity="currency" quantity="20" unit="dollars">20</measure></cell>
               <cell><measure commodity="currency" quantity="00" unit="cents">00</measure></cell>
               <cell/>
               <cell/>
            </row>
            <row xml:id="p199_52">
               <cell/>
               <cell><date when="1847-05-22">22</date></cell>
               <cell/>
               <cell/>
               <cell/>
               <cell/>
            </row>
            <row xml:id="p199_53">
               <cell>529</cell>
               <cell><name type="person" ref="pers_WCDH269">Frank Dunaho</name>
                  <choice rend="align(right)">
                     <abbr>D</abbr>
                     <expan>Debtor</expan>
                  </choice></cell>
               <cell/>
               <cell/>
               <cell/>
               <cell/>
            </row>
            <row xml:id="p199_54">
               <cell/>
               <cell>To <name type="account" ref="LMWcash">cash</name> <measure commodity="currency" quantity="30" unit="dollars"
                     >30/</measure></cell>
               <cell><measure commodity="currency" quantity="5" unit="dollars">5</measure></cell>
               <cell><measure commodity="currency" quantity="00" unit="cents">00</measure></cell>
               <cell/>
               <cell/>
            </row>
            <row xml:id="p199_55">
               <cell/>
               <cell><date when="1847-05-27">27</date></cell>
               <cell/>
               <cell/>
               <cell/>
               <cell/>
            </row>
            <row xml:id="p199_56">
               <cell>settled</cell>
               <cell><name type="person" ref="v">W. H. Munts</name>
                  <choice rend="align(right)">
                     <abbr>D</abbr>
                     <expan>Debtor</expan>
                  </choice></cell>
               <cell/>
               <cell/>
               <cell/>
               <cell/>
            </row>
            <row xml:id="p199_57">
               <cell/>
               <cell>To <measure commodity="pasturing" quantity="1" unit="days">?pasturing</measure>
                  horse from date</cell>
               <cell/>
               <cell/>
               <cell/>
               <cell/>
            </row>
            <row xml:id="p199_58">
               <cell/>
               <cell/>
               <cell/>
               <cell/>
               <cell/>
               <cell/>
            </row>
            <row xml:id="p199_59">
               <cell>settled</cell>
               <cell><name type="person" ref="pers_WCDH601">Wm g Sweet</name>
                  <choice rend="align(right)">
                     <abbr>D</abbr>
                     <expan>Debtor</expan>
                  </choice></cell>
               <cell/>
               <cell/>
               <cell/>
               <cell/>
            </row>
            <row xml:id="p199_60">
               <cell/>
               <cell>To <measure commodity="lumber" quantity="4.3" unit="ft">4ft 4in wood sawed
                     pine</measure>
                  <measure commodity="currency" quantity="4" unit="dollars">$400</measure></cell>
               <cell><measure commodity="currency" quantity="2" unit="dollars">2</measure></cell>
               <cell><measure commodity="currency" quantity="17" unit="cents">17</measure></cell>
               <cell/>
               <cell/>
            </row>
            <row xml:id="p199_61">
               <cell/>
               <cell><date when="1847-06-01">June 1st</date></cell>
               <cell/>
               <cell/>
               <cell/>
               <cell/>
            </row>
            <row xml:id="p199_62">
               <cell>settled</cell>
               <cell><name type="person" ref="pers_WCDH118">Wheaton Wheeler</name>
                  <choice rend="align(right)">
                     <abbr>D</abbr>
                     <expan>Debtor</expan>
                  </choice></cell>
               <cell/>
               <cell/>
               <cell/>
               <cell/>
            </row>
            <row xml:id="p199_63">
               <cell/>
               <cell>To <measure commodity="corn" quantity="1" unit="bushels">1 buss.
                  corn</measure></cell>
               <cell><measure commodity="currency" quantity="1" unit="dollars">1</measure></cell>
               <cell><measure commodity="currency" quantity="25" unit="cents">25</measure></cell>
               <cell/>
               <cell/>
            </row>
            <row xml:id="p199_64">
               <cell/>
               <cell/>
               <cell/>
               <cell/>
               <cell/>
               <cell/>
            </row>
         </table>
         <pb n="199"/>
         <fw type="pageNum">200</fw>
         <table xml:id="p200" cols="6">
            <head><date when="1847-06-04">June 4th 1847</date></head>
            <row xml:id="p200_01">
               <cell>529</cell>
               <cell><name type="person" ref="pers_WCDH269">Frank Dunahoe</name>
                  <choice rend="align(right)">
                     <abbr>Dt</abbr>
                     <expan>Debtor</expan>
                  </choice></cell>
               <cell/>
               <cell/>
               <cell/>
               <cell/>
            </row>
            <row xml:id="p200_02">
               <cell/>
               <cell>To <measure commodity="?" quantity="10" unit="yards">10 yds M. De?</measure>
                  1/</cell>
               <cell><measure commodity="currency" quantity="1" unit="dollars">1</measure></cell>
               <cell><measure commodity="currency" quantity="67" unit="cents">67</measure></cell>
               <cell/>
               <cell/>
            </row>
            <row xml:id="p200_03">
               <cell/>
               <cell/>
               <cell/>
               <cell/>
               <cell/>
               <cell/>
            </row>
            <row xml:id="p200_04">
               <cell>510</cell>
               <cell><name type="person" ref="pers_WCDH488">Caty Nolen</name>
                  <choice rend="align(right)">
                     <abbr>Dr</abbr>
                     <expan>Debtor</expan>
                  </choice></cell>
               <cell/>
               <cell/>
               <cell/>
               <cell/>
            </row>
            <row xml:id="p200_05">
               <cell/>
               <cell>To <measure commodity="shoes" quantity="1" unit="pairs">1 pr.
                  shoes</measure></cell>
               <cell/>
               <cell><measure commodity="currency" quantity="56" unit="cents">56</measure></cell>
               <cell/>
               <cell/>
            </row>
            <row xml:id="p200_06">
               <cell/>
               <cell/>
               <cell/>
               <cell/>
               <cell/>
               <cell/>
            </row>
            <row xml:id="p200_07">
               <cell>settled</cell>
               <cell><name type="person" ref="pers_WCDH355">Earl Hodges</name>
                  <choice rend="align(right)">
                     <abbr>D</abbr>
                     <expan>Debtor</expan>
                  </choice></cell>
               <cell/>
               <cell/>
               <cell/>
               <cell/>
            </row>
            <row xml:id="p200_08">
               <cell/>
               <cell>To <measure commodity="pasturing" quantity="1" unit="days">pasturing horse
                     from date-</measure></cell>
               <cell/>
               <cell/>
               <cell/>
               <cell/>
            </row>
            <row xml:id="p200_09">
               <cell/>
               <cell/>
               <cell/>
               <cell/>
               <cell/>
               <cell/>
            </row>
            <row xml:id="p200_10">
               <cell>settled</cell>
               <cell><name type="person" ref="v">Sarah Putnam</name>
                  <choice rend="align(right)">
                     <abbr>D</abbr>
                     <expan>Debtor</expan>
                  </choice></cell>
               <cell/>
               <cell/>
               <cell/>
               <cell/>
            </row>
            <row xml:id="p200_11">
               <cell/>
               <cell>To <measure commodity="lumber" quantity="10.25" unit="ft">10ft 3inches pine
                     wood sawed</measure>
                  <measure commodity="currency" quantity="4" unit="dollars">$400</measure></cell>
               <cell><measure commodity="currency" quantity="1" unit="dollars">1</measure></cell>
               <cell><measure commodity="currency" quantity="92" unit="cents">92</measure></cell>
               <cell/>
               <cell/>
            </row>
            <row xml:id="p200_12">
               <cell/>
               <cell><date when="1847-06-12">12</date></cell>
               <cell/>
               <cell/>
               <cell/>
               <cell/>
            </row>
            <row xml:id="p200_13">
               <cell>532</cell>
               <cell><name type="person" ref="pers_WCDH705">Thomas Young</name>
                  <choice rend="align(right)">
                     <abbr>D</abbr>
                     <expan>Debtor</expan>
                  </choice></cell>
               <cell/>
               <cell/>
               <cell/>
               <cell/>
            </row>
            <row xml:id="p200_14">
               <cell/>
               <cell>To <measure commodity="lumber" quantity="4.6" unit="ft">4ft 7inches hard
                     wood</measure>
                  <measure commodity="currency" quantity="4.5" unit="dollars">450</measure> pr
                  end?</cell>
               <cell><measure commodity="currency" quantity="2" unit="dollars">2</measure></cell>
               <cell><measure commodity="currency" quantity="57" unit="cents">57</measure></cell>
               <cell/>
               <cell/>
            </row>
            <row xml:id="p200_15">
               <cell/>
               <cell><date when="1847-06-14">14</date></cell>
               <cell/>
               <cell/>
               <cell/>
               <cell/>
            </row>
            <row xml:id="p200_16">
               <cell>512</cell>
               <cell><name type="person" ref="pers_WCDH190">Geo W Braman</name>
                  <choice rend="align(right)">
                     <abbr>D</abbr>
                     <expan>Debtor</expan>
                  </choice></cell>
               <cell/>
               <cell/>
               <cell/>
               <cell/>
            </row>
            <row xml:id="p200_17">
               <cell/>
               <cell>To <measure commodity="labor" quantity="1" unit="days">??work by geo ?? this
                     day</measure> 9/</cell>
               <cell><measure commodity="currency" quantity="1" unit="dollars">1</measure></cell>
               <cell><measure commodity="currency" quantity="50" unit="cents">50</measure></cell>
               <cell/>
               <cell/>
            </row>
            <row xml:id="p200_18">
               <cell/>
               <cell/>
               <cell/>
               <cell/>
               <cell/>
               <cell/>
            </row>
            <row xml:id="p200_19">
               <cell>settled</cell>
               <cell><name type="person" ref="pers_WCDH705">Thomas Young</name>
                  <choice rend="align(right)">
                     <abbr>D</abbr>
                     <expan>Debtor</expan>
                  </choice></cell>
               <cell/>
               <cell/>
               <cell/>
               <cell/>
            </row>
            <row xml:id="p200_20">
               <cell/>
               <cell>To <measure commodity="potatoes" quantity="1" unit="bushels">1 buss.
                     potatoes</measure>
                  <measure commodity="currency" quantity="37.5" unit="cents">37 1/2</measure></cell>
               <cell/>
               <cell><measure commodity="currency" quantity="75" unit="cents">75</measure> (struck
                  through)</cell>
               <cell/>
               <cell><measure commodity="currency" quantity="37.5" unit="cents">37
                  1/2</measure></cell>
            </row>
            <row xml:id="p200_21">
               <cell/>
               <cell><date when="1847-06-18">18</date></cell>
               <cell/>
               <cell/>
               <cell/>
               <cell/>
            </row>
            <row xml:id="p200_22">
               <cell>529</cell>
               <cell><name type="person" ref="pers_WCDH269">Frank Dunaho</name>
                  <choice rend="align(right)">
                     <abbr>Dr</abbr>
                     <expan>Debtor</expan>
                  </choice></cell>
               <cell/>
               <cell/>
               <cell/>
               <cell/>
            </row>
            <row xml:id="p200_23">
               <cell/>
               <cell>To <measure commodity="butter" quantity="1.125" unit="lbs">1lb. 2oz.
                     butter</measure>
                  <measure commodity="currency" quantity="23" unit="cents">23x</measure></cell>
               <cell/>
               <cell><measure commodity="currency" quantity="25" unit="cents">25</measure></cell>
               <cell/>
               <cell/>
            </row>
            <row xml:id="p200_24">
               <cell/>
               <cell>To <measure commodity="milk" quantity="14" unit="quarts">14qts Milk</measure>
                  fr. <date when="1847-05-06">May 6.</date> to <date when="1847-06-03">June
                     3.</date>
                  <measure commodity="currency" quantity="4" unit="cents">4x</measure></cell>
               <cell/>
               <cell><measure commodity="currency" quantity="56" unit="cents">56</measure></cell>
               <cell/>
               <cell><measure commodity="currency" quantity="81" unit="cents">81</measure></cell>
            </row>
            <row xml:id="p200_25">
               <cell/>
               <cell/>
               <cell/>
               <cell/>
               <cell/>
               <cell/>
            </row>
            <row xml:id="p200_26">
               <cell>settled</cell>
               <cell><name type="person" ref="pers_WCDH032">S. A. Chapin</name>
                  <choice rend="align(right)">
                     <abbr>Dr</abbr>
                     <expan>Debtor</expan>
                  </choice></cell>
               <cell/>
               <cell/>
               <cell/>
               <cell/>
            </row>
            <row xml:id="p200_27">
               <cell/>
               <cell>To <measure commodity="milk" quantity="29" unit="quarts">29qts Milk</measure>
                  <measure commodity="currency" quantity="4" unit="cents">4x</measure></cell>
               <cell><measure commodity="currency" quantity="1" unit="dollars">1</measure></cell>
               <cell><measure commodity="currency" quantity="16" unit="cents">16</measure></cell>
               <cell/>
               <cell/>
            </row>
            <row xml:id="p200_28">
               <cell/>
               <cell><date when="1847-06-21">21</date></cell>
               <cell/>
               <cell/>
               <cell/>
               <cell/>
            </row>
            <row xml:id="p200_29">
               <cell>settled</cell>
               <cell><name type="person" ref="pers_WCDH118">Wheaton Wheeler</name>
                  <choice rend="align(right)">
                     <abbr>D</abbr>
                     <expan>Debtor</expan>
                  </choice></cell>
               <cell/>
               <cell/>
               <cell/>
               <cell/>
            </row>
            <row xml:id="p200_30">
               <cell/>
               <cell>To <measure commodity="beans" quantity="1" unit="pack">1 pack white
                     beans</measure></cell>
               <cell/>
               <cell><measure commodity="currency" quantity="50" unit="cents">50</measure></cell>
               <cell/>
               <cell/>
            </row>
            <row xml:id="p200_31">
               <cell/>
               <cell><date when="1847-06-23">23</date></cell>
               <cell/>
               <cell/>
               <cell/>
               <cell/>
            </row>
            <row xml:id="p200_32">
               <cell>510</cell>
               <cell><name type="person" ref="pers_WCDH488">Caty Nolen</name>
                  <choice rend="align(right)">
                     <abbr>Dr</abbr>
                     <expan>Debtor</expan>
                  </choice></cell>
               <cell/>
               <cell/>
               <cell/>
               <cell/>
            </row>
            <row xml:id="p200_33">
               <cell/>
               <cell>To <name type="account" ref="LMWcash">cash</name> for <measure commodity="labor" quantity="1" unit="dress">making
                     dress</measure> 5/</cell>
               <cell/>
               <cell><measure commodity="currency" quantity="83" unit="cents">83</measure></cell>
               <cell/>
               <cell/>
            </row>
            <row xml:id="p200_34">
               <cell/>
               <cell><date when="1847-06-30">30</date></cell>
               <cell/>
               <cell/>
               <cell/>
               <cell/>
            </row>
            <row xml:id="p200_35">
               <cell>settled</cell>
               <cell><name type="person" ref="pers_WCDH118">Wheaton Wheeler</name>
                  <choice rend="align(right)">
                     <abbr>D</abbr>
                     <expan>Debtor</expan>
                  </choice></cell>
               <cell/>
               <cell/>
               <cell/>
               <cell/>
            </row>
            <row xml:id="p200_36">
               <cell/>
               <cell>To <name type="account" ref="LMWcash">cash</name> <measure commodity="currency" quantity="10" unit="dollars">ten
                     dollars</measure></cell>
               <cell><measure commodity="currency" quantity="10" unit="dollars">10</measure></cell>
               <cell><measure commodity="currency" quantity="00" unit="cents">00</measure></cell>
               <cell/>
               <cell/>
            </row>
            <row xml:id="p200_37">
               <cell/>
               <cell>" <measure commodity="corn" quantity="1" unit="bushels">1 buss corn</measure>
                  6/</cell>
               <cell><measure commodity="currency" quantity="1" unit="dollars">1</measure></cell>
               <cell><measure commodity="currency" quantity="00" unit="cents">00</measure></cell>
               <cell/>
               <cell/>
            </row>
            <row xml:id="p200_38">
               <cell/>
               <cell><date when="1847-07-06">July 6</date></cell>
               <cell/>
               <cell/>
               <cell/>
               <cell/>
            </row>
            <row xml:id="p200_39">
               <cell>510</cell>
               <cell><name type="person" ref="pers_WCDH488">Caty Nolen</name>
                  <choice rend="align(right)">
                     <abbr>D</abbr>
                     <expan>Debtor</expan>
                  </choice></cell>
               <cell/>
               <cell/>
               <cell/>
               <cell/>
            </row>
            <row xml:id="p200_40">
               <cell/>
               <cell>To balance on <measure commodity="slippers" quantity="1" unit="pairs"
                     >Slippers</measure></cell>
               <cell/>
               <cell><measure commodity="currency" quantity="34" unit="cents">34</measure></cell>
               <cell/>
               <cell/>
            </row>
            <row xml:id="p200_41">
               <cell/>
               <cell/>
               <cell/>
               <cell/>
               <cell/>
               <cell/>
            </row>
            <row xml:id="p200_42">
               <cell>settled</cell>
               <cell><name type="person" ref="pers_WCDH586">George Story</name>
                  <choice rend="align(right)">
                     <abbr>D</abbr>
                     <expan>Debtor</expan>
                  </choice></cell>
               <cell/>
               <cell/>
               <cell/>
               <cell/>
            </row>
            <row xml:id="p200_43">
               <cell/>
               <cell>To <measure commodity="lumber" quantity="1.96" unit="ft">1ft 11 1/2 inches oak
                     wood</measure>
                  <measure commodity="currency" quantity="10" unit="dollars">$10</measure></cell>
               <cell><measure commodity="currency" quantity="2" unit="dollars">2</measure></cell>
               <cell><measure commodity="currency" quantity="50" unit="cents">50</measure></cell>
               <cell/>
               <cell/>
            </row>
            <row xml:id="p200_44">
               <cell/>
               <cell/>
               <cell/>
               <cell/>
               <cell/>
               <cell/>
            </row>
            <row xml:id="p200_45">
               <cell/>
               <cell><abbr>Cr</abbr>
                  <expan>Credit</expan></cell>
               <cell/>
               <cell/>
               <cell/>
               <cell/>
            </row>
            <row xml:id="p200_46">
               <cell>settled</cell>
               <cell>By cash <measure commodity="currency" quantity="5" unit="dollars">five
                     dollars</measure></cell>
               <cell><measure commodity="currency" quantity="5" unit="dollars">5</measure></cell>
               <cell><measure commodity="currency" quantity="00" unit="cents">00</measure></cell>
               <cell/>
               <cell/>
            </row>
            <row xml:id="p200_47">
               <cell/>
               <cell/>
               <cell/>
               <cell/>
               <cell/>
               <cell/>
            </row>
            <row xml:id="p200_48">
               <cell>settled</cell>
               <cell><name type="person" ref="pers_WCDH352">John Hill</name>
                  <choice rend="align(right)">
                     <abbr>D</abbr>
                     <expan>Debtor</expan>
                  </choice></cell>
               <cell/>
               <cell/>
               <cell/>
               <cell/>
            </row>
            <row xml:id="p200_49">
               <cell/>
               <cell>To <name type="account" ref="LMWcash">cash</name> <measure commodity="currency" quantity="20" unit="dollars">twenty
                     dollars</measure></cell>
               <cell><measure commodity="currency" quantity="20" unit="dollars">20</measure></cell>
               <cell><measure commodity="currency" quantity="00" unit="cents">00</measure></cell>
               <cell/>
               <cell/>
            </row>
            <row xml:id="p200_50">
               <cell/>
               <cell/>
               <cell/>
               <cell/>
               <cell/>
               <cell/>
            </row>
            <row xml:id="p200_51">
               <cell>settled</cell>
               <cell><name type="person" ref="pers_WCDH164">Ka Barrows</name>
                  <choice rend="align(right)">
                     <abbr>D</abbr>
                     <expan>Debtor</expan>
                  </choice></cell>
               <cell/>
               <cell/>
               <cell/>
               <cell/>
            </row>
            <row xml:id="p200_52">
               <cell/>
               <cell/>
               <cell/>
               <cell/>
               <cell/>
               <cell/>
            </row>
            <row xml:id="p200_53">
               <cell/>
               <cell>To <measure commodity="?" quantity="1" unit="count">house unit?</measure> for
                  L. Harrington</cell>
               <cell/>
               <cell/>
               <cell/>
               <cell/>
            </row>
            <row xml:id="p200_54">
               <cell/>
               <cell>to <date when="1847-07-15">July 15th</date> at <measure commodity="currency"
                     quantity="50" unit="dollars">$50x</measure> taxes</cell>
               <cell><measure commodity="currency" quantity="15" unit="dollars">15</measure></cell>
               <cell><measure commodity="currency" quantity="00" unit="cents">00</measure></cell>
               <cell/>
               <cell/>
            </row>
            <row xml:id="p200_55">
               <cell/>
               <cell><date when="1847-07-15">15</date></cell>
               <cell/>
               <cell/>
               <cell/>
               <cell/>
            </row>
            <row xml:id="p200_56">
               <cell>510</cell>
               <cell><name type="person" ref="pers_WCDH488">Caty Nolen</name>
                  <choice rend="align(right)">
                     <abbr>Dr</abbr>
                     <expan>Debtor</expan>
                  </choice></cell>
               <cell/>
               <cell/>
               <cell/>
               <cell/>
            </row>
            <row xml:id="p200_57">
               <cell/>
               <cell>To <measure commodity="goods" quantity="1" unit="count">goods</measure> at
                  store</cell>
               <cell/>
               <cell><measure commodity="currency" quantity="37" unit="cents">37</measure></cell>
               <cell/>
               <cell><measure commodity="currency" quantity="37" unit="cents">37</measure></cell>
            </row>
            <row xml:id="p200_58">
               <cell/>
               <cell><date when="1847-07-21">21</date></cell>
               <cell/>
               <cell/>
               <cell/>
               <cell/>
            </row>
            <row xml:id="p200_59">
               <cell>529</cell>
               <cell><name type="person" ref="pers_WCDH269">Frank Dunahoe</name>
                  <choice rend="align(right)">
                     <abbr>D</abbr>
                     <expan>Debtor</expan>
                  </choice></cell>
               <cell/>
               <cell/>
               <cell/>
               <cell/>
            </row>
            <row xml:id="p200_60">
               <cell/>
               <cell>To <name type="account" ref="LMWcash">cash</name> <measure commodity="currency" quantity="15" unit="dollars">fifteen
                     dollars</measure></cell>
               <cell><measure commodity="currency" quantity="15" unit="dollars">15</measure></cell>
               <cell><measure commodity="currency" quantity="00" unit="cents">00</measure></cell>
               <cell/>
               <cell/>
            </row>
            <row xml:id="p200_61">
               <cell/>
               <cell><date when="1847-07-24">24</date></cell>
               <cell/>
               <cell/>
               <cell/>
               <cell/>
            </row>
            <row xml:id="p200_62">
               <cell>settled</cell>
               <cell><name type="person" ref="pers_WCDH702">William Wrigley</name>
                  <choice rend="align(right)">
                     <abbr>D</abbr>
                     <expan>Debtor</expan>
                  </choice></cell>
               <cell/>
               <cell/>
               <cell/>
               <cell/>
            </row>
            <row xml:id="p200_63">
               <cell/>
               <cell>To <name type="account" ref="LMWcash">cash</name> <measure commodity="currency" quantity="15" unit="dollars">fifteen
                     dollars</measure></cell>
               <cell><measure commodity="currency" quantity="15" unit="dollars">15</measure></cell>
               <cell><measure commodity="currency" quantity="00" unit="cents">00</measure></cell>
               <cell/>
               <cell/>
            </row>
            <row xml:id="p200_64">
               <cell/>
               <cell/>
               <cell/>
               <cell/>
               <cell/>
               <cell/>
            </row>
         </table>
      </body>
   </text>
</TEI>
