<?xml version="1.0" encoding="UTF-8"?>
<?xml-model href="http://www.tei-c.org/release/xml/tei/custom/schema/relaxng/tei_all.rng" type="application/xml" schematypens="http://relaxng.org/ns/structure/1.0"?>
<?xml-model href="http://www.tei-c.org/release/xml/tei/custom/schema/relaxng/tei_all.rng" type="application/xml"
	schematypens="http://purl.oclc.org/dsdl/schematron"?>
<TEI xmlns="http://www.tei-c.org/ns/1.0">
   <teiHeader>
      <fileDesc>
         <titleStmt>
            <title>LMW Day Book, pp. 207-208</title>
            <author>L.M. Wheaton</author>
         </titleStmt>
         <publicationStmt>
            <p>Indication of work done and date, Wheaton College</p>
         </publicationStmt>
         <sourceDesc>
            <biblFull>
               <titleStmt>
                  <title>Account Books, pp.207-208</title>
                  <author>L.M. Wheaton</author>
                  <respStmt>
                     <resp> TEI-compatible XML markup by <name type="person">Your Name</name> with
                        corrections by <name type="person">Name</name>, <name type="person"
                           >Name</name>, and <name type="person">Name</name>.</resp>
                     <name type="person">Name</name>
                  </respStmt>
               </titleStmt>
               <publicationStmt>
                  <p>Indication of work done and date, Wheaton College</p>
               </publicationStmt>
               <sourceDesc>
                  <p> From the Marion B. Gebbie Archives and Special Collections at the Madeleine
                     Clark Wallace Library, Wheaton College </p>
               </sourceDesc>
            </biblFull>
         </sourceDesc>
      </fileDesc>
   </teiHeader>
   <text>
      <body>
         <pb n="207"/>
         <fw type="pageNum">207</fw>
         <table xml:id="p207" cols="6">
            <head>Thursday <date when="1848-03-30">March 30th 1848</date></head>
            <row xml:id="p207_01">
               <cell/>
               <cell/>
               <cell/>
               <cell/>
               <cell/>
               <cell/>
            </row>
            <row xml:id="p207_02">
               <cell>529</cell>
               <cell><name type="person" ref="pers_WCDH269">Frank Dunahoe</name>
                  <choice rend="align(right)">
                     <abbr>D</abbr>
                     <expan>debtor</expan>
                  </choice></cell>
               <cell/>
               <cell/>
               <cell/>
               <cell/>
            </row>
            <row xml:id="p207_03">
               <cell/>
               <cell>To <measure commodity="milk" quantity="1" unit="quarts">1 qt. milk</measure>
                  pr. daily frm date -</cell>
               <cell/>
               <cell/>
               <cell/>
               <cell/>
            </row>
            <row xml:id="p207_04">
               <cell/>
               <cell><date when="1848-03-31">31</date></cell>
               <cell/>
               <cell/>
               <cell/>
               <cell/>
            </row>
            <row xml:id="p207_05">
               <cell>532</cell>
               <cell><name type="person" ref="pers_WCDH705">Thomas Young</name>
                  <choice rend="align(right)">
                     <abbr>D</abbr>
                     <expan>debtor</expan>
                  </choice></cell>
               <cell/>
               <cell/>
               <cell/>
               <cell/>
            </row>
            <row xml:id="p207_06">
               <cell/>
               <cell>To <name type="account" ref="LMWcash">cash</name></cell>
               <cell><measure commodity="currency" quantity="71" unit="dollars">71</measure></cell>
               <cell><measure commodity="currency" quantity="28" unit="cents">28</measure></cell>
               <cell/>
               <cell/>
            </row>
            <row xml:id="p207_07">
               <cell/>
               <cell/>
               <cell/>
               <cell/>
               <cell/>
               <cell/>
            </row>
            <row xml:id="p207_08">
               <cell>529</cell>
               <cell><name type="person" ref="pers_WCDH269">Frank Dunahoe</name>
                  <choice rend="align(right)">
                     <abbr>D</abbr>
                     <expan>debtor</expan>
                  </choice></cell>
               <cell/>
               <cell/>
               <cell/>
               <cell/>
            </row>
            <row xml:id="p207_09">
               <cell/>
               <cell>To <measure commodity="salt pork" quantity="8.75" unit="lbs">8 3/4 lb salt
                     pork</measure>
                  <measure commodity="currency" quantity="9" unit="cents">9c</measure></cell>
               <cell><measure commodity="currency" quantity="1" unit="dollars">1</measure></cell>
               <cell><measure commodity="currency" quantity="8" unit="cents">08</measure></cell>
               <cell/>
               <cell/>
            </row>
            <row xml:id="p207_10">
               <cell/>
               <cell/>
               <cell/>
               <cell/>
               <cell/>
               <cell/>
            </row>
            <row xml:id="p207_11">
               <cell/>
               <cell><date when="1848-04-01">April 1st 1848</date></cell>
               <cell/>
               <cell/>
               <cell/>
               <cell/>
            </row>
            <row xml:id="p207_12">
               <cell>532</cell>
               <cell><name type="person" ref="pers_WCDH705">Thomas Young</name>
                  <choice rend="align(right)">
                     <abbr>D</abbr>
                     <expan>debtor</expan>
                  </choice></cell>
               <cell/>
               <cell/>
               <cell/>
               <cell/>
            </row>
            <row xml:id="p207_13">
               <cell/>
               <cell>To <measure commodity="lumber" quantity="1" unit="load">1 load pine
                     wood</measure> 18/</cell>
               <cell><measure commodity="currency" quantity="3" unit="dollars">3</measure></cell>
               <cell><measure commodity="currency" quantity="00" unit="cents">00</measure></cell>
               <cell/>
               <cell/>
            </row>
            <row xml:id="p207_14">
               <cell/>
               <cell><date when="1848-04-03">3</date></cell>
               <cell/>
               <cell/>
               <cell/>
               <cell/>
            </row>
            <row xml:id="p207_15">
               <cell>529</cell>
               <cell><name type="person" ref="pers_WCDH269">Frank Dunahoe</name>
                  <choice rend="align(right)">
                     <abbr>D</abbr>
                     <expan>debtor</expan>
                  </choice></cell>
               <cell/>
               <cell/>
               <cell/>
               <cell/>
            </row>
            <row xml:id="p207_16">
               <cell/>
               <cell>To <name type="account" ref="LMWcash">cash</name> ten dollars</cell>
               <cell><measure commodity="currency" quantity="10" unit="dollars">10</measure></cell>
               <cell><measure commodity="currency" quantity="00" unit="cents">00</measure></cell>
               <cell/>
               <cell/>
            </row>
            <row xml:id="p207_17">
               <cell/>
               <cell><date when="1848-04-12">12</date></cell>
               <cell/>
               <cell/>
               <cell/>
               <cell/>
            </row>
            <row xml:id="p207_18">
               <cell>529</cell>
               <cell><name type="person" ref="pers_WCDH269">Frank Dunahoe</name>
                  <choice rend="align(right)">
                     <abbr>D</abbr>
                     <expan>debtor</expan>
                  </choice></cell>
               <cell/>
               <cell/>
               <cell/>
               <cell/>
            </row>
            <row xml:id="p207_19">
               <cell/>
               <cell>To <measure commodity="potatoes" quantity="1" unit="bushels">1 buss
                     potatoes</measure> 6</cell>
               <cell><measure commodity="currency" quantity="1" unit="dollars">1</measure></cell>
               <cell><measure commodity="currency" quantity="00" unit="cents">00</measure></cell>
               <cell/>
               <cell/>
            </row>
            <row xml:id="p207_20">
               <cell/>
               <cell><date when="1848-04-22">22</date></cell>
               <cell/>
               <cell/>
               <cell/>
               <cell/>
            </row>
            <row xml:id="p207_21">
               <cell>529</cell>
               <cell><name type="person" ref="pers_WCDH269">Frank Dunahoe</name>
                  <choice rend="align(right)">
                     <abbr>Dr</abbr>
                     <expan>debtor</expan>
                  </choice></cell>
               <cell/>
               <cell/>
               <cell/>
               <cell/>
            </row>
            <row xml:id="p207_22">
               <cell/>
               <cell>To <name type="account" ref="LMWcash">cash</name> for <measure
                     commodity="curtains" quantity="4" unit="count">4 curtains</measure></cell>
               <cell/>
               <cell><measure commodity="currency" quantity="44" unit="cents">44</measure></cell>
               <cell/>
               <cell/>
            </row>
            <row xml:id="p207_23">
               <cell/>
               <cell><date when="1848-04-24">24</date></cell>
               <cell/>
               <cell/>
               <cell/>
               <cell/>
            </row>
            <row xml:id="p207_24">
               <cell>settled</cell>
               <cell><name type="person" ref="v">Sarah Putnam</name>
                  <choice rend="align(right)">
                     <abbr>Dr</abbr>
                     <expan>debtor</expan>
                  </choice></cell>
               <cell/>
               <cell/>
               <cell/>
               <cell/>
            </row>
            <row xml:id="p207_25">
               <cell/>
               <cell>To <measure commodity="salt beef" quantity="60" unit="lbs">60 lbs salt
                     beef</measure>
                  <measure commodity="currency" quantity="6" unit="cents">6x</measure></cell>
               <cell><measure commodity="currency" quantity="3" unit="dollars">3</measure></cell>
               <cell><measure commodity="currency" quantity="60" unit="cents">60</measure></cell>
               <cell/>
               <cell/>
            </row>
            <row xml:id="p207_26">
               <cell/>
               <cell>To <measure commodity="sausage meat" quantity="8.5" unit="lbs">8 1/2 " sausage
                     meat</measure></cell>
               <cell/>
               <cell><measure commodity="currency" quantity="75" unit="cents">75</measure></cell>
               <cell><measure commodity="currency" quantity="4" unit="dollars">4</measure></cell>
               <cell><measure commodity="currency" quantity="35" unit="cents">35</measure></cell>
            </row>
            <row xml:id="p207_27">
               <cell/>
               <cell><date when="1848-04-27">27</date></cell>
               <cell/>
               <cell/>
               <cell/>
               <cell/>
            </row>
            <row xml:id="p207_28">
               <cell>529</cell>
               <cell><name type="person" ref="pers_WCDH269">Frank Dunahoe</name>
                  <choice rend="align(right)">
                     <abbr>D</abbr>
                     <expan>debtor</expan>
                  </choice></cell>
               <cell/>
               <cell/>
               <cell/>
               <cell/>
            </row>
            <row xml:id="p207_29">
               <cell/>
               <cell>To <name type="account" ref="LMWcash">cash</name>
                  <measure commodity="currency" quantity="25" unit="dollars">twenty five
                     dollars</measure></cell>
               <cell><measure commodity="currency" quantity="25" unit="dollars">25</measure></cell>
               <cell><measure commodity="currency" quantity="00" unit="cents">00</measure></cell>
               <cell/>
               <cell/>
            </row>
            <row xml:id="p207_30">
               <cell/>
               <cell/>
               <cell/>
               <cell/>
               <cell/>
               <cell/>
            </row>
            <row xml:id="p207_31">
               <cell>settled</cell>
               <cell><name type="person" ref="v">Sarah Putnam</name>
                  <choice rend="align(right)">
                     <abbr>D</abbr>
                     <expan>debtor</expan>
                  </choice></cell>
               <cell/>
               <cell/>
               <cell/>
               <cell/>
            </row>
            <row xml:id="p207_32">
               <cell/>
               <cell>To <measure commodity="beans" quantity="1" unit="bushels">1 buss.
                     beans</measure> 10/6</cell>
               <cell><measure commodity="currency" quantity="1" unit="dollars">1</measure></cell>
               <cell><measure commodity="currency" quantity="75" unit="cents">75</measure></cell>
               <cell/>
               <cell/>
            </row>
            <row xml:id="p207_33">
               <cell/>
               <cell><date when="1848-05-04">May 4</date></cell>
               <cell/>
               <cell/>
               <cell/>
               <cell/>
            </row>
            <row xml:id="p207_34">
               <cell><name type="person" ref="pers_WCDH558">Alice Smith</name>
                  <choice rend="align(right)">
                     <abbr>D</abbr>
                     <expan>debtor</expan>
                  </choice></cell>
               <cell/>
               <cell/>
               <cell/>
               <cell/>
               <cell/>
            </row>
            <row xml:id="p207_35">
               <cell/>
               <cell>To <measure commodity="lumber" quantity="1" unit="load">load pine
                     wood</measure> -</cell>
               <cell/>
               <cell/>
               <cell/>
               <cell/>
            </row>
            <row xml:id="p207_36">
               <cell/>
               <cell/>
               <cell/>
               <cell/>
               <cell/>
               <cell/>
            </row>
            <row xml:id="p207_37">
               <cell/>
               <cell/>
               <cell/>
               <cell/>
               <cell/>
               <cell/>
            </row>
            <row xml:id="p207_38">
               <cell>510</cell>
               <cell><name type="person" ref="pers_WCDH488">Caty Knowlen</name>
                  <choice rend="align(right)">
                     <abbr>D</abbr>
                     <expan>debtor</expan>
                  </choice></cell>
               <cell/>
               <cell/>
               <cell/>
               <cell/>
            </row>
            <row xml:id="p207_39">
               <cell/>
               <cell>To paying <name type="person" ref="pers_WCDH032">S. A. Chapin</name></cell>
               <cell/>
               <cell><measure commodity="currency" quantity="79" unit="cents">79</measure></cell>
               <cell/>
               <cell/>
            </row>
            <row xml:id="p207_40">
               <cell/>
               <cell>" things bot by wife ??</cell>
               <cell/>
               <cell><measure commodity="currency" quantity="25" unit="cents">25</measure></cell>
               <cell><measure commodity="currency" quantity="1" unit="dollars">1</measure></cell>
               <cell><measure commodity="currency" quantity="04" unit="cents">04</measure></cell>
            </row>
            <row xml:id="p207_41">
               <cell/>
               <cell><date when="1848-05-12">12</date></cell>
               <cell/>
               <cell/>
               <cell/>
               <cell/>
            </row>
            <row xml:id="p207_42">
               <cell>settled</cell>
               <cell><name type="person" ref="v">Wm. Wrigley</name>
                  <choice rend="align(right)">
                     <abbr>D</abbr>
                     <expan>debtor</expan>
                  </choice></cell>
               <cell/>
               <cell/>
               <cell/>
               <cell/>
            </row>
            <row xml:id="p207_43">
               <cell/>
               <cell>To <measure commodity="hammer" quantity="1" unit="count">1 hammer</measure>
                  9d</cell>
               <cell/>
               <cell><measure commodity="currency" quantity="13" unit="cents">13</measure></cell>
               <cell/>
               <cell/>
            </row>
            <row xml:id="p207_44">
               <cell/>
               <cell/>
               <cell/>
               <cell/>
               <cell/>
               <cell/>
            </row>
            <row xml:id="p207_45">
               <cell>529</cell>
               <cell><name type="person" ref="pers_WCDH269">Frank Dunahoe</name>
                  <choice rend="align(right)">
                     <abbr>D</abbr>
                     <expan>debtor</expan>
                  </choice></cell>
               <cell/>
               <cell/>
               <cell/>
               <cell/>
            </row>
            <row xml:id="p207_46">
               <cell/>
               <cell>To <measure commodity="pork" quantity="9" unit="lbs">9 lbs? pig
                  poark</measure>, settled</cell>
               <cell><measure commodity="currency" quantity="1" unit="dollars">1</measure></cell>
               <cell><measure commodity="currency" quantity="13" unit="cents">13</measure></cell>
               <cell/>
               <cell/>
            </row>
            <row xml:id="p207_47">
               <cell/>
               <cell><date when="1848-05-13">13</date></cell>
               <cell/>
               <cell/>
               <cell/>
               <cell/>
            </row>
            <row xml:id="p207_48">
               <cell>settled</cell>
               <cell><name type="person" ref="v">Wm. Wrigley</name>
                  <choice rend="align(right)">
                     <abbr>D</abbr>
                     <expan>debtor</expan>
                  </choice></cell>
               <cell/>
               <cell/>
               <cell/>
               <cell/>
            </row>
            <row xml:id="p207_49">
               <cell/>
               <cell>To <name type="account" ref="LMWcash">cash</name>
                  <measure commodity="currency" quantity="17" unit="dollars">seventeen
                     dollars</measure>
                  <measure commodity="currency" quantity="50" unit="cents">50x</measure></cell>
               <cell><measure commodity="currency" quantity="17" unit="dollars">17</measure></cell>
               <cell><measure commodity="currency" quantity="50" unit="cents">50</measure></cell>
               <cell/>
               <cell/>
            </row>
            <row xml:id="p207_50">
               <cell/>
               <cell/>
               <cell/>
               <cell/>
               <cell/>
               <cell/>
            </row>
            <row xml:id="p207_51">
               <cell>529</cell>
               <cell><name type="person" ref="pers_WCDH269">Francis Dunahoe</name>
                  <choice rend="align(right)">
                     <abbr>D</abbr>
                     <expan>debtor</expan>
                  </choice></cell>
               <cell/>
               <cell/>
               <cell/>
               <cell/>
            </row>
            <row xml:id="p207_52">
               <cell/>
               <cell>To ballance of factory accompt</cell>
               <cell><measure commodity="currency" quantity="14" unit="dollars">14</measure></cell>
               <cell><measure commodity="currency" quantity="17" unit="cents">17</measure></cell>
               <cell/>
               <cell/>
            </row>
            <row xml:id="p207_53">
               <cell/>
               <cell><date when="1848-05-16">16</date></cell>
               <cell/>
               <cell/>
               <cell/>
               <cell/>
            </row>
            <row xml:id="p207_54">
               <cell>settled</cell>
               <cell><name type="person" ref="v">Sarah Putnam</name>
                  <choice rend="align(right)">
                     <abbr>D</abbr>
                     <expan>debtor</expan>
                  </choice></cell>
               <cell/>
               <cell/>
               <cell/>
               <cell/>
            </row>
            <row xml:id="p207_55">
               <cell/>
               <cell>To <measure commodity="milk" quantity="96" unit="quarts">96 qts
                  milk</measure></cell>
               <cell/>
               <cell/>
               <cell/>
               <cell/>
            </row>
            <row xml:id="p207_56">
               <cell/>
               <cell>To <measure commodity="milk" quantity="6" unit="quarts">6 qts pr day</measure>
                  from date</cell>
               <cell/>
               <cell/>
               <cell/>
               <cell/>
            </row>
            <row xml:id="p207_57">
               <cell/>
               <cell><date when="1848-05-18">18</date></cell>
               <cell/>
               <cell/>
               <cell/>
               <cell/>
            </row>
            <row xml:id="p207_58">
               <cell>settled</cell>
               <cell><name type="person" ref="pers_WCDH488">Caty Knowlen</name>
                  <choice rend="align(right)">
                     <abbr>D</abbr>
                     <expan>debtor</expan>
                  </choice></cell>
               <cell/>
               <cell/>
               <cell/>
               <cell/>
            </row>
            <row xml:id="p207_59">
               <cell/>
               <cell>To <name type="account" ref="LMWcash">cash</name></cell>
               <cell><measure commodity="currency" quantity="1" unit="dollars">1</measure></cell>
               <cell><measure commodity="currency" quantity="00" unit="cents">00</measure></cell>
               <cell/>
               <cell/>
            </row>
            <row xml:id="p207_60">
               <cell/>
               <cell/>
               <cell/>
               <cell/>
               <cell/>
               <cell/>
            </row>
            <row xml:id="p207_61">
               <cell>530</cell>
               <cell><name type="person" ref="pers_WCDH474">Walter McNaughton</name>
                  <choice rend="align(right)">
                     <abbr>D</abbr>
                     <expan>debtor</expan>
                  </choice></cell>
               <cell/>
               <cell/>
               <cell/>
               <cell/>
            </row>
            <row xml:id="p207_62">
               <cell/>
               <cell>To <name type="account" ref="LMWcash">cash</name>
                  <measure commodity="currency" quantity="8" unit="dollars">eight
                  dollars</measure></cell>
               <cell><measure commodity="currency" quantity="8" unit="dollars">8</measure></cell>
               <cell><measure commodity="currency" quantity="00" unit="cents">00</measure></cell>
               <cell/>
               <cell/>
            </row>
            <row xml:id="p207_63">
               <cell/>
               <cell/>
               <cell/>
               <cell/>
               <cell/>
               <cell/>
            </row>
            <row xml:id="p207_64">
               <cell/>
               <cell/>
               <cell/>
               <cell/>
               <cell/>
               <cell/>
            </row>
         </table>
         <pb n="208"/>
         <fw type="pageNum">208</fw>
         <table xml:id="p208" cols="6">
            <head>Thursday <date when="1848-06-01">June 1st 1848</date></head>
            <row xml:id="p208_01">
               <cell/>
               <cell/>
               <cell>$</cell>
               <cell>cts.</cell>
               <cell>$</cell>
               <cell>cts.</cell>
            </row>
            <row xml:id="p208_02">
               <cell>settled</cell>
               <cell><name type="person" ref="v">Harrison Lane</name>
                  <choice rend="align(right)">
                     <abbr>D</abbr>
                     <expan>Debtor</expan>
                  </choice></cell>
               <cell/>
               <cell/>
               <cell/>
               <cell/>
            </row>
            <row xml:id="p208_03">
               <cell/>
               <cell>To <name type="account" ref="LMWcash">cash</name> 30/</cell>
               <cell><measure commodity="currency" quantity="5" unit="dollars">5</measure></cell>
               <cell><measure commodity="currency" quantity="00" unit="cents">00</measure></cell>
               <cell/>
               <cell/>
            </row>
            <row xml:id="p208_04">
               <cell/>
               <cell><date when="1848-06-03">3</date></cell>
               <cell/>
               <cell/>
               <cell/>
               <cell/>
            </row>
            <row xml:id="p208_05">
               <cell>settled</cell>
               <cell><name type="person" ref="pers_WCDH601">Wm. Sweet</name>
                  <choice rend="align(right)">
                     <abbr>D</abbr>
                     <expan>Debtor</expan>
                  </choice></cell>
               <cell/>
               <cell/>
               <cell/>
               <cell/>
            </row>
            <row xml:id="p208_06">
               <cell/>
               <cell>To <measure commodity="beans" quantity="1" unit="peck">1 peck
                  beans</measure></cell>
               <cell/>
               <cell/>
               <cell/>
               <cell/>
            </row>
            <row xml:id="p208_07">
               <cell/>
               <cell><date when="1848-06-03">"</date></cell>
               <cell/>
               <cell/>
               <cell/>
               <cell/>
            </row>
            <row xml:id="p208_08">
               <cell>529</cell>
               <cell><name type="person" ref="pers_WCDH269">Frank Dunahoe</name>
                  <choice rend="align(right)">
                     <abbr>D</abbr>
                     <expan>Debtor</expan>
                  </choice></cell>
               <cell/>
               <cell/>
               <cell/>
               <cell/>
            </row>
            <row xml:id="p208_09">
               <cell/>
               <cell>To <name type="account" ref="LMWcash">cash</name> to ballance accompts.</cell>
               <cell><measure commodity="currency" quantity="4" unit="dollars">4</measure></cell>
               <cell><measure commodity="currency" quantity="52" unit="cents">52</measure></cell>
               <cell/>
               <cell/>
            </row>
            <row xml:id="p208_10">
               <cell/>
               <cell><date when="1848-06-05">5</date></cell>
               <cell/>
               <cell/>
               <cell/>
               <cell/>
            </row>
            <row xml:id="p208_11">
               <cell>533</cell>
               <cell><name type="person" ref="pers_WCDH269">Frank Dunahoe</name>
                  <choice rend="align(right)">
                     <abbr>D</abbr>
                     <expan>Debtor</expan>
                  </choice></cell>
               <cell/>
               <cell/>
               <cell/>
               <cell/>
            </row>
            <row xml:id="p208_12">
               <cell/>
               <cell>To <name type="account" ref="LMWcash">cash</name>
                  <measure commodity="currency" quantity="6" unit="dollars">six
                  dollars</measure></cell>
               <cell><measure commodity="currency" quantity="6" unit="dollars">6</measure></cell>
               <cell><measure commodity="currency" quantity="00" unit="cents">00</measure></cell>
               <cell/>
               <cell/>
            </row>
            <row xml:id="p208_13">
               <cell/>
               <cell/>
               <cell/>
               <cell/>
               <cell/>
               <cell/>
            </row>
            <row xml:id="p208_14">
               <cell>settled</cell>
               <cell><choice rend="align(right)">
                     <abbr>Cr</abbr>
                     <expan>credit</expan>
                  </choice></cell>
               <cell/>
               <cell/>
               <cell/>
               <cell/>
            </row>
            <row xml:id="p208_15">
               <cell/>
               <cell>By boarding tavern -</cell>
               <cell><measure commodity="currency" quantity="4" unit="dollars">4</measure></cell>
               <cell><measure commodity="currency" quantity="00" unit="cents">00</measure></cell>
               <cell/>
               <cell/>
            </row>
            <row xml:id="p208_16">
               <cell/>
               <cell>gave him towards rent</cell>
               <cell><measure commodity="currency" quantity="7" unit="dollars">7</measure></cell>
               <cell><measure commodity="currency" quantity="50" unit="cents">50</measure></cell>
               <cell><measure commodity="currency" quantity="11" unit="dollars">11</measure></cell>
               <cell><measure commodity="currency" quantity="50" unit="cents">50</measure></cell>
            </row>
            <row xml:id="p208_17">
               <cell/>
               <cell><date when="1848-06-27">27</date></cell>
               <cell/>
               <cell/>
               <cell/>
               <cell/>
            </row>
            <row xml:id="p208_18">
               <cell>533</cell>
               <cell><name type="person" ref="pers_WCDH269">Frank Dunahoe</name>
                  <choice rend="align(right)">
                     <abbr>D</abbr>
                     <expan>Debtor</expan>
                  </choice></cell>
               <cell/>
               <cell/>
               <cell/>
               <cell/>
            </row>
            <row xml:id="p208_19">
               <cell/>
               <cell>To <name type="account" ref="LMWcash">cash</name>
                  <measure commodity="currency" quantity="25" unit="dollars">twenty five
                     dollars</measure></cell>
               <cell><measure commodity="currency" quantity="25" unit="dollars">25</measure></cell>
               <cell><measure commodity="currency" quantity="00" unit="cents">00</measure></cell>
               <cell/>
               <cell/>
            </row>
            <row xml:id="p208_20">
               <cell/>
               <cell><date when="1848-08-05">August 5</date></cell>
               <cell/>
               <cell/>
               <cell/>
               <cell/>
            </row>
            <row xml:id="p208_21">
               <cell>530</cell>
               <cell><name type="person" ref="pers_WCDH474">Walter McNaughton</name>
                  <choice rend="align(right)">
                     <abbr>D</abbr>
                     <expan>Debtor</expan>
                  </choice></cell>
               <cell/>
               <cell/>
               <cell/>
               <cell/>
            </row>
            <row xml:id="p208_22">
               <cell/>
               <cell>To <name type="account" ref="LMWcash">cash</name>
                  <measure commodity="currency" quantity="10" unit="dollars">ten
                  dollars</measure></cell>
               <cell><measure commodity="currency" quantity="10" unit="dollars">10</measure></cell>
               <cell><measure commodity="currency" quantity="00" unit="cents">00</measure></cell>
               <cell/>
               <cell/>
            </row>
            <row xml:id="p208_23">
               <cell/>
               <cell><date when="1848-08-08">8</date></cell>
               <cell/>
               <cell/>
               <cell/>
               <cell/>
            </row>
            <row xml:id="p208_24">
               <cell>533</cell>
               <cell><name type="person" ref="pers_WCDH269">Frank Dunahoe</name>
                  <choice rend="align(right)">
                     <abbr>D</abbr>
                     <expan>Debtor</expan>
                  </choice></cell>
               <cell/>
               <cell/>
               <cell/>
               <cell/>
            </row>
            <row xml:id="p208_25">
               <cell/>
               <cell>To <name type="account" ref="LMWcash">cash</name>
                  <measure commodity="currency" quantity="25" unit="dollars">twenty five
                     dollars</measure></cell>
               <cell><measure commodity="currency" quantity="25" unit="dollars">25</measure></cell>
               <cell><measure commodity="currency" quantity="00" unit="cents">00</measure></cell>
               <cell/>
               <cell/>
            </row>
            <row xml:id="p208_26">
               <cell/>
               <cell><date when="1848-08-09">9</date></cell>
               <cell/>
               <cell/>
               <cell/>
               <cell/>
            </row>
            <row xml:id="p208_27">
               <cell>535</cell>
               <cell><name type="person" ref="pers_WCDH702">Wm. Wrigley</name>
                  <choice rend="align(right)">
                     <abbr>D</abbr>
                     <expan>Debtor</expan>
                  </choice></cell>
               <cell/>
               <cell/>
               <cell/>
               <cell/>
            </row>
            <row xml:id="p208_28">
               <cell/>
               <cell>To <name type="account" ref="LMWcash">cash</name>
                  <measure commodity="currency" quantity="5" unit="dollars">five
                  dollars</measure></cell>
               <cell><measure commodity="currency" quantity="5" unit="dollars">5</measure></cell>
               <cell><measure commodity="currency" quantity="00" unit="cents">00</measure></cell>
               <cell/>
               <cell/>
            </row>
            <row xml:id="p208_29">
               <cell/>
               <cell><date when="1848-08-21">21</date></cell>
               <cell/>
               <cell/>
               <cell/>
               <cell/>
            </row>
            <row xml:id="p208_30">
               <cell>settled</cell>
               <cell><name type="person" ref="pers_WCDH032">Samuel A. Chapin</name>
                  <choice rend="align(right)">
                     <abbr>D</abbr>
                     <expan>Debtor</expan>
                  </choice></cell>
               <cell/>
               <cell/>
               <cell/>
               <cell/>
            </row>
            <row xml:id="p208_31">
               <cell/>
               <cell>To <measure commodity="butter" quantity="3.62" unit="lbs">3lb t0oz B.</measure>
                  <measure commodity="butter" quantity="1.5" unit="lbs">1 lb 8 oz. Butter</measure>
                  1/6</cell>
               <cell><measure commodity="currency" quantity="1" unit="dollars">1</measure></cell>
               <cell><measure commodity="currency" quantity="31" unit="cents">31</measure></cell>
               <cell/>
               <cell/>
            </row>
            <row xml:id="p208_32">
               <cell/>
               <cell>" <measure commodity="sarsparilla" quantity="1" unit="bottle">1 bottle
                     sarsparilla</measure> -6/</cell>
               <cell><measure commodity="currency" quantity="1" unit="dollars">1</measure></cell>
               <cell/>
               <cell><measure commodity="currency" quantity="2" unit="dollars">2</measure></cell>
               <cell><measure commodity="currency" quantity="31" unit="cents">31</measure></cell>
            </row>
            <row xml:id="p208_33">
               <cell/>
               <cell>" ballance of <name type="account" ref="LMWcash">cash</name> fr wife</cell>
               <cell><measure commodity="currency" quantity="12" unit="dollars">12</measure></cell>
               <cell><measure commodity="currency" quantity="7" unit="cents">07</measure></cell>
               <cell/>
               <cell/>
            </row>
            <row xml:id="p208_34">
               <cell/>
               <cell>" board pd. <name type="person" ref="pers_WCDH153">Mr. Bagley</name>, half</cell>
               <cell><measure commodity="currency" quantity="9" unit="dollars">9</measure></cell>
               <cell><measure commodity="currency" quantity="85" unit="cents">85</measure></cell>
               <cell/>
               <cell/>
            </row>
            <row xml:id="p208_35">
               <cell/>
               <cell>" bill p. Adrian Vanderover?</cell>
               <cell><measure commodity="currency" quantity="37" unit="dollars">37</measure></cell>
               <cell><measure commodity="currency" quantity="00" unit="cents">00</measure></cell>
               <cell><measure commodity="currency" quantity="58" unit="dollars">58</measure></cell>
               <cell><measure commodity="currency" quantity="92" unit="cents">92</measure></cell>
            </row>
            <row xml:id="p208_36">
               <cell/>
               <cell><date when="1848-08-29">29</date></cell>
               <cell/>
               <cell/>
               <cell/>
               <cell/>
            </row>
            <row xml:id="p208_37">
               <cell>526</cell>
               <cell><name type="person" ref="pers_WCDH164">Ka Barrows</name>
                  <choice rend="align(right)">
                     <abbr>D</abbr>
                     <expan>Debtor</expan>
                  </choice></cell>
               <cell/>
               <cell/>
               <cell/>
               <cell/>
            </row>
            <row xml:id="p208_38">
               <cell/>
               <cell>To <measure commodity="large ?ats" quantity="75" unit="count">75 large
                     ?ats</measure>
                  <measure commodity="currency" quantity="4" unit="cents">4x</measure></cell>
               <cell/>
               <cell/>
               <cell/>
               <cell/>
            </row>
            <row xml:id="p208_39">
               <cell/>
               <cell>" <measure commodity="2d" quantity="75" unit="count">75 2d size 6</measure>
                  <measure commodity="currency" quantity="3" unit="cents">3x</measure></cell>
               <cell><measure commodity="currency" quantity="5" unit="dollars">5</measure></cell>
               <cell><measure commodity="currency" quantity="25" unit="cents">25</measure></cell>
               <cell><measure commodity="currency" quantity="5" unit="dollars">5</measure></cell>
               <cell><measure commodity="currency" quantity="25" unit="cents">25</measure></cell>
            </row>
            <row xml:id="p208_40">
               <cell/>
               <cell/>
               <cell/>
               <cell/>
               <cell/>
               <cell/>
            </row>
            <row xml:id="p208_41">
               <cell>190</cell>
               <cell><name type="person" ref="pers_WCDH558">Alice Smith</name>
                  <choice rend="align(right)">
                     <abbr>Dr</abbr>
                     <expan>Debtor</expan>
                  </choice></cell>
               <cell/>
               <cell/>
               <cell/>
               <cell/>
            </row>
            <row xml:id="p208_42">
               <cell/>
               <cell>To house rent from <date when="1848-04-01">April 1st</date> last</cell>
               <cell><measure commodity="currency" quantity="50" unit="dollars">50</measure></cell>
               <cell><measure commodity="currency" quantity="00" unit="cents">00</measure></cell>
               <cell/>
               <cell/>
            </row>
            <row xml:id="p208_43">
               <cell/>
               <cell>without tax</cell>
               <cell/>
               <cell/>
               <cell/>
               <cell/>
            </row>
            <row xml:id="p208_44">
               <cell/>
               <cell><date when="1848-09-01">Sept. 1st 1848</date></cell>
               <cell/>
               <cell/>
               <cell/>
               <cell/>
            </row>
            <row xml:id="p208_45">
               <cell>settled</cell>
               <cell><name type="person" ref="pers_WCDH032">Samuel A. Chapin</name>
                  <choice rend="align(right)">
                     <abbr>D</abbr>
                     <expan>Debtor</expan>
                  </choice></cell>
               <cell/>
               <cell/>
               <cell/>
               <cell/>
            </row>
            <row xml:id="p208_46">
               <cell/>
               <cell>To <measure commodity="butter" quantity="4.12" unit="lbs">4lbs 2o.
                     butter</measure>
                  <measure commodity="currency" quantity="25" unit="cents">.25x</measure></cell>
               <cell><measure commodity="currency" quantity="1" unit="dollars">1</measure></cell>
               <cell><measure commodity="currency" quantity="03" unit="cents">03</measure></cell>
               <cell/>
               <cell/>
            </row>
            <row xml:id="p208_47">
               <cell/>
               <cell><date when="1848-09-04">4</date></cell>
               <cell/>
               <cell/>
               <cell/>
               <cell/>
            </row>
            <row xml:id="p208_48">
               <cell>533</cell>
               <cell><name type="person" ref="pers_WCDH269">Frank Dunahoe</name>
                  <choice rend="align(right)">
                     <abbr>D</abbr>
                     <expan>Debtor</expan>
                  </choice></cell>
               <cell/>
               <cell/>
               <cell/>
               <cell/>
            </row>
            <row xml:id="p208_49">
               <cell/>
               <cell>To <measure commodity="lumber" quantity="6.41" unit="feet">6ft 5in pine
                     stuff</measure>
                  <measure commodity="currency" quantity="2.5" unit="dollars"
                  >250</measure>load</cell>
               <cell><measure commodity="currency" quantity="2" unit="dollars">2</measure></cell>
               <cell><measure commodity="currency" quantity="50" unit="cents">50</measure></cell>
               <cell/>
               <cell/>
            </row>
            <row xml:id="p208_50">
               <cell/>
               <cell><date when="1848-09-05">5</date></cell>
               <cell/>
               <cell/>
               <cell/>
               <cell/>
            </row>
            <row xml:id="p208_51">
               <cell>510</cell>
               <cell><name type="person" ref="pers_WCDH488">Catherine Nolen</name>
                  <choice rend="align(right)">
                     <abbr>D</abbr>
                     <expan>Debtor</expan>
                  </choice></cell>
               <cell/>
               <cell/>
               <cell/>
               <cell/>
            </row>
            <row xml:id="p208_52">
               <cell/>
               <cell>To <name type="account" ref="LMWcash">cash</name>
                  <measure commodity="currency" quantity="5" unit="dollars">$5.00</measure> did?
                  farm <measure commodity="currency" quantity="2.8" unit="dollars">2.80</measure>
                  -</cell>
               <cell><measure commodity="currency" quantity="2" unit="dollars">2</measure></cell>
               <cell><measure commodity="currency" quantity="20" unit="cents">20</measure></cell>
               <cell/>
               <cell/>
            </row>
            <row xml:id="p208_53">
               <cell/>
               <cell/>
               <cell/>
               <cell/>
               <cell/>
               <cell/>
            </row>
            <row xml:id="p208_54">
               <cell>settled</cell>
               <cell><name type="person" ref="pers_WCDH032">S. A. Chapin</name>
                  <choice rend="align(right)">
                     <abbr>D</abbr>
                     <expan>Debtor</expan>
                  </choice></cell>
               <cell/>
               <cell/>
               <cell/>
               <cell/>
            </row>
            <row xml:id="p208_55">
               <cell/>
               <cell>To <measure commodity="apples" quantity=".5" unit="bushels">1/2 bushel
                     apples</measure> 1/6</cell>
               <cell/>
               <cell><measure commodity="currency" quantity="25" unit="cents">25</measure></cell>
               <cell/>
               <cell/>
            </row>
            <row xml:id="p208_56">
               <cell/>
               <cell>" <measure commodity="cheese" quantity="3.25" unit="lbs">3 1/4 lbs
                     cheese</measure></cell>
               <cell/>
               <cell/>
               <cell/>
               <cell/>
            </row>
            <row xml:id="p208_57">
               <cell/>
               <cell/>
               <cell/>
               <cell/>
               <cell/>
               <cell/>
            </row>
            <row xml:id="p208_58">
               <cell>settled</cell>
               <cell><name type="person" ref="v">Sarah Putnam</name>
                  <choice rend="align(right)">
                     <abbr>Dr</abbr>
                     <expan>Debtor</expan>
                  </choice></cell>
               <cell/>
               <cell/>
               <cell/>
               <cell/>
            </row>
            <row xml:id="p208_59">
               <cell/>
               <cell>To <measure commodity="milk" quantity="12" unit="quarts">12 qts milk</measure>
                  md. in vacation? -</cell>
               <cell/>
               <cell/>
               <cell/>
               <cell/>
            </row>

            <row xml:id="p208_60">
               <cell>534</cell>
               <cell><name type="person" ref="pers_WCDH156">Stephen Bailey</name>
                  <choice rend="align(right)">
                     <abbr>D</abbr>
                     <expan>Debtor</expan>
                  </choice></cell>
               <cell/>
               <cell/>
               <cell/>
               <cell/>
            </row>
            <row xml:id="p208_61">
               <cell/>
               <cell>To <measure commodity="lumber" quantity="6.5" unit="feet">6 ft 6 inch
                     hardwood</measure></cell>
               <cell><measure commodity="currency" quantity="3" unit="dollars">3</measure></cell>
               <cell><measure commodity="currency" quantity="25" unit="cents">25</measure></cell>
               <cell/>
               <cell/>
            </row>
            <row xml:id="p208_62">
               <cell/>
               <cell><date when="1848-09-09">9</date></cell>
               <cell/>
               <cell/>
               <cell/>
               <cell/>
            </row>
            <row xml:id="p208_63">
               <cell>settled</cell>
               <cell><name type="person" ref="pers_WCDH032">Samuel A. Chapin</name>
                  <choice rend="align(right)">
                     <abbr>D</abbr>
                     <expan>Debtor</expan>
                  </choice></cell>
               <cell/>
               <cell/>
               <cell/>
               <cell/>
            </row>
            <row xml:id="p208_64">
               <cell/>
               <cell>To <measure commodity="butter" quantity="3.31" unit="lbs">3lbs 5oz
                     Butter</measure>
                  <measure commodity="currency" quantity="25" unit="cents">25x</measure></cell>
               <cell/>
               <cell><measure commodity="currency" quantity="87" unit="cents">87</measure></cell>
               <cell/>
               <cell/>
            </row>
         </table>
      </body>
   </text>
</TEI>
