<?xml version="1.0" encoding="UTF-8"?>
<oai_dc:dc xmlns:oai_dc="http://www.openarchives.org/OAI/2.0/oai_dc/"
    xmlns:dc="http://purl.org/dc/elements/1.1/"
    xmlns:xsi="http://www.w3.org/2001/XMLSchema-instance"
    xsi:schemaLocation="http://www.openarchives.org/OAI/2.0/oai_dc/ http://www.openarchives.org/OAI/2.0/oai_dc.xsd">
    <dc:title>Thos. W. Ward Account Ledger</dc:title>
    <dc:creator>Thomas William Ward</dc:creator>
    <dc:subject>Business Accounts</dc:subject>
    <dc:description>Accounts of Thos W. Ward Ltd from June 1934. Thos. W. Ward Ltd was a Sheffield, Yorkshire steel, engineering and cement business which began as coal and coke merchants then expanded to recycling metal for Sheffield's steel industry, engineering and the supply of machinery.</dc:description>
    <dc:publisher>Naoki Kokaze</dc:publisher>
    <dc:contributor>Naoki Kokaze</dc:contributor>
    <dc:date>1934</dc:date>
    <dc:coverage>Sheffield, England</dc:coverage>
    <dc:language>en</dc:language>
    <dc:rights>https://creativecommons.org/licenses/by/4.0/</dc:rights>
    <dc:source>Marine Technology Special Collection, Newcastle, UK</dc:source>
    <dc:format>XML/TEI</dc:format>
    <dc:type>Collection</dc:type>
    <dc:identifier>https://gams.uni-graz.at/context:depcha.ward</dc:identifier>
</oai_dc:dc>
