<?xml version="1.0" encoding="UTF-8"?>
<?oxygen RNGSchema="http://www.tei-c.org/release/xml/tei/custom/schema/relaxng/tei_all.rng" type="xml"?>
<TEI xmlns="http://www.tei-c.org/ns/1.0">
    <teiHeader>
        <fileDesc>
            <titleStmt>
                <title>LMW Day Book, pp. 010-011</title>
                <author>L.M. Wheaton</author>
            </titleStmt>
            <publicationStmt>
                <p>Indication of work done and date, Wheaton College</p>
            </publicationStmt>
            <sourceDesc>
                <biblFull>
                    <titleStmt>
                        <title>Account Books, pp.010-011</title>
                        <author>L.M. Wheaton</author>
                        <respStmt>
                            <resp> TEI-compatible XML markup by <name type="person">Bill Funk</name>
                                with corrections by <name type="person">Name</name>, <name
                                    type="person">Name</name>, and <name type="person"
                                >Name</name>.</resp>
                            <name type="person">Name</name>
                        </respStmt>
                    </titleStmt>
                    <publicationStmt>
                        <p>First Transcription and 3/8/2016, Wheaton College</p>
                    </publicationStmt>
                    <sourceDesc>
                        <p> From the Marion B. Gebbie Archives and Special Collections at the
                            Madeleine Clark Wallace Library, Wheaton College </p>
                    </sourceDesc>
                </biblFull>
            </sourceDesc>
        </fileDesc>
    </teiHeader>
    <text>
        <body>
            <pb n="002"/>
            <fw type="pageNum">010</fw>
            <table xml:id="p001" cols="6">
                <head>Norton Tuesday <date when="1829-04-28">April 28 1829</date></head>
                <row xml:id="p000_01">
                    <cell/>
                    <cell>
                        <name type="person" ref="name"/>
                        <choice rend="align(right)">
                            <abbr/>
                            <expan/>
                        </choice>
                    </cell>
                    <cell>$</cell>
                    <cell>cents</cell>
                    <cell>Sum $</cell>
                    <cell>Cts</cell>
                </row>
                <row xml:id="p000_02">
                    <cell>370</cell>
                    <cell>Peter Leirhman</cell>
                    <cell/>
                    <cell/>
                    <cell/>
                    <cell/>
                </row>
                <row xml:id="p000_03">
                    <cell/>
                    <cell>To<measure quantity="1" unit="quarts" commodity="molasses">1 qt. Molasses</measure></cell>
                    <cell/>
                    <cell><measure commodity="currency" quantity="10" unit="cents">10</measure></cell>
                    <cell/>
                    <cell/>
                </row>
                <row xml:id="p000_04">
                    <cell/>
                    <cell><date when="1829-04-29">29</date></cell>
                    <cell/>
                    <cell/>
                    <cell/>
                    <cell/>
                </row>
                <row xml:id="p000_05">
                    <cell>367</cell>
                    <cell><name type="person" ref="pers_WCDH535">Holmes Richmond</name></cell>
                    <cell/>
                    <cell/>
                    <cell/>
                    <cell/>
                </row>
                <row>
                    <cell/>
                    <cell>To<measure quantity="1" unit="pint" commodity="Rum">1 pt N E Rum</measure></cell>
                    <cell/>
                    <cell><measure commodity="currency" quantity="6" unit="cents">6</measure></cell>
                    <cell/>
                    <cell/>
                </row>
                <row>
                    <cell>85</cell>
                    <cell><name type="person" ref="pers_WCDH526">Bailey Rawson</name></cell>
                    <cell/>
                    <cell/>
                    <cell/>
                    <cell/>
                </row>
                <row>
                    <cell/>
                    <cell>By <measure quantity="12.5" unit="bushells" commodity="head grass">12 ½ Bushells of head Grass</measure></cell>
                    <cell/>
                    <cell/>
                    <cell/>
                    <cell/>
                </row>
                <row>
                    <cell/>
                    <cell>and Red Jass Seed to </cell>
                    <cell/>
                    <cell/>
                    <cell/>
                    <cell/>
                </row>
                <row>
                    <cell/>
                    <cell>sell at 1 3/6 pr Bushell</cell>
                    <cell/>
                    <cell/>
                    <cell/>
                    <cell/>
                </row>
                <row>
                    <cell/>
                    <cell>lives Jamacia 7p t<!-- ? --></cell>
                    <cell/>
                    <cell/>
                    <cell/>
                    <cell/>
                </row>
                <row>
                    <cell>367</cell>
                    <cell><name type="person" ref="pers_WCDH535">Holmes Richmond</name></cell>
                    <cell/>
                    <cell/>
                    <cell/>
                    <cell/>
                </row>
                <row>
                    <cell/>
                    <cell>To <measure quantity="1" unit="pair" commodity="morocco shoes">1 pr Morocco Shoes</measure></cell>
                    <cell><measure commodity="currency" quantity="1" unit="dollars">1</measure></cell>
                    <cell><measure commodity="currency" quantity="50" unit="cents">50</measure></cell>
                    <cell/>
                    <cell/>
                </row>
                <row>
                    <cell/>
                    <cell>" <measure quantity="14" unit="pounds" commodity="flour">14 lb flour</measure></cell>
                    <cell/>
                    <cell><measure commodity="currency" quantity="75" unit="cents">75</measure></cell>
                    <cell/>
                    <cell/>
                </row>
                <row>
                    <cell/>
                    <cell>" <measure quantity="1" unit="pint" commodity="N E Rum">1 pt N E Rum</measure></cell>
                    <cell/>
                    <cell><measure commodity="currency" quantity="6" unit="cents">6</measure></cell>
                    <cell><measure commodity="currency" quantity="2" unit="dollars">2</measure></cell>
                    <cell><measure commodity="currency" quantity="31" unit="cents">31</measure></cell>
                </row>
                <row>
                    <cell>375</cell>
                    <cell><name type="person" ref="pers_WCDH647">Laban Wheaton</name></cell>
                    <cell/>
                    <cell/>
                    <cell/>
                    <cell/>
                </row>
                <row>
                    <cell/>
                    <cell>To<measure quantity="1" unit="quart" commodity="N E Rum">1 qt N E Rum</measure></cell>
                    <cell/>
                    <cell><measure commodity="currency" quantity="10" unit="cents">10</measure></cell>
                    <cell/>
                    <cell/>
                </row>
                <row>
                    <cell>370</cell>
                    <cell>Peter Leirhman</cell>
                    <cell/>
                    <cell/>
                    <cell/>
                    <cell/>
                </row>
                <row>
                    <cell/>
                    <cell>To<measure quantity="1" unit="quart" commodity="Lamp Oil">1 qt L Oil</measure></cell>
                    <cell/>
                    <cell><measure commodity="currency" quantity="25" unit="cents">25</measure></cell>
                    <cell/>
                    <cell/>
                </row>
                <row>
                    <cell>370</cell>
                    <cell>Peter Leirhmand</cell>
                    <cell/>
                    <cell/>
                    <cell/>
                    <cell/>
                </row>
                <row>
                    <cell/>
                    <cell>To<measure quantity="1" unit="pound" commodity="Loaf sugar">1 lb L sugar</measure></cell>
                    <cell/>
                    <cell><measure commodity="currency" quantity="20" unit="cents">20</measure></cell>
                    <cell/>
                    <cell/>
                </row>
                <row>
                    <cell/>
                    <cell>"<measure quantity="2" unit="dozen" commodity="eggs">2 doz Eggs</measure></cell>
                    <cell/>
                    <cell><measure commodity="currency" quantity="10" unit="cents">10</measure></cell>
                    <cell/>
                    <cell/>
                </row>
                <row>
                    <cell/>
                    <cell>"<measure quantity="15.25" unit="pounds" commodity="cheese">15 ¼ lb Cheese</measure></cell>
                    <cell><measure commodity="currency" quantity="1" unit="dollars">1</measure></cell>
                    <cell><measure commodity="currency" quantity="52" unit="cents">52</measure></cell>
                    <cell><measure commodity="currency" quantity="1" unit="dollars">1</measure></cell>
                    <cell><measure commodity="currency" quantity="82" unit="cents">82</measure></cell>
                </row>
                <row>
                    <cell/>
                    <cell><date when="1829-04-30">30</date></cell>
                    <cell/>
                    <cell/>
                    <cell/>
                    <cell/>
                </row>
                <row>
                    <cell>359</cell>
                    <cell><name type="person" ref="pers_WCDH427">Charles Leonard</name></cell>
                    <cell/>
                    <cell/>
                    <cell/>
                    <cell/>
                </row>
                <row>
                    <cell/>
                    <cell>To<measure quantity="1" unit="hand" commodity="tobacco">1 H Tobacco</measure></cell>
                    <cell/>
                    <cell><measure commodity="currency" quantity="3" unit="cents">3</measure></cell>
                    <cell/>
                    <cell/>
                </row>
                <row>
                    <cell>367</cell>
                    <cell><name type="person" ref="pers_WCDH535">Holmes Richmond</name></cell>
                    <cell/>
                    <cell/>
                    <cell/>
                    <cell/>
                </row>
                <row>
                    <cell/>
                    <cell>To<measure quantity="1" unit="pint" commodity="N E Rum">1 pt N E Rum</measure></cell>
                    <cell/>
                    <cell><measure commodity="currency" quantity="6" unit="cents">6</measure></cell>
                    <cell/>
                    <cell/>
                </row>
                <row>
                    <cell>On Bill</cell>
                    <cell>Robert Bangs</cell>
                    <cell/>
                    <cell/>
                    <cell/>
                    <cell/>
                </row>
                <row>
                    <cell/>
                    <cell>To <measure quantity="1" unit="pint" commodity="N E Rum">1 pt N E Rum</measure></cell>
                    <cell/>
                    <cell><measure commodity="currency" quantity="5" unit="cents">5</measure></cell>
                    <cell/>
                    <cell/>
                </row>
                <row>
                    <cell>375</cell>
                    <cell><name type="person" ref="pers_WCDH647">Laban Wheaton</name></cell>
                    <cell/>
                    <cell/>
                    <cell/>
                    <cell/>
                </row>
                <row>
                    <cell/>
                    <cell>To<measure quantity="1" unit="count" commodity="Broom">1 Broom</measure></cell>
                    <cell/>
                    <cell><measure commodity="currency" quantity="17" unit="cents">17</measure></cell>
                    <cell/>
                    <cell/>
                </row>
                <row>
                    <cell>367</cell>
                    <cell><name type="person" ref="pers_WCDH535">Holmes Richmond</name></cell>
                    <cell/>
                    <cell/>
                    <cell/>
                    <cell/>
                </row>
                <row>
                    <cell/>
                    <cell>To Cash</cell>
                    <cell/>
                    <cell><measure commodity="currency" quantity="50" unit="cents">50</measure></cell>
                    <cell/>
                    <cell/>
                </row>
                <row>
                    <cell/>
                    <cell><!-- crossed out --></cell>
                    <cell/>
                    <cell/>
                    <cell/>
                    <cell/>
                </row>
                <row>
                    <cell/>
                    <cell><!-- crossed out --></cell>
                    <cell/>
                    <cell/>
                    <cell/>
                    <cell/>
                </row>
                <row>
                    <cell>25</cell>
                    <cell><name type="person" ref="pers_WCDH261">Thomas Danforth Esquire</name></cell>
                    <cell/>
                    <cell/>
                    <cell/>
                    <cell/>
                </row>
                <row>
                    <cell/>
                    <cell>To salt &amp; salt peter <!-- quantity not specified --></cell>
                    <cell/>
                    <cell><measure commodity="currency" quantity="19" unit="cents">19</measure></cell>
                    <cell/>
                    <cell/>
                </row>
                <row>
                    <cell>375</cell>
                    <cell><name type="person" ref="pers_WCDH647">Laban Wheaton</name></cell>
                    <cell/>
                    <cell/>
                    <cell/>
                    <cell/>
                </row>
                <row>
                    <cell/>
                    <cell>To pd <name type="person" ref="pers_WCDH118">Wheaton Wheeler</name></cell>
                    <cell><measure commodity="currency" quantity="1" unit="dollars">1</measure></cell>
                    <cell>~~</cell>
                    <cell/>
                    <cell/>
                </row>
                <row>
                    <cell>370</cell>
                    <cell>Peter Leirhman</cell>
                    <cell/>
                    <cell/>
                    <cell/>
                    <cell/>
                </row>
                <row>
                    <cell/>
                    <cell>To <measure quantity="1" unit="quart" commodity="Gin">1 qt Gin</measure></cell>
                    <cell/>
                    <cell><measure commodity="currency" quantity="12" unit="cents">12</measure></cell>
                    <cell/>
                    <cell/>
                </row>
                <row>
                    <cell>339</cell>
                    <cell><name type="person" ref="pers_WCDH428">Cromwell Leonard</name></cell>
                    <cell/>
                    <cell/>
                    <cell/>
                    <cell/>
                </row>
                <row>
                    <cell/>
                    <cell>To<measure quantity="2" unit="quarts" commodity="N E Rum">2 qt N E Rum</measure></cell>
                    <cell/>
                    <cell><measure commodity="currency" quantity="20" unit="cents">20</measure></cell>
                    <cell/>
                    <cell/>
                </row>
                <row>
                    <cell>41</cell>
                    <cell><name type="person" ref="pers_WCDH621">Thompson Tripp</name></cell>
                    <cell/>
                    <cell/>
                    <cell/>
                    <cell/>
                </row>
                <row>
                    <cell/>
                    <cell>To cash </cell>
                    <cell/>
                    <cell><measure commodity="currency" quantity="50" unit="cents">50</measure></cell>
                    <cell/>
                    <cell/>
                </row>
                <row>
                    <cell> settled</cell>
                    <cell><name type="person" ref="pers_WCDH409">Wm Knowles</name> </cell>
                    <cell> </cell>
                    <cell> </cell>
                    <cell> </cell>
                    <cell> </cell>
                </row>
                <row>
                    <cell> </cell>
                    <cell> To <measure quantity="1" unit="paper" commodity="Beet Seed">1 paper Beet seed</measure></cell>
                    <cell> </cell>
                    <cell><measure commodity="currency" quantity="9" unit="cents">9</measure></cell>
                    <cell> </cell>
                    <cell> </cell>
                </row>
            </table>
            <pb n="002"/>
            <fw type="pageNum">011</fw>
            <table xml:id="p003" cols="6">
                <head>Norton Friday<date when="1829-05-01">May-1st- 1829</date></head>
                <row xml:id="p000_06">
                    <cell/>
                    <cell>
                        <name type="person" ref="name"/>
                        <choice rend="align(right)">
                            <abbr/>
                            <expan/>
                        </choice>
                    </cell>
                    <cell>$</cell>
                    <cell>cents</cell>
                    <cell>Sum $</cell>
                    <cell>Cts</cell>
                </row>
                <row xml:id="p000_07">
                    <cell>On Bill</cell>
                    <cell>Robert Bangs</cell>
                    <cell/>
                    <cell/>
                    <cell/>
                    <cell/>
                </row>
                <row xml:id="p000_08">
                    <cell/>
                    <cell>To<measure quantity="1" unit="pint" commodity="N E Rum"> 1 pt N E Rum</measure></cell>
                    <cell/>
                    <cell><measure commodity="currency" quantity="5" unit="cents">5</measure></cell>
                    <cell/>
                    <cell/>
                </row>
                <row xml:id="p000_09">
                    <cell>370</cell>
                    <cell>Peter Leishmond</cell>
                    <cell/>
                    <cell/>
                    <cell/>
                    <cell/>
                </row>
                <row xml:id="p000_10">
                    <cell/>
                    <cell>To<measure quantity="1.5" unit="yards" commodity="black crape">1 ½ yr Blk Crape</measure></cell>
                    <cell><measure commodity="currency" quantity="1" unit="dollar">1</measure></cell>
                    <cell><measure commodity="currency" quantity="25" unit="cents">25</measure></cell>
                    <cell/>
                    <cell/>
                </row>
                <row>
                    <cell/>
                    <cell>" <measure quantity="1" unit="yards" commodity="Canbric">1 yr Canbric</measure></cell>
                    <cell/>
                    <cell><measure commodity="currency" quantity="33" unit="cents">33</measure></cell>
                    <cell/>
                    <cell/>
                </row>
                <row>
                    <cell/>
                    <cell>"<measure quantity="1" unit="stick" commodity="Twist">1 stick Twist</measure></cell>
                    <cell/>
                    <cell><measure commodity="currency" quantity="2" unit="cents">2</measure></cell>
                    <cell/>
                    <cell/>
                </row>
                <row>
                    <cell/>
                    <cell>" <measure quantity=".83" unit="yards" commodity="Mushin">5/6 yr Mushin</measure></cell>
                    <cell/>
                    <cell><measure commodity="currency" quantity="42" unit="cents">42</measure></cell>
                    <cell><measure commodity="currency" quantity="2" unit="dollars">2</measure></cell>
                    <cell><measure commodity="currency" quantity="2" unit="cents">02</measure></cell>
                </row>
                <row>
                    <cell>109</cell>
                    <cell><name type="person" ref="pers_WCDH524">Pliny Puffer</name></cell>
                    <cell/>
                    <cell/>
                    <cell/>
                    <cell/>
                </row>
                <row>
                    <cell/>
                    <cell>To Hay Seed<!-- quantity not specified --></cell>
                    <cell/>
                    <cell><measure commodity="currency" quantity="85" unit="cents">85</measure></cell>
                    <cell/>
                    <cell><measure commodity="currency" quantity="85" unit="cents">85</measure></cell>
                </row>
                <row>
                    <cell>339</cell>
                    <cell><name type="person" ref="pers_WCDH428">Cromwell Leonard</name></cell>
                    <cell/>
                    <cell/>
                    <cell/>
                    <cell/>
                </row>
                <row>
                    <cell/>
                    <cell>To <measure quantity="4" unit="yards" commodity="Canbric">4 yr Canbric</measure></cell>
                    <cell><measure commodity="currency" quantity="2" unit="dollars">2</measure></cell>
                    <cell>~~</cell>
                    <cell/>
                    <cell/>
                </row>
                <row>
                    <cell/>
                    <cell>"<measure quantity="1.5" unit="yards" commodity="mushin">1 ½ Mushin</measure></cell>
                    <cell><measure commodity="currency" quantity="1" unit="dollars">1</measure></cell>
                    <cell>~~</cell>
                    <cell/>
                    <cell/>
                </row>
                <row>
                    <cell/>
                    <cell>"<measure quantity=".75" unit="yards" commodity="crape">¼ yr Crape</measure> </cell>
                    <cell/>
                    <cell><measure commodity="currency" quantity="19" unit="cents">19</measure></cell>
                    <cell/>
                    <cell/>
                </row>
                <row>
                    <cell/>
                    <cell>" White Ribbon <!-- quantity not speicified --></cell>
                    <cell/>
                    <cell><measure commodity="currency" quantity="12" unit="cents">12</measure></cell>
                    <cell/>
                    <cell/>
                </row>
                <row>
                    <cell/>
                    <cell>"<measure quantity="1" unit="yards" commodity="black ribbon">1 yr Black Ribbon</measure></cell>
                    <cell/>
                    <cell><measure commodity="currency" quantity="8" unit="cents">8</measure></cell>
                    <cell/>
                    <cell/>
                </row>
                <row>
                    <cell/>
                    <cell>"<measure quantity="1" unit="pair" commodity="Peanella shoes">1 pr Peanella Shoes</measure></cell>
                    <cell><measure commodity="currency" quantity="1" unit="dollars">1</measure></cell>
                    <cell><measure commodity="currency" quantity="25" unit="cents">25</measure></cell>
                    <cell/>
                    <cell/>
                </row>
                <row>
                    <cell/>
                    <cell>"<measure quantity="1" unit="quarts" commodity="best Rum">1 qt best Rum</measure></cell>
                    <cell/>
                    <cell><measure commodity="currency" quantity="25" unit="cents">25</measure></cell>
                    <cell><measure commodity="currency" quantity="4" unit="dollars">4</measure></cell>
                    <cell><measure commodity="currency" quantity="89" unit="cents">89</measure></cell>
                </row>
                <row>
                    <cell>370</cell>
                    <cell>Peter Lieshman</cell>
                    <cell/>
                    <cell/>
                    <cell/>
                    <cell/>
                </row>
                <row>
                    <cell/>
                    <cell>To <measure quantity="2.5" unit="yards" commodity="calica">2 ½ yr Calica</measure></cell>
                    <cell/>
                    <cell><measure commodity="currency" quantity="62" unit="cents">62</measure></cell>
                    <cell/>
                    <cell/>
                </row>
                <row>
                    <cell/>
                    <cell>"<measure quantity=".5" unit="yards" commodity="Ribbon">½ yr Ribbon</measure></cell>
                    <cell/>
                    <cell><measure commodity="currency" quantity="3" unit="cents">3</measure></cell>
                    <cell/>
                    <cell/>
                </row>
                <row>
                    <cell/>
                    <cell>" <measure quantity="1" unit="quarts" commodity="best Rum">1 qt best Rum</measure></cell>
                    <cell/>
                    <cell><measure commodity="currency" quantity="25" unit="cents">25</measure></cell>
                    <cell/>
                    <cell/>
                </row>
                <row>
                    <cell/>
                    <cell>"<measure quantity="1" unit="quarts" commodity="H Gin">1 qt H Gin</measure></cell>
                    <cell/>
                    <cell><measure commodity="currency" quantity="28" unit="cents">28</measure></cell>
                    <cell><measure commodity="currency" quantity="1" unit="dollars">1</measure></cell>
                    <cell><measure commodity="currency" quantity="18" unit="cents">18</measure></cell>
                </row>
                <row>
                    <cell>367</cell>
                    <cell><name type="person" ref="pers_WCDH535">Holmes Richmond</name></cell>
                    <cell/>
                    <cell/>
                    <cell/>
                    <cell/>
                </row>
                <row>
                    <cell/>
                    <cell>To<measure quantity="1" unit="pint" commodity="N E Rum">1 pt N E Rum</measure> </cell>
                    <cell/>
                    <cell><measure commodity="currency" quantity="6" unit="cents">6</measure></cell>
                    <cell/>
                    <cell/>
                </row>
                <row>
                    <cell/>
                    <cell><date when="1829-05-02">2</date></cell>
                    <cell/>
                    <cell/>
                    <cell/>
                    <cell/>
                </row>
                <row>
                    <cell>339</cell>
                    <cell><name type="person" ref="pers_WCDH428">Cromwell Leonard</name></cell>
                    <cell/>
                    <cell/>
                    <cell/>
                    <cell/>
                </row>
                <row>
                    <cell/>
                    <cell>To<measure quantity="1" unit="pair" commodity="Child Shoes">1 pr Chld shoes</measure></cell>
                    <cell/>
                    <cell><measure commodity="currency" quantity="42" unit="cents">42</measure></cell>
                    <cell/>
                    <cell/>
                </row>
                <row>
                    <cell>375</cell>
                    <cell><name type="person" ref="pers_WCDH647">Laban Wheaton</name></cell>
                    <cell/>
                    <cell/>
                    <cell/>
                    <cell/>
                </row>
                <row>
                    <cell/>
                    <cell>To<measure quantity="1" unit="quarts" commodity="H Gin">1 qt H Gin</measure></cell>
                    <cell/>
                    <cell><measure commodity="currency" quantity="25" unit="cents">25</measure></cell>
                    <cell/>
                    <cell/>
                </row>
                <row>
                    <cell>372</cell>
                    <cell><name type="person" ref="pers_WCDH579">Amos Starkey</name></cell>
                    <cell/>
                    <cell/>
                    <cell/>
                    <cell/>
                </row>
                <row>
                    <cell/>
                    <cell>To <measure quantity="1" unit="hand" commodity="buckeles">1 H buckles </measure> Dld Foster</cell>
                    <cell/>
                    <cell><measure commodity="currency" quantity="33" unit="cents">33</measure></cell>
                    <cell/>
                    <cell/>
                </row>
                <row>
                    <cell>370</cell>
                    <cell>Peter Leishman</cell>
                    <cell/>
                    <cell/>
                    <cell/>
                    <cell/>
                </row>
                <row>
                    <cell/>
                    <cell>To<measure quantity="1" unit="quarts" commodity="Gin">1 qt Gin</measure></cell>
                    <cell/>
                    <cell><measure commodity="currency" quantity="12" unit="cents">12</measure></cell>
                    <cell/>
                    <cell/>
                </row>
                <row>
                    <cell/>
                    <cell>"<measure quantity="24" unit="count" commodity="crackers">24 Crackers</measure></cell>
                    <cell/>
                    <cell><measure commodity="currency" quantity="12" unit="cents">12</measure></cell>
                    <cell/>
                    <cell><measure commodity="currency" quantity="24" unit="cents">24</measure></cell>
                </row>
                <row>
                    <cell>359</cell>
                    <cell><name type="person" ref="pers_WCDH427">Charles Leonard</name></cell>
                    <cell/>
                    <cell/>
                    <cell/>
                    <cell/>
                </row>
                <row>
                    <cell/>
                    <cell>To <measure quantity="1" unit="pair" commodity="socks">1 pr socks</measure></cell>
                    <cell/>
                    <cell><measure commodity="currency" quantity="30" unit="cents">30</measure></cell>
                    <cell/>
                    <cell/>
                </row>
                <row>
                    <cell>Settled</cell>
                    <cell><name type="person" ref="pers_WCDH261">Thomas Danforth Esquire</name></cell>
                    <cell/>
                    <cell/>
                    <cell/>
                    <cell/>
                </row>
                <row>
                    <cell/>
                    <cell>By <measure quantity="4.25" unit="pounds" commodity="rags">4 ¼ lb Raggs</measure></cell>
                    <cell/>
                    <cell><measure commodity="currency" quantity="17" unit="cents">17</measure></cell>
                    <cell/>
                    <cell/>
                </row>
                <row>
                    <cell>376</cell>
                    <cell><name type="person" ref="pers_WCDH565">John Smith</name></cell>
                    <cell/>
                    <cell/>
                    <cell/>
                    <cell/>
                </row>
                <row>
                    <cell/>
                    <cell>To <measure quantity="2" unit="yards" commodity="Cotton Cloth">2 ½ yr Cotton-Cloth</measure></cell>
                    <cell/>
                    <cell><measure commodity="currency" quantity="42" unit="cents">42</measure></cell>
                    <cell/>
                    <cell/>
                </row>
                <row>
                    <cell>367</cell>
                    <cell><name type="person" ref="pers_WCDH535">Holmes Richmond</name></cell>
                    <cell/>
                    <cell/>
                    <cell/>
                    <cell/>
                </row>
                <row>
                    <cell/>
                    <cell>To<measure quantity="2" unit="count" commodity="Mackerell">2 Mackerell</measure></cell>
                    <cell/>
                    <cell><measure commodity="currency" quantity="12" unit="cents">12</measure></cell>
                    <cell/>
                    <cell/>
                </row>
                <row>
                    <cell/>
                    <cell>"<measure quantity="1" unit="pint" commodity="rum">1 pt Rum</measure></cell>
                    <cell/>
                    <cell><measure commodity="currency" quantity="6" unit="cents">6</measure></cell>
                    <cell/>
                    <cell><measure commodity="currency" quantity="18" unit="cents">18</measure></cell>
                </row>
                <row>
                    <cell>340</cell>
                    <cell><name type="person" ref="pers_WCDH450">Edmond Lathrop</name></cell>
                    <cell/>
                    <cell/>
                    <cell/>
                    <cell/>
                </row>
                <row>
                    <cell/>
                    <cell>To 1 Salt crops &amp; seasaus<!-- quantity not specified --></cell>
                    <cell/>
                    <cell><measure commodity="currency" quantity="30" unit="cents">30</measure></cell>
                    <cell/>
                    <cell/>
                </row>
                <row>
                    <cell/>
                    <cell>" <measure quantity=".5" unit="dozen" commodity="plates">½ doz plates</measure></cell>
                    <cell/>
                    <cell><measure commodity="currency" quantity="38" unit="cents">38</measure></cell>
                    <cell/>
                    <cell><measure commodity="currency" quantity="68" unit="cents">68</measure></cell>
                </row>
                <row>
                    <cell>372 </cell>
                    <cell><name type="person" ref="pers_WCDH579">Amos Starkey</name></cell>
                    <cell> </cell>
                    <cell> </cell>
                    <cell> </cell>
                    <cell> </cell>
                </row>
                <row>
                    <cell> </cell>
                    <cell> To <measure quantity="1" unit="pint" commodity="N E Rum"> 1 pt N E Rum</measure></cell>
                    <cell> </cell>
                    <cell><measure commodity="currency" quantity="5" unit="cents">5</measure></cell>
                    <cell> </cell>
                    <cell> </cell>
                </row>
            </table>
        </body>
    </text>
</TEI>