<?xml version="1.0" encoding="UTF-8"?>
<?oxygen RNGSchema="http://www.tei-c.org/release/xml/tei/custom/schema/relaxng/tei_all.rng" type="xml"?>
<TEI xmlns="http://www.tei-c.org/ns/1.0">
    <teiHeader>
        <fileDesc>
            <titleStmt>
                <title>LMW Day Book, pp. 004-005</title>
                <author>L.M. Wheaton</author>
            </titleStmt>
            <publicationStmt>
                <p>Indication of work done and date, Wheaton College</p>
            </publicationStmt>
            <sourceDesc>
                <biblFull>
                    <titleStmt>
                        <title>Account Books, pp.004-005</title>
                        <author>L.M. Wheaton</author>
                        <respStmt>
                            <resp> TEI-compatible XML markup by <name type="person">Bill Funk</name>
                                with corrections by <name type="person">Name</name>, <name
                                    type="person">Name</name>, and <name type="person"
                                >Name</name>.</resp>
                            <name type="person">Name</name>
                        </respStmt>
                    </titleStmt>
                    <publicationStmt>
                        <p>First Transcription and 3/8/2016, Wheaton College</p>
                    </publicationStmt>
                    <sourceDesc>
                        <p> From the Marion B. Gebbie Archives and Special Collections at the
                            Madeleine Clark Wallace Library, Wheaton College </p>
                    </sourceDesc>
                </biblFull>
            </sourceDesc>
        </fileDesc>
    </teiHeader>
    <text>
        <body>
            <pb n="002"/>
            <fw type="pageNum">004</fw>
            <table xml:id="p001" cols="6">
                <head>Monday<date when="1828-12-29">Dec. 29th 1828</date></head>
                <row xml:id="p000_01">
                    <cell/>
                    <cell>
                        <name type="person" ref="name"/>
                        <choice rend="align(right)">
                            <abbr/>
                            <expan/>
                        </choice>
                    </cell>
                    <cell>$</cell>
                    <cell>cents</cell>
                    <cell>Sum $</cell>
                    <cell>Cts</cell>
                </row>
                <row xml:id="p000_02">
                    <cell>364</cell>
                    <cell><name type="person" ref="pers_WCDH596">Oliver Sweet</name></cell>
                    <cell/>
                    <cell/>
                    <cell/>
                    <cell/>
                </row>
                <row xml:id="p000_03">
                    <cell/>
                    <cell>To<measure quantity="1" unit="count" commodity="hat">a hat 18/</measure></cell>
                    <cell><measure commodity="currency" quantity="3" unit="dollars">3</measure></cell>
                    <cell><measure commodity="currency" quantity="00" unit="cents">00</measure></cell>
                    <cell/>
                    <cell/>
                </row>
                <row xml:id="p000_04">
                    <cell>313</cell>
                    <cell><name type="person" ref="pers_WCDH134">Asa M Adams</name> </cell>
                    <cell/>
                    <cell/>
                    <cell/>
                    <cell/>
                </row>
                <row xml:id="p000_05">
                    <cell/>
                    <cell>To<measure quantity="25" unit="feet" commodity="pine board">25 ft Mich Pine board 2 ½ ct</measure></cell>
                    <cell/>
                    <cell><measure commodity="currency" quantity="63" unit="cents">63</measure></cell>
                    <cell/>
                    <cell/>
                </row>
                <row>
                    <cell/>
                    <cell><date when="1828-12-31">31</date></cell>
                    <cell/>
                    <cell/>
                    <cell/>
                    <cell/>
                </row>
                <row>
                    <cell>settled</cell>
                    <cell>Nathaniel W Lincoln</cell>
                    <cell/>
                    <cell/>
                    <cell/>
                    <cell/>
                </row>
                <row>
                    <cell/>
                    <cell>By<measure quantity="1" unit="day" commodity="work">1 Days work</measure> moving Windows 2/6</cell>
                    <cell/>
                    <cell><measure commodity="currency" quantity="42" unit="cents">42</measure></cell>
                    <cell/>
                    <cell/>
                </row>
                <row>
                    <cell>368</cell>
                    <cell><name type="person" ref="pers_WCDH574">Timothy Smith</name></cell>
                    <cell/>
                    <cell/>
                    <cell/>
                    <cell/>
                </row>
                <row>
                    <cell/>
                    <cell>To rent from April 1st 1828 to January 1st 1829</cell>
                    <cell><measure commodity="currency" quantity="79" unit="dollars">79</measure></cell>
                    <cell><measure commodity="currency" quantity="50" unit="cents">50</measure></cell>
                    <cell/>
                    <cell/>
                </row>
                <row>
                    <cell>368</cell>
                    <cell>By boarding<name type="person" ref="pers_WCDH427">Charles Leonard</name> from April 1st 1828 to Jary 1st 1829</cell>
                    <cell><measure commodity="currency" quantity="117" unit="dollars">117</measure></cell>
                    <cell><measure commodity="currency" quantity="00" unit="cents">00</measure></cell>
                    <cell/>
                    <cell/>
                </row>
                <row>
                    <cell/>
                    <cell><date when="1829-03-09">March 9th 1829</date></cell>
                    <cell/>
                    <cell/>
                    <cell/>
                    <cell/>
                </row>
                <row>
                    <cell>367</cell>
                    <cell><name type="person" ref="pers_WCDH540">Holmes Richmond</name></cell>
                    <cell/>
                    <cell/>
                    <cell/>
                    <cell/>
                </row>
                <row>
                    <cell/>
                    <cell>To cash 12/</cell>
                    <cell><measure commodity="currency" quantity="2" unit="dollars">2</measure></cell>
                    <cell><measure commodity="currency" quantity="00" unit="cents">00</measure></cell>
                    <cell/>
                    <cell/>
                </row>
                <row>
                    <cell>376</cell>
                    <cell><name type="person" ref="pers_WCDH565">John Smith</name></cell>
                    <cell/>
                    <cell/>
                    <cell/>
                    <cell/>
                </row>
                <row>
                    <cell/>
                    <cell>To cash lent in Boston</cell>
                    <cell><measure commodity="currency" quantity="5" unit="dollars">5</measure></cell>
                    <cell><measure commodity="currency" quantity="00" unit="cents">00</measure></cell>
                    <cell/>
                    <cell/>
                </row>
                <row>
                    <cell>357</cell>
                    <cell><name type="person" ref="pers_WCDH649">Wheaton Wheeler</name></cell>
                    <cell/>
                    <cell/>
                    <cell/>
                    <cell/>
                </row>
                <row>
                    <cell/>
                    <cell>To order upon<name type="person" ref="pers_WCDH167">D. Bates</name></cell>
                    <cell/>
                    <cell><measure commodity="currency" quantity="25" unit="cents">25</measure></cell>
                    <cell/>
                    <cell/>
                </row>
                <row>
                    <cell/>
                    <cell><date when="1829-03-22">22</date></cell>
                    <cell/>
                    <cell/>
                    <cell/>
                    <cell/>
                </row>
                <row>
                    <cell>367</cell>
                    <cell><name type="person" ref="pers_WCDH540">Holmes Richmond</name></cell>
                    <cell/>
                    <cell/>
                    <cell/>
                    <cell/>
                </row>
                <row>
                    <cell/>
                    <cell>To Cash 6/</cell>
                    <cell><measure commodity="currency" quantity="1" unit="dollars">1</measure></cell>
                    <cell><measure commodity="currency" quantity="00" unit="cents">00</measure></cell>
                    <cell/>
                    <cell/>
                </row>
                <row>
                    <cell/>
                    <cell><date when="1829-04-06">April 6th 1829</date></cell>
                    <cell/>
                    <cell/>
                    <cell/>
                    <cell/>
                </row>
                <row>
                    <cell>368</cell>
                    <cell><name type="person" ref="pers_WCDH574">Timothy Smith</name></cell>
                    <cell/>
                    <cell/>
                    <cell/>
                    <cell/>
                </row>
                <row>
                    <cell/>
                    <cell>To<measure quantity="4" unit="gallons" commodity="Rum">4 galls. St. Rum 6/</measure></cell>
                    <cell><measure commodity="currrency" quantity="4" unit="dollars">4</measure></cell>
                    <cell><measure commodity="currency" quantity="00" unit="cents">00</measure></cell>
                    <cell/>
                    <cell/>
                </row>
                <row>
                    <cell>359</cell>
                    <cell><name type="person" ref="pers_WCDH427">Charles Leonard</name></cell>
                    <cell/>
                    <cell/>
                    <cell/>
                    <cell/>
                </row>
                <row>
                    <cell/>
                    <cell>To <measure quantity="1" unit="pair" commodity="thick shoes">1 pr Thick Shoes</measure></cell>
                    <cell><measure commodity="currency" quantity="1" unit="dollars">1</measure></cell>
                    <cell><measure commodity="currency" quantity="33" unit="cents">33</measure></cell>
                    <cell/>
                    <cell/>
                </row>
                <row>
                    <cell>375</cell>
                    <cell><name type="person" ref="pers_WCDH647">Laban Wheaton</name></cell>
                    <cell/>
                    <cell/>
                    <cell/>
                    <cell/>
                </row>
                <row>
                    <cell/>
                    <cell>To<measure quantity="1" unit="gallon" commodity="Rum">1 gall. St. Rum</measure> 6/</cell>
                    <cell><measure commodity="currency" quantity="1" unit="dollars">1</measure></cell>
                    <cell><measure commodity="currency" quantity="00" unit="cents">00</measure></cell>
                    <cell/>
                    <cell/>
                </row>
                <row>
                    <cell/>
                    <cell><date when="1829-04-07">7</date></cell>
                    <cell/>
                    <cell/>
                    <cell/>
                    <cell/>
                </row>
                <row>
                    <cell>settled</cell>
                    <cell>George W Willey</cell>
                    <cell/>
                    <cell/>
                    <cell/>
                    <cell/>
                </row>
                <row>
                    <cell/>
                    <cell>To cash 50</cell>
                    <cell/>
                    <cell/>
                    <cell/>
                    <cell/>
                </row>
                <row>
                    <cell/>
                    <cell>"<measure quantity="7" unit="yards" commodity="shirting">7 yrs shirting</measure> @ 14 98</cell>
                    <cell/>
                    <cell/>
                    <cell/>
                    <cell/>
                </row>
                <row>
                    <cell/>
                    <cell>"<measure quantity="5" unit="skains" commodity="cotton">5 skains Cotton</measure> 5</cell>
                    <cell><measure commodity="currency" quantity="1" unit="dollars">1</measure></cell>
                    <cell><measure commodity="currency" quantity="53" unit="cents">53</measure></cell>
                    <cell/>
                    <cell/>
                </row>
                <row>
                    <cell/>
                    <cell><date when="1829-04-08">8</date></cell>
                    <cell/>
                    <cell/>
                    <cell/>
                    <cell/>
                </row>
                <row>
                    <cell>368</cell>
                    <cell><name type="person" ref="pers_WCDH574">Timothy Smith</name></cell>
                    <cell/>
                    <cell/>
                    <cell/>
                    <cell/>
                </row>
                <row>
                    <cell/>
                    <cell>To<measure quantity="1/2" unit="pounds" commodity="starch">½ lbs Starch</measure> @ 4 </cell>
                    <cell/>
                    <cell><measure commodity="currency" quantity="8" unit="cents">8</measure></cell>
                    <cell/>
                    <cell/>
                </row>
                <row>
                    <cell/>
                    <cell><date when="1829-04-10">10</date></cell>
                    <cell/>
                    <cell/>
                    <cell/>
                    <cell/>
                </row>
                <row>
                    <cell>375</cell>
                    <cell><name type="person" ref="pers_WCDH647">Laban Wheaton</name></cell>
                    <cell/>
                    <cell/>
                    <cell/>
                    <cell/>
                </row>
                <row>
                    <cell/>
                    <cell>To<measure quantity="1/2" unit="pound" commodity="Starch"> 1/2 lb Starch</measure></cell>
                    <cell/>
                    <cell><measure commodity="currency" quantity="8" unit="cents">8</measure></cell>
                    <cell/>
                    <cell/>
                </row>
                <row>
                    <cell/>
                    <cell><date when="1829-04-11">11</date></cell>
                    <cell/>
                    <cell/>
                    <cell/>
                    <cell/>
                </row>
                <row>
                    <cell>368</cell>
                    <cell><name type="person" ref="pers_WCDH574">Timothy Smith</name></cell>
                    <cell/>
                    <cell/>
                    <cell/>
                    <cell/>
                </row>
                <row>
                    <cell/>
                    <cell>To <measure quantity="4" unit="gallons" commodity="St. Rum">4 galls. St. Rum</measure> 6/</cell>
                    <cell><measure commodity="currency" quantity="4" unit="dollars">4</measure></cell>
                    <cell><measure commodity="currency" quantity="00" unit="cents">00</measure></cell>
                    <cell/>
                    <cell/>
                </row>
                <row>
                    <cell>On <!-- crossed out word --> settled</cell>
                    <cell><name type="person" ref="pers_WCDH185">Libeas Bonney</name></cell>
                    <cell/>
                    <cell/>
                    <cell/>
                    <cell/>
                </row>
                <row>
                    <cell/>
                    <cell>To<measure quantity="1" unit="bale" commodity="blackball">1 Bale Blackball</measure></cell>
                    <cell/>
                    <cell/>
                    <cell/>
                    <cell/>
                </row>
                <row>
                    <cell/>
                    <cell>" Cash paid Danforth by your request to me $5.00</cell>
                    <cell><measure commodity="currency" quantity="5" unit="dollars">5</measure></cell>
                    <cell><measure commodity="currency" quantity="8" unit="cents">08</measure></cell>
                    <cell/>
                    <cell/>
                </row>
                <row>
                    <cell/>
                    <cell><date when="1829-04-13">13</date></cell>
                    <cell/>
                    <cell/>
                    <cell/>
                    <cell/>
                </row>
                <row>
                    <cell>103</cell>
                    <cell><name type="person" ref="pers_WCDH235">Edmund Cobb</name></cell>
                    <cell/>
                    <cell/>
                    <cell/>
                    <cell/>
                </row>
                <row>
                    <cell/>
                    <cell>To cash 18/</cell>
                    <cell><measure commodity="currency" quantity="3" unit="dollars">3</measure></cell>
                    <cell><measure commodity="currency" quantity="00" unit="cents">00</measure></cell>
                    <cell/>
                    <cell/>
                </row>
                <row>
                    <cell>208</cell>
                    <cell><name type="person" ref="pers_WCDH419">George Leane</name></cell>
                    <cell/>
                    <cell/>
                    <cell/>
                    <cell/>
                </row>
                <row>
                    <cell/>
                    <cell>By Carting 2500 from Providence @ 9d</cell>
                    <cell><measure commodity="currency" quantity="3" unit="dollars">3</measure></cell>
                    <cell><measure commodity="currency" quantity="2.5" unit="cents">02 1/2</measure></cell>
                    <cell/>
                    <cell/>
                </row>
            </table>
            <pb n="002"/>
            <fw type="pageNum">005</fw>
            <table xml:id="p003" cols="6">
                <head>Norton Monday<date when="1829-04-13">April-13- 1829</date></head>
                <row xml:id="p000_06">
                    <cell/>
                    <cell>
                        <name type="person" ref="name"/>
                        <choice rend="align(right)">
                            <abbr/>
                            <expan/>
                        </choice>
                    </cell>
                    <cell>$</cell>
                    <cell>cents</cell>
                    <cell>Sum $</cell>
                    <cell>Cts</cell>
                </row>
                <row xml:id="p000_07">
                    <cell>Settled</cell>
                    <cell><name type="person" ref="pers_WCDH423">Wm Lane</name></cell>
                    <cell/>
                    <cell/>
                    <cell/>
                    <cell/>
                </row>
                <row xml:id="p000_08">
                    <cell/>
                    <cell>By Carting from Providence $.503</cell>
                    <cell><measure commodity="currency" quantity="1" unit="dollars">1</measure></cell>
                    <cell><measure commodity="currency" quantity="6" unit="cents">06</measure></cell>
                    <cell/>
                    <cell/>
                </row>
                <row xml:id="p000_09">
                    <cell>375</cell>
                    <cell><name type="person" ref="pers_WCDH647">Laban Wheaton</name></cell>
                    <cell/>
                    <cell/>
                    <cell/>
                    <cell/>
                </row>
                <row xml:id="p000_10">
                    <cell/>
                    <cell>To<measure quantity="1" unit="gallon" commodity="molasses">1 Gall Molasses</measure></cell>
                    <cell/>
                    <cell><measure commodity="currency" quantity="40" unit="cents">40</measure></cell>
                    <cell/>
                    <cell/>
                </row>
                <row>
                    <cell>Settled</cell>
                    <cell><name type="person" ref="pers_WCDH235">Edmund Cobb</name></cell>
                    <cell/>
                    <cell/>
                    <cell/>
                    <cell/>
                </row>
                <row>
                    <cell/>
                    <cell>To<measure quantity="1" unit="gallon" commodity="B Rum">1 gall B Rum         1~~</measure></cell>
                    <cell/>
                    <cell/>
                    <cell/>
                    <cell/>
                </row>
                <row>
                    <cell/>
                    <cell>" <measure quantity="3.5" unit="pounds" commodity="loaf sugar">3 ½ lb L Sugar</measure>          67</cell>
                    <cell><measure commodity="currency" quantity="1" unit="dollars">1</measure></cell>
                    <cell><measure commodity="currency" quantity="67" unit="cents">67</measure></cell>
                    <cell/>
                    <cell/>
                </row>
                <row>
                    <cell/>
                    <cell>"<measure quantity=".5" unit="gallon" commodity="best rum">½ Gall best Rum</measure></cell>
                    <cell/>
                    <cell><measure commodity="currency" quantity="50" unit="cents">50</measure></cell>
                    <cell><measure commodity="currency" quantity="2" unit="dollars">2</measure></cell>
                    <cell><measure commodity="currency" quantity="17" unit="cents">17</measure></cell>
                </row>
                <row>
                    <cell/>
                    <cell><date when="1829-04-14">14</date></cell>
                    <cell/>
                    <cell/>
                    <cell/>
                    <cell/>
                </row>
                <row>
                    <cell>359</cell>
                    <cell><name type="person" ref="pers_WCDH427">Charles Leonard</name></cell>
                    <cell/>
                    <cell/>
                    <cell/>
                    <cell/>
                </row>
                <row>
                    <cell/>
                    <cell>To<measure quantity="1" unit="hand" commodity="tobacco">1 H Tobacco</measure></cell>
                    <cell/>
                    <cell><measure commodity="currency" quantity="3" unit="cents">3</measure></cell>
                    <cell/>
                    <cell/>
                </row>
                <row>
                    <cell>settled</cell>
                    <cell>Peter Leirhman</cell>
                    <cell/>
                    <cell/>
                    <cell/>
                    <cell/>
                </row>
                <row>
                    <cell/>
                    <cell>To<measure quantity=".5" unit="gallon" commodity="vinegar"> ½ Gall Vinegar</measure></cell>
                    <cell/>
                    <cell><measure commodity="currency" quantity="13" unit="cents">13</measure></cell>
                    <cell/>
                    <cell/>
                </row>
                <row>
                    <cell>375</cell>
                    <cell><name type="person" ref="pers_WCDH647">Laban Wheaton</name></cell>
                    <cell/>
                    <cell/>
                    <cell/>
                    <cell/>
                </row>
                <row>
                    <cell/>
                    <cell>To<measure quantity="8" unit="pound" commodity="sugar">8 lb Sugar         1~~</measure></cell>
                    <cell/>
                    <cell/>
                    <cell/>
                    <cell/>
                </row>
                <row>
                    <cell/>
                    <cell>" <measure quantity=".5" unit="pound" commodity="Loaf Tea">½ lb Loaf Tea           34</measure></cell>
                    <cell><measure commodity="currency" quantity="1" unit="dollars">1</measure></cell>
                    <cell><measure commodity="currency" quantity="34" unit="cents">34</measure></cell>
                    <cell><measure commodity="currency" quantity="1" unit="dollars">1</measure></cell>
                    <cell><measure commodity="currency" quantity="34" unit="cents">34</measure></cell>
                </row>
                <row>
                    <cell>200</cell>
                    <cell><name type="person" ref="pers_WCDH484">Samuel Morey</name></cell>
                    <cell/>
                    <cell/>
                    <cell/>
                    <cell/>
                </row>
                <row>
                    <cell/>
                    <cell>To<measure quantity="1" unit="pair" commodity="shoes">1 pr Shoes</measure> </cell>
                    <cell><measure commodity="currency" quantity="1" unit="dollars">1</measure></cell>
                    <cell><measure commodity="currency" quantity="25" unit="cents">25</measure></cell>
                    <cell/>
                    <cell/>
                </row>
                <row>
                    <cell/>
                    <cell>"<measure quantity="1" unit="pair" commodity="booteas">1 " Booteas</measure></cell>
                    <cell><measure commodity="currency" quantity="1" unit="dollars">1</measure></cell>
                    <cell><measure commodity="currency" quantity="17" unit="cents">17</measure></cell>
                    <cell><measure commodity="currency" quantity="2" unit="dollars">2</measure></cell>
                    <cell><measure commodity="currency" quantity="42" unit="cents">42</measure></cell>
                </row>
                <row>
                    <cell/>
                    <cell><date when="1829-04-15">15</date></cell>
                    <cell/>
                    <cell/>
                    <cell/>
                    <cell/>
                </row>
                <row>
                    <cell>375</cell>
                    <cell><name type="person" ref="pers_WCDH647">Laban Wheaton</name></cell>
                    <cell/>
                    <cell/>
                    <cell/>
                    <cell/>
                </row>
                <row>
                    <cell/>
                    <cell>To<measure quantity=".5" unit="pound" commodity="Tea">½ lb R H Tea</measure></cell>
                    <cell/>
                    <cell><measure commodity="currency" quantity="50" unit="cents">50</measure></cell>
                    <cell/>
                    <cell><measure commodity="currency" quantity="50" unit="cents">50</measure></cell>
                </row>
                <row>
                    <cell>367</cell>
                    <cell><name type="person" ref="pers_WCDH540">Holmes Richmond</name></cell>
                    <cell/>
                    <cell/>
                    <cell/>
                    <cell/>
                </row>
                <row>
                    <cell/>
                    <cell>To <measure quantity="1" unit="pint" commodity="Gin">1 pt Gin</measure></cell>
                    <cell/>
                    <cell><measure commodity="currency" quantity="6" unit="cents">6</measure></cell>
                    <cell/>
                    <cell><measure commodity="currency" quantity="6" unit="cents">6</measure></cell>
                </row>
                <row>
                    <cell/>
                    <cell><date when="1829-04-16">16</date></cell>
                    <cell/>
                    <cell/>
                    <cell/>
                    <cell/>
                </row>
                <row>
                    <cell>25</cell>
                    <cell><name type="person" ref="pers_WCDH259">Thomas Danforth</name></cell>
                    <cell/>
                    <cell/>
                    <cell/>
                    <cell/>
                </row>
                <row>
                    <cell/>
                    <cell>To pd his order to<name type="person" ref="pers_WCDH521">W Pratt</name></cell>
                    <cell><measure commodity="currency" quantity="1" unit="dollars">1</measure></cell>
                    <cell><measure commodity="currency" quantity="25" unit="cents">25</measure></cell>
                    <cell><measure commodity="currency" quantity="1" unit="dollars">1</measure></cell>
                    <cell><measure commodity="currency" quantity="25" unit="cents">25</measure></cell>
                </row>
                <row>
                    <cell>359</cell>
                    <cell><name type="person" ref="pers_WCDH427">Charles Leonard</name></cell>
                    <cell/>
                    <cell/>
                    <cell/>
                    <cell/>
                </row>
                <row>
                    <cell/>
                    <cell>To <measure quantity="1" unit="hand" commodity="tobacco">1 H Tobacco</measure></cell>
                    <cell/>
                    <cell><measure commodity="currency" quantity="3" unit="cents">3</measure></cell>
                    <cell/>
                    <cell><measure commodity="currency" quantity="3" unit="cents">3</measure></cell>
                </row>
                <row>
                    <cell>41</cell>
                    <cell><name type="person" ref="pers_WCDH126">Thompson Tripp</name></cell>
                    <cell/>
                    <cell/>
                    <cell/>
                    <cell/>
                </row>
                <row>
                    <cell/>
                    <cell>To cash pd to at Danforth</cell>
                    <cell/>
                    <cell><measure commodity="currency" quantity="33" unit="cents">33</measure></cell>
                    <cell/>
                    <cell><measure commodity="currency" quantity="33" unit="cents">33</measure></cell>
                </row>
                <row>
                    <cell>372</cell>
                    <cell><name type="person" ref="pers_WCDH579">Amos Starkey</name></cell>
                    <cell/>
                    <cell/>
                    <cell/>
                    <cell/>
                </row>
                <row>
                    <cell/>
                    <cell>To <measure quantity="1" unit="pint" commodity="N E Rum">1 pt N E Rum</measure></cell>
                    <cell/>
                    <cell><measure commodity="currency" quantity="5" unit="cents">5</measure></cell>
                    <cell/>
                    <cell><measure commodity="currency" quantity="5" unit="cents">5</measure></cell>
                </row>
                <row>
                    <cell>375</cell>
                    <cell><name type="person" ref="pers_WCDH647">Laban Wheaton</name></cell>
                    <cell/>
                    <cell/>
                    <cell/>
                    <cell/>
                </row>
                <row>
                    <cell/>
                    <cell>To Cash pd Stageman for Baudle</cell>
                    <cell/>
                    <cell><measure commodity="currency" quantity="13" unit="cents">13</measure></cell>
                    <cell/>
                    <cell/>
                </row>
                <row>
                    <cell/>
                    <cell>"<measure quantity="3.75" unit="yards" commodity="lace">3 ¾ yrs Lace</measure>           @9d</cell>
                    <cell/>
                    <cell><measure commodity="currency" quantity="47" unit="cents"></measure>47</cell>
                    <cell/>
                    <cell><measure commodity="currency" quantity="47" unit="cents">60</measure></cell>
                </row>
                <row>
                    <cell/>
                    <cell><date when="1829-04-17">17</date></cell>
                    <cell/>
                    <cell/>
                    <cell/>
                    <cell/>
                </row>
                <row>
                    <cell>375</cell>
                    <cell><name type="person" ref="pers_WCDH647">Laban Wheaton</name></cell>
                    <cell/>
                    <cell/>
                    <cell/>
                    <cell/>
                </row>
                <row>
                    <cell/>
                    <cell>To<measure quantity="1" unit="gallon" commodity="molasses">1 gall Molasses</measure></cell>
                    <cell/>
                    <cell><measure commodity="currency" quantity="40" unit="cents">40</measure></cell>
                    <cell/>
                    <cell><measure commodity="currency" quantity="40" unit="cents">40</measure></cell>
                </row>
                <row>
                    <cell>367</cell>
                    <cell><name type="person" ref="pers_WCDH540">Holmes Richmond</name></cell>
                    <cell/>
                    <cell/>
                    <cell/>
                    <cell/>
                </row>
                <row>
                    <cell/>
                    <cell>To 1<measure quantity="1" unit="pint" commodity="Gin">1 pt Gin</measure></cell>
                    <cell/>
                    <cell><measure commodity="currency" quantity="6" unit="cents">6</measure></cell>
                    <cell/>
                    <cell><measure commodity="currency" quantity="6" unit="cents">6</measure></cell>
                </row>
                <row>
                    <cell>25</cell>
                    <cell><name type="person" ref="pers_WCDH261">Thomas Danforth Esq</name></cell>
                    <cell/>
                    <cell/>
                    <cell/>
                    <cell/>
                </row>
                <row>
                    <cell/>
                    <cell>To <measure quantity="1" unit="pair" commodity="shoes">1 pr Shoes</measure> </cell>
                    <cell><measure commodity="currency" quantity="1" unit="dollars">1</measure></cell>
                    <cell><measure commodity="currency" quantity="13" unit="cents">13</measure></cell>
                    <cell><measure commodity="currency" quantity="1" unit="dollars">1</measure></cell>
                    <cell><measure commodity="currency" quantity="13" unit="cents">13</measure></cell>
                </row>
                <row>
                    <cell>372</cell>
                    <cell><name type="person" ref="pers_WCDH579">Amos Starkey</name></cell>
                    <cell/>
                    <cell/>
                    <cell/>
                    <cell/>
                </row>
                <row>
                    <cell/>
                    <cell>To<measure quantity="1" unit="pint" commodity="N E Rum">1 pt N E Rum</measure></cell>
                    <cell/>
                    <cell><measure commodity="currency" quantity="5" unit="cents">5</measure></cell>
                    <cell/>
                    <cell><measure commodity="currency" quantity="5" unit="cents">5</measure></cell>
                </row>
            </table>
        </body>
    </text>
</TEI>