<?xml version="1.0" encoding="UTF-8"?>
<?oxygen RNGSchema="http://www.tei-c.org/release/xml/tei/custom/schema/relaxng/tei_all.rng" type="xml"?>
<TEI xmlns="http://www.tei-c.org/ns/1.0">
    <teiHeader>
        <fileDesc>
            <titleStmt>
                <title>LMW Day Book, pp. 000-001</title>
                <author>L.M. Wheaton</author>
            </titleStmt>
            <publicationStmt>
                <p>Indication of work done and date, Wheaton College</p>
            </publicationStmt>
            <sourceDesc>
                <biblFull>
                    <titleStmt>
                        <title>Account Books, pp.000-001</title>
                        <author>L.M. Wheaton</author>
                        <respStmt>
                            <resp> TEI-compatible XML markup by <name type="person">Bill Funk</name>
                                with corrections by <name type="person">Name</name>, <name
                                    type="person">Name</name>, and <name type="person"
                                >Name</name>.</resp>
                            <name type="person">Name</name>
                        </respStmt>
                    </titleStmt>
                    <publicationStmt>
                        <p>First Transcription and 3/8/2016, Wheaton College</p>
                    </publicationStmt>
                    <sourceDesc>
                        <p> From the Marion B. Gebbie Archives and Special Collections at the
                            Madeleine Clark Wallace Library, Wheaton College </p>
                    </sourceDesc>
                </biblFull>
            </sourceDesc>
        </fileDesc>
    </teiHeader>
    <text>
        <body>
            <pb n="000"/>
            <fw type="pageNum">010</fw>
            <table xml:id="p000" cols="6">
                <head>Tuesday<date> 04-28-1829</date></head>
                <row xml:id="p000_01">
                    <cell/>
                    <cell>
                        <name type="person" ref="name"/>
                        <choice rend="align(right)">
                            <abbr/>
                            <expan/>
                        </choice>
                    </cell>
                    <cell>$</cell>
                    <cell>cents</cell>
                    <cell>Credit/Debit</cell>
                    <cell/>
                </row>
                <row xml:id="p000_02">
                    <cell>370</cell>
                    <cell>Peter Leirhman To<measure quantity="1" unit="quart" commodity="molasses">1 qt Molasses</measure></cell>
                    <cell/>
                    <cell><measure commodity="currency" quantity="10" unit="cents">10</measure></cell>
                    <cell>Debit</cell>
                    <cell/>
                    <cell/>
                </row>
            </table>
            <pb n="000"/>
            <fw type="pageNum">010</fw>
            <table xml:id="Date">
                <head>Wednesday<date>04-29-1829</date></head>
                <row xml:id="p000_001">
                    <cell/>
                    <cell>
                        <name type="person" ref="Name"/>
                        <choice rend="align(right)">
                            <abbr/>
                            <expan/>
                        </choice>
                    </cell>
                    <cell>$</cell>
                    <cell>Cents</cell>
                    <cell>Credit/Debit</cell>
                    <cell/>
                </row>
                <row xml:id="p000_002">
                    <cell>367</cell>
                    <cell><name type="person" ref="pers_WCDH540">Holmes Richmond</name>To<measure quantity="1" unit="pint" commodity="New England Rum">1 pt N E Rum</measure></cell>
                    <cell/>
                    <cell><measure commodity="currency" quantity="6" unit="cents">6</measure></cell>
                    <cell>Debit</cell>
                    <cell/>
                </row>
                <row xml:id="p000_003">
                    <cell>85</cell>
                    <cell><name type="person" ref="pers_WCDH526">Bailey Barkley Rawson</name> By 12 ½ of Heard [gaofs] and Red Lap Seed to sell at
                        13/6 from Borheu lives Jamaica </cell>
                    <cell/>
                    <cell/>
                    <cell>Credit</cell>
                </row>
                <row>
                    <cell>367</cell>
                    <cell><name type="person" ref="pers_WCDH540">Holmes Richmond</name>To<measure quantity="1" unit="pair" commodity="[Moroua] Shoes">1 pr [Moroua] Shoes</measure></cell>
                    <cell><measure commodity="currency" quantity="1" unit="dollars">1</measure></cell>
                    <cell><measure commodity="currency" quantity="50" unit="cents">50</measure></cell>
                    <cell>Debit</cell>
                </row>
                <row>
                    <cell/>
                    <cell>"<measure quantity="14" unit="pounds" commodity="Flour">14 lb Flour</measure></cell>
                    <cell/>
                    <cell><measure commodity="currency" quantity="75" unit="cents">75</measure></cell>
                    <cell>Debit</cell>
                </row>
                <row>
                    <cell/>
                    <cell>"<measure quantity="1" unit="pint" commodity="New England Rum">1 pt N E Rum</measure></cell>
                    <cell/>
                    <cell><measure commodity="currency" quantity="6" unit="cents">6</measure></cell>
                    <cell>Debit</cell>
                </row>
                <row>
                    <cell>375</cell>
                    <cell><name type="person" ref="pers_WCDH647">Laban Wheaton</name> to<measure quantity="1" unit="quart" commodity="New England Rum">1 qt N E Rum</measure></cell>
                    <cell/>
                    <cell><measure commodity="currency" quantity="10" unit="cents">10</measure></cell>
                    <cell>Debit</cell>
                </row>
                <row>
                    <cell>370</cell>
                    <cell>Peter Leirhman To<measure quantity="1" unit="quart" commodity="L Oil">1 qt L Oil</measure></cell>
                    <cell/>
                    <cell><measure commodity="currency" quantity="25" unit="cents">25</measure></cell>
                    <cell>Debit</cell>
                </row>
                <row>
                    <cell>370</cell>
                    <cell>Peter Leirhman To<measure quantity="1" unit="pounds" commodity="Loaf Sugar">1 lb L Sugar</measure></cell>
                    <cell/>
                    <cell><measure commodity="currency" quantity="20" unit="cents">20</measure></cell>
                    <cell>Debit</cell>
                </row>
                <row>
                    <cell/>
                    <cell>"<measure quantity="2" unit="dozen" commodity="Eggs">2 doz Eggs</measure></cell>
                    <cell/>
                    <cell><measure commodity="currency" quantity="10" unit="cents">10</measure></cell>
                    <cell>Debit</cell>
                </row>
                <row>
                    <cell/>
                    <cell>"<measure quantity="15.5" unit="pounds" commodity="Cheese">15 ¼ lb Cheese</measure></cell>
                    <cell><measure commodity="currency" quantity="1" unit="dollars">1</measure></cell>
                    <cell>52</cell>
                    <cell>Debit</cell>
                </row>
            </table>
            <pb n="000"/>
            <fw type="pageNum">010</fw>
            <table xml:id="y3j_h12_gv">
                <head>Thursday <date>04-30-1829</date></head>
                <row xml:id="p000_000">
                    <cell/>
                    <cell>
                        <name type="person" ref="Name"/>
                        <choice rend="align(right)">
                            <abbr/>
                            <expan/>
                        </choice>
                    </cell>
                    <cell>$</cell>
                    <cell>Cents</cell>
                    <cell>Credit/Debit</cell>
                    <cell/>
                </row>
                <row xml:id="wmy_h12_gv">
                    <cell>359</cell>
                    <cell><name type="person" ref="pers_WCDH427">Charles Leonard</name> To<measure quantity="1" unit="pound" commodity="Tobacco">1 lb Tobacco</measure></cell>
                    <cell/>
                    <cell><measure commodity="currency" quantity="3" unit="cents">3</measure></cell>
                    <cell>Debit</cell>
                </row>
                <row>
                    <cell>367</cell>
                    <cell><name type="person" ref="pers_WCDH540">Holmes Richmond</name>To<measure quantity="1" unit="pint" commodity="New England Rum">1 pt N E Rum</measure></cell>
                    <cell/>
                    <cell><measure commodity="currency" quantity="6" unit="cents">6</measure></cell>
                    <cell>Debit</cell>
                </row>
                <row>
                    <cell>On Bill</cell>
                    <cell>Robert Bangs To<measure quantity="1" unit="pint" commodity="New England Rum">1 pt N E Rum</measure></cell>
                    <cell/>
                    <cell><measure commodity="currency" quantity="5" unit="cents">5</measure></cell>
                    <cell>Debit</cell>
                </row>
                <row>
                    <cell>375</cell>
                    <cell><name type="person" ref="pers_WCDH647">Laban Wheaton</name> To<measure quantity="1" unit="count" commodity="broom">1 Broom</measure></cell>
                    <cell/>
                    <cell><measure commodity="currency" quantity="17" unit="cents">17</measure></cell>
                    <cell>Debit</cell>
                </row>
                <row>
                    <cell>367</cell>
                    <cell><name type="person" ref="pers_WCDH540">Holmes Richmond</name>To Cash</cell>
                    <cell/>
                    <cell><measure commodity="currency" quantity="50" unit="cents">50</measure></cell>
                    <cell>Debit</cell>
                </row>
                <row>
                    <cell>25</cell>
                    <cell><name type="person" ref="pers_WCDH261">Thomas Danforth Esquire</name> To Salt and Salt Peter</cell>
                    <cell/>
                    <cell><measure commodity="currency" quantity="19" unit="cents">19</measure></cell>
                    <cell>Debit</cell>
                </row>
                <row>
                    <cell>375</cell>
                    <cell><name type="person" ref="pers_WCDH647">Laban Wheaton</name> To P. Wheaton Wheeler</cell>
                    <cell><measure commodity="currency" quantity="1" unit="dollars">1</measure></cell>
                    <cell><measure commodity="currency" quantity="00" unit="cents">00</measure></cell>
                    <cell>Debit</cell>
                </row>
                <row>
                    <cell>375</cell>
                    <cell>Peter Learhman To<measure quantity="1" unit="quart" commodity="Gin">1 qt Gin</measure></cell>
                    <cell/>
                    <cell><measure commodity="currency" quantity="12" unit="cents">12</measure></cell>
                    <cell>Debit</cell>
                </row>
                <row>
                    <cell>339</cell>
                    <cell><name type="person" ref="pers_WCDH428">Cromwell Leonard</name> To<measure quantity="2" unit="quarts" commodity="New England Rum">2 qt N E Rum</measure></cell>
                    <cell/>
                    <cell><measure commodity="currency" quantity="20" unit="cents">20</measure></cell>
                    <cell>Debit</cell>
                </row>
                <row>
                    <cell>41</cell>
                    <cell><name type="person" ref="pers_WCDH126">Thompson Tripp</name> To Cash </cell>
                    <cell/>
                    <cell><measure commodity="currency" quantity="50" unit="cents">50</measure></cell>
                    <cell>Debit</cell>
                </row>
                <row>
                    <cell>Settled</cell>
                    <cell><name type="person" ref="pers_WCDH410">Wm Knowles</name> To<measure quantity="1" unit="paper" commodity="Beet Seed">1 paper Beet Seed</measure></cell>
                    <cell/>
                    <cell><measure commodity="currency" quantity="9" unit="cents">9</measure></cell>
                    <cell>Debit</cell>
                </row>
                <row>
                    <cell>On Bill</cell>
                    <cell>Robert Bangs To<measure quantity="1" unit="pint" commodity="New England Rum">1 pt N E Rum</measure></cell>
                    <cell/>
                    <cell><measure commodity="currency" quantity="5" unit="cents">5</measure></cell>
                    <cell>Debit</cell>
                </row>
                <row>
                    <cell>370</cell>
                    <cell>Peter Leihman To<measure quantity="1.5" unit="yards" commodity="Black Crape">1 ½ yr Blk Crape</measure></cell>
                    <cell><measure commodity="currency" quantity="1" unit="dollars">1</measure></cell>
                    <cell><measure commodity="currency" quantity="25" unit="cents">25</measure></cell>
                    <cell>Debit</cell>
                </row>
                <row>
                    <cell/>
                    <cell>"<measure quantity="1" unit="yards" commodity="Cambric">1 yr Cambric</measure></cell>
                    <cell/>
                    <cell><measure commodity="currency" quantity="33" unit="cents">33</measure></cell>
                    <cell>Debit</cell>
                </row>
                <row>
                    <cell/>
                    <cell>"<measure quantity="1" unit="stick" commodity="Twist">1 stick Twist</measure></cell>
                    <cell/>
                    <cell><measure commodity="currency" quantity="2" unit="cents">2</measure></cell>
                    <cell>Debit</cell>
                </row>
                <row>
                    <cell/>
                    <cell>"<measure quantity="5/6" unit="yards" commodity="muslin">5/6 yr muslin</measure></cell>
                    <cell/>
                    <cell><measure commodity="currency" quantity="42" unit="cents">42</measure></cell>
                    <cell>Debit</cell>
                </row>
                <row>
                    <cell>109</cell>
                    <cell><name type="person" ref="pers_WCDH524">Pliny Puffer</name> To Hay Seed</cell>
                    <cell/>
                    <cell><measure commodity="currency" quantity="85" unit="cents">85</measure></cell>
                    <cell>Debit</cell>
                </row>
                <row>
                    <cell>339</cell>
                    <cell><name type="person" ref="pers_WCDH428">Cromwell Leonard</name>To<measure quantity="4" unit="yards" commodity="Cambric">4 yr Cambric</measure></cell>
                    <cell><measure commodity="currency" quantity="2" unit="dollars">2</measure></cell>
                    <cell><measure commodity="currency" quantity="00" unit="cents">00</measure></cell>
                    <cell>Debit</cell>
                </row>
                <row>
                    <cell/>
                    <cell>"1 ½ Muslin</cell>
                    <cell><measure commodity="currency" quantity="1" unit="dollars">1</measure></cell>
                    <cell><measure commodity="currency" quantity="00" unit="cents">00</measure></cell>
                    <cell>Debit</cell>
                </row>
                <row>
                    <cell/>
                    <cell>"<measure quantity="1/4" unit="yards" commodity="Crape">¼ yr Crape</measure></cell>
                    <cell/>
                    <cell><measure commodity="currency" quantity="19" unit="cents">19</measure></cell>
                    <cell>Debit</cell>
                </row>
                <row>
                    <cell/>
                    <cell>" White Ribbon</cell>
                    <cell/>
                    <cell><measure commodity="currency" quantity="12" unit="cents">12</measure></cell>
                    <cell>Debit</cell>
                </row>
                <row>
                    <cell/>
                    <cell>"<measure quantity="1" unit="yards" commodity="Black Ribbons">1 yr Black Ribbon</measure></cell>
                    <cell/>
                    <cell><measure commodity="currency" quantity="8" unit="cents">8</measure></cell>
                    <cell>Debit</cell>
                </row>
                <row>
                    <cell/>
                    <cell>"<measure quantity="1" unit="pair" commodity="[Peanella] shoes">1 pr  [Peanella] Shoes</measure></cell>
                    <cell><measure commodity="currency" quantity="1" unit="dollars">1</measure></cell>
                    <cell><measure commodity="currency" quantity="25" unit="cents">25</measure></cell>
                    <cell>Debit</cell>
                </row>
                <row>
                    <cell/>
                    <cell>"<measure quantity="1" unit="quart" commodity="best Rum">1 qt best Rum</measure></cell>
                    <cell/>
                    <cell><measure commodity="currency" quantity="25" unit="cents">25</measure></cell>
                    <cell>Debit</cell>
                </row>
                <row>
                    <cell>370</cell>
                    <cell>Peter Leirhman To<measure quantity="2.5" unit="yards" commodity="Calico">2 ½  yr Calico</measure></cell>
                    <cell/>
                    <cell><measure commodity="currency" quantity="62" unit="cents">62</measure></cell>
                    <cell>Debit</cell>
                </row>
                <row>
                    <cell/>
                    <cell>"<measure quantity="1/2" unit="yard" commodity="Ribbon">½ yr Ribbon</measure></cell>
                    <cell/>
                    <cell><measure commodity="currency" quantity="3" unit="cents">3</measure></cell>
                    <cell>Debit</cell>
                </row>
                <row>
                    <cell/>
                    <cell>"<measure quantity="1" unit="quart" commodity="best Rum">1 qt best Rum</measure></cell>
                    <cell/>
                    <cell><measure commodity="currency" quantity="25" unit="cents">25</measure></cell>
                    <cell>Debit</cell>
                </row>
                <row>
                    <cell/>
                    <cell>"<measure quantity="1" unit="quart" commodity="H Gin">1 qt H Gin</measure></cell>
                    <cell/>
                    <cell><measure commodity="currency" quantity="28" unit="cents">28</measure></cell>
                    <cell>Debit</cell>
                </row>
                <row>
                    <cell>367</cell>
                    <cell><name type="person" ref="pers_WCDH540">Holmes Richmond</name>To<measure quantity="1" unit="pint" commodity="New England Rum">1 pt N E Rum</measure></cell>
                    <cell/>
                    <cell><measure commodity="currency" quantity="6" unit="cents">6</measure></cell>
                    <cell>Debit</cell>
                </row>
            </table>
            <pb n="000"/>
            <fw type="pageNum">011</fw>
            <table xml:id="kmy_312_gv">
                <head>
                    <date>05-02-1829</date></head>
                <row xml:id="cbk_gc2_gv">
                    <cell/>
                    <cell>
                        <name type="person" ref="Name"/>
                        <choice rend="align(right)">
                            <abbr/>
                            <expan/>
                        </choice>
                    </cell>
                    <cell>$</cell>
                    <cell>Cents</cell>
                    <cell>Credit/Debit</cell>
                    <cell/>
                </row>
                <row>
                    <cell>339</cell>
                    <cell><name type="person" ref="pers_WCDH428">Cromwell Leonard</name> To<measure quantity="1" unit="pair" commodity="Children's Shoes">1 pr Chl Shoes</measure></cell>
                    <cell/>
                    <cell><measure commodity="currency" quantity="42" unit="cents">42</measure></cell>
                    <cell>Debit</cell>
                </row>
                <row>
                    <cell>375</cell>
                    <cell><name type="person" ref="pers_WCDH647">Laban Wheaton</name> <measure quantity="1" unit="quart" commodity="H Gin">1 qt H Gin</measure></cell>
                    <cell/>
                    <cell><measure commodity="currency" quantity="25" unit="cents">25</measure></cell>
                    <cell>Debit</cell>
                </row>
                <row>
                    <cell>372</cell>
                    <cell><name type="person" ref="pers_WCDH579">Amos Starkey</name> To 1 [yb buklss DD] Foster</cell>
                    <cell/>
                    <cell><measure commodity="currency" quantity="33" unit="cents">33</measure></cell>
                    <cell>Debit</cell>
                </row>
                <row>
                    <cell>370</cell>
                    <cell>Peter Leirhman To<measure quantity="1" unit="quart" commodity="Gin">1 qt Gin</measure></cell>
                    <cell/>
                    <cell><measure commodity="currency" quantity="12" unit="cents">12</measure></cell>
                    <cell>Debit</cell>
                </row>
                <row>
                    <cell/>
                    <cell>"<measure quantity="24" unit="count" commodity="Crackers">24 Crackers</measure></cell>
                    <cell/>
                    <cell><measure commodity="currency" quantity="12" unit="cents">12</measure></cell>
                    <cell>Debit</cell>
                </row>
                <row>
                    <cell>359</cell>
                    <cell><name type="person" ref="pers_WCDH427">Charles Leonard</name> To<measure quantity="1" unit="pair" commodity="[Saeks]">1 pr [Saeks]</measure></cell>
                    <cell/>
                    <cell><measure commodity="currency" quantity="30" unit="cents">30</measure></cell>
                    <cell>Debit</cell>
                </row>
                <row>
                    <cell>Settled</cell>
                    <cell><name type="person" ref="pers_WCDH261">Thomas Danforth Esquire</name>e By<measure quantity="4.25" unit="pounds" commodity="Raggs">4 ¼ lb Raggs</measure></cell>
                    <cell/>
                    <cell><measure commodity="currency" quantity="17" unit="cents">17</measure></cell>
                    <cell>Credit</cell>
                </row>
                <row>
                    <cell>376</cell>
                    <cell><name type="person" ref="pers_WCDH565">John Smith</name> To<measure quantity="7.5" unit="yards" commodity="Cotton Cloth">7 ½ yr Cotton Cloth</measure></cell>
                    <cell/>
                    <cell><measure commodity="currency" quantity="42" unit="cents">42</measure></cell>
                    <cell>Debit</cell>
                </row>
                <row>
                    <cell>367</cell>
                    <cell><name type="person" ref="pers_WCDH540">Holmes Richmond</name>To<measure quantity="2" unit="count" commodity="mackerell">2 Mackerell</measure></cell>
                    <cell/>
                    <cell><measure commodity="currency" quantity="12" unit="cents">12</measure></cell>
                    <cell>Debit</cell>
                </row>
                <row>
                    <cell/>
                    <cell>"<measure quantity="1" unit="pint" commodity="Rum">1 pt Rum</measure></cell>
                    <cell/>
                    <cell><measure commodity="currency" quantity="6" unit="cents">6</measure></cell>
                    <cell>Debit</cell>
                </row>
                <row>
                    <cell/>
                    <cell><name type="person" ref="pers_WCDH450">Edmond Lothrop</name> To 1 set Cups and [Deasous] </cell>
                    <cell/>
                    <cell><measure commodity="currency" quantity="30" unit="cents">30</measure></cell>
                    <cell>Debit</cell>
                </row>
                <row>
                    <cell/>
                    <cell>"<measure quantity="1/2" unit="dozen" commodity="[Deates]">½ doz [Deates]</measure></cell>
                    <cell/>
                    <cell><measure commodity="currency" quantity="38" unit="cents">38</measure></cell>
                    <cell>Debit</cell>
                </row>
                <row>
                    <cell>372</cell>
                    <cell>Amos Starkey To<measure quantity="1" unit="pint" commodity="New England Rum">1 pt N E Rum</measure></cell>
                    <cell/>
                    <cell><measure commodity="currency" quantity="5" unit="cents">5</measure></cell>
                    <cell>Debit</cell>
                </row>
            </table>
            <pb n="000"/>
            <pb n="000"/>
        </body>
    </text>
</TEI>