<?xml version="1.0" encoding="UTF-8" ?>
<nodes>
  <node>
    <Title>Ledger A, 1750 - 1772: pg.27</Title>
    <book>General Ledger A, 1750 - 1772 [Washington]</book>
    <pagenumber>027</pagenumber>
    <accountname>Cash</accountname>
    <allpeople>Alton, John; Gladwin, Henry; Mercer, George</allpeople>
    <places>Alexandria, Virginia;  Boston, Massachusetts;  Castle William (Fort Adams; Fort Independence), Massachusetts;  Chester, Pennsylvania;  Philadelphia, Pennsylvania</places>
    <ships></ships>
    <occupation-title>Maid; Servant; Barber; Tailor; Governor</occupation-title>
    <agriculture></agriculture>
    <food-beverage></food-beverage>
    <services></services>
    <currency>NY; PA; VA</currency>
    <events-occasion></events-occasion>
    <annotation><![CDATA[]]></annotation>
    <previouspage>Ledger A, 1750 - 1772: pg.26</previouspage>
    <nextpage>Ledger A, 1750 - 1772: pg.28</nextpage>
  </node>
</nodes>
