<?xml version="1.0" encoding="UTF-8"?>
<TEI>
   <teiHeader>
      <fileDesc>
         <titleStmt>
            <title type="full">
               <title type="main">Ledger A, 1750 - 1772: pg.27</title>
            </title>
            <author>
               <persName/>
            </author>
         </titleStmt>
         <editionStmt>
            <edition>George Washington Financial Papers Project</edition>
         </editionStmt>
         <publicationStmt>
            <publisher>The Center for Digital Editing in partnership with the Washington Papers</publisher>
         </publicationStmt>
         <sourceDesc>
            <msDesc>
               <msIdentifier>
                  <collection>George Washington Papers: Series 5</collection>
               </msIdentifier>
               <physDesc/>
               <history>
                  <origin>
                     <placeName>Library of Congress</placeName>
                  </origin>
               </history>
            </msDesc>
         </sourceDesc>
      </fileDesc>
   </teiHeader>
   <text>
      <transactions>
         <row ana="#bk_entry">
            <div1 type="transaction" xml:id="29720">
               <folioside>Left</folioside>
               <drcr>Debit</drcr>
               <linenumber>1</linenumber>
               <div2 type="transcription">
                  <year/>
                  <month/>
                  <day/>
                  <accountname><![CDATA[Cash Dr
]]></accountname>
                  <entry/>
                  <subtotal/>
                  <page/>
                  <symbol/>
                  <pounds/>
                  <shillings/>
                  <pence/>
                  <dollars/>
                  <cents/>
               </div2>
               <div2 type="data">
                  <date ana="#bk_when" when=""/>
                  <accountnamedata id="11833">Cash</accountnamedata>
                  <subtotal/>
                  <page/>
                  <symbol/>
                  <amount ana="#bk_amount">
                     <measure currency="" quantity="" unit="pounds"/>
                     <measure currency="" quantity="" unit="shillings"/>
                     <measure currency="" quantity="" unit="pence"/>
                     <measure currency="" quantity="" unit="dollars"/>
                     <measure currency="" quantity="" unit="cents"/>
                  </amount>
               </div2>
            </div1>
         </row>
         <row ana="#bk_entry">
            <div1 type="transaction" xml:id="15370">
               <folioside>Left</folioside>
               <drcr>Debit</drcr>
               <linenumber>2</linenumber>
               <div2 type="transcription">
                  <year><![CDATA[1756]]></year>
                  <month/>
                  <day/>
                  <accountname/>
                  <entry><![CDATA[<p>To Sum brot forward</p>
]]></entry>
                  <subtotal/>
                  <page/>
                  <symbol>£</symbol>
                  <pounds><![CDATA[1580]]></pounds>
                  <shillings><![CDATA[8]]></shillings>
                  <pence><![CDATA[1/2]]></pence>
                  <dollars/>
                  <cents/>
               </div2>
               <div2 type="data">
                  <date ana="#bk_when" when="1756">1756</date>
                  <accountnamedata id="11833">Cash</accountnamedata>
                  <subtotal/>
                  <page/>
                  <symbol>£</symbol>
                  <amount ana="#bk_amount">
                     <measure currency="" quantity="1580" unit="pounds">1580</measure>
                     <measure currency="" quantity="8" unit="shillings">8</measure>
                     <measure currency="" quantity="0.5" unit="pence">0.5</measure>
                     <measure currency="" quantity="" unit="dollars"/>
                     <measure currency="" quantity="" unit="cents"/>
                  </amount>
               </div2>
            </div1>
         </row>
         <row ana="#bk_entry">
            <div1 type="transaction" xml:id="29721">
               <folioside>Right</folioside>
               <drcr>Credit</drcr>
               <linenumber>1</linenumber>
               <div2 type="transcription">
                  <year/>
                  <month/>
                  <day/>
                  <accountname><![CDATA[Contra Cr
]]></accountname>
                  <entry/>
                  <subtotal/>
                  <page/>
                  <symbol/>
                  <pounds/>
                  <shillings/>
                  <pence/>
                  <dollars/>
                  <cents/>
               </div2>
               <div2 type="data">
                  <date ana="#bk_when" when=""/>
                  <accountnamedata id="11833">Cash</accountnamedata>
                  <subtotal/>
                  <page/>
                  <symbol/>
                  <amount ana="#bk_amount">
                     <measure currency="" quantity="" unit="pounds"/>
                     <measure currency="" quantity="" unit="shillings"/>
                     <measure currency="" quantity="" unit="pence"/>
                     <measure currency="" quantity="" unit="dollars"/>
                     <measure currency="" quantity="" unit="cents"/>
                  </amount>
               </div2>
            </div1>
         </row>
         <row ana="#bk_entry">
            <div1 type="transaction" xml:id="21715">
               <folioside>Right</folioside>
               <drcr>Credit</drcr>
               <linenumber>2</linenumber>
               <div2 type="transcription">
                  <year/>
                  <month/>
                  <day/>
                  <accountname/>
                  <entry><![CDATA[<p>By Sum brot forward</p>
]]></entry>
                  <subtotal/>
                  <page/>
                  <symbol>£</symbol>
                  <pounds><![CDATA[1179]]></pounds>
                  <shillings><![CDATA[13s]]></shillings>
                  <pence><![CDATA[7d]]></pence>
                  <dollars/>
                  <cents/>
               </div2>
               <div2 type="data">
                  <date ana="#bk_when" when="1756">1756</date>
                  <accountnamedata id="11833">Cash</accountnamedata>
                  <subtotal/>
                  <page/>
                  <symbol>£</symbol>
                  <amount ana="#bk_amount">
                     <measure currency="" quantity="1179" unit="pounds">1179</measure>
                     <measure currency="" quantity="13" unit="shillings">13</measure>
                     <measure currency="" quantity="7" unit="pence">7</measure>
                     <measure currency="" quantity="" unit="dollars"/>
                     <measure currency="" quantity="" unit="cents"/>
                  </amount>
               </div2>
            </div1>
         </row>
         <row ana="#bk_entry">
            <div1 type="transaction" xml:id="21716">
               <folioside>Right</folioside>
               <drcr>Credit</drcr>
               <linenumber>3</linenumber>
               <div2 type="transcription">
                  <year><![CDATA[1756]]></year>
                  <month><![CDATA[Feby]]></month>
                  <day><![CDATA[26]]></day>
                  <accountname/>
                  <entry><![CDATA[<p>By Cash, to Mr Malbones Servants</p>
]]></entry>
                  <subtotal><![CDATA[<p>4.0.0 } Rhode Island</p>
]]></subtotal>
                  <page/>
                  <symbol/>
                  <pounds/>
                  <shillings/>
                  <pence/>
                  <dollars/>
                  <cents/>
               </div2>
               <div2 type="data">
                  <date ana="#bk_when" when="1756-02-26">1756 February 26</date>
                  <accountnamedata id="11833">Cash</accountnamedata>
                  <subtotal><![CDATA[<p>4.0.0 } Rhode Island</p>
]]></subtotal>
                  <page/>
                  <symbol/>
                  <amount ana="#bk_amount">
                     <measure currency="Rhode Island" quantity="4" unit="pounds">4</measure>
                     <measure currency="Rhode Island" quantity="0" unit="shillings">0</measure>
                     <measure currency="Rhode Island" quantity="0" unit="pence">0</measure>
                     <measure currency="Rhode Island" quantity="" unit="dollars"/>
                     <measure currency="Rhode Island" quantity="" unit="cents"/>
                  </amount>
               </div2>
            </div1>
         </row>
         <row ana="#bk_entry">
            <div1 type="transaction" xml:id="21717">
               <folioside>Right</folioside>
               <drcr>Credit</drcr>
               <linenumber>4</linenumber>
               <div2 type="transcription">
                  <year/>
                  <month/>
                  <day/>
                  <accountname/>
                  <entry><![CDATA[<p>to a bowle broke</p>
]]></entry>
                  <subtotal><![CDATA[<p>4.[0].[0]</p>
]]></subtotal>
                  <page/>
                  <symbol/>
                  <pounds/>
                  <shillings/>
                  <pence/>
                  <dollars/>
                  <cents/>
               </div2>
               <div2 type="data">
                  <date ana="#bk_when" when="1756-02-26">1756 February 26</date>
                  <accountnamedata id="11833">Cash</accountnamedata>
                  <subtotal><![CDATA[<p>4.[0].[0]</p>
]]></subtotal>
                  <page/>
                  <symbol/>
                  <amount ana="#bk_amount">
                     <measure currency="Rhode Island" quantity="4" unit="pounds">4</measure>
                     <measure currency="Rhode Island" quantity="" unit="shillings"/>
                     <measure currency="Rhode Island" quantity="" unit="pence"/>
                     <measure currency="Rhode Island" quantity="" unit="dollars"/>
                     <measure currency="Rhode Island" quantity="" unit="cents"/>
                  </amount>
               </div2>
            </div1>
         </row>
         <row ana="#bk_entry">
            <div1 type="transaction" xml:id="21718">
               <folioside>Right</folioside>
               <drcr>Credit</drcr>
               <linenumber>5</linenumber>
               <div2 type="transcription">
                  <year/>
                  <month/>
                  <day/>
                  <accountname/>
                  <entry/>
                  <subtotal><![CDATA[<p>£8.[0].[0] in Virga Cury</p>
]]></subtotal>
                  <page/>
                  <symbol/>
                  <pounds/>
                  <shillings><![CDATA[11]]></shillings>
                  <pence/>
                  <dollars/>
                  <cents/>
               </div2>
               <div2 type="data">
                  <date ana="#bk_when" when="1756-02-26">1756 February 26</date>
                  <accountnamedata id="11833">Cash</accountnamedata>
                  <subtotal><![CDATA[<p>£8.[0].[0] in Virga Cury</p>
]]></subtotal>
                  <page/>
                  <symbol/>
                  <amount ana="#bk_amount">
                     <measure currency="" quantity="" unit="pounds"/>
                     <measure currency="" quantity="11" unit="shillings">11</measure>
                     <measure currency="" quantity="" unit="pence"/>
                     <measure currency="" quantity="" unit="dollars"/>
                     <measure currency="" quantity="" unit="cents"/>
                  </amount>
               </div2>
            </div1>
         </row>
         <row ana="#bk_entry">
            <div1 type="transaction" xml:id="21719">
               <folioside>Right</folioside>
               <drcr>Credit</drcr>
               <linenumber>7</linenumber>
               <div2 type="transcription">
                  <year/>
                  <month/>
                  <day/>
                  <accountname/>
                  <entry><![CDATA[<p>By Cash lent Captn Mercer</p>
]]></entry>
                  <subtotal/>
                  <page/>
                  <symbol/>
                  <pounds/>
                  <shillings><![CDATA[19]]></shillings>
                  <pence><![CDATA[4]]></pence>
                  <dollars/>
                  <cents/>
               </div2>
               <div2 type="data">
                  <date ana="#bk_when" when="1756-02-26">1756 February 26</date>
                  <accountnamedata id="11833">Cash</accountnamedata>
                  <subtotal/>
                  <page/>
                  <symbol/>
                  <amount ana="#bk_amount">
                     <measure currency="" quantity="" unit="pounds"/>
                     <measure currency="" quantity="19" unit="shillings">19</measure>
                     <measure currency="" quantity="4" unit="pence">4</measure>
                     <measure currency="" quantity="" unit="dollars"/>
                     <measure currency="" quantity="" unit="cents"/>
                  </amount>
               </div2>
            </div1>
         </row>
         <row ana="#bk_entry">
            <div1 type="transaction" xml:id="21720">
               <folioside>Right</folioside>
               <drcr>Credit</drcr>
               <linenumber>8</linenumber>
               <div2 type="transcription">
                  <year/>
                  <month/>
                  <day><![CDATA[27]]></day>
                  <accountname/>
                  <entry><![CDATA[<p>By Ditto to a Man of Wars Crew</p>
]]></entry>
                  <subtotal><![CDATA[<p>[0].11.3</p>
]]></subtotal>
                  <page/>
                  <symbol/>
                  <pounds/>
                  <shillings/>
                  <pence/>
                  <dollars/>
                  <cents/>
               </div2>
               <div2 type="data">
                  <date ana="#bk_when" when="1756-02-27">1756 February 27</date>
                  <accountnamedata id="11833">Cash</accountnamedata>
                  <subtotal><![CDATA[<p>[0].11.3</p>
]]></subtotal>
                  <page/>
                  <symbol/>
                  <amount ana="#bk_amount">
                     <measure currency="Massachusetts" quantity="" unit="pounds"/>
                     <measure currency="Massachusetts" quantity="11" unit="shillings">11</measure>
                     <measure currency="Massachusetts" quantity="3" unit="pence">3</measure>
                     <measure currency="Massachusetts" quantity="" unit="dollars"/>
                     <measure currency="Massachusetts" quantity="" unit="cents"/>
                  </amount>
               </div2>
            </div1>
         </row>
         <row ana="#bk_entry">
            <div1 type="transaction" xml:id="21721">
               <folioside>Right</folioside>
               <drcr>Credit</drcr>
               <linenumber>9</linenumber>
               <div2 type="transcription">
                  <year/>
                  <month/>
                  <day/>
                  <accountname/>
                  <entry><![CDATA[<p>at cards at the Governors</p>
]]></entry>
                  <subtotal><![CDATA[<p>1.2.6</p>
]]></subtotal>
                  <page/>
                  <symbol/>
                  <pounds/>
                  <shillings/>
                  <pence/>
                  <dollars/>
                  <cents/>
               </div2>
               <div2 type="data">
                  <date ana="#bk_when" when="1756-02-27 to 1756-03-10">1756 February 27 to 1756 March 10</date>
                  <accountnamedata id="11833">Cash</accountnamedata>
                  <subtotal><![CDATA[<p>1.2.6</p>
]]></subtotal>
                  <page/>
                  <symbol/>
                  <amount ana="#bk_amount">
                     <measure currency="Massachusetts" quantity="1" unit="pounds">1</measure>
                     <measure currency="Massachusetts" quantity="2" unit="shillings">2</measure>
                     <measure currency="Massachusetts" quantity="6" unit="pence">6</measure>
                     <measure currency="Massachusetts" quantity="" unit="dollars"/>
                     <measure currency="Massachusetts" quantity="" unit="cents"/>
                  </amount>
               </div2>
            </div1>
         </row>
         <row ana="#bk_entry">
            <div1 type="transaction" xml:id="21722">
               <folioside>Right</folioside>
               <drcr>Credit</drcr>
               <linenumber>10</linenumber>
               <div2 type="transcription">
                  <year/>
                  <month/>
                  <day/>
                  <accountname/>
                  <entry><![CDATA[<p>crossing to Castle William</p>
]]></entry>
                  <subtotal><![CDATA[<p>[0].11.3</p>
]]></subtotal>
                  <page/>
                  <symbol/>
                  <pounds/>
                  <shillings/>
                  <pence/>
                  <dollars/>
                  <cents/>
               </div2>
               <div2 type="data">
                  <date ana="#bk_when" when="1756-02-27 to 1756-03-10">1756 February 27 to 1756 March 10</date>
                  <accountnamedata id="11833">Cash</accountnamedata>
                  <subtotal><![CDATA[<p>[0].11.3</p>
]]></subtotal>
                  <page/>
                  <symbol/>
                  <amount ana="#bk_amount">
                     <measure currency="Massachusetts" quantity="" unit="pounds"/>
                     <measure currency="Massachusetts" quantity="11" unit="shillings">11</measure>
                     <measure currency="Massachusetts" quantity="3" unit="pence">3</measure>
                     <measure currency="Massachusetts" quantity="" unit="dollars"/>
                     <measure currency="Massachusetts" quantity="" unit="cents"/>
                  </amount>
               </div2>
            </div1>
         </row>
         <row ana="#bk_entry">
            <div1 type="transaction" xml:id="21723">
               <folioside>Right</folioside>
               <drcr>Credit</drcr>
               <linenumber>11</linenumber>
               <div2 type="transcription">
                  <year/>
                  <month/>
                  <day/>
                  <accountname/>
                  <entry><![CDATA[<p>the Chamber Maid</p>
]]></entry>
                  <subtotal><![CDATA[<p>1.2.6</p>
]]></subtotal>
                  <page/>
                  <symbol/>
                  <pounds/>
                  <shillings/>
                  <pence/>
                  <dollars/>
                  <cents/>
               </div2>
               <div2 type="data">
                  <date ana="#bk_when" when="1756-02-27 to 1756-03-10">1756 February 27 to 1756 March 10</date>
                  <accountnamedata id="11833">Cash</accountnamedata>
                  <subtotal><![CDATA[<p>1.2.6</p>
]]></subtotal>
                  <page/>
                  <symbol/>
                  <amount ana="#bk_amount">
                     <measure currency="Massachusetts" quantity="1" unit="pounds">1</measure>
                     <measure currency="Massachusetts" quantity="2" unit="shillings">2</measure>
                     <measure currency="Massachusetts" quantity="6" unit="pence">6</measure>
                     <measure currency="Massachusetts" quantity="" unit="dollars"/>
                     <measure currency="Massachusetts" quantity="" unit="cents"/>
                  </amount>
               </div2>
            </div1>
         </row>
         <row ana="#bk_entry">
            <div1 type="transaction" xml:id="21724">
               <folioside>Right</folioside>
               <drcr>Credit</drcr>
               <linenumber>12</linenumber>
               <div2 type="transcription">
                  <year/>
                  <month/>
                  <day><![CDATA[to]]></day>
                  <accountname/>
                  <entry><![CDATA[<p>at Cards</p>
]]></entry>
                  <subtotal><![CDATA[<p>3.18.9 } Massachusets</p>
]]></subtotal>
                  <page/>
                  <symbol/>
                  <pounds/>
                  <shillings/>
                  <pence/>
                  <dollars/>
                  <cents/>
               </div2>
               <div2 type="data">
                  <date ana="#bk_when" when="1756-02-27 to 1756-03-10">1756 February 27 to 1756 March 10</date>
                  <accountnamedata id="11833">Cash</accountnamedata>
                  <subtotal><![CDATA[<p>3.18.9 } Massachusets</p>
]]></subtotal>
                  <page/>
                  <symbol/>
                  <amount ana="#bk_amount">
                     <measure currency="Massachusetts" quantity="3" unit="pounds">3</measure>
                     <measure currency="Massachusetts" quantity="18" unit="shillings">18</measure>
                     <measure currency="Massachusetts" quantity="9" unit="pence">9</measure>
                     <measure currency="Massachusetts" quantity="" unit="dollars"/>
                     <measure currency="Massachusetts" quantity="" unit="cents"/>
                  </amount>
               </div2>
            </div1>
         </row>
         <row ana="#bk_entry">
            <div1 type="transaction" xml:id="21725">
               <folioside>Right</folioside>
               <drcr>Credit</drcr>
               <linenumber>13</linenumber>
               <div2 type="transcription">
                  <year/>
                  <month/>
                  <day/>
                  <accountname/>
                  <entry><![CDATA[<p>For a Hatt</p>
]]></entry>
                  <subtotal><![CDATA[<p>12.10.[0]</p>
]]></subtotal>
                  <page/>
                  <symbol/>
                  <pounds/>
                  <shillings/>
                  <pence/>
                  <dollars/>
                  <cents/>
               </div2>
               <div2 type="data">
                  <date ana="#bk_when" when="1756-02-27 to 1756-03-10">1756 February 27 to 1756 March 10</date>
                  <accountnamedata id="11833">Cash</accountnamedata>
                  <subtotal><![CDATA[<p>12.10.[0]</p>
]]></subtotal>
                  <page/>
                  <symbol/>
                  <amount ana="#bk_amount">
                     <measure currency="Massachusetts" quantity="12" unit="pounds">12</measure>
                     <measure currency="Massachusetts" quantity="10" unit="shillings">10</measure>
                     <measure currency="Massachusetts" quantity="" unit="pence"/>
                     <measure currency="Massachusetts" quantity="" unit="dollars"/>
                     <measure currency="Massachusetts" quantity="" unit="cents"/>
                  </amount>
               </div2>
            </div1>
         </row>
         <row ana="#bk_entry">
            <div1 type="transaction" xml:id="21726">
               <folioside>Right</folioside>
               <drcr>Credit</drcr>
               <linenumber>14</linenumber>
               <div2 type="transcription">
                  <year/>
                  <month/>
                  <day/>
                  <accountname/>
                  <entry><![CDATA[<p>Taylors Bill</p>
]]></entry>
                  <subtotal><![CDATA[<p>95.7.3</p>
]]></subtotal>
                  <page/>
                  <symbol/>
                  <pounds/>
                  <shillings/>
                  <pence/>
                  <dollars/>
                  <cents/>
               </div2>
               <div2 type="data">
                  <date ana="#bk_when" when="1756-02-27 to 1756-03-10">1756 February 27 to 1756 March 10</date>
                  <accountnamedata id="11833">Cash</accountnamedata>
                  <subtotal><![CDATA[<p>95.7.3</p>
]]></subtotal>
                  <page/>
                  <symbol/>
                  <amount ana="#bk_amount">
                     <measure currency="Massachusetts" quantity="95" unit="pounds">95</measure>
                     <measure currency="Massachusetts" quantity="7" unit="shillings">7</measure>
                     <measure currency="Massachusetts" quantity="3" unit="pence">3</measure>
                     <measure currency="Massachusetts" quantity="" unit="dollars"/>
                     <measure currency="Massachusetts" quantity="" unit="cents"/>
                  </amount>
               </div2>
            </div1>
         </row>
         <row ana="#bk_entry">
            <div1 type="transaction" xml:id="21727">
               <folioside>Right</folioside>
               <drcr>Credit</drcr>
               <linenumber>15</linenumber>
               <div2 type="transcription">
                  <year/>
                  <month/>
                  <day/>
                  <accountname/>
                  <entry><![CDATA[<p>Silver Lace</p>
]]></entry>
                  <subtotal><![CDATA[<p>94.17.1</p>
]]></subtotal>
                  <page/>
                  <symbol/>
                  <pounds/>
                  <shillings/>
                  <pence/>
                  <dollars/>
                  <cents/>
               </div2>
               <div2 type="data">
                  <date ana="#bk_when" when="1756-02-27 to 1756-03-10">1756 February 27 to 1756 March 10</date>
                  <accountnamedata id="11833">Cash</accountnamedata>
                  <subtotal><![CDATA[<p>94.17.1</p>
]]></subtotal>
                  <page/>
                  <symbol/>
                  <amount ana="#bk_amount">
                     <measure currency="Massachusetts" quantity="94" unit="pounds">94</measure>
                     <measure currency="Massachusetts" quantity="17" unit="shillings">17</measure>
                     <measure currency="Massachusetts" quantity="1" unit="pence">1</measure>
                     <measure currency="Massachusetts" quantity="" unit="dollars"/>
                     <measure currency="Massachusetts" quantity="" unit="cents"/>
                  </amount>
               </div2>
            </div1>
         </row>
         <row ana="#bk_entry">
            <div1 type="transaction" xml:id="21728">
               <folioside>Right</folioside>
               <drcr>Credit</drcr>
               <linenumber>16</linenumber>
               <div2 type="transcription">
                  <year/>
                  <month><![CDATA[Mar.]]></month>
                  <day><![CDATA[10]]></day>
                  <accountname/>
                  <entry><![CDATA[<p>2 pr of Gloves</p>
]]></entry>
                  <subtotal><![CDATA[<p>1.18.1</p>
]]></subtotal>
                  <page/>
                  <symbol/>
                  <pounds/>
                  <shillings/>
                  <pence/>
                  <dollars/>
                  <cents/>
               </div2>
               <div2 type="data">
                  <date ana="#bk_when" when="1756-03-10">1756 March 10</date>
                  <accountnamedata id="11833">Cash</accountnamedata>
                  <subtotal><![CDATA[<p>1.18.1</p>
]]></subtotal>
                  <page/>
                  <symbol/>
                  <amount ana="#bk_amount">
                     <measure currency="Massachusetts" quantity="1" unit="pounds">1</measure>
                     <measure currency="Massachusetts" quantity="18" unit="shillings">18</measure>
                     <measure currency="Massachusetts" quantity="1" unit="pence">1</measure>
                     <measure currency="Massachusetts" quantity="" unit="dollars"/>
                     <measure currency="Massachusetts" quantity="" unit="cents"/>
                  </amount>
               </div2>
            </div1>
         </row>
         <row ana="#bk_entry">
            <div1 type="transaction" xml:id="21729">
               <folioside>Right</folioside>
               <drcr>Credit</drcr>
               <linenumber>17</linenumber>
               <div2 type="transcription">
                  <year/>
                  <month/>
                  <day/>
                  <accountname/>
                  <entry><![CDATA[<p>£211.18.8 is in Virga Cury</p>
]]></entry>
                  <subtotal/>
                  <page/>
                  <symbol/>
                  <pounds><![CDATA[26]]></pounds>
                  <shillings><![CDATA[9]]></shillings>
                  <pence><![CDATA[10]]></pence>
                  <dollars/>
                  <cents/>
               </div2>
               <div2 type="data">
                  <date ana="#bk_when" when="1756-03-10">1756 March 10</date>
                  <accountnamedata id="11833">Cash</accountnamedata>
                  <subtotal/>
                  <page/>
                  <symbol/>
                  <amount ana="#bk_amount">
                     <measure currency="Massachusetts, VA" quantity="26" unit="pounds">26</measure>
                     <measure currency="Massachusetts, VA" quantity="9" unit="shillings">9</measure>
                     <measure currency="Massachusetts, VA" quantity="10" unit="pence">10</measure>
                     <measure currency="Massachusetts, VA" quantity="" unit="dollars"/>
                     <measure currency="Massachusetts, VA" quantity="" unit="cents"/>
                  </amount>
               </div2>
            </div1>
         </row>
         <row ana="#bk_entry">
            <div1 type="transaction" xml:id="21730">
               <folioside>Right</folioside>
               <drcr>Credit</drcr>
               <linenumber>18</linenumber>
               <div2 type="transcription">
                  <year/>
                  <month/>
                  <day/>
                  <accountname/>
                  <entry><![CDATA[<p>By Cash to John Alton</p>
]]></entry>
                  <subtotal/>
                  <page/>
                  <symbol/>
                  <pounds/>
                  <shillings><![CDATA[5]]></shillings>
                  <pence><![CDATA[9]]></pence>
                  <dollars/>
                  <cents/>
               </div2>
               <div2 type="data">
                  <date ana="#bk_when" when="1756-03-10">1756 March 10</date>
                  <accountnamedata id="11833">Cash</accountnamedata>
                  <subtotal/>
                  <page/>
                  <symbol/>
                  <amount ana="#bk_amount">
                     <measure currency="" quantity="" unit="pounds"/>
                     <measure currency="" quantity="5" unit="shillings">5</measure>
                     <measure currency="" quantity="9" unit="pence">9</measure>
                     <measure currency="" quantity="" unit="dollars"/>
                     <measure currency="" quantity="" unit="cents"/>
                  </amount>
               </div2>
            </div1>
         </row>
         <row ana="#bk_entry">
            <div1 type="transaction" xml:id="21731">
               <folioside>Right</folioside>
               <drcr>Credit</drcr>
               <linenumber>19</linenumber>
               <div2 type="transcription">
                  <year/>
                  <month/>
                  <day><![CDATA[10]]></day>
                  <accountname/>
                  <entry><![CDATA[<p>By Ditto, at Cards</p>
]]></entry>
                  <subtotal><![CDATA[<p>[0].7.[0]</p>
]]></subtotal>
                  <page/>
                  <symbol/>
                  <pounds/>
                  <shillings/>
                  <pence/>
                  <dollars/>
                  <cents/>
               </div2>
               <div2 type="data">
                  <date ana="#bk_when" when="1756-03-10">1756 March 10</date>
                  <accountnamedata id="11833">Cash</accountnamedata>
                  <subtotal><![CDATA[<p>[0].7.[0]</p>
]]></subtotal>
                  <page/>
                  <symbol/>
                  <amount ana="#bk_amount">
                     <measure currency="NY" quantity="" unit="pounds"/>
                     <measure currency="NY" quantity="7" unit="shillings">7</measure>
                     <measure currency="NY" quantity="" unit="pence"/>
                     <measure currency="NY" quantity="" unit="dollars"/>
                     <measure currency="NY" quantity="" unit="cents"/>
                  </amount>
               </div2>
            </div1>
         </row>
         <row ana="#bk_entry">
            <div1 type="transaction" xml:id="21732">
               <folioside>Right</folioside>
               <drcr>Credit</drcr>
               <linenumber>20</linenumber>
               <div2 type="transcription">
                  <year/>
                  <month/>
                  <day/>
                  <accountname/>
                  <entry><![CDATA[<p>for a pr of Silk Stockings</p>
]]></entry>
                  <subtotal><![CDATA[<p>1.14.[0]</p>
]]></subtotal>
                  <page/>
                  <symbol/>
                  <pounds/>
                  <shillings/>
                  <pence/>
                  <dollars/>
                  <cents/>
               </div2>
               <div2 type="data">
                  <date ana="#bk_when" when="1756-03-10 to 1756-03-14">1756 March 10 to 1756 March 14</date>
                  <accountnamedata id="11833">Cash</accountnamedata>
                  <subtotal><![CDATA[<p>1.14.[0]</p>
]]></subtotal>
                  <page/>
                  <symbol/>
                  <amount ana="#bk_amount">
                     <measure currency="NY" quantity="1" unit="pounds">1</measure>
                     <measure currency="NY" quantity="14" unit="shillings">14</measure>
                     <measure currency="NY" quantity="" unit="pence"/>
                     <measure currency="NY" quantity="" unit="dollars"/>
                     <measure currency="NY" quantity="" unit="cents"/>
                  </amount>
               </div2>
            </div1>
         </row>
         <row ana="#bk_entry">
            <div1 type="transaction" xml:id="21733">
               <folioside>Right</folioside>
               <drcr>Credit</drcr>
               <linenumber>21</linenumber>
               <div2 type="transcription">
                  <year/>
                  <month/>
                  <day><![CDATA[to]]></day>
                  <accountname/>
                  <entry><![CDATA[<p>Mr Robinson's Servants</p>
]]></entry>
                  <subtotal><![CDATA[<p>1.4.[0] } New York</p>
]]></subtotal>
                  <page/>
                  <symbol/>
                  <pounds/>
                  <shillings/>
                  <pence/>
                  <dollars/>
                  <cents/>
               </div2>
               <div2 type="data">
                  <date ana="#bk_when" when="1756-03-10 to 1756-03-14">1756 March 10 to 1756 March 14</date>
                  <accountnamedata id="11833">Cash</accountnamedata>
                  <subtotal><![CDATA[<p>1.4.[0] } New York</p>
]]></subtotal>
                  <page/>
                  <symbol/>
                  <amount ana="#bk_amount">
                     <measure currency="NY" quantity="1" unit="pounds">1</measure>
                     <measure currency="NY" quantity="4" unit="shillings">4</measure>
                     <measure currency="NY" quantity="" unit="pence"/>
                     <measure currency="NY" quantity="" unit="dollars"/>
                     <measure currency="NY" quantity="" unit="cents"/>
                  </amount>
               </div2>
            </div1>
         </row>
         <row ana="#bk_entry">
            <div1 type="transaction" xml:id="21734">
               <folioside>Right</folioside>
               <drcr>Credit</drcr>
               <linenumber>22</linenumber>
               <div2 type="transcription">
                  <year/>
                  <month/>
                  <day><![CDATA[14]]></day>
                  <accountname/>
                  <entry><![CDATA[<p>Paper</p>
]]></entry>
                  <subtotal><![CDATA[<p>[0].1.[0]</p>
]]></subtotal>
                  <page/>
                  <symbol/>
                  <pounds/>
                  <shillings/>
                  <pence/>
                  <dollars/>
                  <cents/>
               </div2>
               <div2 type="data">
                  <date ana="#bk_when" when="1756-03-14">1756 March 14</date>
                  <accountnamedata id="11833">Cash</accountnamedata>
                  <subtotal><![CDATA[<p>[0].1.[0]</p>
]]></subtotal>
                  <page/>
                  <symbol/>
                  <amount ana="#bk_amount">
                     <measure currency="NY" quantity="" unit="pounds"/>
                     <measure currency="NY" quantity="1" unit="shillings">1</measure>
                     <measure currency="NY" quantity="" unit="pence"/>
                     <measure currency="NY" quantity="" unit="dollars"/>
                     <measure currency="NY" quantity="" unit="cents"/>
                  </amount>
               </div2>
            </div1>
         </row>
         <row ana="#bk_entry">
            <div1 type="transaction" xml:id="21735">
               <folioside>Right</folioside>
               <drcr>Credit</drcr>
               <linenumber>23</linenumber>
               <div2 type="transcription">
                  <year/>
                  <month/>
                  <day/>
                  <accountname/>
                  <entry><![CDATA[<p>£3.6—in Virga Cury is</p>
]]></entry>
                  <subtotal/>
                  <page/>
                  <symbol/>
                  <pounds><![CDATA[2]]></pounds>
                  <shillings><![CDATA[7]]></shillings>
                  <pence><![CDATA[5]]></pence>
                  <dollars/>
                  <cents/>
               </div2>
               <div2 type="data">
                  <date ana="#bk_when" when="1756-03-14">1756 March 14</date>
                  <accountnamedata id="11833">Cash</accountnamedata>
                  <subtotal/>
                  <page/>
                  <symbol/>
                  <amount ana="#bk_amount">
                     <measure currency="NY, VA" quantity="2" unit="pounds">2</measure>
                     <measure currency="NY, VA" quantity="7" unit="shillings">7</measure>
                     <measure currency="NY, VA" quantity="5" unit="pence">5</measure>
                     <measure currency="NY, VA" quantity="" unit="dollars"/>
                     <measure currency="NY, VA" quantity="" unit="cents"/>
                  </amount>
               </div2>
            </div1>
         </row>
         <row ana="#bk_entry">
            <div1 type="transaction" xml:id="21736">
               <folioside>Right</folioside>
               <drcr>Credit</drcr>
               <linenumber>24</linenumber>
               <div2 type="transcription">
                  <year/>
                  <month/>
                  <day/>
                  <accountname/>
                  <entry><![CDATA[<p>By Cash to John Alton</p>
]]></entry>
                  <subtotal/>
                  <page/>
                  <symbol/>
                  <pounds/>
                  <shillings><![CDATA[5]]></shillings>
                  <pence><![CDATA[9]]></pence>
                  <dollars/>
                  <cents/>
               </div2>
               <div2 type="data">
                  <date ana="#bk_when" when="1756-03-14">1756 March 14</date>
                  <accountnamedata id="11833">Cash</accountnamedata>
                  <subtotal/>
                  <page/>
                  <symbol/>
                  <amount ana="#bk_amount">
                     <measure currency="" quantity="" unit="pounds"/>
                     <measure currency="" quantity="5" unit="shillings">5</measure>
                     <measure currency="" quantity="9" unit="pence">9</measure>
                     <measure currency="" quantity="" unit="dollars"/>
                     <measure currency="" quantity="" unit="cents"/>
                  </amount>
               </div2>
            </div1>
         </row>
         <row ana="#bk_entry">
            <div1 type="transaction" xml:id="21737">
               <folioside>Right</folioside>
               <drcr>Credit</drcr>
               <linenumber>25</linenumber>
               <div2 type="transcription">
                  <year/>
                  <month/>
                  <day><![CDATA[14]]></day>
                  <accountname/>
                  <entry><![CDATA[<p>By Ditto for a Ticket to ye [the] Assembly</p>
]]></entry>
                  <subtotal><![CDATA[<p>[0].7.6</p>
]]></subtotal>
                  <page/>
                  <symbol/>
                  <pounds/>
                  <shillings/>
                  <pence/>
                  <dollars/>
                  <cents/>
               </div2>
               <div2 type="data">
                  <date ana="#bk_when" when="1756-03-14">1756 March 14</date>
                  <accountnamedata id="11833">Cash</accountnamedata>
                  <subtotal><![CDATA[<p>[0].7.6</p>
]]></subtotal>
                  <page/>
                  <symbol/>
                  <amount ana="#bk_amount">
                     <measure currency="PA" quantity="" unit="pounds"/>
                     <measure currency="PA" quantity="7" unit="shillings">7</measure>
                     <measure currency="PA" quantity="6" unit="pence">6</measure>
                     <measure currency="PA" quantity="" unit="dollars"/>
                     <measure currency="PA" quantity="" unit="cents"/>
                  </amount>
               </div2>
            </div1>
         </row>
         <row ana="#bk_entry">
            <div1 type="transaction" xml:id="21738">
               <folioside>Right</folioside>
               <drcr>Credit</drcr>
               <linenumber>26</linenumber>
               <div2 type="transcription">
                  <year/>
                  <month/>
                  <day/>
                  <accountname/>
                  <entry><![CDATA[<p>My board at Mr Woods</p>
]]></entry>
                  <subtotal><![CDATA[<p>1.[0].[0]</p>
]]></subtotal>
                  <page/>
                  <symbol/>
                  <pounds/>
                  <shillings/>
                  <pence/>
                  <dollars/>
                  <cents/>
               </div2>
               <div2 type="data">
                  <date ana="#bk_when" when="1756-03-14 to 1756-03-23">1756 March 14 to 1756 March 23</date>
                  <accountnamedata id="11833">Cash</accountnamedata>
                  <subtotal><![CDATA[<p>1.[0].[0]</p>
]]></subtotal>
                  <page/>
                  <symbol/>
                  <amount ana="#bk_amount">
                     <measure currency="PA" quantity="1" unit="pounds">1</measure>
                     <measure currency="PA" quantity="" unit="shillings"/>
                     <measure currency="PA" quantity="" unit="pence"/>
                     <measure currency="PA" quantity="" unit="dollars"/>
                     <measure currency="PA" quantity="" unit="cents"/>
                  </amount>
               </div2>
            </div1>
         </row>
         <row ana="#bk_entry">
            <div1 type="transaction" xml:id="21739">
               <folioside>Right</folioside>
               <drcr>Credit</drcr>
               <linenumber>27</linenumber>
               <div2 type="transcription">
                  <year/>
                  <month/>
                  <day/>
                  <accountname/>
                  <entry><![CDATA[<p>A pr of Gloves</p>
]]></entry>
                  <subtotal><![CDATA[<p>[0].2.6</p>
]]></subtotal>
                  <page/>
                  <symbol/>
                  <pounds/>
                  <shillings/>
                  <pence/>
                  <dollars/>
                  <cents/>
               </div2>
               <div2 type="data">
                  <date ana="#bk_when" when="1756-03-14 to 1756-03-23">1756 March 14 to 1756 March 23</date>
                  <accountnamedata id="11833">Cash</accountnamedata>
                  <subtotal><![CDATA[<p>[0].2.6</p>
]]></subtotal>
                  <page/>
                  <symbol/>
                  <amount ana="#bk_amount">
                     <measure currency="PA" quantity="" unit="pounds"/>
                     <measure currency="PA" quantity="2" unit="shillings">2</measure>
                     <measure currency="PA" quantity="6" unit="pence">6</measure>
                     <measure currency="PA" quantity="" unit="dollars"/>
                     <measure currency="PA" quantity="" unit="cents"/>
                  </amount>
               </div2>
            </div1>
         </row>
         <row ana="#bk_entry">
            <div1 type="transaction" xml:id="21740">
               <folioside>Right</folioside>
               <drcr>Credit</drcr>
               <linenumber>28</linenumber>
               <div2 type="transcription">
                  <year/>
                  <month/>
                  <day/>
                  <accountname/>
                  <entry><![CDATA[<p>Stockings for Bishop</p>
]]></entry>
                  <subtotal><![CDATA[<p>1.[0].[0]</p>
]]></subtotal>
                  <page/>
                  <symbol/>
                  <pounds/>
                  <shillings/>
                  <pence/>
                  <dollars/>
                  <cents/>
               </div2>
               <div2 type="data">
                  <date ana="#bk_when" when="1756-03-14 to 1756-03-23">1756 March 14 to 1756 March 23</date>
                  <accountnamedata id="11833">Cash</accountnamedata>
                  <subtotal><![CDATA[<p>1.[0].[0]</p>
]]></subtotal>
                  <page/>
                  <symbol/>
                  <amount ana="#bk_amount">
                     <measure currency="PA" quantity="1" unit="pounds">1</measure>
                     <measure currency="PA" quantity="" unit="shillings"/>
                     <measure currency="PA" quantity="" unit="pence"/>
                     <measure currency="PA" quantity="" unit="dollars"/>
                     <measure currency="PA" quantity="" unit="cents"/>
                  </amount>
               </div2>
            </div1>
         </row>
         <row ana="#bk_entry">
            <div1 type="transaction" xml:id="21741">
               <folioside>Right</folioside>
               <drcr>Credit</drcr>
               <linenumber>29</linenumber>
               <div2 type="transcription">
                  <year/>
                  <month/>
                  <day><![CDATA[to]]></day>
                  <accountname/>
                  <entry><![CDATA[<p>the Barber &amp;ca</p>
]]></entry>
                  <subtotal><![CDATA[<p>[0].3.9 } Pensa. Money</p>
]]></subtotal>
                  <page/>
                  <symbol/>
                  <pounds/>
                  <shillings/>
                  <pence/>
                  <dollars/>
                  <cents/>
               </div2>
               <div2 type="data">
                  <date ana="#bk_when" when="1756-03-14 to 1756-03-23">1756 March 14 to 1756 March 23</date>
                  <accountnamedata id="11833">Cash</accountnamedata>
                  <subtotal><![CDATA[<p>[0].3.9 } Pensa. Money</p>
]]></subtotal>
                  <page/>
                  <symbol/>
                  <amount ana="#bk_amount">
                     <measure currency="PA" quantity="" unit="pounds"/>
                     <measure currency="PA" quantity="3" unit="shillings">3</measure>
                     <measure currency="PA" quantity="9" unit="pence">9</measure>
                     <measure currency="PA" quantity="" unit="dollars"/>
                     <measure currency="PA" quantity="" unit="cents"/>
                  </amount>
               </div2>
            </div1>
         </row>
         <row ana="#bk_entry">
            <div1 type="transaction" xml:id="21742">
               <folioside>Right</folioside>
               <drcr>Credit</drcr>
               <linenumber>30</linenumber>
               <div2 type="transcription">
                  <year/>
                  <month/>
                  <day/>
                  <accountname/>
                  <entry><![CDATA[<p>Sadler</p>
]]></entry>
                  <subtotal><![CDATA[<p>[0].7.6</p>
]]></subtotal>
                  <page/>
                  <symbol/>
                  <pounds/>
                  <shillings/>
                  <pence/>
                  <dollars/>
                  <cents/>
               </div2>
               <div2 type="data">
                  <date ana="#bk_when" when="1756-03-14 to 1756-03-23">1756 March 14 to 1756 March 23</date>
                  <accountnamedata id="11833">Cash</accountnamedata>
                  <subtotal><![CDATA[<p>[0].7.6</p>
]]></subtotal>
                  <page/>
                  <symbol/>
                  <amount ana="#bk_amount">
                     <measure currency="PA" quantity="" unit="pounds"/>
                     <measure currency="PA" quantity="7" unit="shillings">7</measure>
                     <measure currency="PA" quantity="6" unit="pence">6</measure>
                     <measure currency="PA" quantity="" unit="dollars"/>
                     <measure currency="PA" quantity="" unit="cents"/>
                  </amount>
               </div2>
            </div1>
         </row>
         <row ana="#bk_entry">
            <div1 type="transaction" xml:id="21743">
               <folioside>Right</folioside>
               <drcr>Credit</drcr>
               <linenumber>31</linenumber>
               <div2 type="transcription">
                  <year/>
                  <month/>
                  <day/>
                  <accountname/>
                  <entry><![CDATA[<p>The House Maid</p>
]]></entry>
                  <subtotal><![CDATA[<p>[0].5.[0]</p>
]]></subtotal>
                  <page/>
                  <symbol/>
                  <pounds/>
                  <shillings/>
                  <pence/>
                  <dollars/>
                  <cents/>
               </div2>
               <div2 type="data">
                  <date ana="#bk_when" when="1756-03-14 to 1756-03-23">1756 March 14 to 1756 March 23</date>
                  <accountnamedata id="11833">Cash</accountnamedata>
                  <subtotal><![CDATA[<p>[0].5.[0]</p>
]]></subtotal>
                  <page/>
                  <symbol/>
                  <amount ana="#bk_amount">
                     <measure currency="PA" quantity="" unit="pounds"/>
                     <measure currency="PA" quantity="5" unit="shillings">5</measure>
                     <measure currency="PA" quantity="" unit="pence"/>
                     <measure currency="PA" quantity="" unit="dollars"/>
                     <measure currency="PA" quantity="" unit="cents"/>
                  </amount>
               </div2>
            </div1>
         </row>
         <row ana="#bk_entry">
            <div1 type="transaction" xml:id="21744">
               <folioside>Right</folioside>
               <drcr>Credit</drcr>
               <linenumber>32</linenumber>
               <div2 type="transcription">
                  <year/>
                  <month/>
                  <day/>
                  <accountname/>
                  <entry><![CDATA[<p>Exps. at Chester</p>
]]></entry>
                  <subtotal><![CDATA[<p>[0].10.6</p>
]]></subtotal>
                  <page/>
                  <symbol/>
                  <pounds/>
                  <shillings/>
                  <pence/>
                  <dollars/>
                  <cents/>
               </div2>
               <div2 type="data">
                  <date ana="#bk_when" when="1756-03-14 to 1756-03-23">1756 March 14 to 1756 March 23</date>
                  <accountnamedata id="11833">Cash</accountnamedata>
                  <subtotal><![CDATA[<p>[0].10.6</p>
]]></subtotal>
                  <page/>
                  <symbol/>
                  <amount ana="#bk_amount">
                     <measure currency="PA" quantity="" unit="pounds"/>
                     <measure currency="PA" quantity="10" unit="shillings">10</measure>
                     <measure currency="PA" quantity="6" unit="pence">6</measure>
                     <measure currency="PA" quantity="" unit="dollars"/>
                     <measure currency="PA" quantity="" unit="cents"/>
                  </amount>
               </div2>
            </div1>
         </row>
         <row ana="#bk_entry">
            <div1 type="transaction" xml:id="21745">
               <folioside>Right</folioside>
               <drcr>Credit</drcr>
               <linenumber>33</linenumber>
               <div2 type="transcription">
                  <year/>
                  <month/>
                  <day><![CDATA[23]]></day>
                  <accountname/>
                  <entry><![CDATA[<p>Ditto fm Phila. to Alexa.</p>
]]></entry>
                  <subtotal><![CDATA[<p>6.11.6</p>
]]></subtotal>
                  <page/>
                  <symbol/>
                  <pounds/>
                  <shillings/>
                  <pence/>
                  <dollars/>
                  <cents/>
               </div2>
               <div2 type="data">
                  <date ana="#bk_when" when="1756-03-23">1756 March 23</date>
                  <accountnamedata id="11833">Cash</accountnamedata>
                  <subtotal><![CDATA[<p>6.11.6</p>
]]></subtotal>
                  <page/>
                  <symbol/>
                  <amount ana="#bk_amount">
                     <measure currency="PA" quantity="6" unit="pounds">6</measure>
                     <measure currency="PA" quantity="11" unit="shillings">11</measure>
                     <measure currency="PA" quantity="6" unit="pence">6</measure>
                     <measure currency="PA" quantity="" unit="dollars"/>
                     <measure currency="PA" quantity="" unit="cents"/>
                  </amount>
               </div2>
            </div1>
         </row>
         <row ana="#bk_entry">
            <div1 type="transaction" xml:id="21746">
               <folioside>Right</folioside>
               <drcr>Credit</drcr>
               <linenumber>34</linenumber>
               <div2 type="transcription">
                  <year/>
                  <month/>
                  <day/>
                  <accountname/>
                  <entry><![CDATA[<p>£10.8.3 in Virga Cury is</p>
]]></entry>
                  <subtotal/>
                  <page/>
                  <symbol/>
                  <pounds><![CDATA[8]]></pounds>
                  <shillings><![CDATA[6]]></shillings>
                  <pence><![CDATA[7 1/2]]></pence>
                  <dollars/>
                  <cents/>
               </div2>
               <div2 type="data">
                  <date ana="#bk_when" when="1756-03-23">1756 March 23</date>
                  <accountnamedata id="11833">Cash</accountnamedata>
                  <subtotal/>
                  <page/>
                  <symbol/>
                  <amount ana="#bk_amount">
                     <measure currency="PA, VA" quantity="8" unit="pounds">8</measure>
                     <measure currency="PA, VA" quantity="6" unit="shillings">6</measure>
                     <measure currency="PA, VA" quantity="7.5" unit="pence">7.5</measure>
                     <measure currency="PA, VA" quantity="" unit="dollars"/>
                     <measure currency="PA, VA" quantity="" unit="cents"/>
                  </amount>
               </div2>
            </div1>
         </row>
         <row ana="#bk_entry">
            <div1 type="transaction" xml:id="21747">
               <folioside>Right</folioside>
               <drcr>Credit</drcr>
               <linenumber>35</linenumber>
               <div2 type="transcription">
                  <year/>
                  <month/>
                  <day/>
                  <accountname/>
                  <entry><![CDATA[<p>By Cash to Lieutt Gladwin for a Tent &amp; Marquee</p>
]]></entry>
                  <subtotal/>
                  <page/>
                  <symbol/>
                  <pounds><![CDATA[10]]></pounds>
                  <shillings><![CDATA[12]]></shillings>
                  <pence><![CDATA[6]]></pence>
                  <dollars/>
                  <cents/>
               </div2>
               <div2 type="data">
                  <date ana="#bk_when" when="1756-03-23">1756 March 23</date>
                  <accountnamedata id="11833">Cash</accountnamedata>
                  <subtotal/>
                  <page/>
                  <symbol/>
                  <amount ana="#bk_amount">
                     <measure currency="" quantity="10" unit="pounds">10</measure>
                     <measure currency="" quantity="12" unit="shillings">12</measure>
                     <measure currency="" quantity="6" unit="pence">6</measure>
                     <measure currency="" quantity="" unit="dollars"/>
                     <measure currency="" quantity="" unit="cents"/>
                  </amount>
               </div2>
            </div1>
         </row>
         <row ana="#bk_entry">
            <div1 type="transaction" xml:id="21748">
               <folioside>Right</folioside>
               <drcr>Credit</drcr>
               <linenumber>36</linenumber>
               <div2 type="transcription">
                  <year/>
                  <month/>
                  <day/>
                  <accountname/>
                  <entry><![CDATA[<p>By my Expences pd by Captn Mercer to Boston &amp;ca</p>
]]></entry>
                  <subtotal/>
                  <page/>
                  <symbol/>
                  <pounds><![CDATA[65]]></pounds>
                  <shillings><![CDATA[15]]></shillings>
                  <pence><![CDATA[11 1/2]]></pence>
                  <dollars/>
                  <cents/>
               </div2>
               <div2 type="data">
                  <date ana="#bk_when" when="1756-03-23">1756 March 23</date>
                  <accountnamedata id="11833">Cash</accountnamedata>
                  <subtotal/>
                  <page/>
                  <symbol/>
                  <amount ana="#bk_amount">
                     <measure currency="" quantity="65" unit="pounds">65</measure>
                     <measure currency="" quantity="15" unit="shillings">15</measure>
                     <measure currency="" quantity="11.5" unit="pence">11.5</measure>
                     <measure currency="" quantity="" unit="dollars"/>
                     <measure currency="" quantity="" unit="cents"/>
                  </amount>
               </div2>
            </div1>
         </row>
         <row ana="#bk_entry">
            <div1 type="transaction" xml:id="21749">
               <folioside>Right</folioside>
               <drcr>Credit</drcr>
               <linenumber>37</linenumber>
               <div2 type="transcription">
                  <year/>
                  <month/>
                  <day/>
                  <accountname/>
                  <entry><![CDATA[<p>By amount carried forward</p>
]]></entry>
                  <subtotal/>
                  <page/>
                  <symbol/>
                  <pounds><![CDATA[1295]]></pounds>
                  <shillings><![CDATA[7]]></shillings>
                  <pence><![CDATA[9]]></pence>
                  <dollars/>
                  <cents/>
               </div2>
               <div2 type="data">
                  <date ana="#bk_when" when="1756-03">1756 March</date>
                  <accountnamedata id="11833">Cash</accountnamedata>
                  <subtotal/>
                  <page/>
                  <symbol/>
                  <amount ana="#bk_amount">
                     <measure currency="" quantity="1295" unit="pounds">1295</measure>
                     <measure currency="" quantity="7" unit="shillings">7</measure>
                     <measure currency="" quantity="9" unit="pence">9</measure>
                     <measure currency="" quantity="" unit="dollars"/>
                     <measure currency="" quantity="" unit="cents"/>
                  </amount>
               </div2>
            </div1>
         </row>
      </transactions>
   </text>
</TEI>
