<?xml version="1.0" encoding="UTF-8" ?>
<nodes>
  <node>
    <Title>Ledger A, 1750 - 1772: pg.28</Title>
    <book>General Ledger A, 1750 - 1772 [Washington]</book>
    <pagenumber>028</pagenumber>
    <accountname>Cash</accountname>
    <allpeople>Alton, John; Becceller, [unknown]; Bishop, Thomas; Brinker, Henry; Carlyle, John; Craig, Alexander; Dansie, Thomas; Mercer, George; slave, Betty (William Cocks&#039;s); slave, Bridget (John Carlyle&#039;s); slave, Sam (John Carlyle&#039;s); Van Meter, Abram</allpeople>
    <places>Annapolis, Maryland;  Boston, Massachusetts;  Caroline Court House, Virginia;  Dansie&#039;s ordinary (King William County, Va.);  Doncastle&#039;s tavern (James City County, Va.);  Dumfries, Virginia;  King William Court House, Virginia;  New York, New York;  Potomac River;  Todd&#039;s Ordinary, Virginia (Caroline County);  Wetherburn&#039;s (Anderson&#039;s) Tavern (Williamsburg, Va.);  Winchester, Virginia</places>
    <ships></ships>
    <occupation-title>Baker; Nurse; Saddler; Hostler; Nun; Man Servant; Servant; Barber; Colonel; Soldier</occupation-title>
    <agriculture>Fowls</agriculture>
    <food-beverage>Fish; Fowls; Veal; Greens; Butter; Milk</food-beverage>
    <services>Mending, Washing</services>
    <currency>PA; VA</currency>
    <events-occasion></events-occasion>
    <annotation><![CDATA[]]></annotation>
    <previouspage>Ledger A, 1750 - 1772: pg.27</previouspage>
    <nextpage>Ledger A, 1750 - 1772: pg.29</nextpage>
  </node>
</nodes>
