<?xml version="1.0" encoding="UTF-8"?>
<oai_dc:dc xmlns:oai_dc="http://www.openarchives.org/OAI/2.0/oai_dc/"
    xmlns:dc="http://purl.org/dc/elements/1.1/"
    xmlns:xsi="http://www.w3.org/2001/XMLSchema-instance"
    xsi:schemaLocation="http://www.openarchives.org/OAI/2.0/oai_dc/ http://www.openarchives.org/OAI/2.0/oai_dc.xsd">
    <dc:title>City Accounts of Leuven</dc:title>
    <dc:subject>City Accounts</dc:subject>
    <dc:description>City Accounts of Leuven from the beginning of August 1438 until end of June 1439.</dc:description>
    <dc:publisher>Institute Centre for Information Modelling, University of Graz</dc:publisher>
    <dc:contributor>Hadewijch Masure</dc:contributor>
    <dc:contributor>Yannick De Meulder</dc:contributor>
    <dc:date>1438-1439</dc:date>
    <dc:coverage>Leuven, Belgium</dc:coverage>
    <dc:language>nl</dc:language>
    <dc:rights>https://creativecommons.org/licenses/by/4.0/</dc:rights>
    <dc:source>City Archive Leuven</dc:source>
    <dc:relation>https://www.itineranova.be/in/browse-account-books</dc:relation>
    <dc:format>XML/TEI</dc:format>
    <dc:type>Collection</dc:type>
    <dc:identifier>https://gams.uni-graz.at/context:depcha.leuven.1438</dc:identifier>
</oai_dc:dc>
