<?xml version="1.0" encoding="UTF-8"?>
<?xml-model href="http://www.tei-c.org/release/xml/tei/custom/schema/relaxng/tei_all.rng" type="application/xml" schematypens="http://relaxng.org/ns/structure/1.0"?>
<?xml-model href="http://www.tei-c.org/release/xml/tei/custom/schema/relaxng/tei_all.rng" type="application/xml"
	schematypens="http://purl.oclc.org/dsdl/schematron"?>
<TEI xmlns="http://www.tei-c.org/ns/1.0">
   <teiHeader>
      <fileDesc>
         <titleStmt>
            <title>LMW Day Book, pp. 227-228</title>
            <author>L.M. Wheaton</author>
         </titleStmt>
         <publicationStmt>
            <p>Indication of work done and date, Wheaton College</p>
         </publicationStmt>
         <sourceDesc>
            <biblFull>
               <titleStmt>
                  <title>Account Books, pp.227-228</title>
                  <author>L.M. Wheaton</author>
                  <respStmt>
                     <resp> TEI-compatible XML markup by <name type="person">Tyana Craig</name> with
                        corrections by <name type="person">Name</name>, <name type="person"
                           >Name</name>, and <name type="person">Name</name>.</resp>
                     <name type="person">Name</name>
                  </respStmt>
               </titleStmt>
               <publicationStmt>
                  <p>Indication of work done and date 05/03/16, Wheaton College</p>
               </publicationStmt>
               <sourceDesc>
                  <p> From the Marion B. Gebbie Archives and Special Collections at the Madeleine
                     Clark Wallace Library, Wheaton College </p>
               </sourceDesc>
            </biblFull>
         </sourceDesc>
      </fileDesc>
   </teiHeader>
   <text>
      <body>
         <fw type="pageNum">227</fw>
         <table xml:id="p227" cols="6">
            <head>Saturday <date when="1851-03-01">March 1st 1851</date></head>
            <row xml:id="p227_01">
               <cell/>
               <cell/>
               <cell>$</cell>
               <cell>cts.</cell>
               <cell>$</cell>
               <cell>cts.</cell>
            </row>
            <row xml:id="p227_02">
               <cell>Chauffeur </cell>
               <cell><name type="person" ref="pers_WCDH703">William H. Wrigley</name>
                  <choice rend="align(right)">
                     <abbr>Dr</abbr>
                     <expan>debtor</expan>
                  </choice></cell>
               <cell/>
               <cell/>
               <cell/>
               <cell/>
            </row>
            <row xml:id="p227_03">
               <cell/>
               <cell>To ft. Spruce rail stuff</cell>
               <cell/>
               <cell/>
               <cell/>
               <cell/>
            </row>
            <row xml:id="p227_04">
               <cell>Settled</cell>
               <cell><date when="1851-03-05">5</date></cell>
               <cell/>
               <cell/>
               <cell/>
               <cell/>
            </row>
            <row xml:id="p227_05">
               <cell/>
               <cell><name type="person" ref="pers_WCDH703">Wm H Wrigley</name>
                  <choice rend="align(right)">
                     <abbr>D</abbr>
                     <expan>debtor</expan>
                  </choice></cell>
               <cell/>
               <cell/>
               <cell/>
               <cell/>
            </row>
            <row xml:id="p227_06">
               <cell/>
               <cell>To price Z ink</cell>
               <cell/>
               <cell/>
               <cell/>
               <cell/>
            </row>
            <row xml:id="p227_07">
               <cell>544</cell>
               <cell><date when="1851-03-11">11</date></cell>
               <cell/>
               <cell/>
               <cell/>
               <cell/>
            </row>
            <row xml:id="p227_08">
               <cell/>
               <cell>To <name type="account" ref="LMWcash">cash</name></cell>
               <cell><measure commodity="currency" quantity="25" unit="dollars">25</measure></cell>
               <cell><measure commodity="currency" quantity="00" unit="cents">00</measure></cell>
               <cell/>
               <cell/>
            </row>
            <row xml:id="p227_09">
               <cell>Settled</cell>
               <cell><date when="1851-03-14">14</date></cell>
               <cell/>
               <cell/>
               <cell/>
               <cell/>
            </row>
            <row xml:id="p227_10">
               <cell/>
               <cell><name type="person" ref="pers_WCDH384">Henry Johnson</name>
                  <choice rend="align(right)">
                     <abbr>D</abbr>
                     <expan>debtor</expan>
                  </choice></cell>
               <cell/>
               <cell/>
               <cell/>
               <cell/>
            </row>
            <row xml:id="p227_11">
               <cell/>
               <cell>To goods at store as pr. bill</cell>
               <cell><measure commodity="currency" quantity="4" unit="dollars">4</measure></cell>
               <cell><measure commodity="currency" quantity="05" unit="cents">05</measure></cell>
               <cell/>
               <cell/>
            </row>
            <row xml:id="p227_12">
               <cell/>
               <cell>1 Brittania Tea Pot fr. house</cell>
               <cell/>
               <cell><measure commodity="currency" quantity="75" unit="cents">75</measure></cell>
               <cell><measure commodity="currency" quantity="4" unit="dollars">4</measure></cell>
               <cell><measure commodity="currency" quantity="80" unit="cents">80</measure></cell>
            </row>
            <row xml:id="p227_13">
               <cell>518</cell>
               <cell><name type="person" ref="pers_WCDH468">Patrick M. Daniels</name>
                  <choice rend="align(right)">
                     <abbr>D</abbr>
                     <expan>debtor</expan>
                  </choice></cell>
               <cell/>
               <cell/>
               <cell/>
               <cell/>
            </row>
            <row xml:id="p227_14">
               <cell/>
               <cell>To <measure commodity="lumber" quantity=".5" unit="feet">½ cord hard
                     wood</measure> 4</cell>
               <cell/>
               <cell/>
               <cell/>
               <cell/>
            </row>
            <row xml:id="p227_15">
               <cell/>
               <cell>" 1/2</cell>
               <cell/>
               <cell/>
               <cell/>
               <cell/>
            </row>
            <row xml:id="p227_16">
               <cell>529</cell>
               <cell>deduct 25x for hard wood</cell>
               <cell><measure commodity="currency" quantity="2" unit="dollars">2</measure></cell>
               <cell><measure commodity="currency" quantity="75" unit="cents">75</measure></cell>
               <cell/>
               <cell/>
            </row>
            <row xml:id="p227_17">
               <cell/>
               <cell><date when="1851-03-18">18</date></cell>
               <cell><measure commodity="currency" quantity="1" unit="dollars">1</measure></cell>
               <cell><measure commodity="currency" quantity="25" unit="cents">25</measure></cell>
               <cell/>
               <cell/>
            </row>
            <row xml:id="p227_18">
               <cell/>
               <cell>
                  <choice rend="align(right)">
                     <abbr>Dr</abbr>
                     <expan>debtor</expan>
                  </choice></cell>
               <cell/>
               <cell/>
               <cell/>
               <cell/>
            </row>
            <row xml:id="p227_19">
               <cell/>
               <cell>To <name type="account" ref="LMWcash">cash</name> cart milk </cell>
               <cell><measure commodity="currency" quantity="5" unit="dollars">5</measure>5</cell>
               <cell><measure commodity="currency" quantity="00" unit="cents">00</measure></cell>
               <cell/>
               <cell/>
            </row>
            <row xml:id="p227_20">
               <cell/>
               <cell>Rent to <date when="1851-03-27">March 27th</date> at 225/mo.</cell>
               <cell><measure commodity="currency" quantity="4" unit="dollars">4</measure></cell>
               <cell><measure commodity="currency" quantity="50" unit="cents">50</measure></cell>
               <cell/>
               <cell/>
            </row>
            <row xml:id="p227_21">
               <cell/>
               <cell><name type="account" ref="LMWcash">Cash</name> this day</cell>
               <cell><measure commodity="currency" quantity="9" unit="dollars">9</measure></cell>
               <cell><measure commodity="currency" quantity="52" unit="cents">52</measure></cell>
               <cell><measure commodity="currency" quantity="19" unit="dollars">19</measure></cell>
               <cell><measure commodity="currency" quantity="02" unit="cents">02</measure></cell>
            </row>
            <row xml:id="p227_22">
               <cell>541</cell>
               <cell><name type="person" ref="pers_WCDH488">Caty Nolen</name>
                  <choice rend="align(right)">
                     <abbr>Dr</abbr>
                     <expan>debtor</expan>
                  </choice></cell>
               <cell/>
               <cell/>
               <cell/>
               <cell/>
            </row>
            <row xml:id="p227_23">
               <cell/>
               <cell>To 8 yds. Sheeting last winter</cell>
               <cell/>
               <cell><measure commodity="currency" quantity="72" unit="cents">72</measure></cell>
               <cell/>
               <cell/>
            </row>
            <row xml:id="p227_24">
               <cell/>
               <cell>"2 ½" Cotton flannel</cell>
               <cell/>
               <cell><measure commodity="currency" quantity="21" unit="cents">21</measure></cell>
               <cell/>
               <cell><measure commodity="currency" quantity="93" unit="cents">93</measure></cell>
            </row>
            <row xml:id="p227_25">
               <cell/>
               <cell/>
               <cell/>
               <cell/>
               <cell/>
               <cell/>
            </row>
            <row xml:id="p227_26">
               <cell>540</cell>
               <cell><name type="person" ref="pers_WCDH156">Stephen Bailey</name>
                  <choice rend="align(right)">
                     <abbr>D</abbr>
                     <expan>Debtor</expan>
                  </choice></cell>
               <cell/>
               <cell/>
               <cell/>
               <cell/>
            </row>
            <row xml:id="p227_27">
               <cell/>
               <cell>To over paid two last settlement</cell>
               <cell/>
               <cell/>
               <cell/>
               <cell/>
            </row>
            <row xml:id="p227_28">
               <cell/>
               <cell><date when="1851-03-28">28</date></cell>
               <cell/>
               <cell/>
               <cell/>
               <cell/>
            </row>
            <row xml:id="p227_29">
               <cell>538</cell>
               <cell><name type="person" ref="pers_WCDH118">Wheaton Wheelor</name>
                  <choice rend="align(right)">
                     <abbr>D</abbr>
                     <expan>debtor</expan>
                  </choice></cell>
               <cell/>
               <cell/>
               <cell/>
               <cell/>
            </row>
            <row xml:id="p227_30">
               <cell/>
               <cell>To <measure commodity="currency" quantity="12" unit="dollars">twelve
                     dollars</measure></cell>
               <cell><measure commodity="currency" quantity="12" unit="dollars">12</measure></cell>
               <cell><measure commodity="currency" quantity="00" unit="cents">00</measure></cell>
               <cell/>
               <cell/>
            </row>
            <row xml:id="p227_31">
               <cell>540</cell>
               <cell><date when="1851-03-31">31.</date></cell>
               <cell/>
               <cell/>
               <cell/>
               <cell/>
            </row>
            <row xml:id="p227_32">
               <cell/>
               <cell><name type="person" ref="pers_WCDH156">Stephen Bailey</name>
                  <choice rend="align(right)">
                     <abbr>Cr</abbr>
                     <expan>Credit</expan>
                  </choice></cell>
               <cell/>
               <cell/>
               <cell/>
               <cell/>
            </row>
            <row xml:id="p227_33">
               <cell/>
               <cell>By work to <date when="1851-03-31">March 31st 1851</date></cell>
               <cell><measure commodity="currency" quantity="75" unit="dollars">75</measure></cell>
               <cell><measure commodity="currency" quantity="00" unit="cents">00</measure></cell>
               <cell/>
               <cell/>
            </row>
            <row xml:id="p227_34">
               <cell/>
               <cell><choice rend="align(right)">
                     <abbr>D</abbr>
                     <expan>debtor</expan>
                  </choice></cell>
               <cell/>
               <cell/>
               <cell/>
               <cell/>
            </row>
            <row xml:id="p227_35">
               <cell>540</cell>
               <cell>To <name type="account" ref="LMWcash">cash</name>
                  <measure commodity="currency" quantity="75" unit="dollars">seventy five
                     dollars</measure></cell>
               <cell><measure commodity="currency" quantity="75" unit="dollars">75</measure></cell>
               <cell><measure commodity="currency" quantity="00" unit="cents">00</measure></cell>
               <cell/>
               <cell/>
            </row>
            <row xml:id="p227_36">
               <cell/>
               <cell/>
               <cell/>
               <cell/>
               <cell/>
               <cell/>
            </row>
            <row xml:id="p227_37">
               <cell>535</cell>
               <cell><name type="person" ref="pers_WCDH457">Zacheus Macomber</name>
                  <choice rend="align(right)">
                     <abbr>D</abbr>
                     <expan>debtor</expan>
                  </choice></cell>
               <cell/>
               <cell/>
               <cell/>
               <cell/>
            </row>
            <row xml:id="p227_38">
               <cell/>
               <cell>The use of Orchard lot last year</cell>
               <cell><measure commodity="currency" quantity="4" unit="dollars">4</measure></cell>
               <cell><measure commodity="currency" quantity="00" unit="cents">00</measure></cell>
               <cell/>
               <cell/>
            </row>
            <row>
               <cell/>
               <cell/>
               <cell/>
               <cell/>
               <cell/>
               <cell/>
            </row>
            <row xml:id="p227_39">
               <cell>541</cell>
               <cell><name type="person" ref="pers_WCDH488">Catherine Nolen</name>
                  <choice rend="align(right)">
                     <abbr>Cr</abbr>
                     <expan>Credit</expan>
                  </choice></cell>
               <cell/>
               <cell/>
               <cell/>
               <cell/>
            </row>
            <row xml:id="p227_40">
               <cell/>
               <cell>By work 40 w. 3 days. at 9/hr w</cell>
               <cell><measure commodity="currency" quantity="60" unit="dollars">60</measure></cell>
               <cell><measure commodity="currency" quantity="64" unit="cents">64</measure></cell>
               <cell/>
               <cell/>
            </row>
            <row xml:id="p227_41">
               <cell/>
               <cell><date when="1851-03-31">31</date></cell>
               <cell/>
               <cell/>
               <cell/>
               <cell/>
            </row>
            <row xml:id="p227_42">
               <cell/>
               <cell/>
               <cell/>
               <cell/>
               <cell/>
               <cell/>
            </row>
            <row xml:id="p227_43">
               <cell>538</cell>
               <cell><name type="person" ref="pers_WCDH118">Wheaton Wheeler</name>
                  <choice rend="align(right)">
                     <abbr>D</abbr>
                     <expan>debtor</expan>
                  </choice></cell>
               <cell><measure commodity="currency" quantity="28" unit="dollars">28</measure></cell>
               <cell><measure commodity="currency" quantity="33" unit="cents">33</measure></cell>
               <cell/>
               <cell/>
            </row>
            <row xml:id="p227_44">
               <cell/>
               <cell>To <name type="account" ref="LMWcash">cash</name></cell>
               <cell/>
               <cell/>
               <cell/>
               <cell/>
            </row>
            <row xml:id="p227_45">
               <cell/>
               <cell/>
               <cell/>
               <cell/>
               <cell/>
               <cell/>
            </row>
            <row xml:id="p227_46">
               <cell>544</cell>
               <cell><name type="person" ref="pers_WCDH703">William H Wrigley</name>
                  <choice rend="align(right)">
                     <abbr>D</abbr>
                     <expan>debtor</expan>
                  </choice></cell>
               <cell/>
               <cell/>
               <cell/>
               <cell/>
            </row>
            <row xml:id="p227_47">
               <cell/>
               <cell>To paying H. Barrows for Door wheels</cell>
               <cell><measure commodity="currency" quantity="3" unit="dollars">3</measure></cell>
               <cell><measure commodity="currency" quantity="44" unit="cents">44</measure></cell>
               <cell/>
               <cell/>
            </row>
            <row xml:id="p227_48">
               <cell/>
               <cell><date when="1851-04-12">April 12</date></cell>
               <cell/>
               <cell/>
               <cell/>
               <cell/>
            </row>
            <row xml:id="p227_49">
               <cell>538</cell>
               <cell><name type="person" ref="pers_WCDH118">Wheaton Wheelor</name>
                  <choice rend="align(right)">
                     <abbr>D</abbr>
                     <expan>debtor</expan>
                  </choice></cell>
               <cell/>
               <cell/>
               <cell/>
               <cell/>
            </row>
            <row xml:id="p227_50">
               <cell/>
               <cell>To ½ Beef potatoes 80x</cell>
               <cell/>
               <cell><measure commodity="currency" quantity="40" unit="cents">40</measure></cell>
               <cell/>
               <cell/>
            </row>
            <row xml:id="p227_51">
               <cell/>
               <cell/>
               <cell/>
               <cell/>
               <cell/>
               <cell/>
            </row>
            <row xml:id="p227_52">
               <cell>Paid </cell>
               <cell><name type="person" ref="v">Emily Pond</name><choice rend="align(right)">
                     <abbr>D</abbr>
                     <expan>debtor</expan>
                  </choice></cell>
               <cell/>
               <cell/>
               <cell/>
               <cell/>
            </row>
            <row xml:id="p227_53">
               <cell/>
               <cell>To <measure commodity="lumber" quantity="1" unit="feet">1 Cord
                     Hardwood</measure>
                  <measure commodity="currency" quantity="4" unit="dollars">$4.00</measure></cell>
               <cell><measure commodity="currency" quantity="4" unit="dollars">4</measure></cell>
               <cell><measure commodity="currency" quantity="00" unit="cents">00</measure></cell>
               <cell/>
               <cell/>
            </row>
            <row xml:id="p227_54">
               <cell/>
               <cell><date when="1851-04-15">15</date></cell>
               <cell/>
               <cell/>
               <cell/>
               <cell/>
            </row>
            <row xml:id="p227_55">
               <cell>538</cell>
               <cell><name type="person" ref="pers_WCDH118">Wheaton Wheelor</name>
                  <choice rend="align(right)">
                     <abbr>D</abbr>
                     <expan>debtor</expan>
                  </choice></cell>
               <cell/>
               <cell/>
               <cell/>
               <cell/>
            </row>
            <row xml:id="p227_56">
               <cell/>
               <cell>To <measure commodity="lumber" quantity="6" unit="feet">6 ft. Hard
                     Wood</measure> ??</cell>
               <cell><measure commodity="currency" quantity="3" unit="dollars">3</measure></cell>
               <cell><measure commodity="currency" quantity="00" unit="cents">00</measure></cell>
               <cell/>
               <cell/>
            </row>
            <row xml:id="p227_57">
               <cell>Settled</cell>
               <cell><name type="person" ref="pers_WCDH384">Henry Johnson</name>
                  <choice rend="align(right)">
                     <abbr>Dr</abbr>
                     <expan>debtor</expan>
                  </choice></cell>
               <cell/>
               <cell/>
               <cell/>
               <cell/>
            </row>
            <row xml:id="p227_58">
               <cell/>
               <cell>To <name type="account" ref="LMWcash">cash</name>
                  <measure commodity="currency" quantity="2" unit="dollars">two
                  dollars</measure></cell>
               <cell><measure commodity="currency" quantity="2" unit="dollars">2</measure></cell>
               <cell><measure commodity="currency" quantity="00" unit="cents">00</measure></cell>
               <cell/>
               <cell/>
            </row>
            <row xml:id="p227_59">
               <cell/>
               <cell>" <measure commodity="salt pork" quantity="7.75" unit="pounds">7 ¾ Salt
                     Pork</measure> 10x</cell>
               <cell/>
               <cell><measure commodity="currency" quantity="77" unit="cents">77</measure></cell>
               <cell/>
               <cell/>
            </row>
         </table>
         <pb n="228"/>
         <fw type="pageNum">228</fw>
         <table xml:id="p228" cols="6">
            <head>Monday <date when="1851-04-21">April 21 1851</date></head>
            <row xml:id="p228_01">
               <cell/>
               <cell/>
               <cell>$</cell>
               <cell>cts.</cell>
               <cell>$</cell>
               <cell>cts.</cell>
            </row>
            <row xml:id="p228_02">
               <cell>538</cell>
               <cell><name type="person" ref="pers_WCDH118">Wheaton Wheelor</name>
                  <choice rend="align(right)">
                     <abbr>Dr</abbr>
                     <expan>Debtor</expan>
                  </choice></cell>
               <cell/>
               <cell/>
               <cell/>
               <cell/>
            </row>
            <row xml:id="p228_03">
               <cell/>
               <cell>To <measure commodity="beans" quantity=".5" unit="pounds">½ Pork White Beans</measure></cell>
               <cell/>
               <cell><measure commodity="currency" quantity="22" unit="cents">22</measure></cell>
               <cell/>
               <cell/>
            </row>
            <row xml:id="p228_04">
               <cell/>
               <cell/>
               <cell/>
               <cell/>
               <cell/>
               <cell/>
            </row>
            <row xml:id="p228_05">
               <cell>518</cell>
               <cell><name type="person" ref="pers_WCDH468">Patrick McDaniels</name>
                  <choice rend="align(right)">
                     <abbr>D</abbr>
                     <expan>Debtor</expan>
                  </choice></cell>
               <cell/>
               <cell/>
               <cell/>
               <cell/>
            </row>
            <row xml:id="p228_06">
               <cell/>
               <cell>To <measure commodity="lumber" quantity=".5" unit="feet">½ Cord hard wood</measure> $4.00</cell>
               <cell><measure commodity="currency" quantity="2" unit="dollars">2</measure></cell>
               <cell><measure commodity="currency" quantity="00" unit="cents">00</measure></cell>
               <cell/>
               <cell/>
            </row>
            <row xml:id="p228_07">
               <cell>538</cell>
               <cell><date when="1851-04-24">24</date></cell>
               <cell/>
               <cell/>
               <cell/>
               <cell/>
            </row>
            <row xml:id="p228_08">
               <cell/>
               <cell><name type="person" ref="pers_WCDH118">Wheaton Wheelor</name>
                  <choice rend="align(right)">
                     <abbr>Dr</abbr>
                     <expan>Debtor</expan>
                  </choice></cell>
               <cell/>
               <cell/>
               <cell/>
               <cell/>
            </row>
            <row xml:id="p228_09">
               <cell/>
               <cell>To 1 ½ bush. Chirmango Potatoes</cell>
               <cell><measure commodity="currency" quantity="1" unit="dollars">1</measure></cell>
               <cell><measure commodity="currency" quantity="20" unit="cents">20</measure></cell>
               <cell/>
               <cell/>
            </row>
            <row xml:id="p228_10">
               <cell>paid</cell>
               <cell><date when="1851-04-30">30</date></cell>
               <cell/>
               <cell/>
               <cell/>
               <cell/>
            </row>
            <row xml:id="p228_11">
               <cell/>
               <cell><name type="person" ref="v">Emily Pond</name>
                  <choice rend="align(right)">
                     <abbr>Dr</abbr>
                     <expan>Debtor</expan>
                  </choice></cell>
               <cell/>
               <cell/>
               <cell/>
               <cell/>
            </row>
            <row xml:id="p228_12">
               <cell/>
               <cell>To 1 Beef Potatoes</cell>
               <cell><measure commodity="currency" quantity="1" unit="dollars">1</measure></cell>
               <cell><measure commodity="currency" quantity="00" unit="cents">00</measure></cell>
               <cell/>
               <cell/>
            </row>
            <row xml:id="p228_13">
               <cell>518</cell>
               <cell><name type="person" ref="pers_WCDH468">Patrick McDaniels</name>
                  <choice rend="align(right)">
                     <abbr>Cr</abbr>
                     <expan>Credit</expan>
                  </choice></cell>
               <cell/>
               <cell/>
               <cell/>
               <cell/>
            </row>
            <row xml:id="p228_14">
               <cell/>
               <cell>By work to date 21 Dys. at 20$ pr mo.</cell>
               <cell><measure commodity="currency" quantity="16" unit="dollars">16</measure></cell>
               <cell><measure commodity="currecnty" quantity="15" unit="cents">15</measure></cell>
               <cell/>
               <cell/>
            </row>
            <row xml:id="p228_15">
               <cell/>
               <cell/>
               <cell/>
               <cell/>
               <cell/>
               <cell/>
            </row>
            <row xml:id="p228_16">
               <cell>518</cell>
               <cell>To rent of house from <date when="1851-03-27">March 27</date>- to </cell>
               <cell/>
               <cell/>
               <cell/>
               <cell/>
            </row>
            <row xml:id="p228_17">
               <cell/>
               <cell><date when="1851-06-27">June 27th</date> at 225 pr mo.</cell>
               <cell><measure commodity="currency" quantity="6" unit="dollars">6</measure></cell>
               <cell><measure commodity="currency" quantity="75" unit="cents">75</measure></cell>
               <cell/>
               <cell/>
            </row>
            <row xml:id="p228_18">
               <cell>518</cell>
               <cell>To <name type="account" ref="LMWcash">cash</name> to ballance</cell>
               <cell><measure commodity="currency" quantity="7" unit="dollars">7</measure></cell>
               <cell><measure commodity="currency" quantity="40" unit="cents">40</measure></cell>
               <cell/>
               <cell/>
            </row>
            <row xml:id="p228_19">
               <cell/>
               <cell>same to <name type="account" ref="LMWcash">cash</name></cell>
               <cell><measure commodity="currency" quantity="5" unit="dollars">5</measure></cell>
               <cell><measure commodity="currency" quantity="00" unit="cents">00</measure></cell>
               <cell><measure commodity="currency" quantity="19" unit="dollars">19</measure></cell>
               <cell><measure commodity="currency" quantity="15" unit="cents">15</measure></cell>
            </row>
            <row xml:id="p228_20">
               <cell/>
               <cell>May (smudge) <choice rend="align(right)">
                     <abbr>Cr</abbr>
                     <expan>Credit</expan>
                  </choice></cell>
               <cell/>
               <cell/>
               <cell/>
               <cell/>
            </row>
            <row xml:id="p228_21">
               <cell>518</cell>
               <cell>By six &amp; half days in March</cell>
               <cell><measure commodity="currency" quantity="5" unit="dollars">5</measure></cell>
               <cell><measure commodity="currency" quantity="00" unit="cents">00</measure></cell>
               <cell/>
               <cell/>
            </row>
            <row xml:id="p228_22">
               <cell>538</cell>
               <cell><date when="1851-05-08">May 8</date></cell>
               <cell/>
               <cell/>
               <cell/>
               <cell/>
            </row>
            <row xml:id="p228_23">
               <cell/>
               <cell><name type="person" ref="pers_WCDH118">Wheaton Wheelor</name>
                  <choice rend="align(right)">
                     <abbr>D</abbr>
                     <expan>Debtor</expan>
                  </choice></cell>
               <cell/>
               <cell/>
               <cell/>
               <cell/>
            </row>
            <row xml:id="p228_24">
               <cell/>
               <cell>To ½ Beef Rye ½ Beef Corn </cell>
               <cell><measure commodity="currency" quantity="1" unit="dollars">1</measure></cell>
               <cell><measure commodity="currency" quantity="00" unit="cents">00</measure></cell>
               <cell/>
               <cell/>
            </row>
            <row xml:id="p228_25">
               <cell>Settle</cell>
               <cell><name type="person" ref="v">C x O Lane</name>
                  <choice rend="align(right)">
                     <abbr>D</abbr>
                     <expan>Debtor</expan>
                  </choice></cell>
               <cell/>
               <cell/>
               <cell/>
               <cell/>
            </row>
            <row xml:id="p228_26">
               <cell/>
               <cell>To calf - </cell>
               <cell/>
               <cell/>
               <cell/>
               <cell/>
            </row>
            <row xml:id="p228_27">
               <cell>545</cell>
               <cell><date when="1851-05-12">12</date></cell>
               <cell/>
               <cell/>
               <cell/>
               <cell/>
            </row>
            <row xml:id="p228_28">
               <cell/>
               <cell><name type="person" ref="pers_WCDH697">John Wrigley</name>
                  <choice rend="align(right)">
                     <abbr>D</abbr>
                     <expan>Debtor</expan>
                  </choice></cell>
               <cell/>
               <cell/>
               <cell/>
               <cell/>
            </row>
            <row xml:id="p228_29">
               <cell/>
               <cell>To <name type="account" ref="LMWcash">cash</name> pay James</cell>
               <cell><measure commodity="currency" quantity="7" unit="dollars">7</measure></cell>
               <cell><measure commodity="currency" quantity="50" unit="cents">50</measure></cell>
               <cell/>
               <cell/>
            </row>
            <row xml:id="p228_30">
               <cell>518</cell>
               <cell><date when="1851-05-17">17</date></cell>
               <cell/>
               <cell/>
               <cell/>
               <cell/>
            </row>
            <row xml:id="p228_31">
               <cell/>
               <cell><name type="person" ref="pers_WCDH468">Patrick McDaniels</name>
                  <choice rend="align(right)">
                     <abbr>Dr</abbr>
                     <expan>Debtor</expan>
                  </choice></cell>
               <cell/>
               <cell/>
               <cell/>
               <cell/>
            </row>
            <row xml:id="p228_32">
               <cell/>
               <cell>To <name type="account" ref="LMWcash">cash</name> <measure commodity="currency" quantity="3" unit="dollars">three dollars</measure></cell>
               <cell><measure commodity="currency" quantity="3" unit="dollars">3</measure></cell>
               <cell><measure commodity="currency" quantity="00" unit="cents">00</measure></cell>
               <cell/>
               <cell/>
            </row>
            <row xml:id="p228_33">
               <cell>538</cell>
               <cell><date when="1851-05-26">26</date></cell>
               <cell/>
               <cell/>
               <cell/>
               <cell/>
            </row>
            <row xml:id="p228_34">
               <cell/>
               <cell><name type="person" ref="pers_WCDH118">Wheaton Wheelor</name>
                  <choice rend="align(right)">
                     <abbr>D</abbr>
                     <expan>Debtor</expan>
                  </choice></cell>
               <cell/>
               <cell/>
               <cell/>
               <cell/>
            </row>
            <row xml:id="p228_35">
               <cell/>
               <cell>To <name type="account" ref="LMWcash">cash</name> <measure commodity="currency" quantity="10" unit="dollars">ten dollars</measure></cell>
               <cell><measure commodity="currency" quantity="10" unit="dollars">10</measure></cell>
               <cell><measure commodity="currency" quantity="00" unit="cents">00</measure></cell>
               <cell/>
               <cell/>
            </row>
            <row xml:id="p228_36">
               <cell/>
               <cell/>
               <cell/>
               <cell/>
               <cell/>
               <cell/>
            </row>
            <row xml:id="p228_37">
               <cell>528</cell>
               <cell><name type="person" ref="pers_WCDH601">Wm J. Sweet</name>
                  <choice rend="align(right)">
                     <abbr>D</abbr>
                     <expan>Debtor</expan>
                  </choice></cell>
               <cell/>
               <cell/>
               <cell/>
               <cell/>
            </row>
            <row xml:id="p228_38">
               <cell/>
               <cell>To ½ beef beans 12/ some time since</cell>
               <cell><measure commodity="currency" quantity="1" unit="dollars">1</measure></cell>
               <cell><measure commodity="currency" quantity="00" unit="cents">00</measure></cell>
               <cell/>
               <cell/>
            </row>
            <row xml:id="p228_39">
               <cell/>
               <cell><date when="1851-06-02">June 2</date></cell>
               <cell/>
               <cell/>
               <cell/>
               <cell/>
            </row>
            <row xml:id="p228_40">
               <cell>518</cell>
               <cell><name type="person" ref="pers_WCDH468">Patrick McDaniels</name>
                  <choice rend="align(right)">
                     <abbr>D</abbr>
                     <expan>Debtor</expan>
                  </choice></cell>
               <cell/>
               <cell/>
               <cell/>
               <cell/>
            </row>
            <row xml:id="p228_41">
               <cell/>
               <cell>To <name type="account" ref="LMWcash">cash</name> <measure commodity="currency" quantity="10" unit="dollars">ten dollars</measure></cell>
               <cell><measure commodity="currency" quantity="10" unit="dollars">10</measure></cell>
               <cell><measure commodity="currency" quantity="00" unit="cents">00</measure></cell>
               <cell/>
               <cell/>
            </row>
            <row xml:id="p228_42">
               <cell/>
               <cell><choice rend="align(right)">
                     <abbr>Cr</abbr>
                     <expan>Credit</expan>
                  </choice></cell>
               <cell/>
               <cell/>
               <cell/>
               <cell/>
            </row>
            <row xml:id="p228_43">
               <cell>518</cell>
               <cell>By twenty five x ¼ Dys. work</cell>
               <cell/>
               <cell/>
               <cell/>
               <cell/>
            </row>
            <row xml:id="p228_44">
               <cell/>
               <cell>last month</cell>
               <cell/>
               <cell/>
               <cell/>
               <cell/>
            </row>
            <row xml:id="p228_45">
               <cell>538</cell>
               <cell><date when="1851-06-07">7</date></cell>
               <cell/>
               <cell/>
               <cell/>
               <cell/>
            </row>
            <row xml:id="p228_46">
               <cell/>
               <cell><name type="person" ref="pers_WCDH118">Wheaton Wheelor</name>
                  <choice rend="align(right)">
                     <abbr>Dr</abbr>
                     <expan>Debtor</expan>
                  </choice></cell>
               <cell/>
               <cell/>
               <cell/>
               <cell/>
            </row>
            <row xml:id="p228_47">
               <cell/>
               <cell>To ½ Pork beans 10/6</cell>
               <cell/>
               <cell><measure commodity="currency" quantity="25" unit="cents">25</measure></cell>
               <cell/>
               <cell/>
            </row>
            <row xml:id="p228_48">
               <cell/>
               <cell><date when="1851-06-09">9</date></cell>
               <cell/>
               <cell/>
               <cell/>
               <cell/>
            </row>
            <row xml:id="p228_49">
               <cell>547</cell>
               <cell><name type="person" ref="pers_WCDH384">Henry Johnson</name>
                  <choice rend="align(right)">
                     <abbr>D</abbr>
                     <expan>Debtor</expan>
                  </choice></cell>
               <cell/>
               <cell/>
               <cell/>
               <cell/>
            </row>
            <row xml:id="p228_50">
               <cell/>
               <cell>To <name type="account" ref="LMWcash">cash</name> <measure commodity="currency" quantity="5" unit="dollars">five dollars</measure></cell>
               <cell><measure commodity="currency" quantity="5" unit="dollars">5</measure></cell>
               <cell><measure commodity="currency" quantity="00" unit="cents">00</measure></cell>
               <cell/>
               <cell/>
            </row>
            <row xml:id="p228_51">
               <cell/>
               <cell>Settled to this date all but rent</cell>
               <cell/>
               <cell/>
               <cell/>
               <cell/>
            </row>
            <row xml:id="p228_52">
               <cell/>
               <cell>of tenement x garden</cell>
               <cell/>
               <cell/>
               <cell/>
               <cell/>
            </row>
            <row xml:id="p228_53">
               <cell>538</cell>
               <cell><date when="1851-06-12">12</date></cell>
               <cell/>
               <cell/>
               <cell/>
               <cell/>
            </row>
            <row xml:id="p228_54">
               <cell/>
               <cell><name type="person" ref="pers_WCDH118">Wheaton Wheelor</name>
                  <choice rend="align(right)">
                     <abbr>Dr</abbr>
                     <expan>Debtor</expan>
                  </choice></cell>
               <cell/>
               <cell/>
               <cell/>
               <cell/>
            </row>
            <row xml:id="p228_55">
               <cell/>
               <cell>To <measure commodity="butter" quantity="2.5" unit="pounds">2 ½ lbs. Butter</measure> 18x</cell>
               <cell/>
               <cell><measure commodity="currency" quantity="45" unit="cents">45</measure></cell>
               <cell/>
               <cell/>
            </row>
            <row xml:id="p228_56">
               <cell>Settled </cell>
               <cell><date when="1851-06-13">13</date></cell>
               <cell/>
               <cell/>
               <cell/>
               <cell/>
            </row>
            <row xml:id="p228_57">
               <cell/>
               <cell><name type="person" ref="v">Elizabeth Mason</name>
                  <choice rend="align(right)">
                     <abbr>Dr</abbr>
                     <expan>Debtor</expan>
                  </choice></cell>
               <cell/>
               <cell/>
               <cell/>
               <cell/>
            </row>
            <row xml:id="p228_58">
               <cell/>
               <cell>To <name type="account" ref="LMWcash">cash</name> <measure commodity="currency" quantity="5" unit="dollars">five dollars</measure></cell>
               <cell><measure commodity="currency" quantity="5" unit="dollars">5</measure></cell>
               <cell><measure commodity="currency" quantity="00" unit="cents">00</measure></cell>
               <cell/>
               <cell/>
            </row>
         </table>
      </body>
   </text>
</TEI>
