<TEI xmlns="http://www.tei-c.org/ns/1.0">
   <teiHeader>
      <fileDesc>
         <titleStmt>
            <title>LMW Day Book, pp. 100-149</title>
            <author>L.M. Wheaton</author>
         </titleStmt>
         <publicationStmt>
            <p>Transcribed by Sahilia Ramirez Summer 2016, Wheaton College</p>
         </publicationStmt>
         <sourceDesc>
            <biblFull>
               <titleStmt>
                  <title>Account Books, pp.100-149</title>
                  <author>L.M. Wheaton</author>
                  <respStmt>
                     <resp> TEI-compatible XML markup by <name type="person">Sahilia Ramirez</name>
                        with corrections by <name type="person">Name</name>, <name
                           type="person">Name</name>, and <name type="person">Name</name>.</resp>
                     <name type="person">Name</name>
                  </respStmt>
               </titleStmt>
               <publicationStmt>
                  <p>Transcribed by Sahilia Ramirez Summer 2016, Wheaton College</p>
               </publicationStmt>
               <sourceDesc>
                  <p> From the Marion B. Gebbie Archives and Special Collections at the Madeleine
                     Clark Wallace Library, Wheaton College </p>
               </sourceDesc>
            </biblFull>
         </sourceDesc>
      </fileDesc>
   </teiHeader>
   <text>
      <body>
         <pb n="108"/>
         <fw type="pageNum">108</fw>
         <table xml:id="p108" cols="6">
            <head>Saturday<date when="1832-09-08">Sept. 8th 1832</date></head>
            <row xml:id="p108_01">
               <cell>393</cell>
               <cell>
                  <name type="person" ref="pers_WCDH118">Wheaton Wheeler</name>
                  <choice rend="align(right)">
                     <abbr>D</abbr>
                     <expan>debtor</expan>
                  </choice>
               </cell>
               <cell/>
               <cell/>
               <cell/>
               <cell/>
            </row>
            <row xml:id="p108_02">
               <cell/>
               <cell>To <measure commodity="pork" quantity="3" unit="pounds">3lbs</measure> <measure commodity="pork" quantity="6" unit="ounces">6 ounces pork</measure> 9d</cell>
               <cell></cell>
               <cell><measure commodity="currency" quantity="42" unit="cents">42</measure></cell>
               <cell/>
               <cell/>
            </row>
            <row xml:id="p108_03">
               <cell/>
               <cell><choice rend="align(right)">
                     <abbr>Cr</abbr>
                     <expan>credit</expan>
                  </choice></cell>
               <cell/>
               <cell/>
               <cell/>
               <cell/>
            </row>
            <row xml:id="p108_04">
               <cell>393</cell>
               <cell>By work up to this date 9 1/2 dys. 42x</cell>
               <cell><measure commodity="currency" quantity="3" unit="dollars">3</measure></cell>
               <cell><measure commodity="currency" quantity="99" unit="cents">99</measure></cell>
               <cell></cell>
               <cell></cell>
            </row>
            <row xml:id="p108_05">
               <cell/>
               <cell/>
               <cell/>
               <cell/>
               <cell/>
               <cell/>
            </row>
            <row xml:id="p108_06">
               <cell>396</cell>
               <cell><name type="person" ref="pers_WCDH484">Samuel Morey</name>
                  <choice rend="align(right)">
                     <abbr>Cr</abbr>
                     <expan>credit</expan>
                  </choice></cell>
               <cell/>
               <cell/>
               <cell/>
               <cell/>
            </row>
            <row xml:id="p108_07">
               <cell></cell>
               <cell>By cash recevd for</cell>
               <cell><measure commodity="currency" quantity="119" unit="dollars">$119</measure></cell>
               <cell><measure commodity="currency" quantity="25" unit="cents">25</measure></cell>
               <cell/>
               <cell/>
            </row>
            <row xml:id="p108_08">
               <cell/>
               <cell><date when="1832-09-13">13</date> <choice rend="align(right)">
                     <abbr>D</abbr>
                     <expan>debtor</expan>
                  </choice></cell>
               <cell></cell>
               <cell></cell>
               <cell/>
               <cell/>
            </row>
            <row xml:id="p108_09">
               <cell/>
               <cell>To cash 120/</cell>
               <cell><measure commodity="currency" quantity="20" unit="dollars">20</measure></cell>
               <cell><measure commodity="currency" quantity="00" unit="cents">00</measure></cell>
               <cell/>
               <cell/>
            </row>
            <row xml:id="p108_10">
               <cell></cell>
               <cell><date when="1832-09-15">15</date></cell>
               <cell/>
               <cell/>
               <cell/>
               <cell/>
            </row>
            <row xml:id="p108_11">
               <cell>393</cell>
               <cell><name type="person" ref="pers_WCDH118">Wheaton Wheeler</name>
                  <choice rend="align(right)">
                     <abbr>Cr</abbr>
                     <expan>credit</expan>
                  </choice></cell>
               <cell></cell>
               <cell></cell>
               <cell/>
               <cell/>
            </row>
            <row xml:id="p108_12">
               <cell/>
               <cell>By half a days work this week 42x</cell>
               <cell/>
               <cell><measure commodity="currency" quantity="21" unit="cents">21</measure></cell>
               <cell/>
               <cell/>
            </row>
            <row xml:id="p108_13">
               <cell/>
               <cell/>
               <cell/>
               <cell/>
               <cell/>
               <cell/>
            </row>
            <row xml:id="p108_14">
               <cell>163</cell>
               <cell><name type="person" ref="WCDH193">Thomas Braman</name>
                  <choice rend="align(right)">
                     <abbr>D</abbr>
                     <expan>debtor</expan>
                  </choice></cell>
               <cell/>
               <cell/>
               <cell/>
               <cell/>
            </row>
            <row xml:id="p108_15">
               <cell/>
               <cell>To chaise to Mansfield x Bridgewater Cart 8x pr mile</cell>
               <cell><measure commodity="currency" quantity="1" unit="dollars">1</measure></cell>
               <cell><measure commodity="currency" quantity="50" unit="cents">50</measure></cell>
               <cell/>
               <cell/>
            </row>
            <row xml:id="p108_16">
               <cell/>
               <cell/>
               <cell/>
               <cell/>
               <cell/>
               <cell/>
            </row>
            <row xml:id="p108_17">
               <cell>396</cell>
               <cell><name type="person" ref="pers_WCDH484">Samuel Morey</name>
                  <choice rend="align(right)">
                     <abbr>D</abbr>
                     <expan>Debtor</expan>
                  </choice></cell>
               <cell/>
               <cell/>
               <cell/>
               <cell/>
            </row>
            <row xml:id="p108_18">
               <cell></cell>
               <cell>To paying Hiram Hodges</cell>
               <cell><measure commodity="currency" quantity="17" unit="dollars">17</measure></cell>
               <cell><measure commodity="currency" quantity="75" unit="cents">75</measure></cell>
               <cell/>
               <cell/>
            </row>
            <row xml:id="p108_19">
               <cell/>
               <cell/>
               <cell/>
               <cell/>
               <cell/>
               <cell/>
            </row>
            <row xml:id="p108_20">
               <cell>389</cell>
               <cell><name type="person" ref="pers_WCDH230">Oliver Clapp</name>
                  <choice rend="align(right)">
                     <abbr>D</abbr>
                     <expan>Debtor</expan>
                  </choice></cell>
               <cell></cell>
               <cell></cell>
               <cell/>
               <cell/>
            </row>
            <row xml:id="p108_21">
               <cell/>
               <cell>To paying Elkanah Wood K 60/</cell>
               <cell/>
               <cell/>
               <cell/>
               <cell/>
            </row>
            <row xml:id="p108_22">
               <cell></cell>
               <cell>" <measure commodity="nails" quantity="6" unit="pounds">6lbs 10 wrought nails</measure> taken by wood</cell>
               <cell><measure commodity="currency" quantity="10" unit="dollars">10</measure></cell>
               <cell><measure commodity="currency" quantity="60" unit="cents">60</measure></cell>
               <cell/>
               <cell/>
            </row>
            <row xml:id="p108_23">
               <cell/>
               <cell><date when="1832-09-20">20th</date></cell>
               <cell/>
               <cell></cell>
               <cell/>
               <cell/>
            </row>
            <row xml:id="p108_24">
               <cell>393</cell>
               <cell><name type="person" ref="pers_WCDH118">Wheaton Wheeler</name>
                  <choice rend="align(right)">
                     <abbr>D</abbr>
                     <expan>Debtor</expan>
                  </choice></cell>
               <cell/>
               <cell></cell>
               <cell/>
               <cell></cell>
            </row>
            <row xml:id="p108_25">
               <cell/>
               <cell>To <measure commodity="corn" quantity=".5" unit="bushels">1/2 Bush Corn</measure> 6/</cell>
               <cell/>
               <cell><measure commodity="currency" quantity="50" unit="cents">50</measure></cell>
               <cell/>
               <cell/>
            </row>
            <row xml:id="p108_26">
               <cell/>
               <cell/>
               <cell/>
               <cell/>
               <cell/>
               <cell/>
            </row>
            <row xml:id="p108_27">
               <cell>394</cell>
               <cell><name type="person" ref="pers_WCDH565">John Smith</name>
                  <choice rend="align(right)">
                     <abbr>D</abbr>
                     <expan>Debtor</expan>
                  </choice></cell>
               <cell/>
               <cell/>
               <cell/>
               <cell/>
            </row>
            <row xml:id="p107_28">
               <cell/>
               <cell>To cash lent at Hodges 12/</cell>
               <cell><measure commodity="currency" quantity="2" unit="dollars">2</measure></cell>
               <cell><measure commodity="currency" quantity="00" unit="cents">00</measure></cell>
               <cell/>
               <cell/>
            </row>
            <row xml:id="p108_29">
               <cell/>
               <cell/>
               <cell/>
               <cell/>
               <cell/>
               <cell/>
            </row>
            <row xml:id="p108_30">
               <cell>399</cell>
               <cell><name type="person" ref="pers_WCDH134">Asa M. Adams</name>
                  <choice rend="align(right)">
                     <abbr>D</abbr>
                     <expan>Debtor</expan>
                  </choice></cell>
               <cell/>
               <cell/>
               <cell/>
               <cell/>
            </row>
            <row xml:id="p108_31">
               <cell></cell>
               <cell>Do 1/2 peak lime 9</cell>
               <cell/>
               <cell><measure commodity="currency" quantity="13" unit="cents">13</measure></cell>
               <cell/>
               <cell/>
            </row>
            <row xml:id="p108_32">
               <cell></cell>
               <cell><date when="1832-09-22">22</date></cell>
               <cell></cell>
               <cell></cell>
               <cell/>
               <cell/>
            </row>
            <row xml:id="p108_33">
               <cell>393</cell>
               <cell><name type="person" ref="pers_WCDH118">Wheaton Wheeler</name>
                  <choice rend="align(right)">
                     <abbr>Cr</abbr>
                     <expan>credit</expan>
                  </choice></cell>
               <cell/>
               <cell/>
               <cell/>
               <cell/>
            </row>
            <row xml:id="p108_34">
               <cell></cell>
               <cell>By three x half days this week 42</cell>
               <cell><measure commodity="currency" quantity="1" unit="dollars">1</measure></cell>
               <cell><measure commodity="currency" quantity="47" unit="cents">47</measure></cell>
               <cell/>
               <cell/>
            </row>
            <row xml:id="p108_35">
               <cell/>
               <cell><choice rend="align(right)">
                     <abbr>D</abbr>
                     <expan>Debtor</expan>
                  </choice></cell>
               <cell/>
               <cell/>
               <cell/>
               <cell/>
            </row>
            <row xml:id="p108_36">
               <cell>393</cell>
               <cell>To <measure commodity="beef" quantity="6.5" unit="pounds">6 1/2lbs salt beef</measure> 6x</cell>
               <cell/>
               <cell><measure commodity="currency" quantity="39" unit="cents">39</measure></cell>
               <cell/>
               <cell/>
            </row>
            <row xml:id="p108_37">
               <cell>Settled by diging ditch</cell>
               <cell><name type="person" ref="v">Henry Clement</name>
                  <choice rend="align(right)">
                     <abbr>D</abbr>
                     <expan>Debtor</expan>
                  </choice></cell>
               <cell></cell>
               <cell/>
               <cell/>
               <cell/>
            </row>
            <row xml:id="p108_38">
               <cell/>
               <cell>To cash paid by H. Hodges 12/</cell>
               <cell><measure commodity="currency" quantity="2" unit="dollars">2</measure></cell>
               <cell><measure commodity="currency" quantity="00" unit="cents">00</measure></cell>
               <cell/>
               <cell/>
            </row>
            <row xml:id="p108_39">
               <cell></cell>
               <cell><date when="1832-09-24">24</date></cell>
               <cell/>
               <cell/>
               <cell/>
               <cell/>
            </row>
            <row xml:id="p108_40">
               <cell>Paid</cell>
               <cell><name type="person" ref="v">Alva Willis</name>
                  <choice rend="align(right)">
                     <abbr>D</abbr>
                     <expan>Debtor</expan>
                  </choice></cell>
               <cell></cell>
               <cell></cell>
               <cell/>
               <cell/>
            </row>
            <row xml:id="p108_41">
               <cell/>
               <cell>To a tandem harness 48/</cell>
               <cell>7</cell>
               <cell>00</cell>
               <cell/>
               <cell/>
            </row>
            <row xml:id="p108_42">
               <cell/>
               <cell/>
               <cell/>
               <cell/>
               <cell/>
               <cell/>
            </row>
            <row xml:id="p108_43">
               <cell>109</cell>
               <cell><name type="person" ref="pers_WCDH524">Pliny Puffer</name>
                  <choice rend="align(right)">
                     <abbr>D</abbr>
                     <expan>Debtor</expan>
                  </choice></cell>
               <cell/>
               <cell/>
               <cell/>
               <cell/>
            </row>
            <row xml:id="p108_44">
               <cell/>
               <cell>To short pay for a note Dry &amp; Hunt &amp;c. vs yourself</cell>
               <cell></cell>
               <cell><measure commodity="currency" quantity="31" unit="cents">31</measure></cell>
               <cell/>
               <cell/>
            </row>
            <row xml:id="p108_45">
               <cell/>
               <cell>" 7 new Brick</cell>
               <cell></cell>
               <cell><measure commodity="currency" quantity="7" unit="cents">7</measure></cell>
               <cell></cell>
               <cell></cell>
            </row>
            <row xml:id="p108_46">
               <cell/>
               <cell><date when="1832-09-27">27</date></cell>
               <cell></cell>
               <cell></cell>
               <cell/>
               <cell/>
            </row>
            <row xml:id="p108_47">
               <cell>395</cell>
               <cell><name type="person" ref="pers_WCDH126">Thompson Tripp</name>
                  <choice rend="align(right)">
                     <abbr>D</abbr>
                     <expan>Debtor</expan>
                  </choice></cell>
               <cell/>
               <cell/>
               <cell/>
               <cell/>
            </row>
            <row xml:id="p108_48">
               <cell></cell>
               <cell>To cash 36/</cell>
               <cell><measure commodity="currency" quantity="6" unit="dollars">6</measure></cell>
               <cell><measure commodity="currency" quantity="00" unit="cents">00</measure></cell>
               <cell/>
               <cell/>
            </row>
            <row xml:id="p108_49">
               <cell/>
               <cell/>
               <cell/>
               <cell/>
               <cell/>
               <cell/>
            </row>
            <row xml:id="p108_50">
               <cell>396</cell>
               <cell>
                  <name type="person" ref="pers_WCDH484">Samuel Morey</name>
                  <choice rend="align(right)">
                     <abbr>D</abbr>
                     <expan>Debtor</expan>
                  </choice></cell>
               <cell></cell>
               <cell></cell>
               <cell/>
               <cell/>
            </row>
            <row xml:id="p108_51">
               <cell></cell>
               <cell>To cash <measure commodity="currency" quantity="7" unit="dollars">seven dollares</measure></cell>
               <cell><measure commodity="currency" quantity="11" unit="dollars">11</measure></cell>
               <cell><measure commodity="currency" quantity="00" unit="cents">00</measure></cell>
               <cell/>
               <cell/>
            </row>
            <row xml:id="p108_52">
               <cell/>
               <cell/>
               <cell/>
               <cell/>
               <cell/>
               <cell/>
            </row>
            <row xml:id="p108_53">
               <cell>109</cell>
               <cell><name type="person" ref="pers_WCDH524">Pliny Puffer</name>
                  <choice rend="align(right)">
                     <abbr>D</abbr>
                     <expan>Debtor</expan>
                  </choice></cell>
               <cell/>
               <cell/>
               <cell/>
               <cell/>
            </row>
            <row xml:id="p108_54">
               <cell/>
               <cell>To 10ft pine boards<!--?--> 2x</cell>
               <cell></cell>
               <cell><measure commodity="currency" quantity="20" unit="cents">20</measure></cell>
               <cell/>
               <cell/>
            </row>
            <row xml:id="p108_55">
               <cell/>
               <cell><date when="1832-09-29">29</date></cell>
               <cell/>
               <cell/>
               <cell/>
               <cell/>
            </row>
            <row xml:id="p108_56">
               <cell>Settled by diying ditch</cell>
               <cell><name type="person" ref="v">Henry Clement</name>
                  <choice rend="align(right)">
                     <abbr>D</abbr>
                     <expan>Debtor</expan>
                  </choice></cell>
               <cell/>
               <cell/>
               <cell/>
               <cell/>
            </row>
            <row xml:id="p108_57">
               <cell/>
               <cell>To order for Hodges 3/</cell>
               <cell></cell>
               <cell><measure commodity="currency" quantity="50" unit="cents">50</measure></cell>
               <cell/>
               <cell/>
            </row>
            <row xml:id="p108_58">
               <cell/>
               <cell/>
               <cell/>
               <cell/>
               <cell/>
               <cell/>
            </row>
            <row xml:id="p108_59">
               <cell>393</cell>
               <cell><name type="person" ref="pers_WCDH118">Wheaton Wheeler</name>
                  <choice rend="align(right)">
                     <abbr>Cr</abbr>
                     <expan>credit</expan>
                  </choice></cell>
               <cell/>
               <cell/>
               <cell/>
               <cell/>
            </row>
            <row xml:id="p108_60">
               <cell></cell>
               <cell>By 1/2 days work this week</cell>
               <cell/>
               <cell><measure commodity="currency" quantity="21" unit="cents">21</measure></cell>
               <cell/>
               <cell/>
            </row>
            <row xml:id="p108_61">
               <cell/>
               <cell/>
               <cell/>
               <cell/>
               <cell/>
               <cell/>
            </row>
            <row xml:id="p108_62">
               <cell/>
               <cell/>
               <cell/>
               <cell/>
               <cell/>
               <cell/>
            </row>
            <row xml:id="p108_63">
               <cell/>
               <cell/>
               <cell/>
               <cell/>
               <cell/>
               <cell/>
            </row>
            <row xml:id="p108_64">
               <cell/>
               <cell/>
               <cell/>
               <cell/>
               <cell/>
               <cell/>
            </row>
         </table>
            <pb n="109"/>
            <fw type="pageNum">109</fw>
            <table xml:id="p109" cols="6">
               <head>Saturday<date when="1832-10-06">Oct. 6th 1832.</date></head>
            <row xml:id="p109_01">
               <cell/>
               <cell/>
               <cell>$</cell>
               <cell>cts.</cell>
               <cell>$</cell>
               <cell>cts.</cell>
            </row>
               <row xml:id="p109_02">
                  <cell>393</cell>
                  <cell><name type="person" ref="pers_WCDH118">Wheaton Wheeler</name><choice rend="align(right)">
                     <abbr>D</abbr>
                     <expan>Debtor</expan>
                  </choice></cell>
               <cell/>
               <cell/>
              
               <cell/>
               <cell/>
            </row>
            <row xml:id="p109_03">
               <cell/>
               <cell>To <measure commodity="beef" quantity="8.5" unit="pounds">8 1/2lbs beef</measure> 6</cell>
               <cell/>
               <cell><measure commodity="currency" quantity="51" unit="cents">51</measure></cell>
               <cell/>
               <cell></cell>
            </row>
               <row xml:id="p109_04">
               <cell/>
               <cell><choice rend="align(right)">
                     <abbr>Cr</abbr>
                     <expan>credit</expan>
                  </choice></cell>
               <cell/>
               <cell/>
               <cell/>
               <cell/>
            </row>
            <row xml:id="p109_05">
               <cell>393</cell>
               <cell>By two days work this week 42x</cell>
               <cell/>
               <cell><measure commodity="currency" quantity="84" unit="cents">84</measure></cell>
               <cell/>
               <cell/>
            </row>
            <row xml:id="p109_06">
               <cell/>
               <cell><date when="1832-10-08">8</date></cell>
               <cell/>
               <cell/>
               <cell/>
               <cell/>
            </row>
            <row xml:id="p109_07">
               <cell>395</cell>
               <cell><name type="person" ref="pers_WCDH126">Thompson Tripp</name>
                  <choice rend="align(right)">
                     <abbr>D</abbr>
                     <expan>Debtor</expan>
                  </choice></cell>
               <cell/>
               <cell/>
               <cell/>
               <cell/>
            </row>
            <row xml:id="p109_08">
               <cell></cell>
               <cell>To cash pay Dort. Swan thrity dollars </cell>
               <cell><measure commodity="currency" quantity="30" unit="dollars">30</measure></cell>
               <cell><measure commodity="currency" quantity="00" unit="cents">00</measure></cell>
               <cell/>
               <cell/>
            </row>
            <row xml:id="p109_09">
               <cell/>
               <cell><date when="1832-10-08">8</date></cell>
               <cell></cell>
               <cell></cell>
               <cell/>
               <cell/>
            </row>
            <row xml:id="p109_10">
               <cell>396</cell>
               <cell><name type="person" ref="pers_WCDH484">Samuel Morey</name>
                  <choice rend="align(right)">
                     <abbr>D</abbr>
                     <expan>Debtor</expan>
                  </choice></cell>
               <cell/>
               <cell/>
               <cell/>
               <cell/>
            </row>
            <row xml:id="p109_11">
               <cell></cell>
               <cell>To cash <measure commodity="currency" quantity="50" unit="dollars">fifty dollars</measure> <measure commodity="currency" quantity="47" unit="cents">forty seven cents</measure></cell>
               <cell><measure commodity="currency" quantity="50" unit="dollars">50</measure></cell>
               <cell><measure commodity="currency" quantity="47" unit="cents">47</measure></cell>
               <cell/>
               <cell/>
            </row>
               <row xml:id="p109_12">
               <cell/>
               <cell/>
               <cell/>
               <cell/>
               <cell/>
               <cell/>
            </row>
            <row xml:id="p109_13">
               <cell>Settled</cell>
               <cell><name type="person" ref="v">Stage Company</name>
                  <choice rend="align(right)">
                     <abbr>D</abbr>
                     <expan>Debtor</expan>
                  </choice></cell>
               <cell></cell>
               <cell></cell>
               <cell/>
               <cell/>
            </row>
            <row xml:id="p109_14">
               <cell></cell>
               <cell>To cash for corn 3 Bush 88x</cell>
               <cell><measure commodity="currency" quantity="2" unit="dollars">2</measure></cell>
               <cell><measure commodity="currency" quantity="64" unit="cents">64</measure></cell>
               <cell/>
               <cell/>
            </row>
               <row xml:id="p109_15">
               <cell/>
               <cell/>
               <cell/>
               <cell/>
               <cell/>
               <cell/>
            </row>
            <row xml:id="p109_16">
               <cell>109</cell>
               <cell><name type="person" ref="pers_WCDH524">Pliney Puffer</name>
                  <choice rend="align(right)">
                     <abbr>D</abbr>
                     <expan>Debtor</expan>
                  </choice></cell>
               <cell/>
               <cell/>
               <cell/>
               <cell/>
            </row>
            <row xml:id="p109_17">
               <cell/>
               <cell>To rent up to <date when="1832-04-01">April 1st 1832</date></cell>
               <cell><measure commodity="currency" quantity="35" unit="dollars">35</measure></cell>
               <cell><measure commodity="currency" quantity="00" unit="cents">00</measure></cell>
               <cell/>
               <cell/>
            </row>
            <row xml:id="p109_18">
               <cell/>
               <cell><date when="1832-10-10">10</date></cell>
               <cell></cell>
               <cell></cell>
               <cell/>
               <cell/>
            </row>
            <row xml:id="p109_19">
               <cell>393</cell>
               <cell><name type="person" ref="pers_WCDH118">Wheaton Wheeler</name>
                  <choice rend="align(right)">
                     <abbr>D</abbr>
                     <expan>Debtor</expan>
                  </choice></cell>
               <cell/>
               <cell/>
               <cell/>
               <cell/>
            </row>
            <row xml:id="p109_20">
               <cell/>
               <cell>To <measure commodity="corn" quantity="1" unit="peck">1 Peck corn</measure> 6/</cell>
               <cell/>
               <cell/>
               <cell/>
               <cell/>
            </row>
               <row xml:id="p109_21">
               <cell/>
               <cell>" <measure commodity="rye" quantity="1" unit="peck">1 peck rye</measure> 6/</cell>
               <cell></cell>
               <cell><measure commodity="currency" quantity="50" unit="cents">50</measure></cell>
               <cell/>
               <cell/>
            </row>
            <row xml:id="p109_22">
               <cell/>
               <cell><date when="1832-10-13">13</date>  <choice rend="align(right)">
                     <abbr>Cr</abbr>
                     <expan>credit</expan>
                  </choice></cell>
               <cell></cell>
               <cell/>
               <cell></cell>
               <cell></cell>
            </row>
            <row xml:id="p109_23">
               <cell>393</cell>
               <cell>By 1 1/2 days work this week 42</cell>
               <cell/>
               <cell><measure commodity="currency" quantity="63" unit="cents">63</measure></cell>
               <cell/>
               <cell/>
            </row>
            <row xml:id="p109_24">
               <cell>397</cell>
               <cell><name type="person" ref="pers_WCDH599">Richard F. Sweet</name>
                  <choice rend="align(right)">
                     <abbr>D</abbr>
                     <expan>Debtor</expan>
                  </choice></cell>
               <cell/>
               <cell/>
               <cell/>
               <cell/>
            </row>
            <row xml:id="p109_25">
               <cell/>
               <cell>To <measure commodity="lard" quantity="5" unit="pounds">5lbs hogs lard</measure> 11x</cell>
               <cell></cell>
               <cell><measure commodity="currency" quantity="55" unit="cents">55</measure></cell>
               <cell/>
               <cell/>
            </row>
            <row xml:id="p109_26">
               <cell>400</cell>
               <cell><name type="person" ref="pers_WCDH574">Timothy Smith</name>
                  <choice rend="align(right)">
                     <abbr>D</abbr>
                     <expan>Debtor</expan>
                  </choice></cell>
               <cell/>
               <cell/>
               <cell/>
               <cell/>
            </row>
            <row xml:id="p109_27">
               <cell></cell>
               <cell>To <measure commodity="lard" quantity="4.5" unit="pounds">4 1/2 lbs lard</measure> 11x</cell>
               <cell/>
               <cell><measure commodity="currency" quantity="50" unit="cents">50</measure></cell>
               <cell/>
               <cell/>
            </row>
            <row xml:id="p109_28">
               <cell/>
               <cell><date when="1832-11-02">Nov 2</date></cell>
               <cell></cell>
               <cell></cell>
               <cell/>
               <cell/>
            </row>
            <row xml:id="p109_29">
               <cell>393</cell>
               <cell><name type="person" ref="pers_WCDH118">Wheaton Wheeler</name>
                  <choice rend="align(right)">
                     <abbr>Cr</abbr>
                     <expan>credit</expan>
                  </choice></cell>
               <cell/>
               <cell/>
               <cell/>
               <cell/>
            </row>
            <row xml:id="p109_30">
               <cell></cell>
               <cell>By 1 days work</cell>
               <cell/>
               <cell><measure commodity="currency" quantity="42" unit="cents">42</measure></cell>
               <cell/>
               <cell/>
            </row>
            <row xml:id="p109_31">
               <cell/>
               <cell><date when="1832-12-03">3</date></cell>
               <cell></cell>
               <cell></cell>
               <cell/>
               <cell/>
            </row>
            <row xml:id="p109_32">
               <cell>393</cell>
               <cell><name type="person" ref="pers_WCDH118">Wheaton Wheeler</name><choice rend="align(right)">
                     <abbr>Cr</abbr>
                     <expan>credit</expan>
                  </choice></cell>
               <cell/>
               <cell/>
               <cell/>
               <cell/>
            </row>
            <row xml:id="p109_33">
               <cell></cell>
               <cell>Pay 1 days work</cell>
               <cell/>
               <cell><measure commodity="currency" quantity="42" unit="cents">42</measure></cell>
               <cell/>
               <cell/>
            </row>
               <row xml:id="p109_34">
               <cell/>
               <cell/>
               <cell/>
               <cell/>
               <cell/>
               <cell/>
            </row>
            <row xml:id="p109_35">
               <cell/>
               <cell><date when="1832-12-04">4</date></cell>
               <cell></cell>
               <cell></cell>
               <cell/>
               <cell/>
            </row>
            <row xml:id="p109_36">
               <cell>393</cell>
               <cell><name type="person" ref="pers_WCDH118">Wheaton Wheeler</name>
                  <choice rend="align(right)">
                     <abbr>Dr</abbr>
                     <expan>credit</expan>
                  </choice></cell>
               <cell/>
               <cell/>
               <cell/>
               <cell/>
            </row>
            <row xml:id="p109_37">
               <cell>Do <measure commodity="corn" quantity="1" unit="peck">1 peck corn</measure></cell>
               <cell/>
               <cell><measure commodity="currency" quantity="25" unit="cents">25</measure></cell>
               <cell/>
               <cell/>
               <cell/>
            </row>
            <row xml:id="p109_38">
               <cell/>
               <cell>" <measure commodity="rye" quantity="1" unit="peck">1 " rye</measure> </cell>
               <cell/>
               <cell><measure commodity="currency" quantity="25" unit="cents">25</measure></cell>
               <cell/>
               <cell><measure commodity="currency" quantity="50" unit="cents">50</measure></cell>
            </row>
            <row xml:id="p109_39">
               <cell>393</cell>
               <cell>By 1 days work 42x <choice rend="align(right)">
                     <abbr>Cr</abbr>
                     <expan>credit</expan>
                  </choice></cell>
               <cell/>
               <cell></cell>
               <cell/>
               <cell></cell>
            </row>
            <row xml:id="p109_40">
               <cell/>
               <cell>9 x 10 2days 42x</cell>
               <cell><measure commodity="currency" quantity="1" unit="dollars">1</measure></cell>
               <cell><measure commodity="curerncy" quantity="26" unit="cents">26</measure></cell>
               <cell/>
               <cell/>
            </row>
               <row xml:id="p109_41">
               <cell/>
               <cell><choice rend="align(right)">
                     <abbr>D</abbr>
                     <expan>Debtor</expan>
                  </choice></cell>
               <cell/>
               <cell/>
               <cell/>
               <cell/>
            </row>
            <row xml:id="p109_42">
               <cell>393</cell>
               <cell>To <measure commodity="beef" quantity="5.25" unit="pounds">5 1/4lbs beef</measure> 6</cell>
               <cell/>
               <cell><measure commodity="currency" quantity="33" unit="cents">33</measure></cell>
               <cell/>
               <cell/>
            </row>
               <row xml:id="p109_43">
               <cell/>
               <cell/>
               <cell/>
               <cell/>
               <cell/>
               <cell/>
            </row>
               <row xml:id="p109_444">
               <cell/>
               <cell><date when="1832-11-14">November 14th</date></cell>
               <cell/>
               <cell/>
               <cell/>
               <cell/>
            </row>
              
            <row xml:id="p109_45">
               <cell>96</cell>
               <cell><name type="person" ref="pers_WCDH302">Phillis frazier</name>
                  <choice rend="align(right)">
                     <abbr>D</abbr>
                     <expan>Debtor</expan>
                  </choice></cell>
               <cell/>
               <cell></cell>
               <cell/>
               <cell/>
            </row>
            <row xml:id="p109_46">
               <cell/>
               <cell>Phillis Frazier by work from <choice rend="align(right)">
                     <abbr>Cr</abbr>
                     <expan>credit</expan>
                  </choice></cell>
               <cell/>
               <cell/>
               <cell/>
               <cell/>
            </row>
            <row xml:id="p109_47">
               <cell></cell>
               <cell>this date</cell>
               <cell/>
               <cell/>
               <cell/>
               <cell/>
            </row>
               <row xml:id="p109_48">
               <cell/>
               <cell/>
               <cell/>
               <cell/>
               <cell/>
               <cell/>
            </row>
            <row xml:id="p109_49">
               <cell>395</cell>
               <cell><name type="person" ref="pers_WCDH126">Thompson Tripp</name>
                  <choice rend="align(right)">
                     <abbr>D</abbr>
                     <expan>Debtor</expan>
                  </choice></cell>
               <cell></cell>
               <cell></cell>
               <cell/>
               <cell/>
            </row>
            <row xml:id="p109_50">
               <cell/>
               <cell>To cash 6/</cell>
               <cell><measure commodity="currency" quantity="1" unit="dollars">1</measure></cell>
               <cell><measure commodity="currency" quantity="00" unit="cents">00</measure></cell>
               <cell/>
               <cell/>
            </row>
            <row xml:id="p109_51">
               <cell></cell>
               <cell><date when="1832-11-20">20</date></cell>
               <cell/>
               <cell/>
               <cell/>
               <cell/>
            </row>
            <row xml:id="p109_52">
               <cell>393</cell>
               <cell><name type="person" ref="pers_WCDH118">Wheaton Wheeler</name>
                  <choice rend="align(right)">
                     <abbr>Dr</abbr>
                     <expan>Debtor</expan>
                  </choice></cell>
               <cell/>
               <cell></cell>
               <cell/>
               <cell/>
            </row>
            <row xml:id="p109_53">
               <cell/>
               <cell>To <measure commodity="beef" quantity="7" unit="pounds">7 lbs salt beef</measure> 6</cell><cell/>
               <cell><measure commodity="currency" quantity="42" unit="cents">42</measure></cell>
               <cell/>
               <cell/>
            </row>
               <row xml:id="p109_54">
               <cell/>
               <cell><choice rend="align(right)">
                     <abbr>Cr</abbr>
                     <expan>credit</expan>
                  </choice></cell>
               <cell/>
               <cell/>
               <cell/>
               <cell/>
            </row>
            <row xml:id="p109_55">
               <cell>393</cell>
               <cell>By one day last week, me this 42x</cell>
               <cell/>
               <cell><measure commodity="currency" quantity="84" unit="cents">84</measure></cell>
               <cell/>
               <cell/>
            </row>
               <row xml:id="p109_56">
               <cell/>
               <cell/>
               <cell/>
               <cell/>
               <cell/>
               <cell/>
            </row>
            <row xml:id="p109_57">
               <cell>Settled</cell>
               <cell><name type="person" ref="pers_WCDH699">Samuel Wigley</name>
                  <choice rend="align(right)">
                     <abbr>Cr</abbr>
                     <expan>credit</expan>
                  </choice></cell>
               <cell/>
               <cell/>
               <cell/>
               <cell/>
            </row>
            <row xml:id="p109_58">
               <cell/>
               <cell>By carrying lard x M. Biden to Boston</cell>
               <cell></cell>
               <cell></cell>
               <cell/>
               <cell/>
            </row>
            <row xml:id="p109_59">
               <cell/>
               <cell><date when="1832-11-24">24</date></cell>
               <cell/>
               <cell/>
               <cell/>
               <cell/>
            </row>
            <row xml:id="p109_60">
               <cell>Settled</cell>
               <cell><name type="person" ref="pers_WCDH563">Henry Smith</name>
                  <choice rend="align(right)">
                     <abbr>D</abbr>
                     <expan>Debtor</expan>
                  </choice></cell>
               <cell/>
               <cell/>
               <cell/>
               <cell/>
            </row>
            <row xml:id="p109_61">
               <cell/>
               <cell>To cash <measure commodity="currency" quantity="7" unit="dollars">seven dollars</measure></cell>
               <cell><measure commodity="currency" quantity="7" unit="dollars">7</measure></cell>
               <cell><measure commodity="currency" quantity="00" unit="cents">00</measure></cell>
               <cell/>
               <cell/>
            </row>
            <row xml:id="p109_62">
               <cell/>
               <cell>*<name type="person" ref="pers_WCDH118">Wheaton Wheeler above</name>
                  <choice rend="align(right)">
                     <abbr>Cr</abbr>
                     <expan>credit</expan>
                  </choice></cell>
               <cell></cell>
               <cell></cell>
               <cell></cell>
               <cell></cell>
            </row>
            <row xml:id="p109_63">
               <cell/>
               <cell>*By one day this week 2/6</cell>
               <cell/>
               <cell><measure commodity="currency" quantity="42" unit="cents">42</measure></cell>
               <cell/>
               <cell/>
            </row>
            <row xml:id="p109_64">
               <cell/>
               <cell></cell>
               <cell/>
               <cell/>
               <cell/>
               <cell/>
            </row>
         </table>
       </body>
   </text>
</TEI>
