<TEI xmlns="http://www.tei-c.org/ns/1.0">
   <teiHeader>
      <fileDesc>
         <titleStmt>
            <title>LMW Day Book, pp. 100-149</title>
            <author>L.M. Wheaton</author>
         </titleStmt>
         <publicationStmt>
            <p>Transcribed by Sahilia Ramirez Summer 2016, Wheaton College</p>
         </publicationStmt>
         <sourceDesc>
            <biblFull>
               <titleStmt>
                  <title>Account Books, pp.100-149</title>
                  <author>L.M. Wheaton</author>
                  <respStmt>
                     <resp> TEI-compatible XML markup by <name type="person">Sahilia Ramirez</name>
                        with corrections by <name type="person">Name</name>, <name
                           type="person">Name</name>, and <name type="person">Name</name>.</resp>
                     <name type="person">Name</name>
                  </respStmt>
               </titleStmt>
               <publicationStmt>
                  <p>Transcribed by Sahilia Ramirez summer 2016, Wheaton College</p>
               </publicationStmt>
               <sourceDesc>
                  <p> From the Marion B. Gebbie Archives and Special Collections at the Madeleine
                     Clark Wallace Library, Wheaton College </p>
               </sourceDesc>
            </biblFull>
         </sourceDesc>
      </fileDesc>
   </teiHeader>
   <text>
      <body>
         <pb n="110"/>
         <fw type="pageNum">110</fw>
         <table xml:id="p110" cols="6">
            <head>Saturday<date when="1832-11-24">November 24th 1832</date></head>
            <row xml:id="p110_01">
               <cell>394</cell>
               <cell><name type="person" ref="pers_WCDH565">John Smith</name>
                  <choice rend="align(right)">
                     <abbr>D</abbr>
                     <expan>Debtor</expan>
                  </choice></cell>
               <cell/>
               <cell/>
               <cell/>
               <cell/>
            </row>
            <row xml:id="p110_02">
               <cell></cell>
               <cell>To chaise to Taunton 8 mls. 6d</cell>
               <cell></cell>
               <cell><measure commodity="currency" quantity="67" unit="cents">67</measure></cell>
               <cell/>
               <cell/>
            </row>
            <row xml:id="p110_03">
               <cell></cell>
               <cell>" Paying hodges for ham 1/6</cell>
               <cell></cell>
               <cell><measure commodity="currency" quantity="25" unit="cents">25</measure></cell>
               <cell></cell>
               <cell><measure commodity="currency" quantity="92" unit="cents">92</measure></cell>
            </row>
            <row xml:id="p110_04">
               <cell/>
               <cell/>
               <cell/>
               <cell/>
               <cell/>
               <cell/>
            </row>
            <row xml:id="p110_05">
               <cell/>
               <cell><date when="1832-12-01">Dec. 1st 1832</date></cell>
               <cell/>
               <cell/>
               <cell/>
               <cell/>
            </row>
        
            <row xml:id="p110_06">
               <cell>393</cell>
               <cell>
                  <name type="person" ref="pers_WCDH118">Wheaton Wheeler</name>
                  <choice rend="align(right)">
                     <abbr>Cr</abbr>
                     <expan>credit</expan>
                  </choice>
               </cell>
               <cell/>
               <cell/>
               <cell/>
               <cell/>
            </row>
            <row xml:id="p110_07">
               <cell/>
               <cell>By two days work this week 2/6</cell>
               <cell></cell>
               <cell><measure commodity="currency" quantity="84" unit="cents">84</measure></cell>
               <cell/>
               <cell/>
            </row>
            <row xml:id="p110_08">
               <cell/>
               <cell><date when="1832-12-03">3</date></cell>
               <cell></cell>
               <cell/>
               <cell></cell>
               <cell></cell>
            </row>
            <row xml:id="p110_09">
               <cell>393</cell>
               <cell><name type="person" ref="pers_WCDH118">Wheaton Wheeler</name>
                  <choice rend="align(right)">
                     <abbr>D</abbr>
                     <expan>Debtor</expan>
                  </choice></cell>
               <cell/>
               <cell/>
               <cell/>
               <cell/>
            </row>
            <row xml:id="p110_10">
               <cell></cell>
               <cell>To <measure commodity="corn" quantity="1" unit="peck">1 peek corn</measure> 1 Rye $108 buck</cell>
               <cell/>
               <cell><measure commodity="currency" quantity="56" unit="cents">56</measure></cell>
               <cell/>
               <cell/>
            </row>
            <row xml:id="p110_11">
               <cell/>
               <cell/>
               <cell/>
               <cell/>
               <cell/>
               <cell/>
            </row>
            <row xml:id="p110_12">
               <cell>chd. on other page</cell>
               <cell><name type="person" ref="pers_WCDH524">Pliney Puffer</name>
                  <choice rend="align(right)">
                     <abbr>D</abbr>
                     <expan>Debtor</expan>
                  </choice></cell>
               <cell></cell>
               <cell></cell>
               <cell/>
               <cell/>
            </row>
            <row xml:id="p109_13">
               <cell/>
               <cell>To rent up to <date when="1832-04-01">April 1st 1832</date></cell>
               <cell><measure commodity="currency" quantity="35" unit="dollars">$35</measure></cell>
               <cell><measure commodity="currency" quantity="00" unit="cents">00</measure></cell>
               <cell/>
               <cell/>
            </row>
            <row xml:id="p110_14">
               <cell></cell>
               <cell><date when="1832-12-04">4</date></cell>
               <cell/>
               <cell/>
               <cell/>
               <cell/>
            </row>
            <row xml:id="p110_15">
               <cell>396</cell>
               <cell><name type="person" ref="pers_WCDH484">Samuel Morey</name>
                  <choice rend="align(right)">
                     <abbr>D</abbr>
                     <expan>Debtor</expan>
                  </choice></cell>
               <cell></cell>
               <cell></cell>
               <cell/>
               <cell/>
            </row>
            <row xml:id="p110_16">
               <cell/>
               <cell>To cash lent 30/</cell>
               <cell><measure commodity="currency" quantity="5" unit="dollars">5</measure></cell>
               <cell><measure commodity="currency" quantity="00" unit="cents">00</measure></cell>
               <cell/>
               <cell/>
            </row>
            <row xml:id="p110_17">
               <cell></cell>
               <cell><date when="1832-12-05">5</date></cell>
               <cell/>
               <cell/>
               <cell/>
               <cell/>
            </row>
            <row xml:id="p110_18">
               <cell>Settled</cell>
               <cell><name type="person" ref="pers_WCDH700">Samuel Wrigley</name>
                  <choice rend="align(right)">
                     <abbr>D</abbr>
                     <expan>Debtor</expan>
                  </choice></cell>
               <cell></cell>
               <cell></cell>
               <cell/>
               <cell/>
            </row>
            <row xml:id="p110_19">
               <cell/>
               <cell>To <measure commodity="lumber" quantity="28" unit="feet">28ft pine boards</measure> 1 1/2 cts pr ft.</cell>
               <cell/>
               <cell><measure commodity="currency" quantity="42" unit="cents">42</measure></cell>
               <cell/>
               <cell/>
            </row>
            <row xml:id="p110_20">
               <cell></cell>
               <cell><date when="1832-12-11">11</date></cell>
               <cell/>
               <cell/>
               <cell/>
               <cell/>
            </row>
            <row xml:id="p110_21">
               <cell>394</cell>
               <cell><name type="person" ref="pers_WCDH565">John Smith</name>
                  <choice rend="align(right)">
                     <abbr>Cr</abbr>
                     <expan>credit</expan>
                  </choice></cell>
               <cell></cell>
               <cell></cell>
               <cell/>
               <cell/>
            </row>
            <row xml:id="p110_22">
               <cell/>
               <cell>By <measure commodity="beef" quantity="106" unit="pounds">106lbs beef</measure> 4x</cell>
               <cell><measure commodity="currency" quantity="4" unit="dollars">4</measure></cell>
               <cell><measure commodity="currency" quantity="24" unit="cents">24</measure></cell>
               <cell/>
               <cell/>
            </row>
            <row xml:id="p110_23">
               <cell></cell>
               <cell>" <measure commodity="hide" quantity="68" unit="pounds">hide 68 lbs</measure> -5 1/4x</cell>
               <cell><measure commodity="currency" quantity="3" unit="dollars">3</measure></cell>
               <cell><measure commodity="currency" quantity="74" unit="cents">74</measure></cell>
               <cell><measure commodity="currency" quantity="7" unit="dollars">7</measure></cell>
               <cell><measure commodity="currency" quantity="98" unit="dollars">98</measure></cell>
            </row>
            <row xml:id="p110_24">
               <cell/>
               <cell/>
               <cell/>
               <cell/>
               <cell/>
               <cell/>
            </row>
            <row xml:id="p110_25">
               <cell>113</cell>
               <cell><name type="person" ref="pers_WCDH572">Seth Smith</name>
                  <choice rend="align(right)">
                     <abbr>Cr</abbr>
                     <expan>credit</expan>
                  </choice></cell>
               <cell/>
               <cell></cell>
               <cell/>
               <cell/>
            </row>
            <row xml:id="p110_26">
               <cell/>
               <cell>By helping kill hogs</cell>
               <cell/>
               <cell></cell>
               <cell/>
               <cell></cell>
            </row>
            <row xml:id="p110_27">
               <cell/>
               <cell/>
               <cell/>
               <cell/>
               <cell/>
               <cell/>
            </row>
            <row xml:id="p110_28">
               <cell>152</cell>
               <cell><name type="person" ref="pers_WCDH402">Phillip B. King</name>
                  <choice rend="align(right)">
                     <abbr>Cr</abbr>
                     <expan>credit</expan>
                  </choice></cell>
               <cell/>
               <cell/>
               <cell/>
               <cell/>
            </row>
            <row xml:id="p110_29">
               <cell></cell>
               <cell>By helping kill hogs geese x two days</cell>
               <cell/>
               <cell/>
               <cell/>
               <cell/>
            </row>
            <row xml:id="p110_30">
               <cell/>
               <cell><date when="1832-12-14">14</date></cell>
               <cell/>
               <cell></cell>
               <cell/>
               <cell/>
            </row>
            <row xml:id="p110_31">
               <cell>396</cell>
               <cell><name type="person" ref="pers_WCDH484">Samuel Morey</name>
                  <choice rend="align(right)">
                     <abbr>Dr</abbr>
                     <expan>Debtor</expan>
                  </choice></cell>
               <cell/>
               <cell/>
               <cell/>
               <cell/>
            </row>
            <row xml:id="p110_32">
               <cell></cell>
               <cell>To <measure commodity="wood" quantity="6" unit="feet">6ft. benches wood</measure> $4.00</cell>
               <cell><measure commodity="currency" quantity="3" unit="dollars">3</measure></cell>
               <cell><measure commodity="currency" quantity="13" unit="cents">13</measure></cell>
               <cell/>
               <cell/>
            </row>
            <row xml:id="p110_33">
               <cell/>
               <cell><date when="1832-12-15">15</date></cell>
               <cell></cell>
               <cell></cell>
               <cell/>
               <cell/>
            </row>
            <row xml:id="p110_34">
               <cell>393</cell>
               <cell><name type="person" ref="pers_WCDH118">Wheaton Wheeler</name>
                  <choice rend="align(right)">
                     <abbr>Dr</abbr>
                     <expan>Debtor</expan>
                  </choice></cell>
               <cell/>
               <cell/>
               <cell/>
               <cell/>
            </row>
            <row xml:id="p110_35">
               <cell></cell>
               <cell>To <measure commodity="beef" quantity="8.75" unit="pounds">8lbs 3/4 salt beef</measure> 6x</cell>
               <cell/>
               <cell><measure commodity="currency" quantity="52" unit="cents">52</measure></cell>
               <cell/>
               <cell/>
            </row>
            <row xml:id="p110_36">
               <cell/>
               <cell><choice rend="align(right)">
                     <abbr>Cr</abbr>
                     <expan>credit</expan>
                  </choice></cell>
               <cell/>
               <cell/>
               <cell/>
               <cell/>
            </row>
            <row xml:id="p110_37">
               <cell>393</cell>
               <cell>By two days work 2/6</cell>
               <cell/>
               <cell><measure commodity="currency" quantity="84" unit="cents">84</measure></cell>
               <cell/>
               <cell/>
            </row>
            <row xml:id="p110_38">
               <cell/>
               <cell/>
               <cell/>
               <cell/>
               <cell/>
               <cell/>
            </row>
            <row xml:id="p110_39">
               <cell>394</cell>
               <cell><name type="person" ref="pers_WCDH565">John Smith</name>
                  <choice rend="align(right)">
                     <abbr>Cr</abbr>
                     <expan>credit</expan>
                  </choice></cell><cell/>
               <cell></cell>
               <cell/>
               <cell/>
            </row>
            <row xml:id="p110_40">
               <cell/>
               <cell>By beef dlvd Wrigley</cell>
               <cell><measure commodity="currency" quantity="3" unit="dollars">3</measure></cell>
               <cell><measure commodity="currency" quantity="44" unit="cents">44</measure></cell>
               <cell/>
               <cell/>
            </row>
            <row xml:id="p110_41">
               <cell/>
               <cell/>
               <cell/>
               <cell/>
               <cell/>
               <cell/>
            </row>
            <row xml:id="p110_42">
               <cell>Settled</cell>
               <cell><name type="person" ref="pers_WCDH700">Samuel Wrigley</name>
                  <choice rend="align(right)">
                     <abbr>D</abbr>
                     <expan>Debtor</expan>
                  </choice></cell>
               <cell/>
               <cell/>
               <cell/>
               <cell/>
            </row>
            <row xml:id="p110_43">
               <cell/>
               <cell>To cash lent</cell>
               <cell><measure commodity="currency" quantity="3" unit="dollars">3</measure></cell>
               <cell><measure commodity="currency" quantity="00" unit="cents">00</measure></cell>
               <cell/>
               <cell/>
            </row>
            <row xml:id="p110_44">
               <cell/>
               <cell><date when="1832-12-17">17</date></cell>
               <cell/>
               <cell/>
               <cell/>
               <cell/>
            </row>
            <row xml:id="p110_45">
               <cell>394</cell>
               <cell><name type="person" ref="pers_WCDH565">John Smith</name>
                  <choice rend="align(right)">
                     <abbr>D</abbr>
                     <expan>Debtor</expan>
                  </choice></cell>
               <cell/>
               <cell/>
               <cell/>
               <cell/>
            </row>
            <row xml:id="p110_46">
               <cell/>
               <cell>To chaise to Taunton 6</cell>
               <cell/>
               <cell><measure commodity="currency" quantity="67" unit="cents">67</measure></cell>
               <cell/>
               <cell/>
            </row>
            <row xml:id="p110_47">
               <cell></cell>
               <cell><date when="1832-12-18">18</date></cell>
               <cell/>
               <cell/>
               <cell/>
               <cell/>
            </row>
            <row xml:id="p110_48">
               <cell>89</cell>
               <cell><name type="person" ref="pers_WCDH409">William Knowles</name>
                  <choice rend="align(right)">
                     <abbr>Dr</abbr>
                     <expan>Debtor</expan>
                  </choice></cell>
               <cell></cell>
               <cell></cell>
               <cell/>
               <cell/>
            </row>
            <row xml:id="p110_49">
               <cell/>
               <cell>To <measure commodity="beef" quantity="99" unit="pounds">ninety nine lbs Beef</measure> $5.00</cell>
               <cell><measure commodity="currency" quantity="4" unit="dollars">4</measure></cell>
               <cell><measure commodity="currency" quantity="95" unit="cents">95</measure></cell>
               <cell/>
               <cell/>
            </row>
            <row xml:id="p110_50">
               <cell></cell>
               <cell><date when="1832-12-20">20</date></cell>
               <cell/>
               <cell/>
               <cell/>
               <cell/>
            </row>
            <row xml:id="p110_51">
               <cell>396</cell>
               <cell><name type="person" ref="pers_WCDH484">Samuel Morey</name>
                  <choice rend="align(right)">
                     <abbr>D</abbr>
                     <expan>Debtor</expan>
                  </choice></cell>
               <cell></cell>
               <cell></cell>
               <cell/>
               <cell/>
            </row>
            <row xml:id="p110_52">
               <cell/>
               <cell>To cash lent ten dollars</cell>
               <cell><measure commodity="currency" quantity="10" unit="dollars">10</measure></cell>
               <cell><measure commodity="currency" quantity="00" unit="cents">00</measure></cell>
               <cell/>
               <cell/>
            </row>
            <row>
               <cell/>
               <cell/>
               <cell/>
               <cell/>
               <cell/>
               <cell/>
            </row>
            <row xml:id="p110_53">
               <cell>393</cell>
               <cell><name type="person" ref="pers_WCDH118">Wheaton wheeler</name>
                  <choice rend="align(right)">
                     <abbr>Dr</abbr>
                     <expan>Debtor</expan>
                  </choice></cell>
               <cell/>
               <cell/>
               <cell/>
               <cell/>
            </row>
            <row xml:id="p110_54">
               <cell/>
               <cell>To <measure commodity="grain" quantity=".5" unit="bushels">1/2 Bush grain</measure> 6/9</cell>
               <cell></cell>
               <cell><measure commodity="currency" quantity="56" unit="cents">56</measure></cell>
               <cell/>
               <cell/>
            </row>
            <row xml:id="p110_55">
               <cell>393</cell>
               <cell>By 2 1/2 days work this week 2/6</cell>
               <cell/>
               <cell><measure commodity="currency" quantity="84" unit="cents">84</measure></cell>
               <cell/>
               <cell/>
            </row>
            <row xml:id="p110_56">
               <cell></cell>
               <cell><date when="1832-12-24">24</date></cell>
               <cell/>
               <cell/>
               <cell/>
               <cell/>
            </row>
            <row xml:id="p110_57">
               <cell>393</cell>
               <cell><name type="person" ref="pers_WCDH118">Wheaton Wheeler</name>
                  <choice rend="align(right)">
                     <abbr>D</abbr>
                     <expan>Debtor</expan>
                  </choice></cell>
               <cell/>
               <cell></cell>
               <cell/>
               <cell/>
            </row>
            <row xml:id="p110_58">
               <cell/>
               <cell>To <measure commodity="beef" quantity="11.5" unit="pounds">11 1/2 lbs Beef</measure> 6x</cell>
               <cell/>
               <cell><measure commodity="currency" quantity="69" unit="cents">69</measure></cell>
               <cell/>
               <cell></cell>
            </row>
            <row xml:id="p110_59">
               <cell/>
               <cell><date when="1832-12-27">27</date></cell>
               <cell/>
               <cell/>
               <cell/>
               <cell/>
            </row>
            <row xml:id="p110_60">
               <cell/>
               <cell><choice rend="align(right)">
                     <abbr>Cr</abbr>
                     <expan>credit</expan>
                  </choice></cell>
               <cell/>
               <cell/>
               <cell/>
               <cell/>
            </row>
            <row xml:id="p110_61">
               <cell>393</cell>
               <cell>By two days work 2/6</cell>
               <cell/>
               <cell><measure commodity="currency" quantity="84" unit="cents">84</measure></cell>
               <cell/>
               <cell/>
            </row>
            <row xml:id="p110_62">
               <cell/>
               <cell/>
               <cell/>
               <cell/>
               <cell/>
               <cell/>
            </row>
            <row xml:id="p110_63">
               <cell>96</cell>
               <cell><name type="person" ref="pers_WCDH302">Phillis Frazier</name>
                  <choice rend="align(right)">
                     <abbr>D</abbr>
                     <expan>Debtor</expan>
                  </choice></cell>
               <cell/>
               <cell/>
               <cell/>
               <cell/>
            </row>
            <row xml:id="p110_64">
               <cell></cell>
               <cell>To 1 pair cotton hose 3/</cell>
               <cell/>
               <cell><measure commodity="currency" quantity="50" unit="cents">50</measure></cell>
               <cell/>
               <cell/>
            </row>
            
         </table>
         <pb n="111"/>
         <fw type="pageNum">111</fw>
         <table xml:id="p111" cols="6">
            <head>Friday <date when="1832-12-28">December 28th 1832</date></head>
            <row xml:id="p111_01">
               <cell></cell><cell/>
               <cell>$</cell>
               <cell>cts.</cell>
               <cell>$</cell>
               <cell>cts.</cell>
        
            </row>
            <row xml:id="p111_02">
               <cell>395</cell>
               <cell><name type="person" ref="pers_WCDH621">Thompson Tripp</name><choice rend="align(right)">
                     <abbr>D</abbr>
                     <expan>Debtor</expan>
                  </choice></cell>
               <cell/>
               <cell/>
               <cell/>
               <cell/>
            </row>
            <row xml:id="p111_03">
               <cell/>
               <cell>To cash 6/</cell>
               <cell><measure commodity="currency" quantity="1" unit="dollars">1</measure></cell>
               <cell><measure commodity="currency" quantity="00" unit="cents">00</measure></cell>
               <cell/>
               <cell/>
            </row>
            <row xml:id="p111_04">
               <cell/>
               <cell/>
               <cell/>
               <cell/>
               <cell/>
               <cell/>
            </row>
           
            <row xml:id="p111_05">
               <cell>Settled</cell>
               <cell><name type="person" ref="v">Stage Company</name>
                  <choice rend="align(right)">
                     <abbr>D</abbr>
                     <expan>Debtor</expan>
                  </choice></cell>
               <cell/>
               <cell/>
               <cell/>
               <cell/>
            </row>
            <row xml:id="p111_06">
               <cell/>
               <cell>To cash paid Packand 24/</cell>
               <cell><measure commodity="currency" quantity="4" unit="dollars">4</measure></cell>
               <cell><measure commodity="currency" quantity="00" unit="cents">00</measure></cell>
               <cell/>
               <cell/>
            </row>
            <row xml:id="p111_07">
               <cell/>
               <cell><date when="1833-01-07">January 7th 1833</date></cell>
               <cell/>
               <cell/>
               <cell/>
               <cell/>
            </row>
            <row xml:id="p111_08">
               <cell/>
               <cell/>
               <cell/>
               <cell/>
               <cell/>
               <cell/>
            </row>
        
     
            <row xml:id="p111_09">
               <cell>395</cell>
               <cell>
                  <name type="person" ref="pers_WCDH621">Thompson Tripp</name>
                  <choice rend="align(right)">
                     <abbr>D</abbr>
                     <expan>Debtor</expan>
                  </choice>
               </cell>
               <cell/>
               <cell/>
               <cell/>
               <cell/>
            </row>
            <row xml:id="p111_10">
               <cell/>
               <cell>To umbrella 9/</cell>
               <cell><measure commodity="currency" quantity="1" unit="dollars">1</measure></cell>
               <cell><measure commodity="currency" quantity="50" unit="cents">50</measure></cell>
               <cell/>
               <cell/>
            </row>
            <row>
               <cell/>
               <cell/>
               <cell/>
               <cell/>
               <cell/>
               <cell/>
            </row>
            <row xml:id="p111_11">
               <cell>393</cell>
               <cell>
                  <name type="person" ref="pers_WCDH118"> Wheaton Wheeler</name>
                  <choice rend="align(right)">
                     <abbr>D</abbr>
                     <expan>Debtor</expan>
                  </choice></cell>
               <cell></cell>
               <cell/>
               <cell></cell>
               <cell></cell>
            </row>
            <row xml:id="p111_12">
               <cell/>
               <cell>To <measure commodity="corn" quantity="1" unit="peck">1 peck corn</measure> 6/9</cell>
               <cell/>
               <cell><measure commodity="currency" quantity="28" unit="cents">28</measure></cell>
               <cell/>
               <cell/>
            </row>
            <row xml:id="p111_13">
               <cell/>
               <cell><choice rend="align(right)">
                     <abbr>Cr</abbr>
                     <expan>credit</expan>
                  </choice></cell>
               <cell/>
               <cell/>
               <cell/>
               <cell/>
            </row>
            <row xml:id="p111_14">
               <cell>393</cell>
               <cell>By two days work 2/6</cell>
               <cell/>
               <cell><measure commodity="currency" quantity="84" unit="cents">84</measure></cell>
               <cell/>
               <cell/>
            </row>
            <row xml:id="p111_15">
               <cell/>
               <cell><date when="1832-01-12">12.</date></cell>
               <cell></cell>
               <cell></cell>
               <cell/>
               <cell/>
            </row>
            <row xml:id="p111_16">
               <cell>152</cell>
               <cell>
                  <name type="person" ref="pers_WCDH402">Phillip B. King</name>
                  <choice rend="align(right)">
                     <abbr>D</abbr>
                     <expan>Debtor</expan>
                  </choice></cell>
               <cell/>
               <cell/>
               <cell/>
               <cell/>
            </row>
            <row xml:id="p111_17">
               <cell></cell>
               <cell>To <measure commodity="tallow" quantity="101" unit="pounds">10lbs tallow</measure> 11x</cell>
               <cell><measure commodity="currency" quantity="1" unit="dollars">1</measure></cell>
               <cell><measure commodity="currency" quantity="10" unit="cents">10</measure></cell>
               <cell/>
               <cell/>
            </row>
            <row xml:id="p111_18">
               <cell/>
               <cell/>
               <cell/>
               <cell/>
               <cell/>
               <cell/>
            </row>
            <row xml:id="p111_19">
               <cell>393</cell>
               <cell>
                  <name type="person" ref="pers_WCDH118">Wheaton Wheeler</name>
                  <choice rend="align(right)">
                     <abbr>Cr</abbr>
                     <expan>credit</expan>
                  </choice></cell>
               <cell></cell>
               <cell></cell>
               <cell/>
               <cell/>
            </row>
            <row xml:id="p111_20">
               <cell/>
               <cell>By 1 days work</cell>
               <cell/>
               <cell><measure commodity="currency" quantity="42" unit="cents">42</measure></cell>
               <cell/>
               <cell/>
            </row>
            <row xml:id="p111_21">
               <cell/>
               <cell><choice rend="align(right)">
                     <abbr>D</abbr>
                     <expan>Debtor</expan>
                  </choice></cell>
               <cell/>
               <cell/>
               <cell/>
               <cell/>
            </row>
            <row xml:id="p111_22">
               <cell>393</cell>
               <cell>To use of my cow to <date when="1833-04-01">April 1st 1833</date></cell>
               <cell><measure commodity="currency" quantity="6" unit="dollars">6</measure></cell>
               <cell><measure commodity="currency" quantity="00" unit="cents">00</measure></cell>
               <cell/>
               <cell/>
            </row>
            <row xml:id="p111_23">
               <cell/>
               <cell><date when="1833-01-18">18</date></cell>
               <cell></cell>
               <cell></cell>
               <cell/>
               <cell/>
            </row>
            <row xml:id="p111_24">
               <cell>395</cell>
               <cell>
                  <name type="person" ref="pers_WCDH621">Thompson Tripp</name>
                  <choice rend="align(right)">
                     <abbr>D</abbr>
                     <expan>Debtor</expan>
                  </choice></cell>
               <cell/>
               <cell/>
               <cell/>
               <cell/>
            </row>
            <row xml:id="p111_25">
               <cell></cell>
               <cell>To cash 9/</cell>
               <cell><measure commodity="currency" quantity="1" unit="dollars">1</measure></cell>
               <cell><measure commodity="currency" quantity="50" unit="cents">50</measure></cell>
               <cell/>
               <cell/>
            </row>
            <row xml:id="p111_26">
               <cell/>
               <cell><date when="1833-01-25">25</date></cell>
               <cell></cell>
               <cell></cell>
               <cell/>
               <cell/>
            </row>
            <row xml:id="p111_27">
               <cell>393</cell>
               <cell>
                  <name type="person" ref="pers_WCDH118">Wheaton Wheeler</name>
                  <choice rend="align(right)">
                     <abbr>Cr</abbr>
                     <expan>credit</expan>
                  </choice></cell>
               <cell/>
               <cell/>
               <cell/>
               <cell/>
            </row>
            <row xml:id="p111_28">
               <cell></cell>
               <cell>By three days work this week </cell>
               <cell><measure commodity="currency" quantity="1" unit="dollars">1</measure></cell>
               <cell><measure commodity="currency" quantity="26" unit="cents">26</measure></cell>
               <cell/>
               <cell/>
            </row>
            <row xml:id="p111_29">
               <cell/>
               <cell><choice rend="align(right)">
                     <abbr>D</abbr>
                     <expan>Debtor</expan>
                  </choice></cell>
               <cell/>
               <cell/>
               <cell/>
               <cell/>
            </row>
            <row xml:id="p111_30">
               <cell/>
               <cell>To <measure commodity="grain" quantity=".5" unit="bushels">1/2 Bush Grain</measure> 6/9</cell>
               <cell/>
               <cell><measure commodity="currency" quantity="56" unit="cents">56</measure></cell>
               <cell/>
               <cell/>
            </row>
            <row xml:id="p111_31">
               <cell/>
               <cell/>
               <cell/>
               <cell/>
               <cell/>
               <cell/>
            </row>
            <row xml:id="p111_32">
               <cell>389</cell>
               <cell>
                  <name type="person" ref="pers_WCDH230">Oliver Clapp</name>
                  <choice rend="align(right)">
                     <abbr>D</abbr>
                     <expan>Debtor</expan>
                  </choice></cell>
               <cell/>
               <cell></cell>
               <cell/>
               <cell></cell>
            </row>
            <row xml:id="p111_33">
               <cell/>
               <cell>To cash pay son, for E Wood 60/</cell>
               <cell><measure commodity="currency" quantity="10" unit="dollars">10</measure></cell>
               <cell><measure commodity="currency" quantity="00" unit="cents">00</measure></cell>
               <cell/>
               <cell/>
            </row>
            <row xml:id="p111_34">
               <cell/>
               <cell/>
               <cell/>
               <cell/>
               <cell/>
               <cell/>
            </row>
            <row xml:id="p111_35">
               <cell>Settled</cell>
               <cell> <name type="person" ref="v">Samuel Knapp</name>
                  <choice rend="align(right)">
                     <abbr>DR</abbr>
                     <expan>Debtor</expan>
                  </choice></cell>
               <cell/>
               <cell/>
               <cell/>
               <cell/>
            </row>
            <row xml:id="p111_36">
               <cell/>
               <cell>By two days work with oxen drawing logs</cell>
               <cell/>
               <cell></cell>
               <cell/>
               <cell/>
            </row>
            <row xml:id="p111_37">
               <cell/>
               <cell><date when="1833-01-29">29</date></cell>
               <cell/>
               <cell/>
               <cell/>
               <cell/>
            </row>
            <row xml:id="p111_38">
               <cell>396</cell>
               <cell>
                  <name type="person" ref="pers_WCDH484">Samuel Morey</name>
                  <choice rend="align(right)">
                     <abbr>Cr</abbr>
                     <expan>credit</expan>
                  </choice></cell>
               <cell/>
               <cell/>
               <cell/>
               <cell/>
            </row>
            <row xml:id="p111_39">
               <cell/>
               <cell>To <measure commodity="wood" quantity="8.5" unit="feet">8 1/2ft. wood</measure></cell>
               <cell><measure commodity="currency" quantity="4" unit="dollars">4</measure></cell>
               <cell><measure commodity="currency" quantity="52" unit="cents">52</measure></cell>
               <cell/>
               <cell/>
            </row>
            <row xml:id="p111_40">
               <cell/>
               <cell><date when="1833-02-01">Feby 1d 1833.</date></cell>
               <cell/>
               <cell/>
               <cell/>
               <cell/>
            </row>
            
            <row xml:id="p111_41">
               <cell>395</cell>
               <cell><name type="person" ref="pers_WCDH621">Thompson Tripp</name>
                  <choice rend="align(right)">
                     <abbr>D</abbr>
                     <expan>Debtor</expan>
                  </choice></cell>
               <cell/>
               <cell/>
               <cell/>
               <cell/>
            </row>
            <row xml:id="p111_42">
               <cell></cell>
               <cell>To paying J. W. Crusman <measure commodity="currency" quantity="15" unit="dollars">fifteen Doll.</measure> <measure commodity="currency" quantity="84" unit="cents">eighty four cts</measure> </cell>
               <cell><measure commodity="currency" quantity="15" unit="dollars">15</measure></cell>
               <cell><measure commodity="currency" quantity="84" unit="cents">84</measure></cell>
               <cell/>
               <cell/>
            </row>
            <row xml:id="p111_43">
               <cell/>
               <cell/>
               <cell/>
               <cell/>
               <cell/>
               <cell/>
            </row>
            <row xml:id="p111_44">
               <cell>393</cell>
               <cell><name type="person" ref="pers_WCDH118">Wheaton Wheeler</name>
                  <choice rend="align(right)">
                     <abbr>Cr</abbr>
                     <expan>credit</expan>
                  </choice></cell>
               <cell/>
               <cell></cell>
               <cell/>
               <cell/>
            </row>
            <row xml:id="p111_45">
               <cell/>
               <cell>By 1 1/2 days work this week 2/6</cell><cell/>
               <cell><measure commodity="currency" quantity="63" unit="cents">63</measure></cell>
               <cell/>
               <cell/>
            </row>
            <row xml:id="p111_46">
               <cell/>
               <cell><choice rend="align(right)">
                     <abbr>D</abbr>
                     <expan>Debtor</expan>
                  </choice></cell>
               <cell/>
               <cell/>
               <cell/>
               <cell/>
            </row>
            <row xml:id="p111_47">
               <cell/>
               <cell>To <measure commodity="beef" quantity="9" unit="pounds">9 lbs beef</measure> 10x</cell>
               <cell/>
               <cell><measure commodity="currency" quantity="90" unit="cents">90</measure></cell>
               <cell/>
               <cell/>
            </row>
            <row xml:id="p111_48">
               <cell/>
               <cell/>
               <cell/>
               <cell/>
               <cell/>
               <cell/>
            </row>
            <row xml:id="p111_49">
               <cell>Settled</cell>
               <cell><name type="person" ref="v">Samuel Knapp</name><choice rend="align(right)">
                     <abbr>Cr</abbr>
                     <expan>credit</expan>
                  </choice></cell>
               <cell/>
               <cell/>
               <cell/>
               <cell/>
            </row>
            <row xml:id="p111_50">
               <cell/>
               <cell>By 1 days work with oxen logs</cell>
               <cell></cell>
               <cell></cell>
               <cell/>
               <cell/>
            </row>
            <row xml:id="p111_51">
               <cell/>
               <cell><date when="1833-02-09">9</date></cell>
               <cell/>
               <cell/>
               <cell/>
               <cell/>
            </row>
            <row xml:id="p111_52">
               <cell>393</cell>
               <cell><name type="person" ref="pers_WCDH118">Wheaton Wheeler</name>
                  <choice rend="align(right)">
                     <abbr>Cr</abbr>
                     <expan>credit</expan>
                  </choice></cell>
               <cell/>
               <cell/>
               <cell/>
               <cell/>
            </row>
            <row xml:id="p111_53">
               <cell/>
               <cell>By 3 1/2 days work this week</cell>
               <cell><measure commodity="currency" quantity="1" unit="dollars">1</measure></cell>
               <cell><measure commodity="currency" quantity="47" unit="cents">47</measure></cell>
               <cell/>
               <cell/>
            </row>
            <row xml:id="p111_54">
               <cell/>
               <cell/>
               <cell/>
               <cell/>
               <cell/>
               <cell/>
            </row>
            <row xml:id="p111_55">
               <cell>392</cell>
               <cell><name type="person" ref="pers_WCDH359">Hiram Hodges</name>
                  <choice rend="align(right)">
                     <abbr>DR</abbr>
                     <expan>Debtor</expan>
                  </choice></cell>
               <cell></cell>
               <cell></cell>
               <cell></cell>
               <cell></cell>
            </row>
            <row xml:id="p111_56">
               <cell/>
               <cell>To <measure commodity="butter" quantity="15" unit="pounds">15lbs butter</measure> <measure commodity="butter" quantity="19.5" unit="ounces">19 1/2 ounces</measure></cell>
               <cell><measure commodity="currency" quantity="2" unit="dollars">2</measure></cell>
               <cell><measure commodity="currency" quantity="93" unit="cents">93</measure></cell>
               <cell/>
               <cell/>
            </row>
            <row xml:id="p111_57">
               <cell/>
               <cell><date when="1833-02-11">11.</date></cell>
               <cell/>
               <cell/>
               <cell/>
               <cell/>
            </row>
            <row xml:id="p111_58">
               <cell>393</cell>
               <cell><name type="person" ref="pers_WCDH118">Wheaton Wheeler</name>
                  <choice rend="align(right)">
                     <abbr>DR</abbr>
                     <expan>Debtor</expan>
                  </choice></cell>
               <cell/>
               <cell/>
               <cell/>
               <cell/>
            </row>
            <row xml:id="p111_59">
               <cell/>
               <cell> To <measure commodity="grain" quantity=".5" unit="bushels">1/2 Bush grain</measure> 6/9</cell>
               <cell></cell>
               <cell><measure commodity="currency" quantity="50" unit="cents">50</measure></cell>
               <cell/>
               <cell/>
            </row>
            <row xml:id="p111_60">
               <cell/>
               <cell><date when="1833-02-12">12</date></cell>
               <cell/>
               <cell/>
               <cell/>
               <cell/>
            </row>
            <row xml:id="p111_61">
               <cell>Settled</cell>
               <cell><name type="person" ref="pers_WCDH574">Timothy Smith</name>
                  <choice rend="align(right)">
                     <abbr>DR</abbr>
                     <expan>Debtor</expan>
                  </choice></cell>
               <cell/>
               <cell/>
               <cell/>
               <cell/>
            </row>
            <row xml:id="p111_62">
               <cell/>
               <cell>To <measure commodity="turkey" quantity="15" unit="pounds">15lbs turkey</measure> 10</cell>
               <cell><measure commodity="currency" quantity="1" unit="dollars">1</measure></cell>
               <cell><measure commodity="currency" quantity="50" unit="cents">50</measure></cell>
               <cell/>
               <cell/>
            </row>
            <row xml:id="p111_63">
               <cell/>
               <cell/>
               <cell/>
               <cell/>
               <cell/>
               <cell/>
            </row>
            <row xml:id="p111_64">
               <cell/>
               <cell/>
               <cell/>
               <cell/>
               <cell/>
               <cell/>
            </row>
         </table>
      </body>
   </text>
</TEI>
