<?xml version="1.0" encoding="UTF-8"?>
<?oxygen RNGSchema="http://www.tei-c.org/release/xml/tei/custom/schema/relaxng/tei_all.rng" type="xml"?>
<TEI xmlns="http://www.tei-c.org/ns/1.0">
   <teiHeader>
      <fileDesc>
         <titleStmt>
            <title>LMW Day Book, pp. 100-139</title>
            <author>L.M. Wheaton</author>
         </titleStmt>
         <publicationStmt>
            <p>Transcribed by Sahilia Ramirez Summer 2016, Wheaton College</p>
         </publicationStmt>
         <sourceDesc>
            <biblFull>
               <titleStmt>
                  <title>Account Books, pp.100-139</title>
                  <author>L.M. Wheaton</author>
                  <respStmt>
                     <resp> TEI-compatible XML markup by <name type="person">Sahilia Ramirez</name>
                        with corrections by <name type="person">Name</name>, <name
                           type="person">Name</name>, and <name type="person">Name</name>.</resp>
                     <name type="person">Name</name>
                  </respStmt>
               </titleStmt>
               <publicationStmt>
                  <p>Transcribed by Sahilia Ramirez Summer 2016, Wheaton College</p>
               </publicationStmt>
               <sourceDesc>
                  <p> From the Marion B. Gebbie Archives and Special Collections at the Madeleine
                     Clark Wallace Library, Wheaton College </p>
               </sourceDesc>
            </biblFull>
         </sourceDesc>
      </fileDesc>
   </teiHeader>
   <text>
      <body>
         <pb n="134"/>
         <fw type="pageNum">134</fw>
         <table xml:id="p134" cols="6">
            <head>Wednesday <date when="1835-06-10">text</date></head>
            <row xml:id="p134_01">
               <cell>Settled</cell>
               <cell>
                  <name type="person" ref="">Reverend Slyvester Holmes</name>
                  <choice rend="align(right)">
                     <abbr>DR</abbr>
                     <expan>Debtor</expan>
                  </choice>
               </cell>
               <cell/>
               <cell/>
               <cell/>
               <cell/>
            </row>
            <row xml:id="p134_02">
               <cell/>
               <cell>To Smith's New Grammer</cell>
               <cell></cell>
               <cell><measure commodity="currency" quantity="38" unit="dollars">38</measure></cell>
               <cell/>
               <cell/>
            </row>
            <row xml:id="p134_03">
               <cell>394</cell>
               <cell> <name type="person" ref="">Daniel D. Sweet</name>
                  <choice rend="align(right)">
                     <abbr>DR</abbr>
                     <expan>Debtor</expan>
                  </choice></cell>
               <cell></cell>
               <cell/>
               <cell></cell>
               <cell></cell>
            </row>
            <row xml:id="p134_04">
               <cell/>
               <cell>To 12 lights 10 <!--?--> 15 glass 13x</cell>
               <cell><measure commodity="currency" quantity="1" unit="dollars">1</measure></cell>
               <cell><measure commodity="currency" quantity="56" unit="dollars">56</measure></cell>
               <cell/>
               <cell/>
            </row>
            <row xml:id="p134_05">
               <cell>344</cell>
               <cell><name type="person" ref="pers_WCDH221">Thomas Carpenter</name>
                  <choice rend="align(right)">
                     <abbr>DR</abbr>
                     <expan>Debtor</expan>
                  </choice></cell>
               <cell/>
               <cell/>
               <cell/>
               <cell/>
            </row>
            <row xml:id="p134_06">
               <cell/>
               <cell>To <name type="account" ref="LMWcash">cash</name> lent to pay for cloathes <measure commodity="currency" quantity="20" unit="dollars">$20.00</measure></cell>
               <cell><measure commodity="currency" quantity="20" unit="dollars">20</measure></cell>
               <cell><measure commodity="currency" quantity="00" unit="dollars">00</measure></cell>
               <cell/>
               <cell/>
            </row>
            <row xml:id="p134_07">
               <cell/>
               <cell><date when="1835-06-20">20</date></cell>
               <cell/>
               <cell/>
               <cell/>
               <cell/>
            </row>
            <row xml:id="p134_08">
               <cell>397</cell>
               <cell> <name type="person" ref="pers_WCDH599">Richard T. Sweet</name>
                  <choice rend="align(right)">
                     <abbr>DR</abbr>
                     <expan>Debtor</expan>
                  </choice></cell>
               <cell/>
               <cell/>
               <cell/>
               <cell/>
            </row>
            <row xml:id="p134_09">
               <cell/>
               <cell>To <!--?--> your cow <!--?--> 1832</cell>
               <cell></cell>
               <cell></cell>
               <cell/>
               <cell/>
            </row>
            <row xml:id="p134_10">
               <cell/>
               <cell>38 potatoes <!--?--> milk some <!--?--></cell>
               <cell><measure commodity="currency" quantity="2" unit="dollars">2</measure></cell>
               <cell><measure commodity="currency" quantity="28" unit="dollars">28</measure></cell>
               <cell/>
               <cell/>
            </row>
            <row xml:id="p134_11">
               <cell></cell>
               <cell>To <measure commodity="lard" quantity="10" unit="lbs">10 lbs. lard</measure> at 10x</cell>
               <cell><measure commodity="currency" quantity="1" unit="dollars">1</measure></cell>
               <cell><measure commodity="currency" quantity="00" unit="dollars">00</measure></cell>
               <cell/>
               <cell/>
            </row>
            <row xml:id="p134_12">
               <cell/>
               <cell><date when="1835-06-22">22</date></cell>
               <cell></cell>
               <cell></cell>
               <cell/>
               <cell/>
            </row>
            <row xml:id="p134_13">
               <cell>Bill</cell>
               <cell> <name type="person" ref="">David Brigham</name>
                  <choice rend="align(right)">
                     <abbr>DR</abbr>
                     <expan>Debtor</expan>
                  </choice></cell>
               <cell/>
               <cell/>
               <cell/>
               <cell/>
            </row>
            <row xml:id="p134_14">
               <cell></cell>
               <cell>To <name type="account" ref="LMWcash">cash</name> paid daughter 6/</cell>
               <cell><measure commodity="currency" quantity="1" unit="dollars">1</measure></cell>
               <cell><measure commodity="currency" quantity="00" unit="dollars">00</measure></cell>
               <cell/>
               <cell/>
            </row>
            <row xml:id="p134_15">
               <cell>Paid</cell>
               <cell> <name type="person" ref=""><!--?--></name>
                  <choice rend="align(right)">
                     <abbr>DR</abbr>
                     <expan>Debtor</expan>
                  </choice></cell>
               <cell></cell>
               <cell></cell>
               <cell/>
               <cell/>
            </row>
            <row xml:id="p134_16">
               <cell/>
               <cell>To paying for <!--?--></cell>
               <cell><measure commodity="currency" quantity="1" unit="dollars">1</measure></cell>
               <cell><measure commodity="currency" quantity="00" unit="dollars">00</measure></cell>
               <cell/>
               <cell/>
            </row>
            <row xml:id="p134_17">
               <cell>403</cell>
               <cell> <name type="person" ref="pers_WCDH498">Henry M. Paine</name>
                  <choice rend="align(right)">
                     <abbr>DR</abbr>
                     <expan>Debtor</expan>
                  </choice></cell>
               <cell/>
               <cell/>
               <cell/>
               <cell/>
            </row>
            <row xml:id="p134_18">
               <cell/>
               <cell>To <measure commodity="potatoes" quantity="1" unit="peek">1 peek potatoes</measure>paid</cell>
               <cell/>
               <cell><measure commodity="currency" quantity="13" unit="dollars">13</measure></cell>
               <cell/>
               <cell/>
            </row>
            <row xml:id="p134_19">
               <cell>Bill</cell>
               <cell> <name type="person" ref="">Paul West</name>
                  <choice rend="align(right)">
                     <abbr>DR</abbr>
                     <expan>Debtor</expan>
                  </choice></cell>
               <cell/>
               <cell></cell>
               <cell/>
               <cell></cell>
            </row>
            <row xml:id="p134_20">
               <cell/>
               <cell>To <measure commodity="letter">letter for daughter paid</measure></cell>
               <cell/>
               <cell><measure commodity="currency" quantity="13" unit="dollars">13</measure></cell>
               <cell/>
               <cell/>
            </row>
            <pb n="134"/>
            <fw type="pageNum">134</fw>
            <table xml:id="p134" cols="6">
               <head><date when="1835-07-11">text</date></head>
            <row xml:id="p134_21">
               <cell>344</cell>
               <cell><name type="person" ref="pers_WCDH221">Thomas Carpenter</name>
                  <choice rend="align(right)">
                     <abbr>DR</abbr>
                     <expan>Debtor</expan>
                  </choice></cell>
               <cell/>
               <cell/>
               <cell/>
               <cell/>
            </row>
            <row xml:id="p134_22">
               <cell/>
               <cell>To <name type="account" ref="LMWcash">cash</name> <measure commodity="currency" quantity="00" unit="dollars">eight dollars</measure></cell>
               <cell><measure commodity="currency" quantity="8" unit="dollars">8</measure></cell>
               <cell><measure commodity="currency" quantity="00" unit="dollars">00</measure></cell>
               <cell/>
               <cell/>
            </row>
            <row xml:id="p134_23">
               <cell/>
               <cell><date when="1835-07-13">13</date></cell>
               <cell/>
               <cell/>
               <cell/>
               <cell/>
            </row>
            <row xml:id="p134_24">
               <cell>76</cell>
               <cell><name type="person" ref="pers_WCDH475">James B. Messenger</name>
                  <choice rend="align(right)">
                     <abbr>DR</abbr>
                     <expan>Debtor</expan>
                  </choice></cell>
               <cell/>
               <cell/>
               <cell/>
               <cell/>
            </row>
            <row xml:id="p134_25">
               <cell/>
               <cell>To <measure commodity="kitchen paper" quantity="2" unit="count">two rolls of kitchen paper</measure></cell>
               <cell></cell>
               <cell></cell>
               <cell/>
               <cell/>
            </row>
            <row xml:id="p134_26">
               <cell>402</cell>
               <cell><name type="person" ref="pers_WCDH397">Elijah H. King</name>
                  <choice rend="align(right)">
                     <abbr>DR</abbr>
                     <expan>Debtor</expan>
                  </choice></cell>
               <cell/>
               <cell/>
               <cell/>
               <cell/>
            </row>
            <row xml:id="p134_27">
               <cell></cell>
               <cell>To use of the Morey Lot this year payment</cell>
               <cell><measure commodity="currency" quantity="28" unit="dollars">28</measure></cell>
               <cell><measure commodity="currency" quantity="00" unit="dollars">00</measure></cell>
               <cell/>
               <cell/>
            </row>
            <row xml:id="p134_28">
               <cell>Settled</cell>
               <cell><name type="person" ref="pers_WCDH201">Simeon Briggs</name>
                  <choice rend="align(right)">
                     <abbr>DR</abbr>
                     <expan>Debtor</expan>
                  </choice></cell>
               <cell/>
               <cell></cell>
               <cell/>
               <cell/>
            </row>
            <row xml:id="p134_29">
               <cell/>
               <cell>To <measure commodity="potatoes" quantity="1" unit="peek">1 peek potatoes</measure></cell><cell/>
               <cell></cell> 
               <cell/>
               <cell/>
            </row>
            <row xml:id="p134_30">
               <cell>Settled</cell>
               <cell><name type="person" ref="pers_WCDH579">Amos Starkey</name>
                  <choice rend="align(right)">
                     <abbr>DR</abbr>
                     <expan>Debtor</expan>
                  </choice></cell>
               <cell/>
               <cell/>
               <cell/>
               <cell/>
            </row>
            <row xml:id="p134_31">
               <cell></cell>
               <cell>To <name type="account" ref="LMWcash">cash</name> as for received <measure commodity="currency" quantity="50" unit="dollars">fifty dollars</measure></cell>
               <cell><measure commodity="currency" quantity="50" unit="dollars">50</measure></cell>
               <cell><measure commodity="currency" quantity="00" unit="dollars">00</measure></cell>
               <cell/>
               <cell/>
            </row>
            <row xml:id="p134_32">
               <cell/>
               <cell><date when="1835-07-15">15</date></cell>
               <cell></cell>
               <cell></cell>
               <cell/>
               <cell/>
            </row>
            <row xml:id="p134_33">
               <cell><!--?--></cell>
               <cell><name type="person" ref="pers_WCDH180">Otis Blandin</name>
                  <choice rend="align(right)">
                     <abbr>DR</abbr>
                     <expan>Debtor</expan>
                  </choice></cell>
               <cell/>
               <cell/>
               <cell/>
               <cell/>
            </row>
            <row xml:id="p134_34">
               <cell></cell>
               <cell>To <measure commodity="butter" quantity="3" unit="lbs">3 lbs. Butter</measure>1/</cell>
               <cell/>
               <cell><measure commodity="currency" quantity="50" unit="dollars">50</measure></cell>
               <cell/>
               <cell/>
            </row>
            <row xml:id="p134_35">
               <cell>403</cell>
               <cell><name type="person" ref="pers_WCDH498">Henry M. Paine</name>
                  <choice rend="align(right)">
                     <abbr>DR</abbr>
                     <expan>Debtor</expan>
                  </choice></cell>
               <cell></cell>
               <cell></cell>
               <cell/>
               <cell/>
            </row>
            <row xml:id="p134_36">
               <cell/>
               <cell>To <measure commodity="potatoes" quantity="1" unit="peek">1 peek potatoes</measure>paid</cell>
               <cell></cell>
               <cell></cell>
               <cell></cell>
               <cell></cell>
            </row>
            <row xml:id="p134_37">
               <cell/>
               <cell> <measure commodity="Chips">Chips</measure>6/</cell>
               <cell></cell>
               <cell></cell>
               <cell/>
               <cell/>
            </row>
            <row xml:id="p134_38">
               <cell/>
               <cell> <measure commodity="butter" quantity="6" unit="lbs">6 lbs. Butter</measure>1/</cell>
               <cell><measure commodity="currency" quantity="2" unit="dollars">2</measure></cell>
               <cell><measure commodity="currency" quantity="13" unit="dollars">13</measure></cell>
               <cell/>
               <cell/>
            </row>
            <row xml:id="p134_39">
               <cell>400</cell>
               <cell><name type="person" ref="pers_WCDH225">Betsey A. Chase</name>
                  <choice rend="align(right)">
                     <abbr>DR</abbr>
                     <expan>Debtor</expan>
                  </choice></cell>
               <cell/>
               <cell/>
               <cell/>
               <cell/>
            </row>
            <row xml:id="p134_40">
               <cell/>
               <cell> To <measure commodity="Sheeting" quantity="5" unit="yards">5 yards Sheeting</measure> 14x</cell>
               <cell></cell>
               <cell></cell>
               <cell/>
               <cell/>
            </row>
            <row xml:id="p134_41">
               <cell/>
               <cell>1 <!--?--> thread 6</cell>
               <cell/>
               <cell><measure commodity="currency" quantity="76" unit="dollars">76</measure></cell>
               <cell/>
               <cell/>
            </row>
            <row xml:id="p134_42">
               <cell>344</cell>
               <cell><name type="person" ref="pers_WCDH221">Thomas Carpenter</name>
                  <choice rend="align(right)">
                     <abbr>DR</abbr>
                     <expan>Debtor</expan>
                  </choice></cell>
               <cell/>
               <cell/>
               <cell/>
               <cell/>
            </row>
            <row xml:id="p134_43">
               <cell/>
               <cell>To <name type="account" ref="LMWcash">cash</name> <measure commodity="currency" quantity="3" unit="dollars">three dollars</measure></cell>
               <cell><measure commodity="currency" quantity="3" unit="dollars">3</measure></cell>
               <cell><measure commodity="currency" quantity="00" unit="dollars">00</measure></cell>
               <cell/>
               <cell/>
            </row>
            <row xml:id="p134_44">
               <cell/>
               <cell><date when="1835-07-28">28</date></cell>
               <cell/>
               <cell/>
               <cell/>
               <cell/>
            </row>
            <row xml:id="p134_45">
               <cell>Settled</cell>
               <cell> <name type="person" ref="">Reverend Slyvester Holmes</name>
                  <choice rend="align(right)">
                     <abbr>DR</abbr>
                     <expan>Debtor</expan>
                  </choice></cell>
               <cell/>
               <cell/>
               <cell/>
               <cell/>
            </row>
            <row xml:id="p134_46">
               <cell/>
               <cell>To <name type="account" ref="LMWcash">cash</name>paid for daughters tuition <measure commodity="currency" quantity="5" unit="dollars">$5. 00</measure></cell>
               <cell><measure commodity="currency" quantity="5" unit="dollars">5</measure></cell>
               <cell><measure commodity="currency" quantity="00" unit="dollars">00</measure></cell>
               <cell/>
               <cell/>
            </row>
            <row xml:id="p134_47">
               <cell/>
               <cell><date when="1835-07-30">30</date></cell>
               <cell/>
               <cell/>
               <cell/>
               <cell/>
            </row>
            <row xml:id="p134_48">
               <cell>344</cell>
               <cell> <name type="person" ref="pers_WCDH221">Thomas Carpenter</name>
                  <choice rend="align(right)">
                     <abbr>DR</abbr>
                     <expan>Debtor</expan>
                  </choice></cell>
               <cell/>
               <cell/>
               <cell/>
               <cell/>
            </row>
            <row xml:id="p134_49">
               <cell/>
               <cell>To <name type="account" ref="LMWcash">cash</name> at <!--?--> 12/</cell>
               <cell><measure commodity="currency" quantity="2" unit="dollars">2</measure></cell>
               <cell><measure commodity="currency" quantity="00" unit="dollars">00</measure></cell>
               <cell/>
               <cell/>
            </row>
            <row xml:id="p134_50">
               <cell>400</cell>
               <cell> <name type="person" ref="pers_WCDH225">Betsey A Chase</name>
                  <choice rend="align(right)">
                     <abbr>DR</abbr>
                     <expan>Debtor</expan>
                  </choice></cell>
               <cell/>
               <cell></cell>
               <cell/>
               <cell></cell>
            </row>
            <row xml:id="p134_51">
               <cell/>
               <cell>To <name type="account" ref="LMWcash">cash</name> to pay Knowles 1/</cell>
               <cell/>
               <cell><measure commodity="currency" quantity="17" unit="dollars">17</measure></cell>
               <cell/>
               <cell/>
            </row>
         </table>
         <pb n="135"/>
         <fw type="pageNum">135</fw>
         <table xml:id="p135" cols="6">
            <head>Monday<date when="1835-08-03">text</date></head>
            <row xml:id="p135_01">
               <cell>Paid</cell>
               <cell>
                  <name type="person" ref="">Miss Graves</name>
                  <choice rend="align(right)">
                     <abbr>DR</abbr>
                     <expan>Debtor</expan>
                  </choice>
               </cell>
               <cell/>
               <cell/>
               <cell/>
               <cell/>
            </row>
            <row xml:id="p135_02">
               <cell/>
               <cell>To <name type="account" ref="LMWcash">cash</name> paid stage Driver 12/</cell>
               <cell><measure commodity="currency" quantity="2" unit="dollars">2</measure></cell>
               <cell><measure commodity="currency" quantity="00" unit="dollars">00</measure></cell>
               <cell/>
               <cell/>
            </row>
            <row xml:id="p135_03">
               <cell>344</cell>
               <cell> <name type="person" ref="pers_WCDH221">Thomas Carpenter</name>
                  <choice rend="align(right)">
                     <abbr>DR</abbr>
                     <expan>Debtor</expan>
                  </choice></cell>
               <cell></cell>
               <cell/>
               <cell></cell>
               <cell></cell>
            </row>
            <row xml:id="p135_04">
               <cell/>
               <cell>To <measure commodity="veal" quantity="3.5" unit="lbs">3 1/2 lbs. veal</measure>some time since</cell>
               <cell/>
               <cell><measure commodity="currency" quantity="21" unit="dollars">21</measure></cell>
               <cell/>
               <cell/>
            </row>
            <row xml:id="p135_05">
               <cell>105</cell>
               <cell> <name type="person" ref="pers_WCDH217">Daniel Carpenter</name>
                  <choice rend="align(right)">
                     <abbr>DR</abbr>
                     <expan>Debtor</expan>
                  </choice></cell>
               <cell/>
               <cell/>
               <cell/>
               <cell/>
            </row>
            <row xml:id="p135_06">
               <cell/>
               <cell>To <measure commodity="veal" quantity="8 3/4" unit="lbs">veal 8 3/4 lbs.</measure></cell>
               <cell></cell>
               <cell><measure commodity="currency" quantity="53" unit="dollars">53</measure></cell>
               <cell/>
               <cell/>
            </row>
            <row xml:id="p135_07">
               <cell>135</cell>
               <cell> <name type="person" ref="pers_WCDH397">Elijah H. King</name>
                  <choice rend="align(right)">
                     <abbr>DR</abbr>
                     <expan>Debtor</expan>
                  </choice></cell>
               <cell/>
               <cell/>
               <cell/>
               <cell/>
            </row>
            <row xml:id="p135_08">
               <cell></cell>
               <cell>To <measure commodity="veal" quantity="26.5" unit="lbs">26 1/2 lbs. veal</measure>64</cell>
               <cell><measure commodity="currency" quantity="1" unit="dollars">1</measure></cell>
               <cell><measure commodity="currency" quantity="59" unit="dollars">59</measure></cell>
               <cell/>
               <cell/>
            </row>
            <row xml:id="p135_09">
               <cell/>
               <cell> Postage received to <date when="1835-07-01">July 1st 1835</date>from <date when="when 1835-04-01">April 1st</date></cell>
               <cell></cell>
               <cell></cell>
               <cell/>
               <cell/>
            </row>
            <row xml:id="p135_10">
               <cell/>
               <cell/>
               <cell><measure commodity="currency" quantity="33" unit="dollars">33</measure></cell>
               <cell><measure commodity="currency" quantity="94" unit="dollars">94</measure></cell>
               <cell><measure commodity="currency" quantity="35" unit="dollars">$35</measure></cell>
               <cell><measure commodity="currency" quantity="53" unit="dollars">53</measure></cell>
            </row>
            <row xml:id="p135_11">
               <cell>Settled</cell>
               <cell> <name type="person" ref="pers_WCDH201">Simeon Briggs</name>
                  <choice rend="align(right)">
                     <abbr>DR</abbr>
                     <expan>Debtor</expan>
                  </choice></cell>
               <cell/>
               <cell/>
               <cell/>
               <cell/>
            </row>
            <row xml:id="p135_12">
               <cell/>
               <cell>To <measure commodity="veal" quantity="5" unit="lbs">5 lbs. Veal</measure></cell>
               <cell></cell>
               <cell><measure commodity="currency" quantity="30" unit="dollars">30</measure></cell>
               <cell/>
               <cell/>
            </row>
            <row xml:id="p135_13">
               <cell>365</cell>
               <cell> <name type="person" ref="pers_WCDH699">Samuel Wrigley</name>
                  <choice rend="align(right)">
                     <abbr>DR</abbr>
                     <expan>Debtor</expan>
                  </choice></cell>
               <cell/>
               <cell/>
               <cell/>
               <cell/>
            </row>
            <row xml:id="p135_14">
               <cell></cell>
               <cell>To <name type="account" ref="LMWcash">cash</name> paid by Carpenter 18/</cell>
               <cell><measure commodity="currency" quantity="3" unit="dollars">3</measure></cell>
               <cell><measure commodity="currency" quantity="00" unit="dollars">00</measure></cell>
               <cell/>
               <cell/>
            </row>
            <row xml:id="p135_15">
               <cell>56</cell>
               <cell> <name type="person" ref="pers_WCDH504">Adin Pattin</name>
                  <choice rend="align(right)">
                     <abbr>DR</abbr>
                     <expan>Debtor</expan>
                  </choice></cell>
               <cell></cell>
               <cell></cell>
               <cell/>
               <cell/>
            </row>
            <row xml:id="p135_16">
               <cell/>
               <cell>By <measure commodity="labor" quantity="1/2" unit="day">part of a day cradling Rye x . .</measure></cell>
               <cell/>
               <cell/>
               <cell/>
               <cell/>
            </row>
            <row xml:id="p135_17">
               <cell></cell>
               <cell><date when="1835-08-10">10</date></cell>
               <cell/>
               <cell/>
               <cell/>
               <cell/>
            </row>
            <row xml:id="p135_18">
               <cell>Paid</cell>
               <cell> <name type="person" ref=""><!--?--></name>
                  <choice rend="align(right)">
                     <abbr>DR</abbr>
                     <expan>Debtor</expan>
                  </choice></cell>
               <cell/>
               <cell></cell>
               <cell/>
               <cell/>
            </row>
            <row xml:id="p135_19">
               <cell/>
               <cell>To paying for A <!--?--> in Taunton paper</cell>
               <cell/>
               <cell></cell>
               <cell/>
               <cell></cell>
            </row>
            <row xml:id="p135_20">
               <cell/>
               <cell><!--?--> Do. <measure commodity="currency" quantity="1.25" unit="dollars">1. 25</measure></cell>
               <cell/>
               <cell/>
               <cell/>
               <cell/>
            </row>
            <row xml:id="p135_21">
               <cell></cell>
               <cell><measure commodity="bible" quantity="1" unit="count">Bible</measure>4/6 75</cell>
               <cell/>
               <cell/>
               <cell/>
               <cell/>
            </row>
            <row xml:id="p135_22">
               <cell/>
               <cell><!--?--> on <!--?--> 45</cell>
               <cell/>
               <cell></cell>
               <cell/>
               <cell/>
            </row>
            <row xml:id="p135_23">
               <cell>344</cell>
               <cell> <name type="person" ref="pers_WCDH221">Thomas Carpenter</name>
                  <choice rend="align(right)">
                     <abbr>DR</abbr>
                     <expan>Debtor</expan>
                  </choice></cell>
               <cell/>
               <cell/>
               <cell/>
               <cell/>
            </row>
            <row xml:id="p135_24">
               <cell></cell>
               <cell>To <name type="account" ref="LMWcash">cash</name> 30/</cell>
               <cell><measure commodity="currency" quantity="5" unit="dollars">5</measure></cell>
               <cell><measure commodity="currency" quantity="00" unit="dollars">00</measure></cell>
               <cell/>
               <cell/>
            </row>
            <row xml:id="p135_25">
               <cell/>
               <cell><date when="1835-08-12">12</date></cell>
               <cell></cell>
               <cell></cell>
               <cell/>
               <cell/>
            </row>
            <row xml:id="p135_26">
               <cell>360</cell>
               <cell> <name type="person" ref="pers_WCDH657">George White</name>
                  <choice rend="align(right)">
                     <abbr>DR</abbr>
                     <expan>Debtor</expan>
                  </choice></cell>
               <cell/>
               <cell/>
               <cell/>
               <cell/>
            </row>
            <row xml:id="p135_27">
               <cell></cell>
               <cell>To <measure commodity="pine boards" quantity="28" unit="feet">28 Feet Pine boards</measure></cell>
               <cell/>
               <cell><measure commodity="currency" quantity="70" unit="dollars">70</measure></cell>
               <cell/>
               <cell/>
            </row>
            <row xml:id="p135_28">
               <cell/>
               <cell><date when="1835-08-12">12</date></cell>
               <cell/>
               <cell></cell>
               <cell/>
               <cell/>
            </row>
            <row xml:id="p135_29">
               <cell>83</cell>
               <cell> <name type="person" ref="pers_WCDH435">Stephen Leonard</name>
                  <choice rend="align(right)">
                     <abbr>DR</abbr>
                     <expan>Debtor</expan>
                  </choice></cell><cell/>
               <cell></cell>
               <cell/>
               <cell/>
            </row>
            <row xml:id="p135_30">
               <cell/>
               <cell>To<name type="account" ref="LMWcash">cash</name> 60/</cell>
               <cell><measure commodity="currency" quantity="10" unit="dollars">10</measure></cell>
               <cell><measure commodity="currency" quantity="00" unit="dollars">00</measure></cell>
               <cell/>
               <cell/>
            </row>
            <row xml:id="p135_31">
               <cell></cell>
               <cell><date when="1835-08-17">17</date></cell>
               <cell/>
               <cell/>
               <cell/>
               <cell/>
            </row>
            <row xml:id="p135_32">
               <cell>Settled</cell>
               <cell> <name type="person" ref="pers_WCDH579">Amos Starkey</name>
                  <choice rend="align(right)">
                     <abbr>DR</abbr>
                     <expan>Debtor</expan>
                  </choice></cell>
               <cell></cell>
               <cell></cell>
               <cell/>
               <cell/>
            </row>
            <row xml:id="p135_33">
               <cell/>
               <cell>To <measure commodity="currency" quantity="10" unit="dollars">ten dollars</measure></cell>
               <cell><measure commodity="currency" quantity="10" unit="dollars">10</measure></cell>
               <cell><measure commodity="currency" quantity="00" unit="dollars">00</measure></cell>
               <cell/>
               <cell/>
            </row>
            <row xml:id="p135_34">
               <cell></cell>
               <cell><date when="1835-08-19">19</date></cell>
               <cell/>
               <cell/>
               <cell/>
               <cell/>
            </row>
            <row xml:id="p135_35">
               <cell>506</cell>
               <cell> <name type="person" ref="pers_WCDH484">Samuel Morey</name>
                  <choice rend="align(right)">
                     <abbr>DR</abbr>
                     <expan>Debtor</expan>
                  </choice></cell>
               <cell></cell>
               <cell></cell>
               <cell/>
               <cell/>
            </row>
            <row xml:id="p135_36">
               <cell/>
               <cell>To <name type="account" ref="LMWcash">cash</name> lent <!--?--> 61/</cell>
               <cell><measure commodity="currency" quantity="10" unit="dollars">10</measure></cell>
               <cell><measure commodity="currency" quantity="00" unit="dollars">00</measure></cell>
               <cell></cell>
               <cell></cell>
            </row>
            <row xml:id="p135_37">
               <cell/>
               <cell><date when="1835-08-25">25</date></cell>
               <cell></cell>
               <cell></cell>
               <cell/>
               <cell/>
            </row>
            <row xml:id="p135_38">
               <cell>394</cell>
               <cell> <name type="person" ref="">Daniel D. Sweet</name>
                  <choice rend="align(right)">
                     <abbr>DR</abbr>
                     <expan>Debtor</expan>
                  </choice></cell>
               <cell/>
               <cell/>
               <cell/>
               <cell/>
            </row>
            <row xml:id="p135_39">
               <cell></cell>
               <cell>To paying <!--?--> for straw</cell>
               <cell><measure commodity="currency" quantity="1" unit="dollars">1</measure></cell>
               <cell><measure commodity="currency" quantity="88" unit="dollars">88</measure></cell>
               <cell/>
               <cell/>
            </row>
            <row xml:id="p135_40">
               <cell/>
               <cell> <measure commodity="labor">Carting some</measure> x <measure commodity="labor">filling roads</measure>3/</cell>
               <cell></cell>
               <cell><measure commodity="currency" quantity="50" unit="dollars">50</measure></cell>
               <cell><measure commodity="currency" quantity="2" unit="dollars">2</measure></cell>
               <cell><measure commodity="currency" quantity="38" unit="dollars">38</measure></cell>
            </row>
            <row xml:id="p135_41">
               <cell>400</cell>
               <cell> <name type="person" ref="pers_WCDH225">Betsey A Chase</name>
                  <choice rend="align(right)">
                     <abbr>DR</abbr>
                     <expan>Debtor</expan>
                  </choice></cell>
               <cell/>
               <cell/>
               <cell/>
               <cell/>
            </row>
            <row xml:id="p135_42">
               <cell></cell>
               <cell>To <name type="account" ref="LMWcash">cash</name> paid by wife for broadcloath 3/</cell>
               <cell/>
               <cell><measure commodity="currency" quantity="50" unit="dollars">50</measure></cell>
               <cell/>
               <cell/>
            </row>
            <row xml:id="p135_43">
               <cell/>
               <cell><date when="1835-08-26">26</date></cell>
               <cell></cell>
               <cell></cell>
               <cell/>
               <cell/>
            </row>
            <row xml:id="p135_44">
               <cell>344</cell>
               <cell> <name type="person" ref="pers_WCDH221">Thomas Carpenter</name>
                  <choice rend="align(right)">
                     <abbr>DR</abbr>
                     <expan>Debtor</expan>
                  </choice></cell>
               <cell/>
               <cell/>
               <cell/>
               <cell/>
            </row>
            <row xml:id="p135_45">
               <cell></cell>
               <cell>To <name type="account" ref="LMWcash">cash</name> <measure commodity="currency" quantity="7" unit="dollars">seven dollars</measure>42/</cell>
               <cell><measure commodity="currency" quantity="7" unit="dollars">7</measure></cell>
               <cell><measure commodity="currency" quantity="00" unit="dollars">00</measure></cell>
               <cell/>
               <cell/>
            </row>
            <row xml:id="p135_46">
               <cell>403</cell>
               <cell> <name type="person" ref="pers_WCDH498">Henry M. Paine</name>
                  <choice rend="align(right)">
                     <abbr>DR</abbr>
                     <expan>Debtor</expan>
                  </choice></cell>
               <cell></cell>
               <cell></cell>
               <cell/>
               <cell/>
            </row>
            <row xml:id="p135_47">
               <cell/>
               <cell>To <measure commodity="Pine wood" quantity="6.5" unit="feet">6 1/2 feet Pine wood</measure>10/6</cell>
               <cell><measure commodity="currency" quantity="1" unit="dollars">1</measure></cell>
               <cell><measure commodity="currency" quantity="43" unit="dollars">43</measure></cell>
               <cell/>
               <cell/>
            </row>
            <row xml:id="p135_48">
               <cell>506</cell>
               <cell> <name type="person" ref="pers_WCDH484">Samuel Morey</name>
                  <choice rend="align(right)">
                     <abbr>DR</abbr>
                     <expan>Debtor</expan>
                  </choice></cell>
               <cell/>
               <cell/>
               <cell/>
               <cell/>
            </row>
            <row xml:id="p135_49">
               <cell/>
               <cell>To <name type="account" ref="LMWcash">cash</name> <!--?--> paid for William <measure commodity="currency" quantity="3.50" unit="dollars">$3. 50</measure></cell>
               <cell><measure commodity="currency" quantity="3" unit="dollars">3</measure></cell>
               <cell><measure commodity="currency" quantity="50" unit="dollars">50</measure></cell>
               <cell/>
               <cell/>
            </row>
            <pb n="135"/>
            <fw type="pageNum">135</fw>
            <table xml:id="p135" cols="6">
               <head><date when="1835-09-01">text</date></head>
            <row xml:id="p135_50">
               <cell>Paid</cell>
               <cell><name type="person" ref="">Samuel Homes</name>
                  <choice rend="align(right)">
                     <abbr>DR</abbr>
                     <expan>Debtor</expan>
                  </choice></cell>
               <cell/>
               <cell></cell>
               <cell/>
               <cell></cell>
            </row>
            <row xml:id="p135_51">
               <cell/>
               <cell>To<measure commodity="fowls" quantity="14"> 14 fowls</measure>20x</cell>
               <cell><measure commodity="currency" quantity="2" unit="dollars">2</measure></cell>
               <cell><measure commodity="currency" quantity="00" unit="dollars">00</measure></cell>
               <cell><measure commodity="currency" quantity="2" unit="dollars">2</measure></cell>
               <cell><measure commodity="currency" quantity="80" unit="dollars">80</measure></cell>
            </row>