<?xml version="1.0" encoding="UTF-8"?>
<?oxygen RNGSchema="http://www.tei-c.org/release/xml/tei/custom/schema/relaxng/tei_all.rng" type="xml"?>
<TEI xmlns="http://www.tei-c.org/ns/1.0">
   <teiHeader>
      <fileDesc>
         <titleStmt>
            <title>LMW Day Book, pp. 100-135</title>
            <author>L.M. Wheaton</author>
         </titleStmt>
         <publicationStmt>
            <p>Transcribed by Sahilia Ramirez Summer 2016, Wheaton College</p>
         </publicationStmt>
         <sourceDesc>
            <biblFull>
               <titleStmt>
                  <title>Account Books, pp.100-135</title>
                  <author>L.M. Wheaton</author>
                  <respStmt>
                     <resp> TEI-compatible XML markup by <name type="person">Sahilia Ramirez</name>
                        with corrections by <name type="person">Name</name>, <name
                           type="person">Name</name>, and <name type="person">Name</name>.</resp>
                     <name type="person">Name</name>
                  </respStmt>
               </titleStmt>
               <publicationStmt>
                  <p>Transcribed by Sahilia Ramirez Summer 2016, Wheaton College</p>
               </publicationStmt>
               <sourceDesc>
                  <p> From the Marion B. Gebbie Archives and Special Collections at the Madeleine
                     Clark Wallace Library, Wheaton College </p>
               </sourceDesc>
            </biblFull>
         </sourceDesc>
      </fileDesc>
   </teiHeader>
   <text>
      <body>
         <pb n="118"/>
         <fw type="pageNum">118</fw>
         <table xml:id="118" cols="6">
            <head>Thursday<date when="1833-09-26">text</date></head>
            <row xml:id="p118_01">
               <cell>312</cell>
               <cell>
                  <name type="person" ref="pers_WCDH375">Horace Hulet</name>
                  <choice rend="align(right)">
                     <abbr>Dr</abbr>
                     <expan>Debtor</expan>
                  </choice>
               </cell>
               <cell/>
               <cell/>
               <cell/>
               <cell/>
            </row>
            <row xml:id="p118_02">
               <cell/>
               <cell>To <measure commodity="labor" quantity="3" unit="day">three day</measure>. AU Blades 1/</cell>
               <cell></cell>
               <cell><measure commodity="currency" quantity="50" unit="dollars">50</measure></cell>
               <cell/>
               <cell/>
            </row>
            <row xml:id="p118_03">
               <cell/>
               <cell><date when="1833-09-27">27</date></cell>
               <cell></cell>
               <cell/>
               <cell></cell>
               <cell></cell>
            </row>
            <row xml:id="p118_04">
               <cell>Settled</cell>
               <cell><name type="person" ref="pers_WCDH359">Hiriam Hodges</name>
                  <choice rend="align(right)">
                     <abbr>Dr</abbr>
                     <expan>Debtor</expan>
                  </choice></cell>
               <cell/>
               <cell/>
               <cell/>
               <cell/>
            </row>
            <row xml:id="p118_05">
               <cell></cell>
               <cell>To <name type="account" ref="LMWcash">cash</name>at Taunton <measure commodity="currency" quantity="1.61" unit="dollars">$1. 61</measure></cell>
               <cell><measure commodity="currency" quantity="1" unit="dollars">$1</measure></cell>
               <cell/>
               <cell><measure commodity="currency" quantity="61" unit="cents">61</measure></cell>
               <cell/>
            </row>
            <row xml:id="p118_06">
               <cell>b paid before</cell>
               <cell><name type="person" ref="pers_WCDH699">Samuel Wrigley</name>
                  <choice rend="align(right)">
                     <abbr>Dr</abbr>
                     <expan>Debtor</expan>
                  </choice></cell>
               <cell></cell>
               <cell></cell>
               <cell/>
               <cell/>
            </row>
            <row xml:id="p118_07">
               <cell/>
               <cell>To <name type="account" ref="LMWcash">cash</name> lent <date when="1833-06-04">June 4th</date>when he went to Boston,<measure commodity="currency" quantity="4" unit="dollars">four dollars</measure></cell>
               <cell><measure commodity="currency" quantity="4" unit="dollars">4</measure></cell>
               <cell><measure commodity="currency" quantity="00" unit="dollars">00</measure></cell>
               <cell/>
               <cell/>
            </row>
            <row xml:id="p118_08">
               <cell></cell>
               <cell><date when="1833-07-21">July 21st</date>to <name type="account" ref="LMWcash">cash</name>to go to Boston with</cell>
               <cell><measure commodity="currency" quantity="2" unit="dollars">2</measure></cell>
               <cell><measure commodity="currency" quantity="00" unit="dollars">00</measure></cell>
               <cell><measure commodity="currency" quantity="6" unit="dollars">6</measure></cell>
               <cell><measure commodity="currency" quantity="00" unit="dollars">00</measure></cell>
            </row>
            <row xml:id="p118_09">
               <cell/>
               <cell><date when="1833-09-30">30</date></cell>
               <cell></cell>
               <cell></cell>
               <cell/>
               <cell/>
            </row>
            <row xml:id="p118_10">
               <cell>Settled</cell>
               <cell><name type="person" ref="pers_WCDH397">Elijah H King</name>
                  <choice rend="align(right)">
                     <abbr>Dr</abbr>
                     <expan>Debtor</expan>
                  </choice></cell>
               <cell/>
               <cell/>
               <cell/>
               <cell/>
            </row>
            <row xml:id="p118_11">
               <cell></cell>
               <cell>To <measure commodity="geese" quantity="10" unit="count">10 geese</measure>70x</cell>
               <cell><measure commodity="currency" quantity="7" unit="dollars">7</measure></cell>
               <cell><measure commodity="currency" quantity="00" unit="dollars">00</measure></cell>
               <cell/>
               <cell/>
            </row>
            <row xml:id="p118_12">
               <cell>389</cell>
               <cell><name type="person" ref="pers_WCDH229">Lincoln Clapp</name>
                  <choice rend="align(right)">
                     <abbr>Dr</abbr>
                     <expan>Debtor</expan>
                  </choice></cell>
               <cell></cell>
               <cell></cell>
               <cell/>
               <cell/>
            </row>
            <row xml:id="p118_13">
               <cell/>
               <cell>By <measure commodity="labor" unit="day">work to this date to <!--?--></measure></cell>
               <cell/>
               <cell/>
               <cell/>
               <cell/>
            </row>
            <row xml:id="p118_14">
               <cell></cell>
               <cell>Feet to his fathers</cell>
               <cell/>
               <cell/>
               <cell/>
               <cell/>
            </row>
            <row xml:id="p118_15">
               <cell/>
               <cell><measure commodity="labor" quantity="58" unit="day">Fifty eight days</measure>at 20 D. per month</cell>
               <cell><measure commodity="currency" quantity="44" unit="dollars">44</measure></cell>
               <cell><measure commodity="currency" quantity="60" unit="dollars">60</measure></cell>
               <cell/>
               <cell/>
            </row>
            <row xml:id="p118_16">
               <cell/>
               <cell>To <name type="account" ref="LMWcash">cash</name> paid Lincoln</cell>
               <cell><measure commodity="currency" quantity="20" unit="dollars">20</measure></cell>
               <cell><measure commodity="currency" quantity="00" unit="dollars">00</measure></cell>
               <cell/>
               <cell/>
            </row>
            <pb n="118"/>
            <fw type="pageNum">118</fw>
            <table xml:id="118" cols="6">
               <head><date when="1833-10-04">text</date></head>
            <row xml:id="p118_17">
               <cell>Paid</cell>
               <cell><name type="person" ref="pers_WCDH498">Henry M. Paine</name>
                  <choice rend="align(right)">
                     <abbr>Dr</abbr>
                     <expan>Debtor</expan>
                  </choice></cell>
               <cell/>
               <cell/>
               <cell/>
               <cell/>
            </row>
            <row xml:id="p118_18">
               <cell/>
               <cell>To <name type="account" ref="LMWcash">cash</name> lent 30/</cell>
               <cell><measure commodity="currency" quantity="5" unit="dollars">5</measure></cell>
               <cell><measure commodity="currency" quantity="00" unit="dollars">00</measure></cell>
               <cell/>
               <cell/>
            </row>
            <row xml:id="p118_19">
               <cell>402</cell>
               <cell><name type="person" ref="pers_WCDH397">Elijah H King</name>
                  <choice rend="align(right)">
                     <abbr>Dr</abbr>
                     <expan>Debtor</expan>
                  </choice></cell>
               <cell/>
               <cell></cell>
               <cell/>
               <cell></cell>
            </row>
            <row xml:id="p118_20">
               <cell/>
               <cell>To <measure commodity="turkeys" quantity="6" unit="count">six turkeys</measure>45x</cell>
               <cell/>
               <cell/>
               <cell/>
               <cell/>
            </row>
            <row xml:id="p118_21">
               <cell></cell>
               <cell><!--?--> <measure commodity="apples" quantity="1" unit="bushels">Bulshels apples</measure>1/6</cell>
               <cell><measure commodity="currency" quantity="5" unit="dollars">5</measure></cell>
               <cell><measure commodity="currency" quantity="70" unit="dollars">70</measure></cell>
               <cell/>
               <cell/>
            </row>
            <row xml:id="p118_22">
               <cell/>
               <cell><date when="1833-10-11">11</date></cell>
               <cell/>
               <cell></cell>
               <cell/>
               <cell/>
            </row>
            <row xml:id="p118_23">
               <cell>403</cell>
               <cell><name type="person" ref="pers_WCDH498">Henry M Paine</name>
                  <choice rend="align(right)">
                     <abbr>Dr</abbr>
                     <expan>Debtor</expan>
                  </choice></cell>
               <cell/>
               <cell/>
               <cell/>
               <cell/>
            </row>
            <row xml:id="p118_24">
               <cell></cell>
               <cell>To <measure commodity="hogs lard" quantity="4" unit="lbs">4lbs. hogs lard</measure>10x</cell>
               <cell/>
               <cell><measure commodity="currency" quantity="40" unit="dollars">40</measure></cell>
               <cell/>
               <cell/>
            </row>
            <row xml:id="p118_25">
               <cell/>
               <cell><date quantity="1833-10-12">12</date></cell>
               <cell></cell>
               <cell></cell>
               <cell/>
               <cell/>
            </row>
            <row xml:id="p118_26">
               <cell>395</cell>
               <cell><name type="person" ref="pers_WCDH621">Thompson Tripp</name>
                  <choice rend="align(right)">
                     <abbr>Dr</abbr>
                     <expan>Debtor</expan>
                  </choice></cell>
               <cell/>
               <cell/>
               <cell/>
               <cell/>
            </row>
            <row xml:id="p118_27">
               <cell></cell>
               <cell>To <name type="account" ref="LMWcash">cash</name>lent <measure commodity="currency" quantity="15" unit="dollars">fifteen dollars</measure></cell>
               <cell><measure commodity="currency" quantity="15" unit="dollars">15</measure>c</cell>
               <cell><measure commodity="currency" quantity="00" unit="dollars">00</measure></cell>
               <cell/>
               <cell/>
            </row>
            <row xml:id="p118_28">
               <cell>396</cell>
               <cell><name type="person" ref="pers_WCDH484">Samuel Morey</name>
                  <choice rend="align(right)">
                     <abbr>Dr</abbr>
                     <expan>Debtor</expan>
                  </choice></cell>
               <cell/>
               <cell></cell>
               <cell/>
               <cell/>
            </row>
            <row xml:id="p118_29">
               <cell/>
               <cell>To <measure commodity="wood" quantity="1" unit="cord">1 cord wood</measure>paid by P. King <measure commodity="currency" quantity="3.50" unit="dollars">3.50</measure></cell><cell/>
               <cell><measure commodity="currency" quantity="3" unit="dollars">3</measure></cell>
               <cell><measure commodity="currency" quantity="50" unit="dollars">50</measure></cell>
               <cell/>
            </row>
            <row xml:id="p118_30">
               <cell/>
               <cell><date when="1833-10-15">15</date></cell>
               <cell/>
               <cell/>
               <cell/>
               <cell/>
            </row>
            <row xml:id="p118_31">
               <cell>312</cell>
               <cell><name type="person" ref="pers_WCDH375">Horace Hulet</name>
                  <choice rend="align(right)">
                     <abbr>Dr</abbr>
                     <expan>Debtor</expan>
                  </choice></cell>
               <cell/>
               <cell/>
               <cell/>
               <cell/>
            </row>
            <row xml:id="p118_32">
               <cell/>
               <cell>To <measure commodity="lard" quantity="5" unit="lbs">5lbs. lard</measure>9</cell>
               <cell></cell>
               <cell><measure commodity="currency" quantity="45" unit="dollars">45</measure></cell>
               <cell/>
               <cell/>
            </row>
            <row xml:id="p118_33">
               <cell/>
               <cell><measure commodity="Beets" quantity="1" unit="bushels">Beets</measure>20x</cell>
               <cell/> 
               <cell><measure commodity="currency" quantity="20" unit="dollars">20</measure></cell>
               <cell/>
               <cell><measure commodity="currency" quantity="65" unit="dollars">65</measure></cell>
            </row>
            <row xml:id="p118_34">
               <cell></cell>
               <cell><date when="1833-10-16">16</date></cell>
               <cell/>
               <cell/>
               <cell/>
               <cell/>
            </row>
            <row xml:id="p118_35">
               <cell>312</cell>
               <cell><name type="person" ref="pers_WCDH375">Horace Hulet</name>
                  <choice rend="align(right)">
                     <abbr>Dr</abbr>
                     <expan>Debtor</expan>
                  </choice></cell>
               <cell></cell>
               <cell></cell>
               <cell/>
               <cell/>
            </row>
            <row xml:id="p118_36">
               <cell/>
               <cell>To <measure commodity="chickens" quantity="6" unit="count">six chickens</measure>1/6</cell>
               <cell><measure commodity="currency" quantity="1" unit="dollars">1</measure></cell>
               <cell><measure commodity="currency" quantity="50" unit="dollars">50</measure></cell>
               <cell></cell>
               <cell></cell>
            </row>
            <row xml:id="p118_37">
               <cell/>
               <cell><measure commodity="butter" quantity="2" unit="lbs">2 lbs x 2 go butter</measure> paid</cell>
               <cell></cell>
               <cell><measure commodity="currency" quantity="28" unit="dollars">28</measure></cell>
               <cell><measure commodity="currency" quantity="1" unit="dollars">1</measure></cell>
               <cell><measure commodity="currency" quantity="78" unit="dollars">78</measure></cell>
            </row>
            <row xml:id="p118_38">
               <cell>113</cell>
               <cell><name type="person" ref="pers_WCDH572">Seth Smith</name>
                  <choice rend="align(right)">
                     <abbr>Dr</abbr>
                     <expan>Debtor</expan>
                  </choice></cell>
               <cell/>
               <cell/>
               <cell/>
               <cell/>
            </row>
            <row xml:id="p118_39">
               <cell></cell>
               <cell>To <measure commodity="Apples" quantity="3.5" unit="bushels">3 1/2 bulshel apples</measure>1/6</cell>
               <cell/>
               <cell><measure commodity="currency" quantity="88" unit="dollars">88</measure></cell>
               <cell/>
               <cell/>
            </row>
            <row xml:id="p118_40">
               <cell/>
               <cell><date when="1833-10-17">17</date></cell>
               <cell></cell>
               <cell></cell>
               <cell/>
               <cell/>
            </row>
            <row xml:id="p118_41">
               <cell>402</cell>
               <cell><name type="person" ref="pers_WCDH397">Elijah H. King</name>
                  <choice rend="align(right)">
                     <abbr>Dr</abbr>
                     <expan>Debtor</expan>
                  </choice></cell>
               <cell/>
               <cell/>
               <cell/>
               <cell/>
            </row>
            <row xml:id="p118_42">
               <cell></cell>
               <cell>To <measure commodity="milk" quantity="7" unit="quarts">seven quarts milk</measure>4x</cell>
               <cell/>
               <cell><measure commodity="currency" quantity="28" unit="dollars">28</measure></cell>
               <cell/>
               <cell/>
            </row>
            <row xml:id="p118_43">
               <cell/>
               <cell><date when="1833-10-19">19</date></cell>
               <cell></cell>
               <cell></cell>
               <cell/>
               <cell/>
            </row>
            <row xml:id="p118_44">
               <cell>389</cell>
               <cell><name type="person" ref="pers_WCDH230">Oliver Clapp</name>
                  <choice rend="align(right)">
                     <abbr>Dr</abbr>
                     <expan>Debtor</expan>
                  </choice></cell>
               <cell/>
               <cell/>
               <cell/>
               <cell/>
            </row>
            <row xml:id="p118_45">
               <cell></cell>
               <cell>To 1 <!--?--> 1/6</cell>
               <cell/>
               <cell><measure commodity="currency" quantity="25" unit="dollars">25</measure></cell>
               <cell/>
               <cell/>
            </row>
            <row xml:id="p118_46">
               <cell>393</cell>
               <cell><name type="person" ref="pers_WCDH650">Wheaton Wheeler</name>
                  <choice rend="align(right)">
                     <abbr>Dr</abbr>
                     <expan>Debtor</expan>
                  </choice></cell>
               <cell></cell>
               <cell></cell>
               <cell/>
               <cell/>
            </row>
            <row xml:id="p118_47">
               <cell/>
               <cell>By <measure commodity="labor" quantity="6" unit="day">six days work</measure>42x</cell>
               <cell><measure commodity="currency" quantity="2" unit="dollars">2</measure></cell>
               <cell><measure commodity="currency" quantity="25" unit="dollars">25</measure></cell>
               <cell/>
               <cell/>
            </row>
            <row xml:id="p118_48">
               <cell></cell>
               <cell><date when="1833-10-21">21</date></cell>
               <cell/>
               <cell/>
               <cell/>
               <cell/>
            </row>
            <row xml:id="p118_49">
               <cell>Settled </cell>
               <cell><name type="person" ref="">Caroline Harman</name>
                  <choice rend="align(right)">
                     <abbr>Dr</abbr>
                     <expan>Debtor</expan>
                  </choice></cell>
               <cell/>
               <cell></cell>
               <cell/>
               <cell/>
            </row>
            <row xml:id="p118_50">
               <cell/>
               <cell>To <measure commodity="postages of letter" quantity="1" unit="count">postages of letter</measure>10x</cell>
               <cell/>
               <cell><measure commodity="currency" quantity="10" unit="dollars">10</measure></cell>
               <cell/>
               <cell></cell>
            </row>
            <row xml:id="p118_51">
               <cell></cell>
               <cell><date when="1833-10-26">26</date></cell>
               <cell/>
               <cell/>
               <cell/>
               <cell/>
            </row>
            <row xml:id="p118_52">
               <cell>393</cell>
               <cell><name type="person" ref="pers_WCDH650">Wheaton Wheeler</name>
                  <choice rend="align(right)">
                     <abbr>Dr</abbr>
                     <expan>Debtor</expan>
                  </choice></cell>
               <cell/>
               <cell/>
               <cell/>
               <cell/>
            </row>
            <row xml:id="p118_53">
               <cell/>
               <cell>By <measure commodity="labor" quantity="2" unit="day">two days work this week</measure>2/6</cell>
               <cell/>
               <cell><measure commodity="currency" quantity="84" unit="dollars">84</measure></cell>
               <cell/>
               <cell/>
            </row>
         </table>
         <pb n="119"/>
         <fw type="pageNum">119</fw>
         <table xml:id="p119" cols="6">
            <head>Monday<date when="1833-10-28">text</date></head>
            <row xml:id="p000_01">
               <cell></cell>
               <cell>
                  <name type="person" ref="pers_WCDH484">Samuel Morey</name>
                  <choice rend="align(right)">
                     <abbr>DR</abbr>
                     <expan>Debtor</expan>
                  </choice>
               </cell>
               <cell/>
               <cell/>
               <cell/>
               <cell/>
            </row>
            <row xml:id="p119_02">
               <cell/>
               <cell>To <measure commodity="cider" quantity="2" unit="bushels">two BU. cider</measure>7/6</cell>
               <cell><measure commodity="currency" quantity="2" unit="dollars">2</measure></cell>
               <cell><measure commodity="currency" quantity="50" unit="dollars">50</measure></cell>
               <cell/>
               <cell/>
            </row>
            <pb n="119"/>
            <fw type="pageNum">119</fw>
            <table xml:id="p119" cols="6">
               <head><date when="1833-11-02">text</date></head>
            <row xml:id="p119_03">
               <cell>343</cell>
               <cell><name type="person" ref="pers_WCDH221">Thomas Carpenter</name>
                  <choice rend="align(right)">
                     <abbr>DR</abbr>
                     <expan>Debtor</expan>
                  </choice></cell>
               <cell></cell>
               <cell/>
               <cell></cell>
               <cell></cell>
            </row>
            <row xml:id="p119_04">
               <cell/>
               <cell>By <measure commodity="labor" quantity="1 3/4" unit="day">work 1x 3/4 day</measure></cell>
               <cell/>
               <cell/>
               <cell/>
               <cell/>
            </row>
            <row xml:id="p119_05">
               <cell>343</cell>
               <cell>To <measure commodity="hat" quantity="1" unit="count">a hat</measure>9/</cell>
               <cell><measure commodity="currency" quantity="1" unit="dollars">1</measure></cell>
               <cell><measure commodity="currency" quantity="50" unit="dollars">50</measure></cell>
               <cell/>
               <cell/>
            </row>
            <row xml:id="p119_06">
               <cell>389</cell>
               <cell><name type="person" ref="pers_WCDH230">Oliver Clapp</name>
                  <choice rend="align(right)">
                     <abbr>DR</abbr>
                     <expan>Debtor</expan>
                  </choice></cell>
               <cell></cell>
               <cell></cell>
               <cell/>
               <cell/>
            </row>
            <row xml:id="p119_07">
               <cell/>
               <cell>To <measure commodity="chips" quantity="1" unit="count">chips</measure>12/</cell>
               <cell><measure commodity="currency" quantity="2" unit="dollars">2</measure></cell>
               <cell><measure commodity="currency" quantity="00" unit="dollars">00</measure></cell>
               <cell/>
               <cell/>
            </row>
            <row xml:id="p119_08">
               <cell></cell>
               <cell><date when="1833-11-06">6</date></cell>
               <cell/>
               <cell/>
               <cell/>
               <cell/>
            </row>
            <row xml:id="p119_09">
               <cell>Paid</cell>
               <cell><name type="person" ref="pers_WCDH570">Noah Smith</name>
                  <choice rend="align(right)">
                     <abbr>DR</abbr>
                     <expan>Debtor</expan>
                  </choice></cell>
               <cell></cell>
               <cell></cell>
               <cell/>
               <cell/>
            </row>
            <row xml:id="p119_10">
               <cell/>
               <cell>To <measure commodity="labor" quantity="1" unit="day">chaise to Mansfield</measure>2/6</cell>
               <cell/>
               <cell><measure commodity="currency" quantity="42" unit="dollars">42</measure></cell>
               <cell/>
               <cell/>
            </row>
            <row xml:id="p119_11">
               <cell>396</cell>
               <cell><name type="person" ref="pers_WCDH484">Samuel Morey</name>
                  <choice rend="align(right)">
                     <abbr>DR</abbr>
                     <expan>Debtor</expan>
                  </choice></cell>
               <cell/>
               <cell/>
               <cell/>
               <cell/>
            </row>
            <row xml:id="p119_12">
               <cell/>
               <cell>By cash recived for pension</cell>
               <cell><measure commodity="currency" quantity="119" unit="dollars">119</measure></cell>
               <cell><measure commodity="currency" quantity="15" unit="dollars">15</measure></cell>
               <cell/>
               <cell/>
            </row>
            <row xml:id="p119_13">
               <cell/>
               <cell>To <name type="account" ref="LMWcash">cash</name> paid at the time</cell>
               <cell><measure commodity="currency" quantity="50" unit="dollars">50</measure></cell>
               <cell><measure commodity="currency" quantity="00" unit="dollars">00</measure></cell>
               <cell/>
               <cell/>
            </row>
            <row xml:id="p119_14">
               <cell></cell>
               <cell><date when="1833-11-08">8</date></cell>
               <cell/>
               <cell/>
               <cell/>
               <cell/>
            </row>
            <row xml:id="p119_15">
               <cell>396</cell>
               <cell>To <name type="account" ref="LMWcash">cash</name><measure commodity="currency" quantity="25" unit="dollars">twenty five dollars</measure></cell>
               <cell><measure commodity="currency" quantity="25" unit="dollars">25</measure></cell>
               <cell><measure commodity="currency" quantity="00" unit="dollars">00</measure></cell>
               <cell/>
               <cell/>
            </row>
            <row xml:id="p119_16">
               <cell/>
               <cell><date when="1833-11-09">9</date></cell>
               <cell/>
               <cell/>
               <cell/>
               <cell/>
            </row>
            <row xml:id="p119_17">
               <cell>393</cell>
               <cell><name type="person" ref="pers_WCDH650">Wheaton Wheeler</name>
                  <choice rend="align(right)">
                     <abbr>DR</abbr>
                     <expan>Debtor</expan>
                  </choice></cell>
               <cell/>
               <cell/>
               <cell/>
               <cell/>
            </row>
            <row xml:id="p119_18">
               <cell/>
               <cell>By <measure commodity="labor" quantity="1" unit="day">one days work this week</measure>2/6</cell>
               <cell/>
               <cell><measure commodity="currency" quantity="42" unit="dollars">42</measure></cell>
               <cell/>
               <cell/>
            </row>
            <row xml:id="p119_19">
               <cell/>
               <cell><date when="1833-11-13">13</date></cell>
               <cell/>
               <cell></cell>
               <cell/>
               <cell></cell>
            </row>
            <row xml:id="p119_20">
               <cell>403</cell>
               <cell><name type="person" ref="pers_WCDH498">Henry M Paine </name>
                  <choice rend="align(right)">
                     <abbr>DR</abbr>
                     <expan>Debtor</expan>
                  </choice></cell>
               <cell/>
               <cell/>
               <cell/>
               <cell/>
            </row>
            <row xml:id="p119_21">
               <cell></cell>
               <cell>To <measure commodity="labor" quantity="1" unit="day">1 day</measure>. Eggs 1/</cell>
               <cell/>
               <cell><measure commodity="currency" quantity="17" unit="dollars">17</measure></cell>
               <cell/>
               <cell/>
            </row>
               <pb n="119"/>
               <fw type="pageNum">119</fw>
               <table xml:id="p119" cols="6">
                  <head><date when="1833-11-06">text</date></head>
            <row xml:id="p119_22">
               <cell>401</cell>
               <cell><name type="person" ref="">Lorain Tarmen</name>
                  <choice rend="align(right)">
                     <abbr>DR</abbr>
                     <expan>Debtor</expan>
                  </choice></cell>
               <cell/>
               <cell></cell>
               <cell/>
               <cell/>
            </row>
            <row xml:id="p119_23">
               <cell/>
               <cell>To <measure commodity="labor" unit="day">work from this date at 7/6 per week </measure>30</cell>
               <cell/>
               <cell/>
               <cell><measure commodity="currency" quantity="30" unit="dollars">30</measure></cell>
               <cell><measure commodity="currency" quantity="17" unit="dollars">17</measure></cell>
            </row>
            <row xml:id="p119_24">
               <cell>395</cell>
               <cell><name type="person" ref="pers_WCDH621">Thompson Tripp</name>
                  <choice rend="align(right)">
                     <abbr>DR</abbr>
                     <expan>Debtor</expan>
                  </choice></cell>
               <cell/>
               <cell/>
               <cell/>
               <cell/>
            </row>
            <row xml:id="p119_25">
               <cell/>
               <cell>To paying Knowles 4/6</cell>
               <cell></cell>
               <cell><measure commodity="currency" quantity="75" unit="dollars">75</measure></cell>
               <cell/>
               <cell/>
            </row>
            <row xml:id="p119_26">
               <cell>Paid</cell>
               <cell><name type="person" ref="pers_WCDH574">Timothy Smith</name>
                  <choice rend="align(right)">
                     <abbr>DR</abbr>
                     <expan>Debtor</expan>
                  </choice></cell>
               <cell/>
               <cell/>
               <cell/>
               <cell/>
            </row>
            <row xml:id="p119_27">
               <cell></cell>
               <cell>To <measure commodity="labor" quantity="2" unit="day">house x chaise to Mansfield</measure></cell>
               <cell/>
               <cell><measure commodity="currency" quantity="50" unit="dollars">50</measure></cell>
               <cell/>
               <cell/>
            </row>
            <row xml:id="p119_28">
               <cell/>
               <cell><date when="1833-11-15">15</date></cell>
               <cell/>
               <cell></cell>
               <cell/>
               <cell/>
            </row>
            <row xml:id="p119_29">
               <cell>393</cell>
               <cell><name type="person" ref="pers_WCDH650">Wheaton Wheeler</name>
                  <choice rend="align(right)">
                     <abbr>DR</abbr>
                     <expan>Debtor</expan>
                  </choice></cell><cell/>
               <cell></cell>
               <cell/>
               <cell/>
            </row>
            <row xml:id="p119_30">
               <cell/>
               <cell>To <measure commodity="corn" quantity="1" unit="peek">1 peek corn</measure> <measure commodity="Rye" quantity="1" unit="bushels">1 do. Rye</measure></cell>
               <cell/>
               <cell><measure commodity="currency" quantity="50" unit="dollars">50</measure></cell>
               <cell/>
               <cell/>
            </row>
            <row xml:id="p119_31">
               <cell>393</cell>
               <cell>By <measure commodity="labor" quantity="4" unit="day">four days work this week</measure></cell>
               <cell><measure commodity="currency" quantity="1" unit="dollars">1</measure></cell>
               <cell><measure commodity="currency" quantity="68" unit="dollars">68</measure></cell>
               <cell/>
               <cell/>
            </row>
            <row xml:id="p119_32">
               <cell>401</cell>
               <cell><name type="person" ref="pers_WCDH434">Simeon Leonard </name>
                  <choice rend="align(right)">
                     <abbr>DR</abbr>
                     <expan>Debtor</expan>
                  </choice></cell>
               <cell></cell>
               <cell></cell>
               <cell/>
               <cell/>
            </row>
            <row xml:id="p119_33">
               <cell/>
               <cell>To <measure commodity="labor" quantity="12" unit="miles">house to Boston x Mansfield 12 miles</measure></cell>
               <cell/>
               <cell><measure commodity="currency" quantity="12" unit="dollars">12</measure></cell>
               <cell/>
               <cell/>
            </row>
            <row xml:id="p119_34">
               <cell></cell>
               <cell><date when="1833-11-18">18</date></cell>
               <cell/>
               <cell/>
               <cell/>
               <cell/>
            </row>
            <row xml:id="p119_35">
               <cell>Settled</cell>
               <cell><name type="person" ref=""><!--?--></name>
                  <choice rend="align(right)">
                     <abbr>DR</abbr>
                     <expan>Debtor</expan>
                  </choice></cell>
               <cell></cell>
               <cell></cell>
               <cell/>
               <cell/>
            </row>
            <row xml:id="p119_36">
               <cell/>
               <cell>To oxen and wagon to <!--?--></cell>
               <cell></cell>
               <cell></cell>
               <cell></cell>
               <cell></cell>
            </row>
            <row xml:id="p119_37">
               <cell>396</cell>
               <cell><name type="person" ref="pers_WCDH484">Samuel Morey</name>
                  <choice rend="align(right)">
                     <abbr>DR</abbr>
                     <expan>Debtor</expan>
                  </choice></cell>
               <cell></cell>
               <cell></cell>
               <cell/>
               <cell/>
            </row>
            <row xml:id="p119_38">
               <cell/>
               <cell>To <measure commodity="wood" quantity="2" unit="cords">two cords wood</measure>for P. King <measure commodity="currency" quantity="3.56" unit="dollars">3.56</measure></cell>
               <cell><measure commodity="currency" quantity="7" unit="dollars">7</measure></cell>
               <cell><measure commodity="currency" quantity="00" unit="dollars">00</measure></cell>
               <cell/>
               <cell/>
            </row>
            <row xml:id="p119_39">
               <cell></cell>
               <cell><date when="1833-11-23">23</date></cell>
               <cell/>
               <cell/>
               <cell/>
               <cell/>
            </row>
            <row xml:id="p119_40">
               <cell>393</cell>
               <cell><name type="person" ref="pers_WCDH650">Wheaton Wheeler</name>
                  <choice rend="align(right)">
                     <abbr>DR</abbr>
                     <expan>Debtor</expan>
                  </choice></cell>
               <cell></cell>
               <cell></cell>
               <cell/>
               <cell/>
            </row>
            <row xml:id="p119_41">
               <cell/>
               <cell>By <measure commodity="labor" quantity="2" unit="day">two days worth this week</measure>42</cell>
               <cell/>
               <cell><measure commodity="currency" quantity="84" unit="dollars">84</measure></cell>
               <cell/>
               <cell/>
            </row>
            <row xml:id="p119_42">
               <cell>398</cell>
               <cell><name type="person" ref="pers_WCDH417">David B Lane</name>
                  <choice rend="align(right)">
                     <abbr>DR</abbr>
                     <expan>Debtor</expan>
                  </choice></cell>
               <cell/>
               <cell/>
               <cell/>
               <cell/>
            </row>
            <row xml:id="p119_43">
               <cell/>
               <cell>To postage of paper 1 year x 2 months</cell>
               <cell></cell>
               <cell><measure commodity="currency" quantity="61" unit="dollars">61</measure></cell>
               <cell/>
               <cell/>
            </row>
            <row xml:id="p119_44">
               <cell/>
               <cell><date when="1833-11-26">26</date></cell>
               <cell/>
               <cell/>
               <cell/>
               <cell/>
            </row>
            <row xml:id="p119_45">
               <cell>403</cell>
               <cell><name type="person" ref="pers_WCDH498">Henry M Paine </name>
                  <choice rend="align(right)">
                     <abbr>DR</abbr>
                     <expan>Debtor</expan>
                  </choice></cell>
               <cell/>
               <cell/>
               <cell/>
               <cell/>
            </row>
            <row xml:id="p119_46">
               <cell/>
               <cell>To <measure commodity="lard" quantity="3" unit="lbs">3 lbs 6 ounces lard</measure>9</cell>
               <cell></cell>
               <cell><measure commodity="currency" quantity="43" unit="dollars">43</measure></cell>
               <cell/>
               <cell/>
            </row>
            <row xml:id="p119_47">
               <cell/>
               <cell><measure commodity="labor" quantity="1" unit="day">1 day</measure>. Eggs 1/</cell>
               <cell/>
               <cell><measure commodity="currency" quantity="17" unit="dollars">17</measure></cell>
               <cell/>
               <cell><measure commodity="currency" quantity="60" unit="dollars">60</measure></cell>
            </row>
            <row xml:id="p119_48">
               <cell>312</cell>
               <cell><name type="person" ref="pers_WCDH375">Horace Hulet</name>
                  <choice rend="align(right)">
                     <abbr>DR</abbr>
                     <expan>Debtor</expan>
                  </choice></cell>
               <cell/>
               <cell/>
               <cell/>
               <cell/>
            </row>
            <row xml:id="p119_49">
               <cell/>
               <cell>To <measure commodity="English hay" quantity="30" unit="lbs">30lbs. English hay</measure><measure commodity="currency" quantity="20" unit="dollars">$20.00</measure>tm</cell>
               <cell/>
               <cell><measure commodity="currency" quantity="30" unit="dollars">30</measure></cell>
               <cell/>
               <cell/>
            </row>