<?xml version="1.0" encoding="UTF-8"?>
<?oxygen RNGSchema="http://www.tei-c.org/release/xml/tei/custom/schema/relaxng/tei_all.rng" type="xml"?>
<TEI xmlns="http://www.tei-c.org/ns/1.0">
   <teiHeader>
      <fileDesc>
         <titleStmt>
            <title>LMW Day Book, pp. 100-139</title>
            <author>L.M. Wheaton</author>
         </titleStmt>
         <publicationStmt>
            <p>Transcribed by Sahilia Ramirez Summer 2016, Wheaton College</p>
         </publicationStmt>
         <sourceDesc>
            <biblFull>
               <titleStmt>
                  <title>Account Books, pp.100-139</title>
                  <author>L.M. Wheaton</author>
                  <respStmt>
                     <resp> TEI-compatible XML markup by <name type="person">Sahilia Ramirez</name>
                        with corrections by <name type="person">Name</name>, <name
                           type="person">Name</name>, and <name type="person">Name</name>.</resp>
                     <name type="person">Name</name>
                  </respStmt>
               </titleStmt>
               <publicationStmt>
                  <p>Transcribed by Sahilia Ramirez Summer 2016, Wheaton College</p>
               </publicationStmt>
               <sourceDesc>
                  <p> From the Marion B. Gebbie Archives and Special Collections at the Madeleine
                     Clark Wallace Library, Wheaton College </p>
               </sourceDesc>
            </biblFull>
         </sourceDesc>
      </fileDesc>
   </teiHeader>
   <text>
      <body>
         <pb n="132"/>
         <fw type="pageNum">132</fw>
         <table xml:id="p132" cols="6">
            <head>Saturday <date when="1835-03-28">text</date></head>
            <row xml:id="p132_01">
               <cell>163</cell>
               <cell>
                  <name type="person" ref="pers_WCDH194">Thomas Braman</name>
                  <choice rend="align(right)">
                     <abbr>DR</abbr>
                     <expan>Debtor</expan>
                  </choice>
               </cell>
               <cell/>
               <cell/>
               <cell/>
               <cell/>
            </row>
            <row xml:id="p132_02">
               <cell/>
               <cell>To 3 Meter <!--?--> 10x</cell>
               <cell></cell>
               <cell><measure commodity="currency" quantity="30" unit="dollars">30</measure></cell>
               <cell/>
               <cell/>
            </row>
            <row xml:id="p132_03">
               <cell>400</cell>
               <cell><name type="person" ref="pers_WCDH225">Betsey A. Chase</name>
                  <choice rend="align(right)">
                     <abbr>DR</abbr>
                     <expan>Debtor</expan>
                  </choice></cell>
               <cell></cell>
               <cell/>
               <cell></cell>
               <cell></cell>
            </row>
            <row xml:id="p132_04">
               <cell/>
               <cell>To <measure commodity="Psalm Book" quantity="1" unit="count">Psalm Book</measure></cell>
               <cell/>
               <cell><measure commodity="currency" quantity="55" unit="dollars">55</measure></cell>
               <cell/>
               <cell/>
            </row>
            <row xml:id="p132_05">
               <cell>403</cell>
               <cell><name type="person" ref="pers_WCDH498">Henry M Paine</name>
                  <choice rend="align(right)">
                     <abbr>DR</abbr>
                     <expan>Debtor</expan>
                  </choice></cell>
               <cell/>
               <cell/>
               <cell/>
               <cell/>
            </row>
            <row xml:id="p132_06">
               <cell/>
               <cell>By <name type="account" ref="LMWcash">cash</name> <measure commodity="currency" quantity="5" unit="dollars">five dollars</measure></cell>
               <cell><measure commodity="currency" quantity="5" unit="dollars">$5</measure></cell>
               <cell><measure commodity="currency" quantity="00" unit="dollars">00</measure></cell>
               <cell/>
               <cell/>
            </row>
            <pb n="132"/>
            <fw type="pageNum">132</fw>
            <table xml:id="p132" cols="6">
               <head><date when="1835-04-01">text</date></head>
            <row xml:id="p132_07">
               <cell>403</cell>
               <cell>To rent of house for <date when="1833">the year eighteen hundred and thirty three</date></cell>
               <cell/>
               <cell/>
               <cell/>
               <cell/>
            </row>
            <row xml:id="p132_08">
               <cell></cell>
               <cell>To paying Braman for tools</cell>
               <cell/>
               <cell/>
               <cell/>
               <cell/>
            </row>
            <row xml:id="p132_09">
               <cell/>
               <cell>To <measure commodity="cow rental" quantity="1" unit="day">cow one year</measure></cell>
               <cell><measure commodity="currency" quantity="34" unit="dollars">34</measure></cell>
               <cell><measure commodity="currency" quantity="00" unit="dollars">00</measure></cell>
               <cell/>
               <cell/>
            </row>
            <row xml:id="p132_10">
               <cell>56</cell>
               <cell><name type="person" ref="pers_WCDH504">Adin Pattin</name>
                  <choice rend="align(right)">
                     <abbr>DR</abbr>
                     <expan>Debtor</expan>
                  </choice></cell>
               <cell/>
               <cell/>
               <cell/>
               <cell/>
            </row>
            <row xml:id="p132_11">
               <cell></cell>
               <cell>To <name type="account" ref="LMWcash">cash</name> lent 6/ towards oxen</cell>
               <cell><measure commodity="currency" quantity="1" unit="dollars">1</measure></cell>
               <cell><measure commodity="currency" quantity="00" unit="dollars">00</measure></cell>
               <cell/>
               <cell/>
            </row>
            <row xml:id="p132_12">
               <cell/>
               <cell><date when="1835-04-09">9</date></cell>
               <cell></cell>
               <cell></cell>
               <cell/>
               <cell/>
            </row>
            <row xml:id="p132_13">
               <cell>365</cell>
               <cell><name type="person" ref="pers_WCDH699">Samuel Wrigley</name>
                  <choice rend="align(right)">
                     <abbr>DR</abbr>
                     <expan>Debtor</expan>
                  </choice></cell>
               <cell/>
               <cell/>
               <cell/>
               <cell/>
            </row>
            <row xml:id="p132_14">
               <cell></cell>
               <cell>To <name type="account" ref="LMWcash">cash</name> 3/</cell>
               <cell/>
               <cell><measure commodity="currency" quantity="50" unit="dollars">50</measure></cell>
               <cell/>
               <cell/>
            </row>
            <row xml:id="p132_15">
               <cell>349</cell>
               <cell><name type="person" ref="pers_WCDH134">Asa M. Adams</name>
                  <choice rend="align(right)">
                     <abbr>DR</abbr>
                     <expan>Debtor</expan>
                  </choice></cell>
               <cell></cell>
               <cell></cell>
               <cell/>
               <cell/>
            </row>
            <row xml:id="p132_16">
               <cell/>
               <cell>To <measure commodity="potatoes" quantity="1" unit="bushels">1 Buls. Potatoes</measure>2/6</cell>
               <cell/>
               <cell><measure commodity="currency" quantity="42" unit="dollars">42</measure></cell>
               <cell/>
               <cell/>
            </row>
            <row xml:id="p132_17">
               <cell>Settled</cell>
               <cell><name type="person" ref="pers_WCDH579">Amos Starkey</name>
                  <choice rend="align(right)">
                     <abbr>DR</abbr>
                     <expan>Debtor</expan>
                  </choice></cell>
               <cell/>
               <cell/>
               <cell/>
               <cell/>
            </row>
            <row xml:id="p132_18">
               <cell/>
               <cell>To paid <!--?--> H. Shackleford</cell>
               <cell><measure commodity="currency" quantity="4" unit="dollars">4</measure></cell>
               <cell><measure commodity="currency" quantity="31" unit="dollars">31</measure></cell>
               <cell/>
               <cell/>
            </row>
            <row xml:id="p132_19">
               <cell/>
               <cell><date when="1835-04-11">11</date></cell>
               <cell/>
               <cell></cell>
               <cell/>
               <cell></cell>
            </row>
            <row xml:id="p132_20">
               <cell>404</cell>
               <cell><name type="person" ref="pers_WCDH621">Thompson Tripp</name>
                  <choice rend="align(right)">
                     <abbr>DR</abbr>
                     <expan>Debtor</expan>
                  </choice></cell>
               <cell/>
               <cell/>
               <cell/>
               <cell/>
            </row>
            <row xml:id="p132_21">
               <cell></cell>
               <cell>To <name type="account" ref="LMWcash">cash</name> <measure commodity="currency" quantity="33" unit="dollars">thirty dollars</measure></cell>
               <cell><measure commodity="currency" quantity="30" unit="dollars">30</measure></cell>
               <cell><measure commodity="currency" quantity="00" unit="dollars">00</measure></cell>
               <cell/>
               <cell/>
            </row>
            <row xml:id="p132_22">
               <cell>506</cell>
               <cell><name type="person" ref="pers_WCDH484">Samuel Morey</name>
                  <choice rend="align(right)">
                     <abbr>DR</abbr>
                     <expan>Debtor</expan>
                  </choice></cell>
               <cell/>
               <cell></cell>
               <cell/>
               <cell/>
            </row>
            <row xml:id="p132_23">
               <cell/>
               <cell>To <name type="account" ref="LMWcash">cash</name> paid Daniel <measure commodity="currency" quantity="20" unit="dollars">twenty dollars</measure></cell>
               <cell><measure commodity="currency" quantity="20" unit="dollars">20</measure></cell>
               <cell><measure commodity="currency" quantity="00" unit="dollars">00</measure></cell>
               <cell/>
               <cell/>
            </row>
            <row xml:id="p132_24">
               <cell></cell>
               <cell><date when="1835-04-15">15</date></cell>
               <cell/>
               <cell/>
               <cell/>
               <cell/>
            </row>
            <row xml:id="p132_25">
               <cell>506</cell>
               <cell><name type="person" ref="pers_WCDH484">Samuel Morey</name>
                  <choice rend="align(right)">
                     <abbr>DR</abbr>
                     <expan>Debtor</expan>
                  </choice></cell>
               <cell></cell>
               <cell></cell>
               <cell/>
               <cell/>
            </row>
            <row xml:id="p132_26">
               <cell/>
               <cell>To <measure commodity="Print hat" quantity="6" unit="yards">6 yards. Print hat.</measure>at Boston 3/6</cell>
               <cell><measure commodity="currency" quantity="3" unit="dollars">3</measure></cell>
               <cell><measure commodity="currency" quantity="50" unit="dollars">50</measure></cell>
               <cell/>
               <cell/>
            </row>
            <row xml:id="p132_27">
               <cell></cell>
               <cell> <measure commodity="Peas" quantity="2.5" unit="pints">2 1/2 pints. Peas</measure>8x</cell>
               <cell/>
               <cell><measure commodity="currency" quantity="16" unit="dollars">16</measure></cell>
               <cell/>
               <cell/>
            </row>
            <row xml:id="p132_28">
               <cell/>
               <cell></cell>
               <cell/>
               <cell></cell>
               <cell><measure commodity="currency" quantity="3" unit="dollars">3</measure></cell>
               <cell><measure commodity="currency" quantity="66" unit="dollars">66</measure></cell>
            </row>
            <row xml:id="p132_29">
               <cell>506</cell>
               <cell><name type="person" ref="pers_WCDH484">Samuel Morey</name>
                  <choice rend="align(right)">
                     <abbr>DR</abbr>
                     <expan>Debtor</expan>
                  </choice></cell><cell/>
               <cell></cell>
               <cell/>
               <cell/>
            </row>
            <row xml:id="p132_30">
               <cell/>
               <cell>By <name type="account" ref="LMWcash">cash</name> received for pension</cell>
               <cell><measure commodity="currency" quantity="240" unit="dollars">240</measure></cell>
               <cell><measure commodity="currency" quantity="00" unit="dollars">00</measure></cell>
               <cell/>
               <cell/>
            </row>
            <row xml:id="p132_31">
               <cell>506</cell>
               <cell>To paid for <!--?--> xc. 3/</cell>
               <cell/>
               <cell/>
               <cell/>
               <cell/>
            </row>
            <row xml:id="p132_32">
               <cell/>
               <cell><!--?--> 6/</cell>
               <cell><measure commodity="currency" quantity="1" unit="dollars">1</measure></cell>
               <cell><measure commodity="currency" quantity="50" unit="dollars">50</measure></cell>
               <cell/>
               <cell/>
            </row>
            <row xml:id="p132_33">
               <cell/>
               <cell><date when="1835-04-22">22</date></cell>
               <cell/>
               <cell/>
               <cell/>
               <cell/>
            </row>
            <row xml:id="p132_34">
               <cell>312</cell>
               <cell><name type="person" ref="pers_WCDH375">Horace Hulet</name>
                  <choice rend="align(right)">
                     <abbr>DR</abbr>
                     <expan>Debtor</expan>
                  </choice></cell>
               <cell/>
               <cell/>
               <cell/>
               <cell/>
            </row>
            <row xml:id="p132_35">
               <cell/>
               <cell>To <measure commodity="potatoes" quantity="1" unit="bushels">1 Buls. Potatoes</measure>2/6</cell>
               <cell></cell>
               <cell><measure commodity="currency" quantity="42" unit="dollars">42</measure></cell>
               <cell/>
               <cell/>
            </row>
            <row xml:id="p132_36">
               <cell>506</cell>
               <cell><name type="person" ref="pers_WCDH484">Samuel Morey</name>
                  <choice rend="align(right)">
                     <abbr>DR</abbr>
                     <expan>Debtor</expan>
                  </choice></cell>
               <cell></cell>
               <cell></cell>
               <cell></cell>
               <cell></cell>
            </row>
            <row xml:id="p132_37">
               <cell/>
               <cell>To <name type="account" ref="LMWcash">cash</name> paid self <measure commodity="currency" quantity="1" unit="dollars">one hundred dollars</measure></cell>
               <cell><measure commodity="currency" quantity="100" unit="dollars">100</measure></cell>
               <cell><measure commodity="currency" quantity="00" unit="dollars">00</measure></cell>
               <cell/>
               <cell/>
            </row>
            <row xml:id="p132_38">
               <cell/>
               <cell>To use of land the part <date when="1834">year 1834</date></cell>
               <cell><measure commodity="currency" quantity="15" unit="dollars">15</measure></cell>
               <cell><measure commodity="currency" quantity="00" unit="dollars">00</measure></cell>
               <cell/>
               <cell/>
            </row>
            <row xml:id="p132_39">
               <cell></cell>
               <cell><date when="1835-04-25">25</date></cell>
               <cell/>
               <cell/>
               <cell/>
               <cell/>
            </row>
            <row xml:id="p132_40">
               <cell>Settled</cell>
               <cell><name type="person" ref="pers_WCDH579">Amos Starkey</name>
                  <choice rend="align(right)">
                     <abbr>DR</abbr>
                     <expan>Debtor</expan>
                  </choice></cell>
               <cell></cell>
               <cell></cell>
               <cell/>
               <cell/>
            </row>
            <row xml:id="p132_41">
               <cell/>
               <cell>To <name type="account" ref="LMWcash">cash</name> as for received</cell>
               <cell><measure commodity="currency" quantity="15" unit="dollars">15</measure></cell>
               <cell><measure commodity="currency" quantity="00" unit="dollars">00</measure></cell>
               <cell/>
               <cell/>
            </row>
               <pb n="132"/>
               <fw type="pageNum">132</fw>
               <table xml:id="p132" cols="6">
                  <head><date when="1835-05-04">text</date></head>
            <row xml:id="p132_42">
               <cell>Bill</cell>
               <cell><name type="person" ref="">Paul West</name>
                  <choice rend="align(right)">
                     <abbr>DR</abbr>
                     <expan>Debtor</expan>
                  </choice></cell>
               <cell/>
               <cell/>
               <cell/>
               <cell/>
            </row>
            <row xml:id="p132_43">
               <cell/>
               <cell>To <name type="account" ref="LMWcash">cash</name> Paid for daughters tuition 30/</cell>
               <cell><measure commodity="currency" quantity="5" unit="dollars">5</measure></cell>
               <cell><measure commodity="currency" quantity="00" unit="dollars">00</measure></cell>
               <cell/>
               <cell/>
            </row>
            <row xml:id="p132_44">
               <cell/>
               <cell><date when="1835-05-08">8</date></cell>
               <cell/>
               <cell></cell>
               <cell/>
               <cell/>
            </row>
            <row xml:id="p132_45">
               <cell></cell>
               <cell>To <measure commodity="button">button</measure>10x do. 12 1/2</cell>
               <cell/>
               <cell><measure commodity="currency" quantity="23" unit="dollars">23</measure></cell>
               <cell/>
               <cell/>
            </row>
            <row xml:id="p132_46">
               <cell/>
               <cell><date when="1835-05-11">11</date></cell>
               <cell></cell>
               <cell></cell>
               <cell/>
               <cell/>
            </row>
            <row xml:id="p132_47">
               <cell>506</cell>
               <cell><name type="person" ref="pers_WCDH484">Samuel Morey</name>
                  <choice rend="align(right)">
                     <abbr>DR</abbr>
                     <expan>Debtor</expan>
                  </choice></cell>
               <cell/>
               <cell/>
               <cell/>
               <cell/>
            </row>
            <row xml:id="p132_48">
               <cell></cell>
               <cell>To <name type="account" ref="LMWcash">cash</name> paid self <measure commodity="currency" quantity="50" unit="dollars">Fifty Dollars</measure></cell>
               <cell><measure commodity="currency" quantity="50" unit="dollars">50</measure></cell>
               <cell><measure commodity="currency" quantity="00" unit="dollars">00</measure></cell>
               <cell/>
               <cell/>
            </row>
            <row xml:id="p132_49">
               <cell>Settled</cell>
               <cell><name type="person" ref=""><!--?--></name>
                  <choice rend="align(right)">
                     <abbr>DR</abbr>
                     <expan>Debtor</expan>
                  </choice></cell>
               <cell/>
               <cell></cell>
               <cell/>
               <cell/>
            </row>
            <row xml:id="p132_50">
               <cell/>
               <cell>To <measure commodity="education">Geography for daughter</measure> 6/</cell>
               <cell><measure commodity="currency" quantity="1" unit="dollars">1</measure></cell>
               <cell><measure commodity="currency" quantity="00" unit="dollars">00</measure></cell>
               <cell/>
               <cell></cell>
            </row>
         </table>
         <pb n="133"/>
         <fw type="pageNum">133</fw>
         <table xml:id="p133" cols="6">
            <head>Thursday<date when="1835-05-14">text</date></head>
            <row xml:id="p133_01">
               <cell>Paid</cell>
               <cell>
                  <name type="person" ref="">David Bringham</name>
                  <choice rend="align(right)">
                     <abbr>DR</abbr>
                     <expan>Debtor</expan>
                  </choice>
               </cell>
               <cell/>
               <cell/>
               <cell/>
               <cell/>
            </row>
            <row xml:id="p133_02">
               <cell/>
               <cell>To <measure commodity="education">Latin Reader for daughter</measure>4/6</cell>
               <cell></cell>
               <cell><measure commodity="currency" quantity="75" unit="dollars">75</measure></cell>
               <cell/>
               <cell/>
            </row>
            <row xml:id="p133_03">
               <cell>506</cell>
               <cell><name type="person" ref="pers_WCDH484">Samuel Morey</name>
                  <choice rend="align(right)">
                     <abbr>DR</abbr>
                     <expan>Debtor</expan>
                  </choice></cell>
               <cell></cell>
               <cell/>
               <cell></cell>
               <cell></cell>
            </row>
            <row xml:id="p133_04">
               <cell/>
               <cell>To <name type="account" ref="LMWcash">cash</name> paid Horaee Withernell</cell>
               <cell><measure commodity="currency" quantity="41" unit="dollars">41</measure></cell>
               <cell><measure commodity="currency" quantity="72" unit="dollars">72</measure></cell>
               <cell/>
               <cell/>
            </row>
            <row xml:id="p133_05">
               <cell>401</cell>
               <cell><name type="person" ref="pers_WCDH640">Horace Wetherell</name>
                  <choice rend="align(right)">
                     <abbr>DR</abbr>
                     <expan>Debtor</expan>
                  </choice></cell>
               <cell/>
               <cell/>
               <cell/>
               <cell/>
            </row>
            <row xml:id="p133_06">
               <cell/>
               <cell>To <!--?--> one day</cell>
               <cell></cell>
               <cell></cell>
               <cell/>
               <cell/>
            </row>
            <row xml:id="p133_07">
               <cell>506</cell>
               <cell><name type="person" ref="pers_WCDH484">Samuel Morey</name>
                  <choice rend="align(right)">
                     <abbr>DR</abbr>
                     <expan>Debtor</expan>
                  </choice></cell>
               <cell/>
               <cell/>
               <cell/>
               <cell/>
            </row>
            <row xml:id="p133_08">
               <cell></cell>
               <cell>To <name type="account" ref="LMWcash">cash</name> paid David when moving there</cell>
               <cell><measure commodity="currency" quantity="2" unit="dollars">2</measure></cell>
               <cell><measure commodity="currency" quantity="50" unit="dollars">50</measure></cell>
               <cell/>
               <cell/>
            </row>
            <row xml:id="p133_09">
               <cell/>
               <cell><date when="1835-05-15">15</date></cell>
               <cell></cell>
               <cell></cell>
               <cell/>
               <cell/>
            </row>
            <row xml:id="p133_10">
               <cell>Settled</cell>
               <cell><name type="person" ref="">Daniel D. Sweet</name>
                  <choice rend="align(right)">
                     <abbr>DR</abbr>
                     <expan>Debtor</expan>
                  </choice></cell>
               <cell/>
               <cell/>
               <cell/>
               <cell/>
            </row>
            <row xml:id="p133_11">
               <cell></cell>
               <cell>To <measure commodity="milk" quantity="28" unit="quarts">twenty eight quarts milk</measure>3x</cell>
               <cell/>
               <cell><measure commodity="currency" quantity="84" unit="dollars">84</measure></cell>
               <cell/>
               <cell/>
            </row>
            <row xml:id="p133_12">
               <cell>settled</cell>
               <cell><name type="person" ref="pers_WCDH579">Amos starkey</name>
                  <choice rend="align(right)">
                     <abbr>DR</abbr>
                     <expan>Debtor</expan>
                  </choice></cell>
               <cell></cell>
               <cell></cell>
               <cell/>
               <cell/>
            </row>
            <row xml:id="p133_13">
               <cell/>
               <cell>To <measure commodity="cider" quantity="1" unit="bushels">one BU. cider</measure>15/</cell>
               <cell><measure commodity="currency" quantity="2" unit="dollars">2</measure></cell>
               <cell><measure commodity="currency" quantity="50" unit="dollars">50</measure></cell>
               <cell/>
               <cell/>
            </row>
            <row xml:id="p133_14">
               <cell>344</cell>
               <cell><name type="person" ref="pers_WCDH221">Thomas Carpenter</name>
                  <choice rend="align(right)">
                     <abbr>DR</abbr>
                     <expan>Debtor</expan>
                  </choice></cell>
               <cell/>
               <cell/>
               <cell/>
               <cell/>
            </row>
            <row xml:id="p133_15">
               <cell/>
               <cell>To <name type="account" ref="LMWcash">cash</name> <measure commodity="currency" quantity="4" unit="dollars">four dollars</measure></cell>
               <cell><measure commodity="currency" quantity="4" unit="dollars">4</measure></cell>
               <cell><measure commodity="currency" quantity="00" unit="dollars">00</measure></cell>
               <cell/>
               <cell/>
            </row>
            <row xml:id="p133_16">
               <cell/>
               <cell><date when="1835-05-20">20</date></cell>
               <cell/>
               <cell/>
               <cell/>
               <cell/>
            </row>
            <row xml:id="p133_17">
               <cell>312</cell>
               <cell><name type="person" ref="pers_WCDH375">Horace Hulet </name>
                  <choice rend="align(right)">
                     <abbr>DR</abbr>
                     <expan>Debtor</expan>
                  </choice></cell>
               <cell/>
               <cell/>
               <cell/>
               <cell/>
            </row>
            <row xml:id="p133_18">
               <cell/>
               <cell>To <measure commodity="potatoes" quantity="1/2" unit="bushels">1/2 Buls. Potatoes</measure> 2/6</cell>
               <cell/>
               <cell><measure commodity="currency" quantity="21" unit="dollars">21</measure></cell>
               <cell/>
               <cell/>
            </row>
            <row xml:id="p133_19">
               <cell>Settled</cell>
               <cell><name type="person" ref="pers_WCDH579">Amos Starkey</name>
                  <choice rend="align(right)">
                     <abbr>DR</abbr>
                     <expan>Debtor</expan>
                  </choice></cell>
               <cell/>
               <cell></cell>
               <cell/>
               <cell></cell>
            </row>
            <row xml:id="p133_20">
               <cell/>
               <cell>To <name type="account" ref="LMWcash">cash</name>for father</cell>
               <cell><measure commodity="currency" quantity="13" unit="dollars">13</measure></cell>
               <cell><measure commodity="currency" quantity="00" unit="dollars">00</measure></cell>
               <cell/>
               <cell/>
            </row>
            <row xml:id="p133_21">
               <cell></cell>
               <cell><date when="1835-05-22">22</date></cell>
               <cell/>
               <cell/>
               <cell/>
               <cell/>
            </row>
            <row xml:id="p133_22">
               <cell>506</cell>
               <cell><name type="person" ref="pers_WCDH484">Samuel Morey</name>
                  <choice rend="align(right)">
                     <abbr>DR</abbr>
                     <expan>Debtor</expan>
                  </choice></cell>
               <cell/>
               <cell></cell>
               <cell/>
               <cell/>
            </row>
            <row xml:id="p133_23">
               <cell/>
               <cell>To <name type="account" ref="LMWcash">cash</name> <measure commodity="currency" quantity="44.88" unit="dollars">forty four dollars 88 cents</measure></cell>
               <cell><measure commodity="currency" quantity="44" unit="dollars">44</measure></cell>
               <cell><measure commodity="currency" quantity="88" unit="dollars">88</measure></cell>
               <cell/>
               <cell/>
            </row>
            <row xml:id="p133_24">
               <cell>344</cell>
               <cell><name type="person" ref="pers_WCDH221">Thomas Carpenter</name>
                  <choice rend="align(right)">
                     <abbr>DR</abbr>
                     <expan>Debtor</expan>
                  </choice></cell>
               <cell/>
               <cell/>
               <cell/>
               <cell/>
            </row>
            <row xml:id="p133_25">
               <cell/>
               <cell>To <measure commodity="potatoes" quantity="1/2" unit="bushels">1/2 Buls. Potatoes</measure>2/6</cell>
               <cell></cell>
               <cell><measure commodity="currency" quantity="21" unit="dollars">21</measure></cell>
               <cell/>
               <cell/>
            </row>
            <pb n="133"/>
            <fw type="pageNum">133</fw>
            <table xml:id="p133" cols="6">
               <head><date when="1835-06-06">text</date></head>
            <row xml:id="p133_26">
               <cell>Bill</cell>
               <cell><name type="person" ref="">Paul West</name>
                  <choice rend="align(right)">
                     <abbr>DR</abbr>
                     <expan>Debtor</expan>
                  </choice></cell>
               <cell/>
               <cell/>
               <cell/>
               <cell/>
            </row>
            <row xml:id="p133_27">
               <cell></cell>
               <cell>To <name type="account" ref="LMWcash">cash</name> paid <measure commodity="bible" quantity="1" unit="count">for bible for daughter</measure></cell>
               <cell/>
               <cell/>
               <cell/>
               <cell/>
            </row>
            <row xml:id="p133_28">
               <cell>400</cell>
               <cell><name type="person" ref="pers_WCDH225">Betsey A. Chase</name>
                  <choice rend="align(right)">
                     <abbr>DR</abbr>
                     <expan>Debtor</expan>
                  </choice></cell>
               <cell/>
               <cell></cell>
               <cell/>
               <cell/>
            </row>
            <row xml:id="p133_29">
               <cell/>
               <cell>To <measure commodity="education">geography x atlas</measure>6/</cell><cell/>
               <cell></cell>
               <cell/>
               <cell/>
            </row>
            <row xml:id="p133_30">
               <cell/>
               <cell><name type="account" ref="LMWcash">cash</name>for subscription 6/ S.S.L.</cell>
               <cell><measure commodity="currency" quantity="2" unit="dollars">2</measure></cell>
               <cell><measure commodity="currency" quantity="00" unit="dollars">00</measure></cell>
               <cell/>
               <cell/>
            </row>
            <row xml:id="p133_31">
               <cell>Nothing paid</cell>
               <cell><name type="person" ref="pers_WCDH498">Henry M. Paine</name>
                  <choice rend="align(right)">
                     <abbr>DR</abbr>
                     <expan>Debtor</expan>
                  </choice></cell>
               <cell/>
               <cell/>
               <cell/>
               <cell/>
            </row>
            <row xml:id="p133_32">
               <cell/>
               <cell>To <measure commodity="Lunes" quantity="1/2" unit="quarts">1/2 quarts of lunes to plant</measure>, nothing</cell>
               <cell></cell>
               <cell></cell>
               <cell/>
               <cell/>
            </row>
               <pb n="133"/>
               <fw type="pageNum">133</fw>
               <table xml:id="p133" cols="6">
                  <head><date when="1835-06-01">text</date></head>
            <row xml:id="p133_33">
               <cell>Bill</cell>
               <cell><name type="person" ref="">Paul West</name>
                  <choice rend="align(right)">
                     <abbr>DR</abbr>
                     <expan>Debtor</expan>
                  </choice></cell>
               <cell/>
               <cell/>
               <cell/>
               <cell/>
            </row>
            <row xml:id="p133_34">
               <cell></cell>
               <cell>To <measure commodity="postage of letter">postage of letter</measure>12 1/2</cell>
               <cell/>
               <cell>12 1/2</cell>
               <cell/>
               <cell/>
            </row>
            <row xml:id="p133_35">
               <cell>400</cell>
               <cell><name type="person" ref="pers_WCDH225">Betsey A Chase</name>
                  <choice rend="align(right)">
                     <abbr>DR</abbr>
                     <expan>Debtor</expan>
                  </choice></cell>
               <cell></cell>
               <cell></cell>
               <cell/>
               <cell/>
            </row>
            <row xml:id="p133_36">
               <cell/>
               <cell>To goods bought 139x</cell>
               <cell><measure commodity="currency" quantity="1" unit="dollars">1</measure></cell>
               <cell><measure commodity="currency" quantity="39" unit="dollars">39</measure></cell>
               <cell></cell>
               <cell></cell>
            </row>
            <row xml:id="p133_37">
               <cell>Settled</cell>
               <cell><name type="person" ref="">Daniel D Sweet</name>
                  <choice rend="align(right)">
                     <abbr>DR</abbr>
                     <expan>Debtor</expan>
                  </choice></cell>
               <cell></cell>
               <cell></cell>
               <cell/>
               <cell/>
            </row>
            <row xml:id="p133_38">
               <cell/>
               <cell>To <!--?--> coal 1/6</cell>
               <cell><measure commodity="currency" quantity="3" unit="dollars">3</measure></cell>
               <cell><measure commodity="currency" quantity="00" unit="dollars">00</measure></cell>
               <cell/>
               <cell/>
            </row>
            <row xml:id="p133_39">
               <cell></cell>
               <cell><date when="1835-06-05">5</date></cell>
               <cell/>
               <cell/>
               <cell/>
               <cell/>
            </row>
            <row xml:id="p133_40">
               <cell>400</cell>
               <cell><name type="person" ref="pers_WCDH225">Betsey A Chase</name>
                  <choice rend="align(right)">
                     <abbr>DR</abbr>
                     <expan>Debtor</expan>
                  </choice></cell>
               <cell></cell>
               <cell></cell>
               <cell/>
               <cell/>
            </row>
            <row xml:id="p133_41">
               <cell/>
               <cell>To <name type="account" ref="LMWcash">cash</name>6/ for shoes to Hulet</cell>
               <cell><measure commodity="currency" quantity="1" unit="dollars">1</measure></cell>
               <cell><measure commodity="currency" quantity="00" unit="dollars">00</measure></cell>
               <cell/>
               <cell/>
            </row>
            <row xml:id="p133_42">
               <cell>105</cell>
               <cell><name type="person" ref="pers_WCDH217">Daniel Carpenter</name>
                  <choice rend="align(right)">
                     <abbr>DR</abbr>
                     <expan>Debtor</expan>
                  </choice></cell>
               <cell/>
               <cell/>
               <cell/>
               <cell/>
            </row>
            <row xml:id="p133_43">
               <cell/>
               <cell>To <measure commodity="Rye" quantity="1/2" unit="bushels">1/2 Buls. Rye</measure>7/6</cell>
               <cell></cell>
               <cell><measure commodity="currency" quantity="63" unit="dollars">63</measure></cell>
               <cell/>
               <cell/>
            </row>
            <row xml:id="p133_44">
               <cell>Settled</cell>
               <cell><name type="person" ref="pers_WCDH657">Geo. White F</name>
                  <choice rend="align(right)">
                     <abbr>DR</abbr>
                     <expan>Debtor</expan>
                  </choice></cell>
               <cell/>
               <cell/>
               <cell/>
               <cell/>
            </row>
            <row xml:id="p133_45">
               <cell></cell>
               <cell>To <name type="account" ref="LMWcash">cash</name> <measure commodity="currency" quantity="20" unit="dollars">twenty dollars</measure></cell>
               <cell><measure commodity="currency" quantity="20" unit="dollars">20</measure></cell>
               <cell><measure commodity="currency" quantity="00" unit="dollars">00</measure></cell>
               <cell/>
               <cell/>
            </row>
            <row xml:id="p133_46">
               <cell></cell>
               <cell><date when="1835-06-10">10</date></cell>
               <cell></cell>
               <cell></cell>
               <cell/>
               <cell/>
            </row>
            <row xml:id="p133_47">
               <cell>400</cell>
               <cell><name type="person" ref="pers_WCDH225">Betsey A Chase</name>
                  <choice rend="align(right)">
                     <abbr>DR</abbr>
                     <expan>Debtor</expan>
                  </choice></cell>
               <cell/>
               <cell/>
               <cell/>
               <cell/>
            </row>
            <row xml:id="p133_48">
               <cell></cell>
               <cell>To one <!--?--> 4/6</cell>
               <cell/>
               <cell><measure commodity="currency" quantity="75" unit="dollars">75</measure></cell>
               <cell/>
               <cell/>
            </row>
 