<?xml version="1.0" encoding="UTF-8"?>
<?oxygen RNGSchema="http://www.tei-c.org/release/xml/tei/custom/schema/relaxng/tei_all.rng" type="xml"?>
<TEI xmlns="http://www.tei-c.org/ns/1.0">
   <teiHeader>
      <fileDesc>
         <titleStmt>
            <title>LMW Day Book, pp. 100-139</title>
            <author>L.M. Wheaton</author>
         </titleStmt>
         <publicationStmt>
            <p>Transcribed by Sahilia Ramirez Summer 2016, Wheaton College</p>
         </publicationStmt>
         <sourceDesc>
            <biblFull>
               <titleStmt>
                  <title>Account Books, pp.100-139</title>
                  <author>L.M. Wheaton</author>
                  <respStmt>
                     <resp> TEI-compatible XML markup by <name type="person">Sahilia Ramirez</name>
                        with corrections by <name type="person">Name</name>, <name
                           type="person">Name</name>, and <name type="person">Name</name>.</resp>
                     <name type="person">Name</name>
                  </respStmt>
               </titleStmt>
               <publicationStmt>
                  <p>Transcribed by Sahilia Ramirez Summer 2016, Wheaton College</p>
               </publicationStmt>
               <sourceDesc>
                  <p> From the Marion B. Gebbie Archives and Special Collections at the Madeleine
                     Clark Wallace Library, Wheaton College </p>
               </sourceDesc>
            </biblFull>
         </sourceDesc>
      </fileDesc>
   </teiHeader>
   <text>
      <body>
         <pb n="128"/>
         <fw type="pageNum">128</fw>
         <table xml:id="p128" cols="6">
            <head>Thursday<date when="1834-09-04">text</date></head>
            <row xml:id="p128_01">
               <cell>Settled</cell>
               <cell>
                  <name type="person" ref="">Erin Bryant</name>
                  <choice rend="align(right)">
                     <abbr>DR</abbr>
                     <expan>Debtor</expan>
                  </choice>
               </cell>
               <cell/>
               <cell/>
               <cell/>
               <cell/>
            </row>
            <row xml:id="p128_02">
               <cell/>
               <cell>To <name type="account" ref="LMWcash">cash</name> this day 3/ towards <!--?--></cell>
               <cell></cell>
               <cell></cell>
               <cell/>
               <cell/>
            </row>
            <row xml:id="p128_03">
               <cell/>
               <cell>" do. that week 1/6</cell>
               <cell></cell>
               <cell><measure commodity="currency" quantity="75" unit="dollars">75</measure></cell>
               <cell></cell>
               <cell></cell>
            </row>
            <row xml:id="p128_04">
               <cell>384</cell>
               <cell> <name type="person" ref="pers_WCDH230">Oliver Clapp</name>
                  <choice rend="align(right)">
                     <abbr>DR</abbr>
                     <expan>Debtor</expan>
                  </choice></cell>
               <cell/>
               <cell/>
               <cell/>
               <cell/>
            </row>
            <row xml:id="p128_05">
               <cell></cell>
               <cell>To <measure commodity="Oak timber" quantity="10" unit="feet">10 feet Oak timber</measure><!--?--></cell>
               <cell/>
               <cell/>
               <cell/>
               <cell/>
            </row>
            <row xml:id="p128_06">
               <cell/>
               <cell><date when="1834-09-08">8</date></cell>
               <cell></cell>
               <cell></cell>
               <cell/>
               <cell/>
            </row>
            <row xml:id="p128_07">
               <cell>Settled</cell>
               <cell> <name type="person" ref="">Erin Bryant</name>
                  <choice rend="align(right)">
                     <abbr>DR</abbr>
                     <expan>Debtor</expan>
                  </choice></cell>
               <cell/>
               <cell/>
               <cell/>
               <cell/>
            </row>
            <row xml:id="p128_08">
               <cell></cell>
               <cell>To <name type="account" ref="LMWcash">cash</name> towards <!--?--> stalles 3/</cell>
               <cell/>
               <cell><measure commodity="currency" quantity="50" unit="dollars">50</measure></cell>
               <cell/>
               <cell/>
            </row>
            <row xml:id="p128_09">
               <cell>Settled</cell>
               <cell> <name type="person" ref="pers_WCDH565">John Smith</name>
                  <choice rend="align(right)">
                     <abbr>DR</abbr>
                     <expan>Debtor</expan>
                  </choice></cell>
               <cell></cell>
               <cell></cell>
               <cell/>
               <cell/>
            </row>
            <row xml:id="p128_10">
               <cell/>
               <cell>To <name type="account" ref="LMWcash">cash</name> <measure commodity="currency" quantity="10" unit="dollars">ten dollars</measure></cell>
               <cell><measure commodity="currency" quantity="10" unit="dollars">10</measure></cell>
               <cell><measure commodity="currency" quantity="00" unit="dollars">00</measure></cell>
               <cell/>
               <cell/>
            </row>
            <row xml:id="p128_11">
               <cell></cell>
               <cell><date when="1834-09-15">15</date></cell>
               <cell/>
               <cell/>
               <cell/>
               <cell/>
            </row>
            <row xml:id="p128_12">
               <cell>Settled</cell>
               <cell><name type="person" ref="pers_WCDH396">Dauphin King</name>
                  <choice rend="align(right)">
                     <abbr>DR</abbr>
                     <expan>Debtor</expan>
                  </choice></cell>
               <cell></cell>
               <cell></cell>
               <cell/>
               <cell/>
            </row>
            <row xml:id="p128_13">
               <cell/>
               <cell>To <measure commodity="boards" quantity="195" unit="feet">195 Feet Boards</measure> <measure commodity="currency" quantity="12" unit="dollars">$12.00</measure>carting x1</cell>
               <cell/>
               <cell/>
               <cell/>
               <cell/>
            </row>
            <row xml:id="p128_14">
               <cell></cell>
               <cell><measure commodity="boards" quantity="202" unit="feet">Plank x Boards some time since 202 feet</measure><measure commodity="currency" quantity="30" unit="dollars">30. 00</measure></cell>
               <cell/>
               <cell/>
               <cell/>
               <cell/>
            </row>
            <row xml:id="p128_15">
               <cell>403</cell>
               <cell> <name type="person" ref="pers_WCDH498">Henry M Paine</name>
                  <choice rend="align(right)">
                     <abbr>DR</abbr>
                     <expan>Debtor</expan>
                  </choice></cell>
               <cell></cell>
               <cell></cell>
               <cell/>
               <cell/>
            </row>
            <row xml:id="p128_16">
               <cell/>
               <cell>To <name type="account" ref="LMWcash">cash</name>lent to carry to Providence</cell>
               <cell><measure commodity="currency" quantity="18" unit="dollars">18</measure></cell>
               <cell><measure commodity="currency" quantity="00" unit="dollars">00</measure></cell>
               <cell/>
               <cell/>
            </row>
            <row xml:id="p128_17">
               <cell></cell>
               <cell><date when="1834-09-17">17</date></cell>
               <cell/>
               <cell/>
               <cell/>
               <cell/>
            </row>
            <row xml:id="p128_18">
               <cell>403</cell>
               <cell>By <name type="account" ref="LMWcash">cash</name> returned</cell>
               <cell><measure commodity="currency" quantity="8" unit="dollars">8</measure></cell>
               <cell><measure commodity="currency" quantity="00" unit="dollars">00</measure></cell>
               <cell/>
               <cell/>
            </row>
            <row xml:id="p128_19">
               <cell/>
               <cell>do</cell>
               <cell><measure commodity="currency" quantity="5" unit="dollars">5</measure></cell>
               <cell><measure commodity="currency" quantity="00" unit="dollars">00</measure></cell>
               <cell><measure commodity="currency" quantity="13" unit="dollars">13</measure></cell>
               <cell><measure commodity="currency" quantity="00" unit="dollars">00</measure></cell>
            </row>
            <row xml:id="p128_20">
               <cell>343</cell>
               <cell><name type="person" ref="pers_WCDH221">Thomas Carpenter</name>
                  <choice rend="align(right)">
                     <abbr>DR</abbr>
                     <expan>Debtor</expan>
                  </choice></cell>
               <cell/>
               <cell/>
               <cell/>
               <cell/>
            </row>
            <row xml:id="p128_21">
               <cell></cell>
               <cell>To <name type="account" ref="LMWcash">cash</name> lent 6/</cell>
               <cell><measure commodity="currency" quantity="1" unit="dollars">1</measure></cell>
               <cell><measure commodity="currency" quantity="00" unit="dollars">00</measure></cell>
               <cell/>
               <cell/>
            </row>
            <row xml:id="p128_22">
               <cell>Settled</cell>
               <cell> <name type="person" ref="">Erin Bryant</name>
                  <choice rend="align(right)">
                     <abbr>DR</abbr>
                     <expan>Debtor</expan>
                  </choice></cell>
               <cell/>
               <cell></cell>
               <cell/>
               <cell/>
            </row>
            <row xml:id="p128_23">
               <cell/>
               <cell>To <measure commodity="pork">pork</measure>45x towards <!--?--></cell>
               <cell/>
               <cell><measure commodity="currency" quantity="45" unit="dollars">45</measure></cell>
               <cell/>
               <cell/>
            </row>
            <row xml:id="p128_24">
               <cell></cell>
               <cell><date when="1834-09-18">18</date></cell>
               <cell/>
               <cell/>
               <cell/>
               <cell/>
            </row>
            <row xml:id="p128_25">
               <cell>396</cell>
               <cell> <name type="person" ref="pers_WCDH484">Samuel Morey</name>
                  <choice rend="align(right)">
                     <abbr>DR</abbr>
                     <expan>Debtor</expan>
                  </choice></cell>
               <cell></cell>
               <cell></cell>
               <cell/>
               <cell/>
            </row>
            <row xml:id="p128_26">
               <cell/>
               <cell>By <name type="account" ref="LMWcash">cash</name> recieved for Pension</cell>
               <cell><measure commodity="currency" quantity="240" unit="dollars">240</measure></cell>
               <cell><measure commodity="currency" quantity="00" unit="dollars">00</measure></cell>
               <cell/>
               <cell/>
            </row>
            <row xml:id="p128_27">
               <cell>395</cell>
               <cell>To <!--?--> paid for <!--?--> to wild</cell>
               <cell><measure commodity="currency" quantity="1" unit="dollars">1</measure></cell>
               <cell><measure commodity="currency" quantity="50" unit="dollars">50</measure></cell>
               <cell/>
               <cell/>
            </row>
            <row xml:id="p128_28">
               <cell/>
               <cell><date when="1834-09-20">20</date></cell>
               <cell/>
               <cell></cell>
               <cell/>
               <cell/>
            </row>
            <row xml:id="p128_29">
               <cell>396</cell>
               <cell> <name type="person" ref="pers_WCDH484">Samuel Morey</name>
                  <choice rend="align(right)">
                     <abbr>DR</abbr>
                     <expan>Debtor</expan>
                  </choice></cell><cell/>
               <cell></cell>
               <cell/>
               <cell/>
            </row>
            <row xml:id="p128_30">
               <cell/>
               <cell>To <name type="account" ref="LMWcash">cash</name> paid to W. babbritty <!--?--></cell>
               <cell><measure commodity="currency" quantity="100" unit="dollars">100</measure></cell>
               <cell/>
               <cell/>
               <cell/>
            </row>
            <row xml:id="p128_31">
               <cell></cell>
               <cell>" do. paid yourself</cell>
               <cell><measure commodity="currency" quantity="100" unit="dollars">100</measure></cell>
               <cell/>
               <cell><measure commodity="currency" quantity="200" unit="dollars">200</measure></cell>
               <cell><measure commodity="currency" quantity="00" unit="dollars">00</measure></cell>
            </row>
            <row xml:id="p128_32">
               <cell/>
               <cell><date when="1834-09-29">29</date></cell>
               <cell></cell>
               <cell></cell>
               <cell/>
               <cell/>
            </row>
            <row xml:id="p128_33">
               <cell>Settled</cell>
               <cell> <name type="person" ref="pers_WCDH379">Morse Hunt</name>
                  <choice rend="align(right)">
                     <abbr>DR</abbr>
                     <expan>Debtor</expan>
                  </choice></cell>
               <cell/>
               <cell/>
               <cell/>
               <cell/>
            </row>
            <row xml:id="p128_34">
               <cell></cell>
               <cell>To <measure commodity="cider" quantity="2" unit="quarts">2 quarts cider</measure></cell>
               <cell/>
               <cell/>
               <cell/>
               <cell/>
            </row>
            <row xml:id="p128_35">
               <cell/>
               <cell><name type="account" ref="LMWcash">cash</name>12/</cell>
               <cell></cell>
               <cell></cell>
               <cell/>
               <cell/>
            </row>
            <row xml:id="p128_36">
               <cell>83</cell>
               <cell> <name type="person" ref="pers_WCDH435">Stephen Leonard</name>
                  <choice rend="align(right)">
                     <abbr>DR</abbr>
                     <expan>Debtor</expan>
                  </choice></cell>
               <cell></cell>
               <cell></cell>
               <cell></cell>
               <cell></cell>
            </row>
            <row xml:id="p128_37">
               <cell/>
               <cell>To <name type="account" ref="LMWcash">cash</name> <measure commodity="currency" quantity="5" unit="dollars">five dollars</measure>30/</cell>
               <cell><measure commodity="currency" quantity="5" unit="dollars">5</measure></cell>
               <cell><measure commodity="currency" quantity="00" unit="dollars">00</measure></cell>
               <cell/>
               <cell/>
            </row>
            <row xml:id="p128_38">
               <cell/>
               <cell><date when="1834-09-30">30</date></cell>
               <cell/>
               <cell/>
               <cell/>
               <cell/>
            </row>
            <row xml:id="p128_39">
               <cell>76</cell>
               <cell> <name type="person" ref="pers_WCDH475">James Mefsenger</name>
                  <choice rend="align(right)">
                     <abbr>DR</abbr>
                     <expan>Debtor</expan>
                  </choice></cell>
               <cell/>
               <cell/>
               <cell/>
               <cell/>
            </row>
            <row xml:id="p128_40">
               <cell/>
               <cell>To <name type="account" ref="LMWcash">cash</name> 30/</cell>
               <cell><measure commodity="currency" quantity="5" unit="dollars">5</measure></cell>
               <cell><measure commodity="currency" quantity="00" unit="dollars">00</measure></cell>
               <cell/>
               <cell/>
            </row>
            <pb n="128"/>
            <fw type="pageNum">128</fw>
            <table xml:id="p128" cols="6">
               <head><date when="1834-10-01">text</date></head>
            <row xml:id="p128_41">
               <cell>400</cell>
               <cell><name type="person" ref="pers_WCDH225">Betsey A Chase</name>
                  <choice rend="align(right)">
                     <abbr>DR</abbr>
                     <expan>Debtor</expan>
                  </choice></cell>
               <cell/>
               <cell/>
               <cell/>
               <cell/>
            </row>
            <row xml:id="p128_42">
               <cell></cell>
               <cell>To <name type="account" ref="LMWcash">cash</name> 6/</cell>
               <cell/>
               <cell/>
               <cell/>
               <cell/>
            </row>
            <row xml:id="p128_43">
               <cell/>
               <cell>To <measure commodity="yarn">yarn</measure> 27x</cell>
               <cell><measure commodity="currency" quantity="1" unit="dollars">1</measure></cell>
               <cell><measure commodity="currency" quantity="27" unit="dollars">27</measure></cell>
               <cell/>
               <cell/>
            </row>
               <pb n="128"/>
               <fw type="pageNum">128</fw>
               <table xml:id="p128" cols="6">
                  <head><date when="1834-10-04">text</date></head>
            <row xml:id="p128_44">
               <cell>163</cell>
               <cell><name type="person" ref="pers_WCDH194">Thomas Braman F.</name>
                  <choice rend="align(right)">
                     <abbr>DR</abbr>
                     <expan>Debtor</expan>
                  </choice></cell>
               <cell/>
               <cell/>
               <cell/>
               <cell/>
            </row>
            <row xml:id="p128_45">
               <cell></cell>
               <cell>To <name type="account" ref="LMWcash">cash</name> as for recieved<measure commodity="currency" quantity="10" unit="dollars">ten dollars</measure></cell>
               <cell><measure commodity="currency" quantity="10" unit="dollars">10</measure></cell>
               <cell><measure commodity="currency" quantity="00" unit="dollars">00</measure></cell>
               <cell/>
               <cell/>
            </row>
            <row xml:id="p128_46">
               <cell/>
               <cell><date when="1834-10-07">7</date></cell>
               <cell></cell>
               <cell></cell>
               <cell/>
               <cell/>
            </row>
            <row xml:id="p128_47">
               <cell>400</cell>
               <cell><name type="person" ref="pers_WCDH225">Betsey A Chase</name>
                  <choice rend="align(right)">
                     <abbr>DR</abbr>
                     <expan>Debtor</expan>
                  </choice></cell>
               <cell/>
               <cell/>
               <cell/>
               <cell/>
            </row>
            <row xml:id="p128_48">
               <cell></cell>
               <cell>To <name type="account" ref="LMWcash">cash</name> 6/ paid by Wigs</cell>
               <cell><measure commodity="currency" quantity="1" unit="dollars">1</measure></cell>
               <cell><measure commodity="currency" quantity="00" unit="dollars">00</measure></cell>
               <cell/>
               <cell/>
            </row>
            <row xml:id="p128_49">
               <cell/>
               <cell><date when="1834-10-08">8</date></cell>
               <cell/>
               <cell></cell>
               <cell/>
               <cell/>
            </row>
            <row xml:id="p128_50">
               <cell>400</cell>
               <cell><name type="person" ref="pers_WCDH225">Betsey A Chase</name>
                  <choice rend="align(right)">
                     <abbr>DR</abbr>
                     <expan>Debtor</expan>
                  </choice></cell>
               <cell/>
               <cell></cell>
               <cell/>
               <cell></cell>
            </row>
            <row xml:id="p128_51">
               <cell/>
               <cell>To <name type="account" ref="LMWcash">cash</name> to <measure commodity="bible" quantity="1" unit="count">pay for Bible</measure>18/</cell>
               <cell><measure commodity="currency" quantity="3" unit="dollars">3</measure></cell>
               <cell><measure commodity="currency" quantity="00" unit="dollars">00</measure></cell>
               <cell/>
               <cell/>
            </row>
            <row xml:id="p128_52">
               <cell/>
               <cell><date when="1834-10-12">12</date></cell>
               <cell/>
               <cell/>
               <cell/>
               <cell/>
            </row>
            <row xml:id="p128_53">
               <cell>343</cell>
               <cell><name type="person" ref="pers_WCDH221">Thomas Carpenter</name>
                  <choice rend="align(right)">
                     <abbr>DR</abbr>
                     <expan>Debtor</expan>
                  </choice></cell>
               <cell/>
               <cell/>
               <cell/>
               <cell/>
            </row>
            <row xml:id="p128_54">
               <cell></cell>
               <cell>By going to Providence, <measure commodity="house wagen">house Wagen</measure> x.</cell>
               <cell><measure commodity="currency" quantity="2" unit="dollars">2</measure></cell>
               <cell><measure commodity="currency" quantity="70" unit="dollars">70</measure></cell>
               <cell/>
               <cell/>
            </row>
         <pb n="129"/>
         <fw type="pageNum">129</fw>
         <table xml:id="p129" cols="6">
            <head>Tuesday <date when="1834-10-12">text</date></head>
            <row xml:id="p129_01">
               <cell>343</cell>
               <cell>
                  <name type="person" ref="pers_WCDH221">Thomas Carpenter</name>
                  <choice rend="align(right)">
                     <abbr>DR</abbr>
                     <expan>Debtor</expan>
                  </choice>
               </cell>
               <cell/>
               <cell/>
               <cell/>
               <cell/>
            </row>
            <row xml:id="p129_02">
               <cell/>
               <cell>To <name type="account" ref="LMWcash">cash</name><measure commodity="currency" quantity="4" unit="dollars">four dollars</measure>x <measure commodity="currency" quantity="70" unit="cents">seventy cents</measure></cell>
               <cell><measure commodity="currency" quantity="4" unit="dollars">4</measure></cell>
               <cell><measure commodity="currency" quantity="70" unit="dollars">70</measure></cell>
               <cell/>
               <cell/>
            </row>
            <row xml:id="p129_03">
               <cell>399</cell>
               <cell><name type="person" ref="pers_WCDH134">Asa M. Adams</name>
                  <choice rend="align(right)">
                     <abbr>DR</abbr>
                     <expan>Debtor</expan>
                  </choice></cell>
               <cell></cell>
               <cell/>
               <cell></cell>
               <cell></cell>
            </row>
            <row xml:id="p129_04">
               <cell/>
               <cell>To 35 feet <!--?--> <measure commodity="currency" quantity="15" unit="dollars">$15.00</measure><!--?--></cell>
               <cell/>
               <cell><measure commodity="currency" quantity="53" unit="dollars">53</measure></cell>
               <cell/>
               <cell/>
            </row>
            <row xml:id="p129_05">
               <cell></cell>
               <cell><measure commodity="Old timber" quantity="6 x 7" unit="inches">Old timber 6 x 7 inches.</measure> 3/</cell>
               <cell/>
               <cell><measure commodity="currency" quantity="50" unit="dollars">50</measure></cell>
               <cell><measure commodity="currency" quantity="1" unit="dollars">1</measure></cell>
               <cell><measure commodity="currency" quantity="03" unit="dollars">03</measure></cell>
            </row>
            <row xml:id="p129_06">
               <cell>400</cell>
               <cell><name type="person" ref="pers_WCDH225">Betsey A Chase</name>
                  <choice rend="align(right)">
                     <abbr>DR</abbr>
                     <expan>Debtor</expan>
                  </choice></cell>
               <cell></cell>
               <cell></cell>
               <cell/>
               <cell/>
            </row>
            <row xml:id="p129_07">
               <cell/>
               <cell>To <name type="account" ref="LMWcash">cash</name> <measure commodity="hairsetting pins">for hairsetting pins</measure>6x</cell>
               <cell/>
               <cell><measure commodity="currency" quantity="06" unit="dollars">06</measure></cell>
               <cell/>
               <cell/>
            </row>
            <row xml:id="p129_08">
               <cell></cell>
               <cell><date when="1834-10-23">23</date></cell>
               <cell/>
               <cell/>
               <cell/>
               <cell/>
            </row>
            <row xml:id="p129_09">
               <cell>Settled</cell>
               <cell><name type="person" ref="pers_WCDH621">Thompson Tripp</name>
                  <choice rend="align(right)">
                     <abbr>DR</abbr>
                     <expan>Debtor</expan>
                  </choice></cell>
               <cell></cell>
               <cell></cell>
               <cell/>
               <cell/>
            </row>
            <row xml:id="p129_10">
               <cell/>
               <cell>To <name type="account" ref="LMWcash">cash</name> <measure commodity="bible" quantity="1" unit="count">paid for Bible</measure></cell>
               <cell><measure commodity="currency" quantity="5" unit="dollars">5</measure></cell>
               <cell><measure commodity="currency" quantity="50" unit="dollars">50</measure></cell>
               <cell/>
               <cell/>
            </row>
            <row xml:id="p129_11">
               <cell></cell>
               <cell><date when="1834-10-25">25</date></cell>
               <cell/>
               <cell/>
               <cell/>
               <cell/>
            </row>
            <row xml:id="p129_12">
               <cell>Settled</cell>
               <cell><name type="person" ref="pers_WCDH379">Morse Hunt</name>
                  <choice rend="align(right)">
                     <abbr>DR</abbr>
                     <expan>Debtor</expan>
                  </choice></cell>
               <cell></cell>
               <cell></cell>
               <cell/>
               <cell/>
            </row>
            <row xml:id="p129_13">
               <cell/>
               <cell>To <name type="account" ref="LMWcash">cash</name> lent 6/</cell>
               <cell><measure commodity="currency" quantity="1" unit="dollars">1</measure></cell>
               <cell><measure commodity="currency" quantity="00" unit="dollars">00</measure></cell>
               <cell/>
               <cell/>
            </row>
            <row xml:id="p129_14">
               <cell>77</cell>
               <cell><name type="person" ref="pers_WCDH167">David b. Bates</name>
                  <choice rend="align(right)">
                     <abbr>DR</abbr>
                     <expan>Debtor</expan>
                  </choice></cell>
               <cell/>
               <cell/>
               <cell/>
               <cell/>
            </row>
            <row xml:id="p129_15">
               <cell/>
               <cell>To<measure commodity="Boards" quantity="32 7.5" unit="feet"> 32 7 1/2 Feet. Boards</measure> <measure commodity="currency" quantity="26" unit="dollars">$26.00</measure>for this.</cell>
               <cell><measure commodity="currency" quantity="8" unit="dollars">8</measure></cell>
               <cell><measure commodity="currency" quantity="50" unit="dollars">50</measure></cell>
               <cell/>
               <cell/>
            </row>
            <pb n="129"/>
            <fw type="pageNum">129</fw>
            <table xml:id="p129" cols="6">
               <head><date when="1834-11-05">text</date></head>
            <row xml:id="p129_16">
               <cell>152</cell>
               <cell><name type="person" ref="pers_WCDH402">Phillip B. King</name>
                  <choice rend="align(right)">
                     <abbr>DR</abbr>
                     <expan>Debtor</expan>
                  </choice></cell>
               <cell/>
               <cell/>
               <cell/>
               <cell/>
            </row>
            <row xml:id="p129_17">
               <cell></cell>
               <cell>To <measure commodity="Beef" quantity="155" unit="lbs">155 lbs. 4 1/2 x for <!--?--> Beef</measure></cell>
               <cell><measure commodity="currency" quantity="6" unit="dollars">6</measure></cell>
               <cell><measure commodity="currency" quantity="97" unit="dollars">97</measure></cell>
               <cell/>
               <cell/>
            </row>
            <row xml:id="p129_18">
               <cell>371</cell>
               <cell><name type="person" ref="pers_WCDH201">Simeon Briggs</name>
                  <choice rend="align(right)">
                     <abbr>DR</abbr>
                     <expan>Debtor</expan>
                  </choice></cell>
               <cell/>
               <cell></cell>
               <cell/>
               <cell/>
            </row>
            <row xml:id="p129_19">
               <cell/>
               <cell>To <measure commodity="beef" quantity="128" unit="lbs">128 lbs. 4 1/2 for <!--?--> Beef</measure></cell>
               <cell><measure commodity="currency" quantity="5" unit="dollars">5</measure></cell>
               <cell><measure commodity="currency" quantity="76" unit="dollars">76</measure></cell>
               <cell/>
               <cell></cell>
            </row>
            <row xml:id="p129_20">
               <cell/>
               <cell><date when="1834-11-06">6</date></cell>
               <cell/>
               <cell/>
               <cell/>
               <cell/>
            </row>
            <row xml:id="p129_21">
               <cell>Settled</cell>
               <cell><name type="person" ref="pers_WCDH379">Mores Hunt</name>
                  <choice rend="align(right)">
                     <abbr>DR</abbr>
                     <expan>Debtor</expan>
                  </choice></cell>
               <cell/>
               <cell/>
               <cell/>
               <cell/>
            </row>
            <row xml:id="p129_22">
               <cell/>
               <cell>To <name type="account" ref="LMWcash">cash</name>12/</cell>
               <cell><measure commodity="currency" quantity="2" unit="dollars">2</measure></cell>
               <cell><measure commodity="currency" quantity="00" unit="dollars">00</measure></cell>
               <cell/>
               <cell/>
            </row>
            <row xml:id="p129_23">
               <cell/>
               <cell><date when="1834-11-07">7</date></cell>
               <cell/>
               <cell/>
               <cell/>
               <cell/>
            </row>
            <row xml:id="p129_24">
               <cell>Settled</cell>
               <cell><name type="person" ref="pers_WCDH379">Mores Hunt</name>
                  <choice rend="align(right)">
                     <abbr>DR</abbr>
                     <expan>Debtor</expan>
                  </choice></cell>
               <cell/>
               <cell/>
               <cell/>
               <cell/>
            </row>
            <row xml:id="p129_25">
               <cell/>
               <cell>To <name type="account" ref="LMWcash">cash</name> 16/</cell>
               <cell><measure commodity="currency" quantity="2" unit="dollars">2</measure></cell>
               <cell><measure commodity="currency" quantity="67" unit="dollars">67</measure></cell>
               <cell/>
               <cell/>
            </row>
            <row xml:id="p129_26">
               <cell/>
               <cell>By <measure commodity="timber" quantity="400" unit="feet"><!--?--> timber 400 feet</measure>. 8/6 per feet. <measure commodity="currency" quantity="5.67" unit="dollars">5. 67</measure></cell>
               <cell/>
               <cell/>
               <cell/>
               <cell/>
            </row>
            <row xml:id="p129_27">
               <cell></cell>
               <cell><date when="1834-11-10">10</date></cell>
               <cell/>
               <cell/>
               <cell/>
               <cell/>
            </row>
            <row xml:id="p129_28">
               <cell>396</cell>
               <cell><name type="person" ref="pers_WCDH484">Samuel Morey</name>
                  <choice rend="align(right)">
                     <abbr>DR</abbr>
                     <expan>Debtor</expan>
                  </choice></cell>
               <cell/>
               <cell></cell>
               <cell/>
               <cell/>
            </row>
            <row xml:id="p129_29">
               <cell/>
               <cell>To <name type="account" ref="LMWcash">cash</name> paid Sophie <measure commodity="currency" quantity="40" unit="dollars">$40, 00</measure></cell><cell/>
               <cell><measure commodity="currency" quantity="40" unit="dollars">40</measure></cell>
               <cell><measure commodity="currency" quantity="00" unit="dollars">00</measure></cell>
               <cell/>
            </row>
            <row xml:id="p129_30">
               <cell/>
               <cell><date when="1834-11-13">13</date></cell>
               <cell/>
               <cell/>
               <cell/>
               <cell/>
            </row>
            <row xml:id="p129_31">
               <cell>404</cell>
               <cell><name type="person" ref="pers_WCDH621">Thompson Tripp</name>
                  <choice rend="align(right)">
                     <abbr>DR</abbr>
                     <expan>Debtor</expan>
                  </choice></cell>
               <cell/>
               <cell/>
               <cell/>
               <cell/>
            </row>
            <row xml:id="p129_32">
               <cell/>
               <cell>To <name type="account" ref="LMWcash">cash</name> <measure commodity="currency" quantity="15" unit="dollars">fifteen Dollars</measure></cell>
               <cell><measure commodity="currency" quantity="15" unit="dollars">15</measure></cell>
               <cell><measure commodity="currency" quantity="00" unit="dollars">00</measure></cell>
               <cell/>
               <cell/>
            </row>
            <row xml:id="p129_33">
               <cell/>
               <cell><date when="1834-11-14">14</date></cell>
               <cell/>
               <cell/>
               <cell/>
               <cell/>
            </row>
            <row xml:id="p129_34">
               <cell>400</cell>
               <cell><name type="person" ref="pers_WCDH225">Betsey A Chase</name>
                  <choice rend="align(right)">
                     <abbr>DR</abbr>
                     <expan>Debtor</expan>
                  </choice></cell>
               <cell/>
               <cell/>
               <cell/>
               <cell/>
            </row>
            <row xml:id="p129_35">
               <cell/>
               <cell>To <name type="account" ref="LMWcash">cash</name>60x</cell>
               <cell></cell>
               <cell><measure commodity="currency" quantity="60" unit="dollars">60</measure></cell>
               <cell/>
               <cell/>
            </row>
            <row xml:id="p129_36">
               <cell>312</cell>
               <cell><name type="person" ref="pers_WCDH375">Horace Hulet</name>
                  <choice rend="align(right)">
                     <abbr>DR</abbr>
                     <expan>Debtor</expan>
                  </choice></cell>
               <cell></cell>
               <cell></cell>
               <cell></cell>
               <cell></cell>
            </row>
            <row xml:id="p129_37">
               <cell/>
               <cell>To <measure commodity="corn" quantity="1/2" unit="bushels">1/2 Buls. corn</measure>6/</cell>
               <cell></cell>
               <cell><measure commodity="currency" quantity="50" unit="dollars">50</measure></cell>
               <cell/>
               <cell/>
            </row>
            <row xml:id="p129_38">
               <cell>402</cell>
               <cell><name type="person" ref="pers_WCDH397">Elijah H King</name>
                  <choice rend="align(right)">
                     <abbr>DR</abbr>
                     <expan>Debtor</expan>
                  </choice></cell>
               <cell/>
               <cell/>
               <cell/>
               <cell/>
            </row>
            <row xml:id="p129_39">
               <cell></cell>
               <cell>To part of five <!--?--> short <!--?--> July <!--?--></cell>
               <cell><measure commodity="currency" quantity="2" unit="dollars">2</measure></cell>
               <cell><measure commodity="currency" quantity="17" unit="dollars">17</measure></cell>
               <cell/>
               <cell/>
            </row>
            <row xml:id="p129_40">
               <cell/>
               <cell><date when="1834-11-17">17</date></cell>
               <cell></cell>
               <cell></cell>
               <cell/>
               <cell/>
            </row>
            <row xml:id="p129_41">
               <cell>Settled</cell>
               <cell><name type="person" ref="">George Leonard</name>
                  <choice rend="align(right)">
                     <abbr>DR</abbr>
                     <expan>Debtor</expan>
                  </choice></cell>
               <cell/>
               <cell/>
               <cell/>
               <cell/>
            </row>
            <row xml:id="p129_42">
               <cell></cell>
               <cell>To stalky 20x </cell>
               <cell/>
               <cell><measure commodity="currency" quantity="20" unit="dollars">20</measure></cell>
               <cell/>
               <cell/>
            </row>
            <row xml:id="p129_43">
               <cell/>
               <cell><date when="1834-11-18">18</date></cell>
               <cell></cell>
               <cell></cell>
               <cell/>
               <cell/>
            </row>
            <row xml:id="p129_44">
               <cell>148</cell>
               <cell><name type="person" ref="pers_WCDH686">Elkanah Wood F.</name>
                  <choice rend="align(right)">
                     <abbr>DR</abbr>
                     <expan>Debtor</expan>
                  </choice></cell>
               <cell/>
               <cell/>
               <cell/>
               <cell/>
            </row>
            <row xml:id="p129_45">
               <cell></cell>
               <cell>To 16 feet 3 by 4 <!--?--></cell>
               <cell/>
               <cell><measure commodity="currency" quantity="25" unit="dollars">25</measure></cell>
               <cell/>
               <cell/>
            </row>
            <row xml:id="p129_46">
               <cell>Settled</cell>
               <cell><name type="person" ref="pers_WCDH167">David b. Bates</name>
                  <choice rend="align(right)">
                     <abbr>DR</abbr>
                     <expan>Debtor</expan>
                  </choice></cell>
               <cell></cell>
               <cell></cell>
               <cell/>
               <cell/>
            </row>
            <row xml:id="p129_47">
               <cell/>
               <cell>To paying that <!--?--> x do.</cell>
               <cell><measure commodity="currency" quantity="21" unit="dollars">21</measure></cell>
               <cell><measure commodity="currency" quantity="50" unit="dollars">50</measure></cell>
               <cell/>
               <cell/>
            </row>
            <row xml:id="p129_48">
               <cell>Settled</cell>
               <cell><name type="person" ref="pers_WCDH379">Morse Hunt</name>
                  <choice rend="align(right)">
                     <abbr>DR</abbr>
                     <expan>Debtor</expan>
                  </choice></cell>
               <cell/>
               <cell/>
               <cell/>
               <cell/>
            </row>
            <row xml:id="p129_49">
               <cell/>
               <cell>To <measure commodity="chips">chips</measure></cell>
               <cell/>
               <cell></cell>
               <cell/>
               <cell/>
            </row>
            <row xml:id="p129_50">
               <cell/>
               <cell><date when="1834-11-20">20</date></cell>
               <cell/>
               <cell></cell>
               <cell/>
               <cell></cell>
            </row>
            <row xml:id="p129_51">
               <cell>400</cell>
               <cell><name type="person" ref="pers_WCDH225">Betsey A Chase</name>
                  <choice rend="align(right)">
                     <abbr>DR</abbr>
                     <expan>Debtor</expan>
                  </choice></cell>
               <cell/>
               <cell/>
               <cell/>
               <cell/>
            </row>
            <row xml:id="p129_52">
               <cell/>
               <cell>To <name type="account" ref="LMWcash">cash</name> paid at Summer's Stare</cell>
               <cell><measure commodity="currency" quantity="1" unit="dollars">1</measure></cell>
               <cell><measure commodity="currency" quantity="79" unit="dollars">79</measure></cell>
               <cell/>
               <cell/>
            </row>
            <row xml:id="p129_53">
               <cell/>
               <cell>For goods <measure commodity="currency" quantity="1.79" unit="dollars">$1. 79</measure></cell>
               <cell/>
               <cell/>
               <cell/>
               <cell/>
            </row>