<?xml version="1.0" encoding="UTF-8"?>
<?oxygen RNGSchema="http://www.tei-c.org/release/xml/tei/custom/schema/relaxng/tei_all.rng" type="xml"?>
<TEI xmlns="http://www.tei-c.org/ns/1.0">
   <teiHeader>
      <fileDesc>
         <titleStmt>
            <title>LMW Day Book, pp. 100-139</title>
            <author>L.M. Wheaton</author>
         </titleStmt>
         <publicationStmt>
            <p>Transcribed by Sahilia Ramirez Summer 2016, Wheaton College</p>
         </publicationStmt>
         <sourceDesc>
            <biblFull>
               <titleStmt>
                  <title>Account Books, pp.100-139</title>
                  <author>L.M. Wheaton</author>
                  <respStmt>
                     <resp> TEI-compatible XML markup by <name type="person">Sahilia Ramirez</name>
                        with corrections by <name type="person">Name</name>, <name
                           type="person">Name</name>, and <name type="person">Name</name>.</resp>
                     <name type="person">Name</name>
                  </respStmt>
               </titleStmt>
               <publicationStmt>
                  <p>Transcribed by Sahilia Ramirez Summer 2016, Wheaton College</p>
               </publicationStmt>
               <sourceDesc>
                  <p> From the Marion B. Gebbie Archives and Special Collections at the Madeleine
                     Clark Wallace Library, Wheaton College </p>
               </sourceDesc>
            </biblFull>
         </sourceDesc>
      </fileDesc>
   </teiHeader>
   <text>
      <body>
         <pb n="124"/>
         <fw type="pageNum">124</fw>
         <table xml:id="p124" cols="6">
            <head>Tuesday <date when="1834-04-22">text</date></head>
            <row xml:id="p124_01">
               <cell>399</cell>
               <cell>
                  <name type="person" ref="pers_WCDH134">Asa M Adams</name>
                  <choice rend="align(right)">
                     <abbr>DR</abbr>
                     <expan>Debtor</expan>
                  </choice>
               </cell>
               <cell/>
               <cell/>
               <cell/>
               <cell/>
            </row>
            <row xml:id="p124_02">
               <cell/>
               <cell>To a subpoena for H B Washbrum</cell>
               <cell></cell>
               <cell><measure commodity="currency" quantity="10" unit="dollars">10</measure></cell>
               <cell/>
               <cell/>
            </row>
            <row xml:id="p124_03">
               <cell/>
               <cell><date when="1834-04-23">23</date></cell>
               <cell></cell>
               <cell/>
               <cell></cell>
               <cell></cell>
            </row>
            <row xml:id="p124_04">
               <cell>401</cell>
               <cell> <name type="person" ref="pers_WCDH295">Lorana Farnum</name>
                  <choice rend="align(right)">
                     <abbr>DR</abbr>
                     <expan>Debtor</expan>
                  </choice></cell>
               <cell/>
               <cell/>
               <cell/>
               <cell/>
            </row>
            <row xml:id="p124_05">
               <cell></cell>
               <cell>To <measure commodity="leather" quantity="3/4" unit="yards">paying for leather 3/4 yards</measure>11x</cell>
               <cell/>
               <cell><measure commodity="currency" quantity="11" unit="dollars">11</measure></cell>
               <cell/>
               <cell/>
            </row>
            <row xml:id="p124_06">
               <cell/>
               <cell><name type="account" ref="LMWcash">cash</name> <measure commodity="currency" quantity="11" unit="dollars">eleven dollars</measure> x <measure commodity="currency" quantity="32" unit="cents">thirty two cents</measure></cell>
               <cell><measure commodity="currency" quantity="11" unit="dollars">11</measure></cell>
               <cell><measure commodity="currency" quantity="32" unit="dollars">32</measure></cell>
               <cell/>
               <cell/>
            </row>
            <row xml:id="p124_07">
               <cell/>
               <cell><date when="1834-04-30">30</date></cell>
               <cell/>
               <cell/>
               <cell/>
               <cell/>
            </row>
            <row xml:id="p124_08">
               <cell>395</cell>
               <cell> <name type="person" ref="pers_WCDH621">Thompson Tripp</name>
                  <choice rend="align(right)">
                     <abbr>DR</abbr>
                     <expan>Debtor</expan>
                  </choice></cell>
               <cell/>
               <cell/>
               <cell/>
               <cell/>
            </row>
            <row xml:id="p124_09">
               <cell/>
               <cell>To <name type="account" ref="LMWcash">cash</name> <measure commodity="currency" quantity="3" unit="dollars">three dollars</measure>18/</cell>
               <cell><measure commodity="currency" quantity="3" unit="dollars">3</measure></cell>
               <cell><measure commodity="currency" quantity="00" unit="dollars">00</measure></cell>
               <cell/>
               <cell/>
            </row>
            <row xml:id="p124_10">
               <cell>396</cell>
               <cell> <name type="person" ref="pers_WCDH484">Samuel Morey</name>
                  <choice rend="align(right)">
                     <abbr>DR</abbr>
                     <expan>Debtor</expan>
                  </choice></cell>
               <cell/>
               <cell/>
               <cell/>
               <cell/>
            </row>
            <row xml:id="p124_11">
               <cell></cell>
               <cell>To <name type="account" ref="LMWcash">cash</name> paid self <measure commodity="currency" quantity="25" unit="dollars">twenty five dollars</measure></cell>
               <cell><measure commodity="currency" quantity="25" unit="dollars">25</measure></cell>
               <cell><measure commodity="currency" quantity="00" unit="dollars">00</measure></cell>
               <cell/>
               <cell/>
            </row>
            <pb n="124"/>
            <fw type="pageNum">124</fw>
            <table xml:id="p124" cols="6">
               <head><date when="1834-05-02">text</date></head>
            <row xml:id="p124_12">
               <cell>403</cell>
               <cell><name type="person" ref="pers_WCDH498">Henry M Paine</name>
                  <choice rend="align(right)">
                     <abbr>DR</abbr>
                     <expan>Debtor</expan>
                  </choice></cell>
               <cell></cell>
               <cell></cell>
               <cell/>
               <cell/>
            </row>
            <row xml:id="p124_13">
               <cell/>
               <cell>To <measure commodity="potatoes" quantity="1/2" unit="bushels">half bushel potatoes</measure>2/</cell>
               <cell/>
               <cell><measure commodity="currency" quantity="17" unit="dollars">17</measure></cell>
               <cell/>
               <cell/>
            </row>
            <row xml:id="p124_14">
               <cell>403</cell>
               <cell><name type="person" ref=" pers_WCDH498">Henry M Paine</name>
                  <choice rend="align(right)">
                     <abbr>DR</abbr>
                     <expan>Debtor</expan>
                  </choice></cell>
               <cell/>
               <cell/>
               <cell/>
               <cell/>
            </row>
            <row xml:id="p124_15">
               <cell/>
               <cell>To <measure commodity="potatoes" quantity="1.5" unit="bushels">one and half brushels potatoes</measure>2/</cell>
               <cell></cell>
               <cell><measure commodity="currency" quantity="25" unit="dollars">25</measure></cell>
               <cell/>
               <cell/>
            </row>
            <row xml:id="p124_16">
               <cell/>
               <cell><date when="1834-05-03">3</date></cell>
               <cell/>
               <cell/>
               <cell/>
               <cell/>
            </row>
            <row xml:id="p124_17">
               <cell>Settled</cell>
               <cell><name type="person" ref="pers_WCDH642">James S. Washburn</name>
                  <choice rend="align(right)">
                     <abbr>DR</abbr>
                     <expan>Debtor</expan>
                  </choice></cell>
               <cell/>
               <cell/>
               <cell/>
               <cell/>
            </row>
            <row xml:id="p124_18">
               <cell/>
               <cell>To <name type="account" ref="LMWcash">cash</name> 1/6</cell>
               <cell/>
               <cell><measure commodity="currency" quantity="25" unit="dollars">25</measure></cell>
               <cell/>
               <cell/>
            </row>
            <row xml:id="p124_19">
               <cell>Settled</cell>
               <cell>By <measure commodity="labor" quantity="2" unit="day">two days work this week</measure></cell>
               <cell/>
               <cell></cell>
               <cell/>
               <cell></cell>
            </row>
            <row xml:id="p124_20">
               <cell>371</cell>
               <cell><name type="person" ref="pers_WCDH201">Simeon Briggs</name>
                  <choice rend="align(right)">
                     <abbr>DR</abbr>
                     <expan>Debtor</expan>
                  </choice></cell>
               <cell/>
               <cell/>
               <cell/>
               <cell/>
            </row>
            <row xml:id="p124_21">
               <cell></cell>
               <cell>To <measure commodity="oxen rental" quantity="1" unit="day" >oxen</measure> x <measure commodity="cart rental" quantity="1" unit="day">cart one day</measure></cell>
               <cell/>
               <cell><measure commodity="currency" quantity="75" unit="dollars">75</measure></cell>
               <cell/>
               <cell/>
            </row>
            <row xml:id="p124_22">
               <cell>396</cell>
               <cell><name type="person" ref="pers_WCDH484">Samuel Morey</name>
                  <choice rend="align(right)">
                     <abbr>DR</abbr>
                     <expan>Debtor</expan>
                  </choice></cell>
               <cell/>
               <cell></cell>
               <cell/>
               <cell/>
            </row>
            <row xml:id="p124_23">
               <cell/>
               <cell>To paying Danforths demand</cell>
               <cell><measure commodity="currency" quantity="150" unit="dollars">150</measure></cell>
               <cell><measure commodity="currency" quantity="00" unit="dollars">00</measure></cell>
               <cell/>
               <cell/>
            </row>
            <row xml:id="p124_24">
               <cell></cell>
               <cell>paying W. Wild for during the business</cell>
               <cell><measure commodity="currency" quantity="2" unit="dollars">2</measure></cell>
               <cell><measure commodity="currency" quantity="00" unit="dollars">00</measure></cell>
               <cell/>
               <cell/>
            </row>
            <row xml:id="p124_25">
               <cell/>
               <cell> going to Boston to settle the business</cell>
               <cell><measure commodity="currency" quantity="5" unit="dollars">5</measure></cell>
               <cell><measure commodity="currency" quantity="00" unit="dollars">00</measure></cell>
               <cell><measure commodity="currency" quantity="157" unit="dollars">157</measure></cell>
               <cell><measure commodity="currency" quantity="00" unit="dollars">00</measure></cell>
            </row>
            <row xml:id="p124_26">
               <cell></cell>
               <cell><date when="1834-05-07">7</date></cell>
               <cell/>
               <cell/>
               <cell/>
               <cell/>
            </row>
            <row xml:id="p124_27">
               <cell>396</cell>
               <cell><name type="person" ref="pers_WCDH484">Samuel Morey</name>
                  <choice rend="align(right)">
                     <abbr>DR</abbr>
                     <expan>Debtor</expan>
                  </choice></cell>
               <cell/>
               <cell/>
               <cell/>
               <cell/>
            </row>
            <row xml:id="p124_28">
               <cell/>
               <cell>To <name type="account" ref="LMWcash">cash</name> paid Daniel <measure commodity="currency" quantity="10" unit="dollars">ten dollars</measure></cell>
               <cell><measure commodity="currency" quantity="10" unit="dollars">10</measure></cell>
               <cell><measure commodity="currency" quantity="00" unit="dollars">00</measure></cell>
               <cell/>
               <cell/>
            </row>
            <row xml:id="p124_29">
               <cell>105</cell>
               <cell><name type="person" ref="pers_WCDH217">Daniel Carpenter</name>
                  <choice rend="align(right)">
                     <abbr>DR</abbr>
                     <expan>Debtor</expan>
                  </choice></cell><cell/>
               <cell></cell>
               <cell/>
               <cell/>
            </row>
            <row xml:id="p124_30">
               <cell/>
               <cell>To <measure commodity="hay rental">short hay for rent</measure>2/</cell>
               <cell/>
               <cell><measure commodity="currency" quantity="33" unit="dollars">33</measure></cell>
               <cell/>
               <cell/>
            </row>
            <row xml:id="p124_31">
               <cell>395</cell>
               <cell><name type="person" ref="pers_WCDH621">Thompson Tripp</name>
                  <choice rend="align(right)">
                     <abbr>DR</abbr>
                     <expan>Debtor</expan>
                  </choice></cell>
               <cell/>
               <cell/>
               <cell/>
               <cell/>
            </row>
            <row xml:id="p124_32">
               <cell/>
               <cell>By work to <date when="1834-04-01">April 1st 1834</date> at <measure commodity="currency" quantity="15" unit="dollars">$15 00</measure> per month</cell>
               <cell><measure commodity="currency" quantity="180" unit="dollars">180</measure></cell>
               <cell><measure commodity="currency" quantity="00" unit="dollars">00</measure></cell>
               <cell/>
               <cell/>
            </row>
            <row xml:id="p124_33">
               <cell>395</cell>
               <cell><name type="person" ref="pers_WCDH621">Thompson Tripp</name>
                  <choice rend="align(right)">
                     <abbr>DR</abbr>
                     <expan>Debtor</expan>
                  </choice></cell>
               <cell/>
               <cell/>
               <cell/>
               <cell/>
            </row>
            <row xml:id="p124_34">
               <cell></cell>
               <cell>To <name type="account" ref="LMWcash">cash</name> <!--?--> account</cell>
               <cell><measure commodity="currency" quantity="79" unit="dollars">$79</measure></cell>
               <cell><measure commodity="currency" quantity="44" unit="dollars">44</measure></cell>
               <cell/>
               <cell/>
            </row>
            <row xml:id="p124_35">
               <cell>371</cell>
               <cell><name type="person" ref="pers_WCDH201">Simeon Briggs</name>
                  <choice rend="align(right)">
                     <abbr>DR</abbr>
                     <expan>Debtor</expan>
                  </choice></cell>
               <cell></cell>
               <cell></cell>
               <cell/>
               <cell/>
            </row>
            <row xml:id="p124_36">
               <cell/>
               <cell>To <measure commodity="oxen rental" quantity="2" unit="day">two yoke oxen</measure>, <measure commodity="plough" quantity="1" unit="day">plough x hand one day</measure></cell>
               <cell><measure commodity="currency" quantity="2" unit="dollars">2</measure></cell>
               <cell><measure commodity="currency" quantity="50" unit="dollars">50</measure></cell>
               <cell></cell>
               <cell></cell>
            </row>
            <row xml:id="p124_37">
               <cell>152</cell>
               <cell><name type="person" ref="pers_WCDH402">Phillip B. King</name>
                  <choice rend="align(right)">
                     <abbr>DR</abbr>
                     <expan>Debtor</expan>
                  </choice></cell>
               <cell></cell>
               <cell></cell>
               <cell/>
               <cell/>
            </row>
            <row xml:id="p124_38">
               <cell/>
               <cell>To <measure commodity="labor" quantity="1" unit="day">plough one day</measure>1/6</cell>
               <cell/>
               <cell><measure commodity="currency" quantity="25" unit="dollars">25</measure></cell>
               <cell/>
               <cell/>
            </row>
            <row xml:id="p124_39">
               <cell>56</cell>
               <cell><name type="person" ref="pers_WCDH262">Thomas Danforth</name>
                  <choice rend="align(right)">
                     <abbr>DR</abbr>
                     <expan>Debtor</expan>
                  </choice></cell>
               <cell/>
               <cell/>
               <cell/>
               <cell/>
            </row>
            <row xml:id="p124_40">
               <cell/>
               <cell>To the rent of land opposite and Darforth is to pay all taxes</cell>
               <cell><measure commodity="currency" quantity="5" unit="dollars">5</measure></cell>
               <cell><measure commodity="currency" quantity="00" unit="dollars">00</measure></cell>
               <cell/>
               <cell/>
            </row>
            <row xml:id="p124_41">
               <cell/>
               <cell><date when="1834-05-11">11</date></cell>
               <cell/>
               <cell/>
               <cell/>
               <cell/>
            </row>
            <row xml:id="p124_42">
               <cell>346</cell>
               <cell><name type="person" ref="pers_WCDH484">Samuel Morey</name>
                  <choice rend="align(right)">
                     <abbr>DR</abbr>
                     <expan>Debtor</expan>
                  </choice></cell>
               <cell/>
               <cell/>
               <cell/>
               <cell/>
            </row>
            <row xml:id="p124_43">
               <cell/>
               <cell>To <name type="account" ref="LMWcash">cash</name> paid to Daniel for order</cell>
               <cell><measure commodity="currency" quantity="10" unit="dollars">10</measure></cell>
               <cell><measure commodity="currency" quantity="00" unit="dollars">00</measure></cell>
               <cell/>
               <cell/>
            </row>
            <row xml:id="p124_44">
               <cell>402</cell>
               <cell><name type="person" ref="pers_WCDH397">Elijah H King</name>
                  <choice rend="align(right)">
                     <abbr>DR</abbr>
                     <expan>Debtor</expan>
                  </choice></cell>
               <cell/>
               <cell/>
               <cell/>
               <cell/>
            </row>
            <row xml:id="p124_45">
               <cell></cell>
               <cell>To <measure commodity="white lard" quantity="8" unit="lbs">8 lbs. white lard</measure>7x</cell>
               <cell/>
               <cell><measure commodity="currency" quantity="56" unit="dollars">56</measure></cell>
               <cell/>
               <cell/>
            </row>
            <row xml:id="p124_46">
               <cell/>
               <cell><date when="1834-05-19">19</date></cell>
               <cell></cell>
               <cell></cell>
               <cell/>
               <cell/>
            </row>
            <row xml:id="p124_47">
               <cell>404</cell>
               <cell><name type="person" ref="pers_WCDH621">Thompson Tripp</name>
                  <choice rend="align(right)">
                     <abbr>DR</abbr>
                     <expan>Debtor</expan>
                  </choice></cell>
               <cell/>
               <cell/>
               <cell/>
               <cell/>
            </row>
            <row xml:id="p124_48">
               <cell></cell>
               <cell>To <measure commodity="shoes" quantity="1" unit="count">paying H. Hulet for shoes</measure>9/</cell>
               <cell><measure commodity="currency" quantity="1" unit="dollars">1</measure></cell>
               <cell><measure commodity="currency" quantity="50" unit="dollars">50</measure></cell>
               <cell/>
               <cell/>
            </row>
         </table>
         <pb n="125"/>
         <fw type="pageNum">125</fw>
         <table xml:id="p125" cols="6">
            <head>Monday <date when="1834-05-19">text</date></head>
            <row xml:id="p125_01">
               <cell>402</cell>
               <cell>
                  <name type="person" ref="pers_WCDH397">Elijah H. King</name>
                  <choice rend="align(right)">
                     <abbr></abbr>
                     <expan></expan>
                  </choice>
               </cell>
               <cell/>
               <cell/>
               <cell/>
               <cell/>
            </row>
            <row xml:id="p125_02">
               <cell/>
               <cell>To <measure commodity="potatoes" quantity="5.5" unit="bushels">5 1/2 Buls. potatoes</measure>1/6</cell>
               <cell><measure commodity="currency" quantity="1" unit="dollars">1</measure></cell>
               <cell><measure commodity="currency" quantity="38" unit="dollars">38</measure></cell>
               <cell/>
               <cell/>
            </row>
            <row xml:id="p125_03">
               <cell/>
               <cell><date when="1834-05-23">23</date></cell>
               <cell></cell>
               <cell/>
               <cell></cell>
               <cell></cell>
            </row>
            <row xml:id="p125_04">
               <cell>400</cell>
               <cell><name type="person" ref="pers_WCDH225">Betsey A Chase</name>
                  <choice rend="align(right)">
                     <abbr>DR</abbr>
                     <expan>Debtor</expan>
                  </choice></cell>
               <cell/>
               <cell/>
               <cell/>
               <cell/>
            </row>
            <row xml:id="p125_05">
               <cell></cell>
               <cell>To <measure commodity="Gingham" quantity="9" unit="yards">9 yards Gingham</measure>25x per paid</cell>
               <cell><measure commodity="currency" quantity="2" unit="dollars">2</measure></cell>
               <cell><measure commodity="currency" quantity="25" unit="dollars">25</measure></cell>
               <cell/>
               <cell/>
            </row>
            <row xml:id="p125_06">
               <cell>404</cell>
               <cell><name type="person" ref="pers_WCDH621">Thompson Tripp</name>
                  <choice rend="align(right)">
                     <abbr>DR</abbr>
                     <expan>Debtor</expan>
                  </choice></cell>
               <cell></cell>
               <cell></cell>
               <cell/>
               <cell/>
            </row>
            <row xml:id="p125_07">
               <cell/>
               <cell>To <measure commodity="buckskin shoes" quantity="1" unit="count">paying for buckskin shoes</measure>9/6</cell>
               <cell><measure commodity="currency" quantity="1" unit="dollars">1</measure></cell>
               <cell><measure commodity="currency" quantity="58" unit="dollars">58</measure></cell>
               <cell/>
               <cell/>
            </row>
            <row xml:id="p125_08">
               <cell>396</cell>
               <cell><name type="person" ref="pers_WCDH484">Samuel Morey</name>
                  <choice rend="align(right)">
                     <abbr>DR</abbr>
                     <expan>Debtor</expan>
                  </choice></cell>
               <cell/>
               <cell/>
               <cell/>
               <cell/>
            </row>
            <row xml:id="p125_09">
               <cell/>
               <cell>To <measure commodity="potatoes" quantity="15" unit="bushels">15 Buls. potatoes</measure> 1/6</cell>
               <cell><measure commodity="currency" quantity="2" unit="dollars">2</measure></cell>
               <cell><measure commodity="currency" quantity="75" unit="dollars">75</measure></cell>
               <cell/>
               <cell/>
            </row>
            <row xml:id="p125_10">
               <cell>403</cell>
               <cell><name type="person" ref="pers_WCDH498">Henry M Paine</name>
                  <choice rend="align(right)">
                     <abbr>DR</abbr>
                     <expan>Debtor</expan>
                  </choice></cell>
               <cell/>
               <cell/>
               <cell/>
               <cell/>
            </row>
            <row xml:id="p125_11">
               <cell></cell>
               <cell>To <measure commodity="potatoes" quantity="1/2" unit="bushels">1/2 Buls. Potatoes</measure>1/6</cell>
               <cell/>
               <cell><measure commodity="currency" quantity="13" unit="dollars">13</measure></cell>
               <cell/>
               <cell/>
            </row>
            <row xml:id="p125_12">
               <cell>to plant</cell>
               <cell><name type="person" ref="">Mason Freeman</name>
                  <choice rend="align(right)">
                     <abbr>DR</abbr>
                     <expan>Debtor</expan>
                  </choice></cell>
               <cell></cell>
               <cell></cell>
               <cell/>
               <cell/>
            </row>
            <row xml:id="p125_13">
               <cell/>
               <cell>To <measure commodity="potatoes" quantity="7.5" unit="bushels">7 1/2 Buls. Potatoes</measure>to plant.</cell>
               <cell/>
               <cell/>
               <cell/>
               <cell/>
            </row>
            <row xml:id="p125_14">
               <cell>401</cell>
               <cell><name type="person" ref="pers_WCDH640">Horace Wetherell</name>
                  <choice rend="align(right)">
                     <abbr>DR</abbr>
                     <expan>Debtor</expan>
                  </choice></cell>
               <cell/>
               <cell/>
               <cell/>
               <cell/>
            </row>
            <row xml:id="p125_15">
               <cell/>
               <cell>To <measure commodity="labor" quantity="1" unit="day">plough one day</measure></cell>
               <cell></cell>
               <cell></cell>
               <cell/>
               <cell/>
            </row>
            <row xml:id="p125_16">
               <cell>312</cell>
               <cell><name type="person" ref="pers_WCDH375">Horaee Hulet</name>
                  <choice rend="align(right)">
                     <abbr>DR</abbr>
                     <expan>Debtor</expan>
                  </choice></cell>
               <cell/>
               <cell/>
               <cell/>
               <cell/>
            </row>
            <row xml:id="p125_17">
               <cell></cell>
               <cell>To <measure commodity="oxen rental">two yoke oxen</measure>, <measure commodity="labor" quantity="1">hand x plough</measure>to plough garden</cell>
               <cell/>
               <cell/>
               <cell/>
               <cell/>
            </row>
            <row xml:id="p125_18">
               <cell>Settled</cell>
               <cell><name type="person" ref="pers_WCDH574">Timothy Smith</name>
                  <choice rend="align(right)">
                     <abbr>DR</abbr>
                     <expan>Debtor</expan>
                  </choice></cell>
               <cell/>
               <cell></cell>
               <cell/>
               <cell/>
            </row>
            <row xml:id="p125_19">
               <cell/>
               <cell>To postage of <!--?--> from <date when="1830-02-14">February 14th 1830</date>to <date when="1834-04-01">April 1st 1834</date></cell>
               <cell><measure commodity="currency" quantity="1" unit="dollars">1</measure></cell>
               <cell><measure commodity="currency" quantity="60" unit="dollars">60</measure></cell>
               <cell/>
               <cell></cell>
            </row>
            <row xml:id="p125_20">
               <cell/>
               <cell> messenger from <date when="1830-02-04">February 4</date>to <date when="1834-04-01">April 1st 1834</date></cell>
               <cell><measure commodity="currency" quantity="1" unit="dollars">1</measure></cell>
               <cell><measure commodity="currency" quantity="64" unit="dollars">64</measure></cell>
               <cell/>
               <cell/>
            </row>
            <row xml:id="p125_21">
               <cell></cell>
               <cell><date when="1833-11-28">November 28th 1833</date> letter postage 6x see P.O. Book</cell>
               <cell/>
               <cell><measure commodity="currency" quantity="6" unit="dollars">6</measure></cell>
               <cell/>
               <cell/>
            </row>
            <pb n="125"/>
            <fw type="pageNum">125</fw>
            <table xml:id="p125" cols="6">
               <head><date when="1834-06-02">text</date></head>
            <row xml:id="p125_22">
               <cell>400</cell>
               <cell><name type="person" ref="pers_WCDH225">Betsey A Chase</name>
                  <choice rend="align(right)">
                     <abbr>DR</abbr>
                     <expan>Debtor</expan>
                  </choice></cell>
               <cell/>
               <cell></cell>
               <cell/>
               <cell/>
            </row>
            <row xml:id="p125_23">
               <cell/>
               <cell>To <name type="account" ref="LMWcash">cash</name> 6/ to pay a pedlar</cell>
               <cell><measure commodity="currency" quantity="1" unit="dollars">1</measure></cell>
               <cell><measure commodity="currency" quantity="00" unit="dollars">00</measure></cell>
               <cell/>
               <cell/>
            </row>
            <row xml:id="p125_24">
               <cell>396</cell>
               <cell><name type="person" ref="pers_WCDH484">Samuel Morey</name>
                  <choice rend="align(right)">
                     <abbr>DR</abbr>
                     <expan>Debtor</expan>
                  </choice></cell>
               <cell/>
               <cell/>
               <cell/>
               <cell/>
            </row>
            <row xml:id="p125_25">
               <cell/>
               <cell>To paying Timothy Smith your order</cell>
               <cell><measure commodity="currency" quantity="34" unit="dollars">34</measure></cell>
               <cell><measure commodity="currency" quantity="48" unit="dollars">48</measure></cell>
               <cell/>
               <cell/>
            </row>
            <row xml:id="p125_26">
               <cell>393</cell>
               <cell><name type="person" ref="pers_WCDH650">Wheaton Wheeler</name>
                  <choice rend="align(right)">
                     <abbr>DR</abbr>
                     <expan>Debtor</expan>
                  </choice></cell>
               <cell/>
               <cell/>
               <cell/>
               <cell/>
            </row>
            <row xml:id="p125_27">
               <cell></cell>
               <cell>To <measure commodity="Rye" quantity="1" unit="peek">1 peek Rye</measure>6/</cell>
               <cell/>
               <cell><measure commodity="currency" quantity="25" unit="dollars">25</measure></cell>
               <cell/>
               <cell/>
            </row>
            <row xml:id="p125_28">
               <cell>393</cell>
               <cell>By <measure commodity="labor" quantity="1" unit="day">one days work</measure>2/6</cell>
               <cell/>
               <cell><measure commodity="currency" quantity="42" unit="dollars">42</measure></cell>
               <cell/>
               <cell/>
            </row>
            <row xml:id="p125_29">
               <cell>389</cell>
               <cell><name type="person" ref="pers_WCDH230">Oliver Clapp</name>
                  <choice rend="align(right)">
                     <abbr>DR</abbr>
                     <expan>Debtor</expan>
                  </choice></cell><cell/>
               <cell></cell>
               <cell/>
               <cell/>
            </row>
            <row xml:id="p125_30">
               <cell/>
               <cell>To <measure commodity="potatoes" quantity="1" unit="bushels">one Buls. Potatoes</measure>30x</cell>
               <cell/>
               <cell><measure commodity="currency" quantity="30" unit="dollars">30</measure></cell>
               <cell/>
               <cell/>
            </row>
            <row xml:id="p125_31">
               <cell></cell>
               <cell><date when="1834-06-04">4</date></cell>
               <cell/>
               <cell/>
               <cell/>
               <cell/>
            </row>
            <row xml:id="p125_32">
               <cell>403</cell>
               <cell><name type="person" ref="pers_WCDH498">Henry M Paine</name>
                  <choice rend="align(right)">
                     <abbr>DR</abbr>
                     <expan>Debtor</expan>
                  </choice></cell>
               <cell></cell>
               <cell></cell>
               <cell/>
               <cell/>
            </row>
            <row xml:id="p125_33">
               <cell/>
               <cell>To <measure commodity="potatoes" quantity="1/2" unit="bushels">1/2 Buls. Potatoes</measure>15x</cell>
               <cell/>
               <cell><measure commodity="currency" quantity="15" unit="dollars">15</measure></cell>
               <cell/>
               <cell/>
            </row>
            <row xml:id="p125_34">
               <cell></cell>
               <cell><date when="1834-06-05">5</date></cell>
               <cell/>
               <cell/>
               <cell/>
               <cell/>
            </row>
            <row xml:id="p125_35">
               <cell>343</cell>
               <cell><name type="person" ref="pers_WCDH221">Thomas Carpenter</name>
                  <choice rend="align(right)">
                     <abbr>DR</abbr>
                     <expan>Debtor</expan>
                  </choice></cell>
               <cell></cell>
               <cell></cell>
               <cell/>
               <cell/>
            </row>
            <row xml:id="p125_36">
               <cell/>
               <cell>To <measure commodity="Cider" quantity="1" unit="Bushels">1 bu. Cider 1</measure>0/6 per bu.</cell>
               <cell><measure commodity="currency" quantity="1" unit="dollars">1</measure></cell>
               <cell><measure commodity="currency" quantity="75" unit="dollars">75</measure></cell>
               <cell></cell>
               <cell></cell>
            </row>
            <row xml:id="p125_37">
               <cell/>
               <cell><date when="1834-06-09">9</date></cell>
               <cell></cell>
               <cell></cell>
               <cell/>
               <cell/>
            </row>
            <row xml:id="p125_38">
               <cell>393</cell>
               <cell><name type="person" ref="pers_WCDH650">Wheaton Wheeler</name>
                  <choice rend="align(right)">
                     <abbr>DR</abbr>
                     <expan>Debtor</expan>
                  </choice></cell>
               <cell/>
               <cell/>
               <cell/>
               <cell/>
            </row>
            <row xml:id="p125_39">
               <cell></cell>
               <cell>To <measure commodity="Rye" quantity="1" unit="peek">1 peek rye</measure>6/</cell>
               <cell/>
               <cell><measure commodity="currency" quantity="25" unit="dollars">25</measure></cell>
               <cell/>
               <cell/>
            </row>
            <row xml:id="p125_40">
               <cell>393</cell>
               <cell>By <measure commodity="labor">work this week</measure>2/6</cell>
               <cell></cell>
               <cell><measure commodity="currency" quantity="42" unit="dollars">42</measure></cell>
               <cell/>
               <cell/>
            </row>
            <row xml:id="p125_41">
               <cell></cell>
               <cell><date when="1834-06-10">10</date></cell>
               <cell/>
               <cell></cell>
               <cell/>
               <cell/>
            </row>
            <row xml:id="p125_42">
               <cell>393</cell>
               <cell>By <measure commodity="labor">work this week</measure> 2/6</cell>
               <cell/>
               <cell><measure commodity="currency" quantity="42" unit="dollars">42</measure></cell>
               <cell/>
               <cell/>
            </row>
            <row xml:id="p125_43">
               <cell/>
               <cell>To <name type="account" ref="LMWcash">cash</name> 1/6</cell>
               <cell></cell>
               <cell><measure commodity="currency" quantity="25" unit="dollars">25</measure></cell>
               <cell/>
               <cell/>
            </row>
            <row xml:id="p125_44">
               <cell/>
               <cell><date when="1834-06-11">11</date></cell>
               <cell/>
               <cell/>
               <cell/>
               <cell/>
            </row>
            <row xml:id="p125_45">
               <cell>396</cell>
               <cell><name type="person" ref="pers_WCDH484">Samuel Morey</name>
                  <choice rend="align(right)">
                     <abbr>DR</abbr>
                     <expan>Debtor</expan>
                  </choice></cell>
               <cell/>
               <cell/>
               <cell/>
               <cell/>
            </row>
            <row xml:id="p125_46">
               <cell/>
               <cell>To <name type="account" ref="LMWcash">cash</name> paid Daniel 60/</cell>
               <cell><measure commodity="currency" quantity="10" unit="dollars">10</measure></cell>
               <cell><measure commodity="currency" quantity="00" unit="dollars">00</measure></cell>
               <cell/>
               <cell/>
            </row>