<?xml version="1.0" encoding="UTF-8"?>
<?oxygen RNGSchema="http://www.tei-c.org/release/xml/tei/custom/schema/relaxng/tei_all.rng" type="xml"?>
<TEI xmlns="http://www.tei-c.org/ns/1.0">
   <teiHeader>
      <fileDesc>
         <titleStmt>
            <title>LMW Day Book, pp. 100-135</title>
            <author>L.M. Wheaton</author>
         </titleStmt>
         <publicationStmt>
            <p>Transcribed by Sahilia Ramirez Summer 2016, Wheaton College</p>
         </publicationStmt>
         <sourceDesc>
            <biblFull>
               <titleStmt>
                  <title>Account Books, pp.100-135</title>
                  <author>L.M. Wheaton</author>
                  <respStmt>
                     <resp> TEI-compatible XML markup by <name type="person">Sahilia Ramirez</name>
                        with corrections by <name type="person">Name</name>, <name
                           type="person">Name</name>, and <name type="person">Name</name>.</resp>
                     <name type="person">Name</name>
                  </respStmt>
               </titleStmt>
               <publicationStmt>
                  <p>Transcribed by Sahilia Ramirez Summer 2016, Wheaton College</p>
               </publicationStmt>
               <sourceDesc>
                  <p> From the Marion B. Gebbie Archives and Special Collections at the Madeleine
                     Clark Wallace Library, Wheaton College </p>
               </sourceDesc>
            </biblFull>
         </sourceDesc>
      </fileDesc>
   </teiHeader>
   <text>
      <body>
         <pb n="116"/>
         <fw type="pageNum">116</fw>
         <table xml:id="p116" cols="6">
            <head>Tuesday <date when="1833-06-25">text</date></head>
            <row xml:id="p116_01">
               <cell>Paid</cell>
               <cell>
                  <name type="person" ref="">Caft. <!--?--> King</name>
                  <choice rend="align(right)">
                     <abbr>DR</abbr>
                     <expan>Debtor</expan>
                  </choice>
               </cell>
               <cell/>
               <cell/>
               <cell/>
               <cell/>
            </row>
            <row xml:id="p116_02">
               <cell/>
               <cell>To <measure commodity="potatoes" quantity="4" unit="bushels">four bushel potatoes</measure>20x</cell>
               <cell><measure commodity="currency" quantity="1" unit="dollars">1</measure></cell>
               <cell><measure commodity="currency" quantity="00" unit="dollars">00</measure></cell>
               <cell/>
               <cell/>
            </row>
            <row xml:id="p116_03">
               <cell>389</cell>
               <cell><name type="person" ref="pers_WCDH230">Oliver clapp</name>
                  <choice rend="align(right)">
                     <abbr>DR</abbr>
                     <expan>Debtor</expan>
                  </choice></cell>
               <cell></cell>
               <cell/>
               <cell></cell>
               <cell></cell>
            </row>
            <row xml:id="p116_04">
               <cell/>
               <cell>To <measure commodity="currency" quantity="10" unit="dollars">ten dollars</measure><!--?--> Hodges 22</cell>
               <cell><measure commodity="currency" quantity="10" unit="dollars">10</measure></cell>
               <cell><measure commodity="currency" quantity="00" unit="dollars">00</measure></cell>
               <cell/>
               <cell/>
            </row>
            <row xml:id="p116_05">
               <cell></cell>
               <cell><date when="1833-06-28">28</date></cell>
               <cell/>
               <cell/>
               <cell/>
               <cell/>
            </row>
            <row xml:id="p116_06">
               <cell>393</cell>
               <cell><name type="person" ref="pers_WCDH650">Wheaton Wheeler</name>
                  <choice rend="align(right)">
                     <abbr>DR</abbr>
                     <expan>Debtor</expan>
                  </choice></cell>
               <cell></cell>
               <cell></cell>
               <cell/>
               <cell/>
            </row>
            <row xml:id="p116_07">
               <cell/>
               <cell>To <measure commodity="meal" quantity="1" unit="peek">1 peek meal</measure></cell>
               <cell/>
               <cell><measure commodity="currency" quantity="25" unit="dollars">25</measure></cell>
               <cell/>
               <cell/>
            </row>
            <pb n="116"/>
            <fw type="pageNum">116</fw>
            <table xml:id="p116" cols="6">
               <head><date when="1833-07-03">text</date></head>
            <row xml:id="p116_08">
               <cell>397</cell>
               <cell><name type="person" ref="pers_WCDH599">Richard T Sweet</name>
                  <choice rend="align(right)">
                     <abbr>DR</abbr>
                     <expan>Debtor</expan>
                  </choice></cell>
               <cell/>
               <cell/>
               <cell/>
               <cell/>
            </row>
            <row xml:id="p116_09">
               <cell/>
               <cell>To <measure commodity="lard" quantity="10" unit="lbs">ten lbs lard</measure>10 for lb</cell>
               <cell><measure commodity="currency" quantity="1" unit="dollars">1</measure></cell>
               <cell><measure commodity="currency" quantity="00" unit="dollars">00</measure></cell>
               <cell/>
               <cell/>
            </row>
            <row xml:id="p116_10">
               <cell/>
               <cell><date when="1833-07-06">6</date></cell>
               <cell/>
               <cell/>
               <cell/>
               <cell/>
            </row>
            <row xml:id="p116_11">
               <cell>Settled</cell>
               <cell><name type="person" ref="Hiram Hodges">Hiriam Hodges</name>
                  <choice rend="align(right)">
                     <abbr>DR</abbr>
                     <expan>Debtor</expan>
                  </choice></cell>
               <cell/>
               <cell/>
               <cell/>
               <cell/>
            </row>
            <row xml:id="p116_12">
               <cell/>
               <cell>To Tripp <measure commodity="labor" quantity="3/4" unit="day">3/4 day</measure></cell>
               <cell></cell>
               <cell></cell>
               <cell/>
               <cell/>
            </row>
            <row xml:id="p116_13">
               <cell/>
               <cell><measure commodity="labor" quantity="1/2" unit="day">1/2 day</measure>before</cell>
               <cell/>
               <cell/>
               <cell/>
               <cell/>
            </row>
            <row xml:id="p116_14">
               <cell>403</cell>
               <cell><name type="person" ref="pers_WCDH498">Henry M Paine</name>
                  <choice rend="align(right)">
                     <abbr>DR</abbr>
                     <expan>Debtor</expan>
                  </choice></cell>
               <cell/>
               <cell/>
               <cell/>
               <cell/>
            </row>
            <row xml:id="p116_15">
               <cell/>
               <cell>To <measure commodity="wood" quantity="1/2" unit="cord">half a cord of wood</measure>2 paid by P. King</cell>
               <cell><measure commodity="currency" quantity="2" unit="dollars">2</measure></cell>
               <cell><measure commodity="currency" quantity="25" unit="dollars">25</measure></cell>
               <cell/>
               <cell/>
            </row>
            <row xml:id="p116_16">
               <cell/>
               <cell> <measure commodity="Rental of tools and shop">Rent of house, shop x tools</measure>to <date when="1833-04-01">April 1st</date></cell>
               <cell><measure commodity="currency" quantity="30" unit="dollars">30</measure></cell>
               <cell><measure commodity="currency" quantity="00" unit="dollars">00</measure></cell>
               <cell/>
               <cell/>
            </row>
            <row xml:id="p116_17">
               <cell>401</cell>
               <cell><name type="person" ref="pers_WCDH195">Washburn Braman</name>
                  <choice rend="align(right)">
                     <abbr>DR</abbr>
                     <expan>Debtor</expan>
                  </choice></cell>
               <cell/>
               <cell/>
               <cell/>
               <cell/>
            </row>
            <row xml:id="p116_18">
               <cell/>
               <cell>To <name type="account" ref="LMWcash">cash</name>30/</cell>
               <cell><measure commodity="currency" quantity="5" unit="dollars">5</measure></cell>
               <cell><measure commodity="currency" quantity="00" unit="dollars">00</measure></cell>
               <cell/>
               <cell/>
            </row>
            <row xml:id="p116_19">
               <cell>Settled</cell>
               <cell><name type="person" ref="pers_WCDH359">Hiriam Hodges</name>
                  <choice rend="align(right)">
                     <abbr>DR</abbr>
                     <expan>Debtor</expan>
                  </choice></cell>
               <cell/>
               <cell></cell>
               <cell/>
               <cell></cell>
            </row>
            <row xml:id="p116_20">
               <cell/>
               <cell>To Tripp from 3 <!--?--> </cell>
               <cell/>
               <cell/>
               <cell/>
               <cell/>
            </row>
            <row xml:id="p116_21">
               <cell>Paid</cell>
               <cell><name type="person" ref=""><!--?--> King</name>
                  <choice rend="align(right)">
                     <abbr>DR</abbr>
                     <expan>Debtor</expan>
                  </choice></cell>
               <cell/>
               <cell/>
               <cell/>
               <cell/>
            </row>
            <row xml:id="p116_22">
               <cell/>
               <cell>To <!--?--> of house xc. </cell>
               <cell><measure commodity="currency" quantity="3" unit="dollars">3</measure></cell>
               <cell><measure commodity="currency" quantity="30" unit="dollars">30</measure></cell>
               <cell/>
               <cell/>
            </row>
            <row xml:id="p116_23">
               <cell/>
               <cell><date when="1833-07-13">13</date></cell>
               <cell/>
               <cell/>
               <cell/>
               <cell/>
            </row>
            <row xml:id="p116_24">
               <cell>Settled</cell>
               <cell><name type="person" ref="pers_WCDH359">Hiriam Hodges</name>
                  <choice rend="align(right)">
                     <abbr>DR</abbr>
                     <expan>Debtor</expan>
                  </choice></cell>
               <cell/>
               <cell/>
               <cell/>
               <cell/>
            </row>
            <row xml:id="p116_25">
               <cell/>
               <cell>To <name type="account" ref="LMWcash">cash</name>paid France Williams 3/9</cell>
               <cell></cell>
               <cell><measure commodity="currency" quantity="63" unit="dollars">63</measure></cell>
               <cell/>
               <cell/>
            </row>
            <row xml:id="p116_26">
               <cell>45</cell>
               <cell><name type="person" ref="pers_WCDH570">Noah Smith</name>
                  <choice rend="align(right)">
                     <abbr>DR</abbr>
                     <expan>Debtor</expan>
                  </choice></cell>
               <cell/>
               <cell/>
               <cell/>
               <cell/>
            </row>
            <row xml:id="p116_27">
               <cell></cell>
               <cell>To <measure commodity="Rye" quantity="1" unit="bushels">1 Buls Rye</measure>6/ <measure commodity="corn" quantity="1" unit="bushels">1 corn</measure>6/</cell>
               <cell><measure commodity="currency" quantity="2" unit="dollars">2</measure></cell>
               <cell><measure commodity="currency" quantity="00" unit="dollars">00</measure></cell>
               <cell/>
               <cell/>
            </row>
            <row xml:id="p116_28">
               <cell>389</cell>
               <cell><name type="person" ref="pers_WCDH230">Oliver Clapp</name>
                  <choice rend="align(right)">
                     <abbr>DR</abbr>
                     <expan>Debtor</expan>
                  </choice></cell>
               <cell/>
               <cell></cell>
               <cell/>
               <cell/>
            </row>
            <row xml:id="p116_29">
               <cell/>
               <cell>To <measure commodity="cider" quantity="1 1/3" unit="bushels">1 1/3 BU. cider</measure>12/</cell><cell/>
               <cell><measure commodity="currency" quantity="2" unit="dollars">2</measure></cell>
               <cell><measure commodity="currency" quantity="63" unit="dollars">63</measure></cell>
               <cell/>
            </row>
            <row xml:id="p116_30">
               <cell/>
               <cell><date when="1833-07-15">15</date></cell>
               <cell/>
               <cell/>
               <cell/>
               <cell/>
            </row>
            <row xml:id="p116_31">
               <cell>Settled</cell>
               <cell><name type="person" ref="pers_WCDH359">Hiriam Hodges</name>
                  <choice rend="align(right)">
                     <abbr>DR</abbr>
                     <expan>Debtor</expan>
                  </choice></cell>
               <cell/>
               <cell/>
               <cell/>
               <cell/>
            </row>
            <row xml:id="p116_32">
               <cell/>
               <cell>By <measure commodity="labor" quantity="1" unit="day">making hay</measure><measure commodity="currency" quantity="50" unit="dollars">fifty dollars</measure></cell>
               <cell><measure commodity="currency" quantity="50" unit="dollars">50</measure></cell>
               <cell><measure commodity="currency" quantity="00" unit="dollars">00</measure></cell>
               <cell/>
               <cell/>
            </row>
            <row xml:id="p116_33">
               <cell>Settled</cell>
               <cell>To <name type="account" ref="LMWcash">cash</name> <measure commodity="currency" quantity="20" unit="dollars">Twenty dollars</measure></cell>
               <cell><measure commodity="currency" quantity="20" unit="dollars">20</measure></cell>
               <cell><measure commodity="currency" quantity="00" unit="dollars">00</measure></cell>
               <cell/>
               <cell/>
            </row>
            <row xml:id="p116_34">
               <cell></cell>
               <cell><date when="1833-07-16">16</date></cell>
               <cell/>
               <cell/>
               <cell/>
               <cell/>
            </row>
            <row xml:id="p116_35">
               <cell>389</cell>
               <cell><name type="person" ref="pers_WCDH230">Oliver Clapp</name>
                  <choice rend="align(right)">
                     <abbr>DR</abbr>
                     <expan>Debtor</expan>
                  </choice></cell>
               <cell></cell>
               <cell></cell>
               <cell/>
               <cell/>
            </row>
            <row xml:id="p116_36">
               <cell/>
               <cell>To <measure commodity="currency" quantity="6" unit="dollars">six dollars</measure>cash</cell>
               <cell><measure commodity="currency" quantity="6" unit="dollars">6</measure></cell>
               <cell><measure commodity="currency" quantity="00" unit="dollars">00</measure></cell>
               <cell></cell>
               <cell></cell>
            </row>
            <row xml:id="p116_37">
               <cell/>
               <cell><date when="1833-07-17">17</date></cell>
               <cell></cell>
               <cell></cell>
               <cell/>
               <cell/>
            </row>
            <row xml:id="p116_38">
               <cell>395</cell>
               <cell><name type="person" ref="pers_WCDH621">Thompson Tripp</name>
                  <choice rend="align(right)">
                     <abbr>DR</abbr>
                     <expan>Debtor</expan>
                  </choice></cell>
               <cell/>
               <cell/>
               <cell/>
               <cell/>
            </row>
            <row xml:id="p116_39">
               <cell></cell>
               <cell>To <name type="account" ref="LMWcash">cash</name>60/</cell>
               <cell><measure commodity="currency" quantity="10" unit="dollars">10</measure></cell>
               <cell><measure commodity="currency" quantity="00" unit="dollars">00</measure></cell>
               <cell/>
               <cell/>
            </row>
            <row xml:id="p116_40">
               <cell/>
               <cell><date when="1833-07-20">20</date></cell>
               <cell></cell>
               <cell></cell>
               <cell/>
               <cell/>
            </row>
            <row xml:id="p116_41">
               <cell>365</cell>
               <cell><name type="person" ref="pers_WCDH699">Samuel Wrigley</name>
                  <choice rend="align(right)">
                     <abbr>DR</abbr>
                     <expan>Debtor</expan>
                  </choice></cell>
               <cell/>
               <cell/>
               <cell/>
               <cell/>
            </row>
            <row xml:id="p116_42">
               <cell></cell>
               <cell>To <name type="account" ref="LMWcash">cash</name>lent 12/</cell>
               <cell><measure commodity="currency" quantity="2" unit="dollars">2</measure></cell>
               <cell> </cell>
               <cell/>
               <cell/>
            </row>
            <row xml:id="p116_43">
               <cell/>
               <cell><date when="1833-07-22">22</date></cell>
               <cell></cell>
               <cell></cell>
               <cell/>
               <cell/>
            </row>
            <row xml:id="p116_44">
               <cell>371</cell>
               <cell><name type="person" ref="pers_WCDH201">Simeon Briggs</name>
                  <choice rend="align(right)">
                     <abbr>DR</abbr>
                     <expan>Debtor</expan>
                  </choice></cell>
               <cell/>
               <cell/>
               <cell/>
               <cell/>
            </row>
            <row xml:id="p116_45">
               <cell></cell>
               <cell>To <measure commodity="cider" quantity="1/2" unit="bushels">half BU. cider</measure>12/</cell>
               <cell><measure commodity="currency" quantity="1" unit="dollars">1</measure></cell>
               <cell><measure commodity="currency" quantity="00" unit="dollars">00</measure></cell>
               <cell/>
               <cell/>
            </row>
            <row xml:id="p116_46">
               <cell/>
               <cell><date when="1833-07-25">25</date></cell>
               <cell></cell>
               <cell></cell>
               <cell/>
               <cell/>
            </row>
            <row xml:id="p116_47">
               <cell>388</cell>
               <cell><name type="person" ref="">Almond Trucker</name>
                  <choice rend="align(right)">
                     <abbr>DR</abbr>
                     <expan>Debtor</expan>
                  </choice></cell>
               <cell/>
               <cell/>
               <cell/>
               <cell/>
            </row>
            <row xml:id="p116_48">
               <cell></cell>
               <cell>To <name type="account" ref="LMWcash">cash</name><measure commodity="currency" quantity="15" unit="dollars">fifteen dollars</measure></cell>
               <cell><measure commodity="currency" quantity="15" unit="dollars">15</measure></cell>
               <cell><measure commodity="currency" quantity="00" unit="dollars">00</measure></cell>
               <cell/>
               <cell/>
            </row>
            <row xml:id="p116_49">
               <cell/>
               <cell><date when="1833-07-30">30</date></cell>
               <cell/>
               <cell></cell>
               <cell/>
               <cell/>
            </row>
            <row xml:id="p116_50">
               <cell>395</cell>
               <cell><name type="person" ref="pers_WCDH621">Thompson Tripp</name>
                  <choice rend="align(right)">
                     <abbr>DR</abbr>
                     <expan>Debtor</expan>
                  </choice></cell>
               <cell/>
               <cell></cell>
               <cell/>
               <cell></cell>
            </row>
            <row xml:id="p116_51">
               <cell/>
               <cell>To <name type="account" ref="LMWcash">cash</name>6/</cell>
               <cell><measure commodity="currency" quantity="1" unit="dollars">1</measure></cell>
               <cell><measure commodity="currency" quantity="00" unit="dollars">00</measure></cell>
               <cell/>
               <cell/>
            </row>
         </table>
         <pb n="117"/>
         <fw type="pageNum">117</fw>
         <table xml:id="p117" cols="6">
            <head>Tuesday <date when="1833-07-30">text</date></head>
            <row xml:id="p117_01">
               <cell>365</cell>
               <cell>
                  <name type="person" ref="pers_WCDH699">Samuel Wrigley</name>
                  <choice rend="align(right)">
                     <abbr>DR</abbr>
                     <expan>Debtor</expan>
                  </choice>
               </cell>
               <cell/>
               <cell/>
               <cell/>
               <cell/>
            </row>
            <row xml:id="p117_02">
               <cell/>
               <cell>To <measure commodity="heifer rental" quantity="1" unit="count">use of a two year old  heifer</measure>1 year</cell>
               <cell><measure commodity="currency" quantity="6" unit="dollars">6</measure></cell>
               <cell><measure commodity="currency" quantity="00" unit="dollars">00</measure></cell>
               <cell/>
               <cell/>
            </row>
            <pb n="117"/>
            <fw type="pageNum">117</fw>
            <table xml:id="p117" cols="6">
               <head><date when="1833-08-03">text</date></head>
            <row xml:id="p116_03">
               <cell>402</cell>
               <cell><name type="person" ref="pers_WCDH397">Elijah H King</name>
                  <choice rend="align(right)">
                     <abbr>DR</abbr>
                     <expan>Debtor</expan>
                  </choice></cell>
               <cell></cell>
               <cell/>
               <cell></cell>
               <cell></cell>
            </row>
            <row xml:id="p117_04">
               <cell/>
               <cell>To <measure commodity="cider" quantity="1" unit="bushels">1 BU.cider</measure>13/6</cell>
               <cell><measure commodity="currency" quantity="2" unit="dollars">2</measure></cell>
               <cell><measure commodity="currency" quantity="25" unit="dollars">25</measure></cell>
               <cell/>
               <cell/>
            </row>
            <row xml:id="p117_05">
               <cell></cell>
               <cell><date when="1833-08-06">6</date></cell>
               <cell/>
               <cell/>
               <cell/>
               <cell/>
            </row>
            <row xml:id="p117_06">
               <cell>Settled</cell>
               <cell><name type="person" ref="pers_WCDH563">Henry Smith</name>
                  <choice rend="align(right)">
                     <abbr>DR</abbr>
                     <expan>Debtor</expan>
                  </choice></cell>
               <cell></cell>
               <cell></cell>
               <cell/>
               <cell/>
            </row>
            <row xml:id="p117_07">
               <cell/>
               <cell>By <measure commodity="labor" quantity="1 3/4" unit="acres">cutting oats 1 x 3/4 acre</measure>3/</cell>
               <cell><measure commodity="currency" quantity="1" unit="dollars">1</measure></cell>
               <cell><measure commodity="currency" quantity="75" unit="dollars">75</measure></cell>
               <cell/>
               <cell/>
            </row>
            <row xml:id="p117_08">
               <cell></cell>
               <cell>To <name type="account" ref="LMWcash">cash</name>lent 30/</cell>
               <cell><measure commodity="currency" quantity="5" unit="dollars">5</measure></cell>
               <cell><measure commodity="currency" quantity="00" unit="dollars">00</measure></cell>
               <cell/>
               <cell/>
            </row>
               <pb n="117"/>
               <fw type="pageNum">117</fw>
               <table xml:id="p117" cols="6">
                  <head><date when="1833-08-13">text</date></head>
            <row xml:id="p117_09">
               <cell>389</cell>
               <cell><name type="person" ref="pers_WCDH230">Oliver Clapp</name>
                  <choice rend="align(right)">
                     <abbr>DR</abbr>
                     <expan>Debtor</expan>
                  </choice></cell>
               <cell></cell>
               <cell></cell>
               <cell/>
               <cell/>
            </row>
            <row xml:id="p117_10">
               <cell/>
               <cell>To <measure commodity="corn" quantity="2" unit="bushels">two Bushel corn</measure>6/</cell>
               <cell/>
               <cell/>
               <cell/>
               <cell/>
            </row>
            <row xml:id="p117_11">
               <cell></cell>
               <cell><measure commodity="pine salt" quantity="1" unit="peek">1 peek pine salt</measure>1/6</cell>
               <cell><measure commodity="currency" quantity="2" unit="dollars">2</measure></cell>
               <cell><measure commodity="currency" quantity="25" unit="dollars">25</measure></cell>
               <cell/>
               <cell/>
            </row>
            <row xml:id="p117_12">
               <cell/>
               <cell><date when="1833-08-17">17</date></cell>
               <cell></cell>
               <cell></cell>
               <cell/>
               <cell/>
            </row>
            <row xml:id="p117_13">
               <cell>393</cell>
               <cell><name type="person" ref="pers_WCDH650">Wheaton Wheeler</name>
                  <choice rend="align(right)">
                     <abbr>DR</abbr>
                     <expan>Debtor</expan>
                  </choice></cell>
               <cell/>
               <cell/>
               <cell/>
               <cell/>
            </row>
            <row xml:id="p117_14">
               <cell></cell>
               <cell>By <measure commodity="labor" quantity="2" unit="day">two days work</measure>this week</cell>
               <cell/>
               <cell><measure commodity="currency" quantity="84" unit="dollars">84</measure></cell>
               <cell/>
               <cell/>
            </row>
            <row xml:id="p117_15">
               <cell/>
               <cell><date when="1833-08-19">19</date></cell>
               <cell></cell>
               <cell></cell>
               <cell/>
               <cell/>
            </row>
            <row xml:id="p117_16">
               <cell></cell>
               <cell><name type="person" ref="pers_WCDH307">George Freeman</name>
                  <choice rend="align(right)">
                     <abbr>DR</abbr>
                     <expan>Debtor</expan>
                  </choice></cell>
               <cell/>
               <cell/>
               <cell/>
               <cell/>
            </row>
            <row xml:id="p117_17">
               <cell></cell>
               <cell>To <measure commodity="clipboards" quantity="25" unit="count">25 clipboards</measure></cell>
               <cell/>
               <cell/>
               <cell/>
               <cell/>
            </row>
            <row xml:id="p117_18">
               <cell/>
               <cell><date when="1833-08-21">21</date></cell>
               <cell></cell>
               <cell></cell>
               <cell/>
               <cell/>
            </row>
            <row xml:id="p117_19">
               <cell>Settled</cell>
               <cell><name type="person" ref="pers_WCDH307">George Freeman</name>
                  <choice rend="align(right)">
                     <abbr>DR</abbr>
                     <expan>Debtor</expan>
                  </choice></cell>
               <cell/>
               <cell></cell>
               <cell/>
               <cell></cell>
            </row>
            <row xml:id="p117_20">
               <cell/>
               <cell>By 400 <!--?--></cell>
               <cell/>
               <cell/>
               <cell/>
               <cell/>
            </row>
            <row xml:id="p117_21">
               <cell></cell>
               <cell><date when="1833-08-24">24</date></cell>
               <cell/>
               <cell/>
               <cell/>
               <cell/>
            </row>
            <row xml:id="p117_22">
               <cell>393</cell>
               <cell><name type="person" ref="pers_WCDH650">Wheaton Wheeler</name>
                  <choice rend="align(right)">
                     <abbr>DR</abbr>
                     <expan>Debtor</expan>
                  </choice></cell>
               <cell/>
               <cell></cell>
               <cell/>
               <cell/>
            </row>
            <row xml:id="p117_23">
               <cell/>
               <cell>To <measure commodity="meal" quantity="1" unit="peek">1 peek meal</measure>1/6</cell>
               <cell/>
               <cell><measure commodity="currency" quantity="25" unit="dollars">25</measure></cell>
               <cell/>
               <cell/>
            </row>
            <row xml:id="p117_24">
               <cell></cell>
               <cell>By <measure commodity="labor" quantity="3" unit="day">three days work</measure>42x</cell>
               <cell><measure commodity="currency" quantity="1" unit="dollars">1</measure></cell>
               <cell><measure commodity="currency" quantity="36" unit="dollars">36</measure></cell>
               <cell/>
               <cell/>
            </row>
            <row xml:id="p117_25">
               <cell/>
               <cell><date when="1833-08-27">27</date></cell>
               <cell></cell>
               <cell></cell>
               <cell/>
               <cell/>
            </row>
            <row xml:id="p117_26">
               <cell>Settled</cell>
               <cell><name type="person" ref="pers_WCDH201">Simeon Briggs</name>
                  <choice rend="align(right)">
                     <abbr>DR</abbr>
                     <expan>Debtor</expan>
                  </choice></cell>
               <cell/>
               <cell/>
               <cell/>
               <cell/>
            </row>
            <row xml:id="p117_27">
               <cell></cell>
               <cell>To <measure commodity="cider" quantity="1/2" unit="bushels">1/2 BU. cider</measure>12/</cell>
               <cell><measure commodity="currency" quantity="1" unit="dollars">1</measure></cell>
               <cell><measure commodity="currency" quantity="00" unit="dollars">00</measure></cell>
               <cell/>
               <cell/>
            </row>
            <row xml:id="p117_28">
               <cell/>
               <cell><date when="1833-08-30">30</date></cell>
               <cell/>
               <cell></cell>
               <cell/>
               <cell/>
            </row>
            <row xml:id="p117_29">
               <cell>402</cell>
               <cell><name type="person" ref="pers_WCDH397">Elijiah H King</name>
                  <choice rend="align(right)">
                     <abbr>DR</abbr>
                     <expan>Debtor</expan>
                  </choice></cell><cell/>
               <cell></cell>
               <cell/>
               <cell/>
            </row>
            <row xml:id="p117_30">
               <cell/>
               <cell>To <measure commodity="potatoes" quantity="1" unit="bushels">1 Bushel. potatoes</measure>3/</cell>
               <cell/>
               <cell><measure commodity="currency" quantity="50" unit="dollars">50</measure></cell>
               <cell/>
               <cell/>
            </row>
            <row xml:id="p117_31">
               <cell>393</cell>
               <cell><name type="person" ref="pers_WCDH650">Wheaton Wheeler</name>
                  <choice rend="align(right)">
                     <abbr>DR</abbr>
                     <expan>Debtor</expan>
                  </choice></cell>
               <cell/>
               <cell/>
               <cell/>
               <cell/>
            </row>
            <row xml:id="p117_32">
               <cell/>
               <cell>By <measure commodity="labor" quantity="1/2" unit="day">1/2 days</measure>work</cell>
               <cell></cell>
               <cell><measure commodity="currency" quantity="21" unit="dollars">21</measure></cell>
               <cell/>
               <cell/>
            </row>
                  <pb n="117"/>
                  <fw type="pageNum">117</fw>
                  <table xml:id="p117" cols="6">
                     <head><date when="1833-09-04">text</date></head>
            <row xml:id="p117_33">
               <cell>393</cell>
               <cell><name type="person" ref="pers_WCDH650">Wheaton Wheeler</name>
                  <choice rend="align(right)">
                     <abbr>DR</abbr>
                     <expan>Debtor</expan>
                  </choice></cell>
               <cell/>
               <cell/>
               <cell/>
               <cell/>
            </row>
            <row xml:id="p117_34">
               <cell></cell>
               <cell>By <measure commodity="labor" quantity="1" unit="day">one days work</measure></cell>
               <cell/>
               <cell><measure commodity="currency" quantity="42" unit="dollars">42</measure></cell>
               <cell/>
               <cell/>
            </row>
            <row xml:id="p117_35">
               <cell/>
               <cell><date when="1833-09-11">11</date></cell>
               <cell></cell>
               <cell></cell>
               <cell/>
               <cell/>
            </row>
            <row xml:id="p117_36">
               <cell>389</cell>
               <cell><name type="person" ref="pers_WCDH230">Oliver Clapp</name>
                  <choice rend="align(right)">
                     <abbr>DR</abbr>
                     <expan>Debtor</expan>
                  </choice></cell>
               <cell></cell>
               <cell></cell>
               <cell></cell>
               <cell></cell>
            </row>
            <row xml:id="p117_37">
               <cell/>
               <cell>To <name type="account" ref="LMWcash">cash</name>paid son 60/</cell>
               <cell><measure commodity="currency" quantity="10" unit="dollars">10</measure></cell>
               <cell><measure commodity="currency" quantity="00" unit="dollars">00</measure></cell>
               <cell/>
               <cell/>
            </row>
            <row xml:id="p117_38">
               <cell/>
               <cell><date when="1833-09-13">13</date></cell>
               <cell/>
               <cell/>
               <cell/>
               <cell/>
            </row>
            <row xml:id="p117_39">
               <cell>389</cell>
               <cell><name type="person" ref="pers_WCDH230">Oliver Clapp</name>
                  <choice rend="align(right)">
                     <abbr>DR</abbr>
                     <expan>Debtor</expan>
                  </choice></cell>
               <cell/>
               <cell/>
               <cell/>
               <cell/>
            </row>
            <row xml:id="p117_40">
               <cell/>
               <cell>To <measure commodity="pantaloons" quantity="1" unit="count">pantaloons</measure>paid son 24/</cell>
               <cell><measure commodity="currency" quantity="4" unit="dollars">4</measure></cell>
               <cell><measure commodity="currency" quantity="00" unit="dollars">00</measure></cell>
               <cell/>
               <cell/>
            </row>
            <row xml:id="p117_41">
               <cell/>
               <cell><date quantity="1833-09-20">20</date></cell>
               <cell/>
               <cell/>
               <cell/>
               <cell/>
            </row>
            <row xml:id="p117_42">
               <cell>389</cell>
               <cell><name type="person" ref="pers_WCDH230">Oliver Clapp</name>
                  <choice rend="align(right)">
                     <abbr>DR</abbr>
                     <expan>Debtor</expan>
                  </choice></cell>
               <cell/>
               <cell/>
               <cell/>
               <cell/>
            </row>
            <row xml:id="p117_43">
               <cell/>
               <cell>To <name type="account" ref="LMWcash">cash</name><measure commodity="currency" quantity="25" unit="dollars">twenty five dollars</measure></cell>
               <cell><measure commodity="currency" quantity="25" unit="dollars">25</measure></cell>
               <cell><measure commodity="currency" quantity="00" unit="dollars">00</measure></cell>
               <cell/>
               <cell/>
            </row>
            <row xml:id="p117_44">
               <cell/>
               <cell><date when="1833-09-22">22</date></cell>
               <cell/>
               <cell/>
               <cell/>
               <cell/>
            </row>
            <row xml:id="p117_45">
               <cell>163</cell>
               <cell><name type="person" ref="pers_WCDH194">Thomas Braman</name>
                  <choice rend="align(right)">
                     <abbr>DR</abbr>
                     <expan>Debtor</expan>
                  </choice></cell>
               <cell/>
               <cell/>
               <cell/>
               <cell/>
            </row>
            <row xml:id="p117_46">
               <cell/>
               <cell>To a <measure commodity="pine stick" quantity="1" unit="inches">pine stick 20 width 17 inches</measure></cell>
               <cell></cell>
               <cell></cell>
               <cell/>
               <cell/>
            </row>
            <row xml:id="p117_47">
               <cell/>
               <cell>Top and <measure commodity="pine stick" quantity="8" unit="feet">8 ft. long</measure>6/</cell>
               <cell><measure commodity="currency" quantity="1" unit="dollars">1</measure></cell>
               <cell><measure commodity="currency" quantity="00" unit="dollars">00</measure></cell>
               <cell/>
               <cell/>
            </row>
            <row xml:id="p117_48">
               <cell>389</cell>
               <cell><name type="person" ref="pers_WCDH230">Oliver Clapp</name>
                  <choice rend="align(right)">
                     <abbr>DR</abbr>
                     <expan>Debtor</expan>
                  </choice></cell>
               <cell/>
               <cell/>
               <cell/>
               <cell/>
            </row>
            <row xml:id="p117_49">
               <cell/>
               <cell>To <measure commodity="cider" quantity="1/2" unit="bushels">1/2 bu. cider</measure><measure commodity="currency" quantity="2" unit="dollars">$2 00</measure></cell>
               <cell><measure commodity="currency" quantity="1" unit="dollars">1</measure></cell>
               <cell><measure commodity="currency" quantity="00" unit="dollars">00</measure></cell>
               <cell/>
               <cell/>
            </row>
            <row xml:id="p117_50">
               <cell>Settled</cell>
               <cell><name type="person" ref="pers_WCDH359">Hiriam Hodges</name>
                  <choice rend="align(right)">
                     <abbr>DR</abbr>
                     <expan>Debtor</expan>
                  </choice></cell>
               <cell/>
               <cell></cell>
               <cell/>
               <cell></cell>
            </row>
            <row xml:id="p117_51">
               <cell/>
               <cell>To <name type="account" ref="LMWcash">cash</name>paid by Tripp 60/</cell>
               <cell><measure commodity="currency" quantity="10" unit="dollars">10</measure></cell>
               <cell><measure commodity="currency" quantity="00" unit="dollars">00</measure></cell>
               <cell/>
               <cell/>
            </row>
           