<?xml version="1.0" encoding="UTF-8"?>
<?oxygen RNGSchema="http://www.tei-c.org/release/xml/tei/custom/schema/relaxng/tei_all.rng" type="xml"?>
<TEI xmlns="http://www.tei-c.org/ns/1.0">
   <teiHeader>
      <fileDesc>
         <titleStmt>
            <title>LMW Day Book, pp. 100-139</title>
            <author>L.M. Wheaton</author>
         </titleStmt>
         <publicationStmt>
            <p>Transcribed by Sahilia Ramire Summer 2016, Wheaton College</p>
         </publicationStmt>
         <sourceDesc>
            <biblFull>
               <titleStmt>
                  <title>Account Books, pp.100-139</title>
                  <author>L.M. Wheaton</author>
                  <respStmt>
                     <resp> TEI-compatible XML markup by <name type="person">Sahilia Ramirez</name>
                        with corrections by <name type="person">Name</name>, <name
                           type="person">Name</name>, and <name type="person">Name</name>.</resp>
                     <name type="person">Name</name>
                  </respStmt>
               </titleStmt>
               <publicationStmt>
                  <p>Transcribed by Sahilia Ramirez Summer 2016, Wheaton College</p>
               </publicationStmt>
               <sourceDesc>
                  <p> From the Marion B. Gebbie Archives and Special Collections at the Madeleine
                     Clark Wallace Library, Wheaton College </p>
               </sourceDesc>
            </biblFull>
         </sourceDesc>
      </fileDesc>
   </teiHeader>
   <text>
      <body>
         <pb n="130"/>
         <fw type="pageNum">130</fw>
         <table xml:id="p130" cols="6">
            <head>Saturday<date when="1834-11-22">text</date></head>
            <row xml:id="p130_01">
               <cell>Settled</cell>
               <cell>
                  <name type="person" ref="">George Leonard</name>
                  <choice rend="align(right)">
                     <abbr>DR</abbr>
                     <expan>Debtor</expan>
                  </choice>
               </cell>
               <cell/>
               <cell/>
               <cell/>
               <cell/>
            </row>
            <row xml:id="p130_02">
               <cell/>
               <cell>To <name type="account" ref="LMWcash">cash</name> towards shingles <measure commodity="currency" quantity="10" unit="dollars">ten dollars</measure></cell>
               <cell><measure commodity="currency" quantity="10" unit="dollars">10</measure></cell>
               <cell><measure commodity="currency" quantity="00" unit="dollars">00</measure></cell>
               <cell/>
               <cell/>
            </row>
            <row xml:id="p130_03">
               <cell/>
               <cell><date when="1834-11-25">25</date></cell>
               <cell></cell>
               <cell/>
               <cell></cell>
               <cell></cell>
            </row>
            <row xml:id="p130_04">
               <cell>310</cell>
               <cell><name type="person" ref="pers_WCDH375">Horace Hulet</name>
                  <choice rend="align(right)">
                     <abbr>DR</abbr>
                     <expan>Debtor</expan>
                  </choice></cell>
               <cell/>
               <cell/>
               <cell/>
               <cell/>
            </row>
            <row xml:id="p130_05">
               <cell></cell>
               <cell>To <measure commodity="corn" quantity="1/2" unit="bushels">cron 1/2 Buls.</measure>6/</cell>
               <cell/>
               <cell><measure commodity="currency" quantity="50" unit="dollars">50</measure></cell>
               <cell/>
               <cell/>
            </row>
            <row xml:id="p130_06">
               <cell>Settled</cell>
               <cell><name type="person" ref="">Mores Hunt</name>
                  <choice rend="align(right)">
                     <abbr>DR</abbr>
                     <expan>Debtor</expan>
                  </choice></cell>
               <cell></cell>
               <cell></cell>
               <cell/>
               <cell/>
            </row>
            <row xml:id="p130_07">
               <cell/>
               <cell>To <name type="account" ref="LMWcash">cash</name> lent</cell>
               <cell/>
               <cell><measure commodity="currency" quantity="88" unit="dollars">88</measure></cell>
               <cell/>
               <cell/>
            </row>
            <pb n="130"/>
            <fw type="pageNum">130</fw>
            <table xml:id="p130" cols="6">
               <head><date when="1834-12-02">text</date></head>
            <row xml:id="p130_08">
               <cell>402</cell>
               <cell><name type="person" ref="pers_WCDH397">Elijah H. King</name>
                  <choice rend="align(right)">
                     <abbr>DR</abbr>
                     <expan>Debtor</expan>
                  </choice></cell>
               <cell/>
               <cell/>
               <cell/>
               <cell/>
            </row>
            <row xml:id="p130_09">
               <cell/>
               <cell>To paying your tax</cell>
               <cell><measure commodity="currency" quantity="7" unit="dollars">7</measure></cell>
               <cell><measure commodity="currency" quantity="20" unit="dollars">20</measure></cell>
               <cell/>
               <cell/>
            </row>
            <row xml:id="p130_10">
               <cell>400</cell>
               <cell><name type="person" ref="">Betsey A. Chase</name>
                  <choice rend="align(right)">
                     <abbr>DR</abbr>
                     <expan>Debtor</expan>
                  </choice></cell>
               <cell/>
               <cell/>
               <cell/>
               <cell/>
            </row>
            <row xml:id="p130_11">
               <cell></cell>
               <cell>To <name type="account" ref="LMWcash">cash</name> 22 x 25 x</cell>
               <cell/>
               <cell><measure commodity="currency" quantity="47" unit="dollars">47</measure></cell>
               <cell/>
               <cell/>
            </row>
            <row xml:id="p130_12">
               <cell>Paid</cell>
               <cell><name type="person" ref="pers_WCDH650">Wheaton Wheeler</name>
                  <choice rend="align(right)">
                     <abbr>DR</abbr>
                     <expan>Debtor</expan>
                  </choice></cell>
               <cell></cell>
               <cell></cell>
               <cell/>
               <cell/>
            </row>
            <row xml:id="p130_13">
               <cell/>
               <cell>By <measure commodity="labor" quantity="1" unit="day">one Days work</measure>2/6</cell>
               <cell/>
               <cell><measure commodity="currency" quantity="42" unit="dollars">42</measure></cell>
               <cell/>
               <cell/>
            </row>
            <row xml:id="p130_14">
               <cell></cell>
               <cell><date when="1834-12-03">3</date></cell>
               <cell/>
               <cell/>
               <cell/>
               <cell/>
            </row>
            <row xml:id="p130_15">
               <cell>400</cell>
               <cell><name type="person" ref="">Betsey A. Chase</name>
                  <choice rend="align(right)">
                     <abbr>DR</abbr>
                     <expan>Debtor</expan>
                  </choice></cell>
               <cell></cell>
               <cell></cell>
               <cell/>
               <cell/>
            </row>
            <row xml:id="p130_16">
               <cell/>
               <cell>To <measure commodity="flannel">paying for flannel</measure>at L. Perrys <!--?--></cell>
               <cell/>
               <cell><measure commodity="currency" quantity="38" unit="dollars">38</measure></cell>
               <cell/>
               <cell/>
            </row>
            <row xml:id="p130_17">
               <cell></cell>
               <cell><date when="1834-12-12">12</date></cell>
               <cell/>
               <cell/>
               <cell/>
               <cell/>
            </row>
            <row xml:id="p130_18">
               <cell>Paid</cell>
               <cell><name type="person" ref="pers_WCDH375">Horace Hulet</name>
                  <choice rend="align(right)">
                     <abbr>DR</abbr>
                     <expan>Debtor</expan>
                  </choice></cell>
               <cell/>
               <cell></cell>
               <cell/>
               <cell/>
            </row>
            <row xml:id="p130_19">
               <cell/>
               <cell>To <name type="account" ref="LMWcash">cash</name>lent to send the Boston <measure commodity="currency" quantity="11" unit="dollars">eleven Dollars</measure></cell>
               <cell><measure commodity="currency" quantity="11" unit="dollars">11</measure></cell>
               <cell><measure commodity="currency" quantity="00" unit="dollars">00</measure></cell>
               <cell/>
               <cell></cell>
            </row>
            <row xml:id="p130_20">
               <cell/>
               <cell><date when="1834-12-15">15</date></cell>
               <cell/>
               <cell/>
               <cell/>
               <cell/>
            </row>
            <row xml:id="p130_21">
               <cell>109</cell>
               <cell><name type="person" ref="pers_WCDH524">Pliney Puffer</name>
                  <choice rend="align(right)">
                     <abbr>DR</abbr>
                     <expan>Debtor</expan>
                  </choice></cell>
               <cell/>
               <cell/>
               <cell/>
               <cell/>
            </row>
            <row xml:id="p130_22">
               <cell/>
               <cell>To <measure commodity="Pine Boards" quantity="99" unit="feet">99 feet. Pine boards</measure>2 1/2 lbs. per feet.</cell>
               <cell><measure commodity="currency" quantity="2" unit="dollars">2</measure></cell>
               <cell><measure commodity="currency" quantity="48" unit="dollars">48</measure></cell>
               <cell/>
               <cell/>
            </row>
            <row xml:id="p130_23">
               <cell>399</cell>
               <cell><name type="person" ref="pers_WCDH134">Dort. Asa M. Adams</name>
                  <choice rend="align(right)">
                     <abbr>DR</abbr>
                     <expan>Debtor</expan>
                  </choice></cell>
               <cell/>
               <cell/>
               <cell/>
               <cell/>
            </row>
            <row xml:id="p130_24">
               <cell></cell>
               <cell>To <measure commodity="potatoes" quantity="1" unit="bushels">1 Buls. Potatoes</measure>2/</cell>
               <cell/>
               <cell><measure commodity="currency" quantity="33" unit="dollars">33</measure></cell>
               <cell/>
               <cell/>
            </row>
            <row xml:id="p130_25">
               <cell>Settled by note</cell>
               <cell><name type="person" ref="">Benjamin L. Hall</name>
                  <choice rend="align(right)">
                     <abbr>DR</abbr>
                     <expan>Debtor</expan>
                  </choice></cell>
               <cell></cell>
               <cell></cell>
               <cell/>
               <cell/>
            </row>
            <row xml:id="p130_26">
               <cell/>
               <cell>To old house for agreement</cell>
               <cell><measure commodity="currency" quantity="16" unit="dollars">16</measure></cell>
               <cell><measure commodity="currency" quantity="00" unit="dollars">00</measure></cell>
               <cell/>
               <cell/>
            </row>
            <row xml:id="p130_27">
               <cell></cell>
               <cell><date when="1834-12-24">24</date></cell>
               <cell/>
               <cell/>
               <cell/>
               <cell/>
            </row>
            <row xml:id="p130_28">
               <cell>Paid</cell>
               <cell><name type="person" ref="pers_WCDH549">Mrs. H. Shackleford</name>
                  <choice rend="align(right)">
                     <abbr>DR</abbr>
                     <expan>Debtor</expan>
                  </choice></cell>
               <cell/>
               <cell></cell>
               <cell/>
               <cell/>
            </row>
            <row xml:id="p130_29">
               <cell/>
               <cell>To <measure commodity="butter">short pay for butter</measure></cell><cell/>
               <cell></cell>
               <cell><measure commodity="currency" quantity="42" unit="dollars">42</measure></cell>
               <cell/>
            </row>
            <row xml:id="p130_30">
               <cell/>
               <cell><date when="1834-12-25">25</date></cell>
               <cell/>
               <cell/>
               <cell/>
               <cell/>
            </row>
            <row xml:id="p130_31">
               <cell>328</cell>
               <cell><name type="person" ref="">Sehayler Freeman</name>
                  <choice rend="align(right)">
                     <abbr>DR</abbr>
                     <expan>Debtor</expan>
                  </choice></cell>
               <cell/>
               <cell/>
               <cell/>
               <cell/>
            </row>
            <row xml:id="p130_32">
               <cell/>
               <cell>To <measure commodity="Morten" quantity="1/2" unit="bushels">1/2 Buls Morten</measure></cell>
               <cell></cell>
               <cell></cell>
               <cell/>
               <cell/>
            </row>
            <row xml:id="p130_33">
               <cell/>
               <cell><date when="1834-12-26">26</date></cell>
               <cell/>
               <cell/>
               <cell/>
               <cell/>
            </row>
            <row xml:id="p130_34">
               <cell>404</cell>
               <cell><name type="person" ref="pers_WCDH621">Thompson Tripp</name>
                  <choice rend="align(right)">
                     <abbr>DR</abbr>
                     <expan>Debtor</expan>
                  </choice></cell>
               <cell/>
               <cell/>
               <cell/>
               <cell/>
            </row>
            <row xml:id="p130_35">
               <cell/>
               <cell>To <name type="account" ref="LMWcash">cash</name> <measure commodity="currency" quantity="5" unit="dollars">five dollars</measure>30/</cell>
               <cell><measure commodity="currency" quantity="5" unit="dollars">5</measure></cell>
               <cell><measure commodity="currency" quantity="00" unit="dollars">00</measure></cell>
               <cell/>
               <cell/>
            </row>
            <row xml:id="p130_36">
               <cell/>
               <cell><date when="1834-12-29">29</date></cell>
               <cell></cell>
               <cell></cell>
               <cell></cell>
               <cell></cell>
            </row>
            <row xml:id="p130_37">
               <cell>404</cell>
               <cell><name type="person" ref="pers_WCDH621">Thompson Tripp</name>
                  <choice rend="align(right)">
                     <abbr>DR</abbr>
                     <expan>Debtor</expan>
                  </choice></cell>
               <cell></cell>
               <cell></cell>
               <cell/>
               <cell/>
            </row>
            <row xml:id="p130_38">
               <cell/>
               <cell>To rent of <!--?--></cell>
               <cell><measure commodity="currency" quantity="3" unit="dollars">3</measure></cell>
               <cell><measure commodity="currency" quantity="12" unit="dollars">12</measure></cell>
               <cell/>
               <cell/>
            </row>
            <row xml:id="p130_39">
               <cell>Settled with Shipard</cell>
               <cell><name type="person" ref="pers_WCDH397">Elijah H. King</name>
                  <choice rend="align(right)">
                     <abbr>DR</abbr>
                     <expan>Debtor</expan>
                  </choice></cell>
               <cell/>
               <cell/>
               <cell/>
               <cell/>
            </row>
            <row xml:id="p130_40">
               <cell/>
               <cell> To rent of <!--?--></cell>
               <cell><measure commodity="currency" quantity="4" unit="dollars">4</measure></cell>
               <cell><measure commodity="currency" quantity="80" unit="dollars">80</measure></cell>
               <cell/>
               <cell/>
            </row>
            <row xml:id="p130_41">
               <cell>Settled with Shipard</cell>
               <cell><name type="person" ref="pers_WCDH375">Horace Hulet</name>
                  <choice rend="align(right)">
                     <abbr>DR</abbr>
                     <expan>Debtor</expan>
                  </choice></cell>
               <cell/>
               <cell/>
               <cell/>
               <cell/>
            </row>
            <row xml:id="p130_42">
               <cell></cell>
               <cell>To <!--?--> rent</cell>
               <cell><measure commodity="currency" quantity="2" unit="dollars">2</measure></cell>
               <cell><measure commodity="currency" quantity="10" unit="dollars">10</measure></cell>
               <cell/>
               <cell/>
            </row>
            <row xml:id="p130_43">
               <cell>Settled</cell>
               <cell><name type="person" ref="">George Leonard</name>
                  <choice rend="align(right)">
                     <abbr>DR</abbr>
                     <expan>Debtor</expan>
                  </choice></cell>
               <cell></cell>
               <cell></cell>
               <cell/>
               <cell/>
            </row>
            <row xml:id="p130_44">
               <cell/>
               <cell>To <measure commodity="Pine wood">Pine wood</measure></cell>
               <cell/>
               <cell/>
               <cell/>
               <cell/>
            </row>
            <row xml:id="p130_45">
               <cell></cell>
               <cell><date when="1834-12-31">31</date></cell>
               <cell/>
               <cell/>
               <cell/>
               <cell/>
            </row>
            <row xml:id="p130_46">
               <cell>400</cell>
               <cell><name type="person" ref="">Betsey A Chase</name>
                  <choice rend="align(right)">
                     <abbr>DR</abbr>
                     <expan>Debtor</expan>
                  </choice></cell>
               <cell></cell>
               <cell></cell>
               <cell/>
               <cell/>
            </row>
            <row xml:id="p130_47">
               <cell/>
               <cell>To <name type="account" ref="LMWcash">cash</name>12/</cell>
               <cell><measure commodity="currency" quantity="2" unit="dollars">2</measure></cell>
               <cell><measure commodity="currency" quantity="00" unit="dollars">00</measure></cell>
               <cell/>
               <cell/>
            </row>
            <row xml:id="p130_48">
               <cell>163</cell>
               <cell><name type="person" ref="pers_WCDH194">Thomas Braman F.</name>
                  <choice rend="align(right)">
                     <abbr>DR</abbr>
                     <expan>Debtor</expan>
                  </choice></cell>
               <cell/>
               <cell/>
               <cell/>
               <cell/>
            </row>
            <row xml:id="p130_49">
               <cell/>
               <cell>To <measure commodity="Pine Boards" quantity="455" unit="feet">455 feet. Pine boards</measure>at <measure commodity="currency" quantity="14" unit="dollars">$14. 00</measure></cell>
               <cell><measure commodity="currency" quantity="6" unit="dollars">6</measure></cell>
               <cell><measure commodity="currency" quantity="37" unit="dollars">37</measure></cell>
               <cell/>
               <cell/>
            </row>
               <pb n="130"/>
               <fw type="pageNum">130</fw>
               <table xml:id="p130" cols="6">
                  <head><date when="1835-01-20">text</date></head>
            <row xml:id="p130_50">
               <cell>163</cell>
               <cell><name type="person" ref="pers_WCDH194">Thomas Braman F.</name>
                  <choice rend="align(right)">
                     <abbr>DR</abbr>
                     <expan>Debtor</expan>
                  </choice></cell>
               <cell/>
               <cell></cell>
               <cell/>
               <cell></cell>
            </row>
            <row xml:id="p130_51">
               <cell/>
               <cell>To <name type="account" ref="LMWcash">cash</name> as for recieved</cell>
               <cell><measure commodity="currency" quantity="50" unit="dollars">50</measure></cell>
               <cell><measure commodity="currency" quantity="00" unit="dollars">00</measure></cell>
               <cell/>
               <cell/>
            </row>
         </table>
         <pb n="131"/>
         <fw type="pageNum">131</fw>
         <table xml:id="p131" cols="6">
            <head>Tuesday <date when="1835-01-27">text</date></head>
            <row xml:id="p131_01">
               <cell>506</cell>
               <cell>
                  <name type="person" ref="pers_WCDH484">Samuel Morey</name>
                  <choice rend="align(right)">
                     <abbr>DR</abbr>
                     <expan>Debtor</expan>
                  </choice>
               </cell>
               <cell/>
               <cell/>
               <cell/>
               <cell/>
            </row>
            <row xml:id="p131_02">
               <cell/>
               <cell>To <measure commodity="Rye" quantity="1" unit="bushels">1 Buls. Rye</measure><!--?--> Daniel 6/</cell>
               <cell></cell>
               <cell></cell>
               <cell/>
               <cell/>
            </row>
            <row xml:id="p131_03">
               <cell/>
               <cell><measure commodity="Cider" quantity="3" unit="gallons">3 gallons. cider</measure>10x</cell>
               <cell><measure commodity="currency" quantity="1" unit="dollars">1</measure></cell>
               <cell><measure commodity="currency" quantity="30" unit="dollars">30</measure></cell>
               <cell></cell>
               <cell></cell>
            </row>
            <row xml:id="p131_04">
               <cell/>
               <cell><date when="1835-01-29">29</date></cell>
               <cell/>
               <cell/>
               <cell/>
               <cell/>
            </row>
            <row xml:id="p131_05">
               <cell>404</cell>
               <cell><name type="person" ref="pers_WCDH621">Thompson Tripp</name>
                  <choice rend="align(right)">
                     <abbr>DR</abbr>
                     <expan>Debtor</expan>
                  </choice></cell>
               <cell/>
               <cell/>
               <cell/>
               <cell/>
            </row>
            <row xml:id="p131_06">
               <cell/>
               <cell>To <name type="account" ref="LMWcash">cash</name>for <!--?--> in part 2/</cell>
               <cell></cell>
               <cell><measure commodity="currency" quantity="33" unit="dollars">33</measure></cell>
               <cell/>
               <cell/>
            </row>
            <row xml:id="p131_07">
               <cell/>
               <cell><date when="1835-01-31">31</date></cell>
               <cell/>
               <cell/>
               <cell/>
               <cell/>
            </row>
            <row xml:id="p131_08">
               <cell>Paid</cell>
               <cell><name type="person" ref="pers_WCDH134">Asa M Adams</name>
                  <choice rend="align(right)">
                     <abbr>DR</abbr>
                     <expan>Debtor</expan>
                  </choice></cell>
               <cell/>
               <cell/>
               <cell/>
               <cell/>
            </row>
            <row xml:id="p131_09">
               <cell/>
               <cell>To <measure commodity="potatoes" quantity="1" unit="bushels">1 Buls. Potatoes</measure>2/</cell>
               <cell></cell>
               <cell></cell>
               <cell/>
               <cell/>
            </row>
            <pb n="131"/>
            <fw type="pageNum">131</fw>
            <table xml:id="p131" cols="6">
               <head><date when="1835-02-03">text</date></head>
            <row xml:id="p131_10">
               <cell>404</cell>
               <cell><name type="person" ref="pers_WCDH621">Tompson Tripp</name>
                  <choice rend="align(right)">
                     <abbr>DR</abbr>
                     <expan>Debtor</expan>
                  </choice></cell>
               <cell/>
               <cell/>
               <cell/>
               <cell/>
            </row>
            <row xml:id="p131_11">
               <cell></cell>
               <cell>To <name type="account" ref="LMWcash">cash</name> 30/</cell>
               <cell><measure commodity="currency" quantity="5" unit="dollars">5</measure></cell>
               <cell><measure commodity="currency" quantity="00" unit="dollars">00</measure></cell>
               <cell/>
               <cell/>
            </row>
            <row xml:id="p131_12">
               <cell>83</cell>
               <cell><name type="person" ref="">George Leonard</name>
                  <choice rend="align(right)">
                     <abbr>DR</abbr>
                     <expan>Debtor</expan>
                  </choice></cell>
               <cell></cell>
               <cell></cell>
               <cell/>
               <cell/>
            </row>
            <row xml:id="p131_13">
               <cell/>
               <cell>To <name type="account" ref="LMWcash">cash</name> towards carting</cell>
               <cell><measure commodity="currency" quantity="10" unit="dollars">10</measure></cell>
               <cell><measure commodity="currency" quantity="00" unit="dollars">00</measure></cell>
               <cell/>
               <cell/>
            </row>
            <row xml:id="p131_14">
               <cell>400</cell>
               <cell><name type="person" ref="">Betsey A Chase</name>
                  <choice rend="align(right)">
                     <abbr>DR</abbr>
                     <expan>Debtor</expan>
                  </choice></cell>
               <cell/>
               <cell/>
               <cell/>
               <cell/>
            </row>
            <row xml:id="p131_15">
               <cell/>
               <cell>To <measure commodity="currency" quantity="3" unit="dollars">three dollars</measure> 4/6</cell>
               <cell></cell>
               <cell><measure commodity="currency" quantity="75" unit="dollars">75</measure></cell>
               <cell/>
               <cell/>
            </row>
            <row xml:id="p131_16">
               <cell>343</cell>
               <cell><name type="person" ref="pers_WCDH221">Thomas Carpenter</name>
                  <choice rend="align(right)">
                     <abbr>DR</abbr>
                     <expan>Debtor</expan>
                  </choice></cell>
               <cell/>
               <cell/>
               <cell/>
               <cell/>
            </row>
            <row xml:id="p131_17">
               <cell></cell>
               <cell>To <measure>oxen</measure>and <measure commodity="waggon">waggon one to draw wood</measure></cell>
               <cell/>
               <cell/>
               <cell/>
               <cell/>
            </row>
            <row xml:id="p131_18">
               <cell/>
               <cell><date when="1835-02-21">21</date></cell>
               <cell/>
               <cell></cell>
               <cell/>
               <cell/>
            </row>
            <row xml:id="p131_19">
               <cell>404</cell>
               <cell><name type="person" ref="pers_WCDH621">Thompson Tripp</name>
                  <choice rend="align(right)">
                     <abbr>DR</abbr>
                     <expan>Debtor</expan>
                  </choice></cell>
               <cell/>
               <cell></cell>
               <cell/>
               <cell></cell>
            </row>
            <row xml:id="p131_20">
               <cell/>
               <cell>To <name type="account" ref="LMWcash">cash</name> <measure commodity="currency" quantity="3" unit="dollars">three dollars</measure>18/</cell>
               <cell><measure commodity="currency" quantity="3" unit="dollars">3</measure></cell>
               <cell><measure commodity="currency" quantity="00" unit="dollars">00</measure></cell>
               <cell/>
               <cell/>
            </row>
            <row xml:id="p131_21">
               <cell>Settled</cell>
               <cell><name type="person" ref="pers_WCDH194">Thomas Braman F</name>
                  <choice rend="align(right)">
                     <abbr>DR</abbr>
                     <expan>Debtor</expan>
                  </choice></cell>
               <cell/>
               <cell/>
               <cell/>
               <cell/>
            </row>
            <row xml:id="p131_22">
               <cell/>
               <cell>To <!--?--> 104 lbs. paid by L. Perry <!--?--></cell>
               <cell/>
               <cell></cell>
               <cell/>
               <cell/>
            </row>
            <row xml:id="p131_23">
               <cell>Settled</cell>
               <cell><name type="person" ref="pers_WCDH194">Thomas Braman F.</name>
                  <choice rend="align(right)">
                     <abbr>DR</abbr>
                     <expan>Debtor</expan>
                  </choice></cell>
               <cell/>
               <cell/>
               <cell/>
               <cell/>
            </row>
            <row xml:id="p131_24">
               <cell></cell>
               <cell>By making twenty one <!--?--></cell>
               <cell/>
               <cell/>
               <cell/>
               <cell/>
            </row>
            <row xml:id="p131_25">
               <cell/>
               <cell><date when="1835-02-27">27</date></cell>
               <cell></cell>
               <cell></cell>
               <cell/>
               <cell/>
            </row>
            <row xml:id="p131_26">
               <cell>400</cell>
               <cell><name type="person" ref="">Betsey A Chase</name>
                  <choice rend="align(right)">
                     <abbr>DR</abbr>
                     <expan>Debtor</expan>
                  </choice></cell>
               <cell/>
               <cell/>
               <cell/>
               <cell/>
            </row>
            <row xml:id="p131_27">
               <cell></cell>
               <cell>To <name type="account" ref="LMWcash">cash</name> 1/6</cell>
               <cell/>
               <cell><measure commodity="currency" quantity="25" unit="dollars">25</measure></cell>
               <cell/>
               <cell/>
            </row>
               <pb n="131"/>
               <fw type="pageNum">131</fw>
               <table xml:id="p131" cols="6">
                  <head><date when="1835-03-02">text</date></head>
            <row xml:id="p131_28">
               <cell>400</cell>
               <cell><name type="person" ref="">Betsey A Chase</name>
                  <choice rend="align(right)">
                     <abbr>DR</abbr>
                     <expan>Debtor</expan>
                  </choice></cell>
               <cell/>
               <cell></cell>
               <cell/>
               <cell/>
            </row>
            <row xml:id="p131_29">
               <cell/>
               <cell>To paying for <!--?--> school <!--?--></cell><cell/>
               <cell></cell>
               <cell><measure commodity="currency" quantity="50" unit="dollars">50</measure></cell>
               <cell/>
            </row>
            <row xml:id="p131_30">
               <cell/>
               <cell><date when="1835-03-06">6</date></cell>
               <cell/>
               <cell/>
               <cell/>
               <cell/>
            </row>
            <row xml:id="p131_31">
               <cell>83</cell>
               <cell><name type="person" ref="">George Leonard</name>
                  <choice rend="align(right)">
                     <abbr>DR</abbr>
                     <expan>Debtor</expan>
                  </choice></cell>
               <cell/>
               <cell/>
               <cell/>
               <cell/>
            </row>
            <row xml:id="p131_32">
               <cell/>
               <cell>To <name type="account" ref="LMWcash">cash</name> <measure commodity="currency" quantity="5" unit="dollars">Five dollars</measure></cell>
               <cell><measure commodity="currency" quantity="5" unit="dollars">5</measure></cell>
               <cell><measure commodity="currency" quantity="00" unit="dollars">00</measure></cell>
               <cell/>
               <cell/>
            </row>
            <row xml:id="p131_33">
               <cell/>
               <cell><date when="1835-03-09">9</date></cell>
               <cell/>
               <cell/>
               <cell/>
               <cell/>
            </row>
            <row xml:id="p131_34">
               <cell>506</cell>
               <cell><name type="person" ref="pers_WCDH484">Samuel Morey</name>
                  <choice rend="align(right)">
                     <abbr>DR</abbr>
                     <expan>Debtor</expan>
                  </choice></cell>
               <cell/>
               <cell/>
               <cell/>
               <cell/>
            </row>
            <row xml:id="p131_35">
               <cell/>
               <cell>To <name type="account" ref="LMWcash">cash</name> paid David</cell>
               <cell><measure commodity="currency" quantity="7" unit="dollars">7</measure></cell>
               <cell><measure commodity="currency" quantity="00" unit="dollars">00</measure></cell>
               <cell/>
               <cell/>
            </row>
            <row xml:id="p131_36">
               <cell>389</cell>
               <cell><name type="person" ref="pers_WCDH230">Oliver Clapp</name>
                  <choice rend="align(right)">
                     <abbr>DR</abbr>
                     <expan>Debtor</expan>
                  </choice></cell>
               <cell></cell>
               <cell></cell>
               <cell></cell>
               <cell></cell>
            </row>
            <row xml:id="p131_37">
               <cell/>
               <cell>To <measure commodity="potatoes" quantity="1" unit="bushels">one Buls. Potatoes</measure>2/6</cell>
               <cell></cell>
               <cell><measure commodity="currency" quantity="42" unit="dollars">42</measure></cell>
               <cell/>
               <cell/>
            </row>
            <row xml:id="p131_38">
               <cell>Settled</cell>
               <cell><name type="person" ref="">Earl Hodges</name>
                  <choice rend="align(right)">
                     <abbr>DR</abbr>
                     <expan>Debtor</expan>
                  </choice></cell>
               <cell/>
               <cell/>
               <cell/>
               <cell/>
            </row>
            <row xml:id="p131_39">
               <cell></cell>
               <cell>To<measure commodity="oxen rental" quantity="1" unit="day">oxen</measure>and <measure commodity="waggon rental" quantity="1" unit="day">waggon half day</measure></cell>
               <cell/>
               <cell/>
               <cell/>
               <cell/>
            </row>
            <row xml:id="p131_40">
               <cell/>
               <cell><date when="1835-03-10">10</date></cell>
               <cell></cell>
               <cell></cell>
               <cell/>
               <cell/>
            </row>
            <row xml:id="p131_41">
               <cell>398</cell>
               <cell><name type="person" ref="pers_WCDH549">William H. Shackleford</name>
                  <choice rend="align(right)">
                     <abbr>DR</abbr>
                     <expan>Debtor</expan>
                  </choice></cell>
               <cell/>
               <cell/>
               <cell/>
               <cell/>
            </row>
            <row xml:id="p131_42">
               <cell></cell>
               <cell>To <measure commodity="potatoes" quantity="1" unit="bushels">1 Buls. Potatoes</measure>2/6</cell>
               <cell/>
               <cell><measure commodity="currency" quantity="42" unit="dollars">42</measure></cell>
               <cell/>
               <cell/>
            </row>
            <row xml:id="p131_43">
               <cell/>
               <cell><date when="1835-03-11">11</date></cell>
               <cell></cell>
               <cell></cell>
               <cell/>
               <cell/>
            </row>
            <row xml:id="p131_44">
               <cell>506</cell>
               <cell><name type="person" ref="pers_WCDH484">Samuel Morey</name>
                  <choice rend="align(right)">
                     <abbr>DR</abbr>
                     <expan>Debtor</expan>
                  </choice></cell>
               <cell/>
               <cell/>
               <cell/>
               <cell/>
            </row>
            <row xml:id="p131_45">
               <cell></cell>
               <cell>To <name type="account" ref="LMWcash">cash</name> paid L. Perry <!--?--> for order</cell>
               <cell><measure commodity="currency" quantity="72" unit="dollars">72</measure></cell>
               <cell><measure commodity="currency" quantity="02" unit="dollars">02</measure></cell>
               <cell/>
               <cell/>
            </row>
            <row xml:id="p131_46">
               <cell/>
               <cell><date when="1835-03-17">17</date></cell>
               <cell></cell>
               <cell></cell>
               <cell/>
               <cell/>
            </row>
            <row xml:id="p131_47">
               <cell>506</cell>
               <cell><name type="person" ref="pers_WCDH484">Samuel Morey</name>
                  <choice rend="align(right)">
                     <abbr>DR</abbr>
                     <expan>Debtor</expan>
                  </choice></cell>
               <cell/>
               <cell/>
               <cell/>
               <cell/>
            </row>
            <row xml:id="p131_48">
               <cell></cell>
               <cell>To <name type="account" ref="LMWcash">cash</name> paid <!--?--> for order</cell>
               <cell><measure commodity="currency" quantity="35" unit="dollars">35</measure></cell>
               <cell><measure commodity="currency" quantity="00" unit="dollars">00</measure></cell>
               <cell/>
               <cell/>
            </row>
            <row xml:id="p131_49">
               <cell/>
               <cell><date when="1835-03-27">27</date></cell>
               <cell/>
               <cell></cell>
               <cell/>
               <cell/>
            </row>
            <row xml:id="p131_50">
               <cell>Settled</cell>
               <cell><name type="person" ref="pers_WCDH579">Amos Starkey</name>
                  <choice rend="align(right)">
                     <abbr>DR</abbr>
                     <expan>Debtor</expan>
                  </choice></cell>
               <cell/>
               <cell></cell>
               <cell/>
               <cell></cell>
            </row>
            <row xml:id="p131_51">
               <cell/>
               <cell>To <name type="account" ref="LMWcash">cash</name>as for <!--?--></cell>
               <cell><measure commodity="currency" quantity="50" unit="dollars">50</measure></cell>
               <cell><measure commodity="currency" quantity="00" unit="dollars">00</measure></cell>
               <cell/>
               <cell/>
            </row>
            <row xml:id="p131_52">
               <cell>506</cell>
               <cell><name type="person" ref="pers_WCDH484">Samuel Morey</name>
                  <choice rend="align(right)">
                     <abbr>DR</abbr>
                     <expan>Debtor</expan>
                  </choice></cell>
               <cell/>
               <cell/>
               <cell/>
               <cell/>
            </row>
            <row xml:id="p131_53">
               <cell/>
               <cell>To <name type="account" ref="LMWcash">cash</name> <measure commodity="currency" quantity="80" unit="dollars">eighty dollars</measure></cell>
               <cell><measure commodity="currency" quantity="80" unit="dollars">80</measure></cell>
               <cell><measure commodity="currency" quantity="00" unit="dollars">00</measure></cell>
               <cell/>
               <cell/>
            </row>