<?xml version="1.0" encoding="UTF-8"?>
<?oxygen RNGSchema="http://www.tei-c.org/release/xml/tei/custom/schema/relaxng/tei_all.rng" type="xml"?>
<TEI xmlns="http://www.tei-c.org/ns/1.0">
   <teiHeader>
      <fileDesc>
         <titleStmt>
            <title>LMW Day Book, pp. 100-139</title>
            <author>L.M. Wheaton</author>
         </titleStmt>
         <publicationStmt>
            <p>Transcribed by Sahilia Ramirez Summer 2016, Wheaton College</p>
         </publicationStmt>
         <sourceDesc>
            <biblFull>
               <titleStmt>
                  <title>Account Books, pp.100-139</title>
                  <author>L.M. Wheaton</author>
                  <respStmt>
                     <resp> TEI-compatible XML markup by <name type="person">Sahilia Ramirez</name>
                        with corrections by <name type="person">Name</name>, <name
                           type="person">Name</name>, and <name type="person">Name</name>.</resp>
                     <name type="person">Name</name>
                  </respStmt>
               </titleStmt>
               <publicationStmt>
                  <p>Transcribed by Sahilia Ramirez Summer 2016, Wheaton College</p>
               </publicationStmt>
               <sourceDesc>
                  <p> From the Marion B. Gebbie Archives and Special Collections at the Madeleine
                     Clark Wallace Library, Wheaton College </p>
               </sourceDesc>
            </biblFull>
         </sourceDesc>
      </fileDesc>
   </teiHeader>
   <text>
      <body>
         <pb n="122"/>
         <fw type="pageNum">122</fw>
         <table xml:id="p122" cols="6">
            <head>Saturday <date when="1834-02-15">text</date></head>
            <row xml:id="p122_01">
               <cell>393</cell>
               <cell>
                  <name type="person" ref="pers_WCDH650">Wheaton Wheeler</name>
                  <choice rend="align(right)">
                     <abbr>Dr</abbr>
                     <expan>Debtor</expan>
                  </choice>
               </cell>
               <cell/>
               <cell/>
               <cell/>
               <cell/>
            </row>
            <row xml:id="p122_02">
               <cell/>
               <cell>To <measure commodity="meal" quantity="1" unit="peek">1 peek meal</measure>6/</cell>
               <cell></cell>
               <cell><measure commodity="currency" quantity="25" unit="dollars">25</measure></cell>
               <cell/>
               <cell/>
            </row>
            <row xml:id="p122_03">
               <cell/>
               <cell><measure commodity="potatoes" quantity="1/2" unit="bushels">1/2 Buls. potatoes</measure>3/</cell>
               <cell></cell>
               <cell><measure commodity="currency" quantity="25" unit="dollars">25</measure></cell>
               <cell></cell>
               <cell><measure commodity="currency" quantity="50" unit="dollars">50</measure></cell>
            </row>
            <row xml:id="p122_04">
               <cell/>
               <cell><date when="1834-02-17">17</date></cell>
               <cell/>
               <cell/>
               <cell/>
               <cell/>
            </row>
            <row xml:id="p122_05">
               <cell>393</cell>
               <cell>To <measure commodity="meal" quantity="1" unit="peek">1 peak meal</measure>6/</cell>
               <cell/>
               <cell><measure commodity="currency" quantity="25" unit="dollars">25</measure></cell>
               <cell/>
               <cell><measure commodity="currency" quantity="25" unit="dollars">25</measure></cell>
            </row>
            <row xml:id="p122_06">
               <cell/>
               <cell>19</cell>
               <cell> <name type="person" ref="pers_WCDH621">Thompson Tripp</name>
                  <choice rend="align(right)">
                     <abbr>Dr</abbr>
                     <expan>Debtor</expan>
                  </choice></cell>
               <cell></cell>
               <cell/>
               <cell/>
            </row>
            <row xml:id="p122_07">
               <cell/>
               <cell>To <name type="account" ref="LMWcash">cash</name> when going to Providence 60/</cell>
               <cell><measure commodity="currency" quantity="10" unit="dollars">10</measure></cell>
               <cell><measure commodity="currency" quantity="00" unit="dollars">00</measure></cell>
               <cell/>
               <cell/>
            </row>
            <row xml:id="p122_08">
               <cell></cell>
               <cell><date when="1834-02-20">20</date></cell>
               <cell/>
               <cell/>
               <cell/>
               <cell/>
            </row>
            <row xml:id="p122_09">
               <cell>401</cell>
               <cell> <name type="person" ref="pers_WCDH295">Lorana Farnum</name>
                  <choice rend="align(right)">
                     <abbr>Dr</abbr>
                     <expan>Debtor</expan>
                  </choice></cell>
               <cell></cell>
               <cell></cell>
               <cell/>
               <cell/>
            </row>
            <row xml:id="p122_10">
               <cell/>
               <cell>To paying <name type="account" ref="LMWcash">cash</name>for <measure commodity="lether">lether</measure></cell>
               <cell/>
               <cell><measure commodity="currency" quantity="10" unit="dollars">10</measure></cell>
               <cell/>
               <cell/>
            </row>
            <row xml:id="p122_11">
               <cell></cell>
               <cell><date when="1834-02-22">22</date></cell>
               <cell/>
               <cell/>
               <cell/>
               <cell/>
            </row>
            <row xml:id="p122_12">
               <cell>396</cell>
               <cell> <name type="person" ref="pers_WCDH484">Samuel Morey</name>
                  <choice rend="align(right)">
                     <abbr>Dr</abbr>
                     <expan>Debtor</expan>
                  </choice></cell>
               <cell></cell>
               <cell></cell>
               <cell/>
               <cell/>
            </row>
            <row xml:id="p112_13">
               <cell/>
               <cell>To <measure commodity="Rye" quantity="1" unit="bushels">1 Buls. Rye</measure>6/</cell>
               <cell><measure commodity="currency" quantity="1" unit="dollars">1</measure></cell>
               <cell><measure commodity="currency" quantity="00" unit="dollars">00</measure></cell>
               <cell/>
               <cell/>
            </row>
            <row xml:id="p122_14">
               <cell></cell>
               <cell><measure commodity="corn" quantity="2" unit="bushels">2 Buls. corn</measure>6/</cell>
               <cell><measure commodity="currency" quantity="2" unit="dollars">2</measure></cell>
               <cell><measure commodity="currency" quantity="00" unit="dollars">00</measure></cell>
               <cell/>
               <cell/>
            </row>
            <row xml:id="p122_15">
               <cell>393</cell>
               <cell> <name type="person" ref="pers_WCDH650">Wheaton Wheeler</name>
                  <choice rend="align(right)">
                     <abbr>Dr</abbr>
                     <expan>Debtor</expan>
                  </choice></cell>
               <cell></cell>
               <cell></cell>
               <cell/>
               <cell/>
            </row>
            <row xml:id="p122_16">
               <cell/>
               <cell>To <measure commodity="meal" quantity="1/2" unit="bushels">1/2 Buls. meal 6</measure>/</cell>
               <cell/>
               <cell><measure commodity="currency" quantity="50" unit="dollars">50</measure></cell>
               <cell/>
               <cell/>
            </row>
            <row xml:id="p122_17">
               <cell>393</cell>
               <cell>By <measure commodity="labor" quantity="3.5" unit="day">3 1/2 days work this week</measure>2/6</cell>
               <cell><measure commodity="currency" quantity="1" unit="dollars">1</measure></cell>
               <cell><measure commodity="currency" quantity="47" unit="dollars">47</measure></cell>
               <cell/>
               <cell/>
            </row>
            <row xml:id="p122_18">
               <cell/>
               <cell><date when="1834-02-26">26</date></cell>
               <cell/>
               <cell></cell>
               <cell/>
               <cell/>
            </row>
            <row xml:id="p122_19">
               <cell>396</cell>
               <cell> <name type="person" ref="pers_WCDH484">Samuel Morey</name>
                  <choice rend="align(right)">
                     <abbr>Dr</abbr>
                     <expan>Debtor</expan>
                  </choice></cell>
               <cell/>
               <cell></cell>
               <cell/>
               <cell></cell>
            </row>
            <row xml:id="p122_20">
               <cell/>
               <cell>To <name type="account" ref="LMWcash">cash</name>lent to buy <measure commodity="hay">hay</measure>, paid Daniel 30/</cell>
               <cell><measure commodity="currency" quantity="5" unit="dollars">5</measure></cell>
               <cell><measure commodity="currency" quantity="00" unit="dollars">00</measure></cell>
               <cell/>
               <cell/>
            </row>
            <row xml:id="p122_21">
               <cell></cell>
               <cell><date when="1834-02-28">28</date></cell>
               <cell/>
               <cell/>
               <cell/>
               <cell/>
            </row>
            <row xml:id="p122_22">
               <cell>396</cell>
               <cell> <name type="person" ref="pers_WCDH484">Samuel Morey/name>
                  <choice rend="align(right)">
                     <abbr>Dr</abbr>
                     <expan>Debtor</expan>
                  </choice></cell>
               <cell/>
               <cell></cell>
               <cell/>
               <cell/>
            </row>
            <row xml:id="p122_23">
               <cell/>
               <cell>To <measure commodity="pine potatoes" quantity="1" unit="bushels">pine Buls. Potatoes</measure>3/</cell>
               <cell><measure commodity="currency" quantity="2" unit="dollars">2</measure></cell>
               <cell><measure commodity="currency" quantity="50" unit="dollars">50</measure></cell>
               <cell/>
               <cell/>
            </row>
            <row xml:id="p122_24">
               <cell></cell>
               <cell><measure commodity="Salt Beef" quantity="19.5" unit="lbs">19 1/2 lbs. salt beef</measure>8x</cell>
               <cell><measure commodity="currency" quantity="1" unit="dollars">1</measure></cell>
               <cell><measure commodity="currency" quantity="56" unit="dollars">56</measure></cell>
               <cell><measure commodity="currency" quantity="4" unit="dollars">4</measure></cell>
               <cell><measure commodity="currency" quantity="06" unit="dollars">06</measure></cell>
            </row>
            <row xml:id="p122_25">
               <cell>45</cell>
               <cell> <name type="person" ref="pers_WCDH570">Noah Smith</name>
                  <choice rend="align(right)">
                     <abbr>Dr</abbr>
                     <expan>Debtor</expan>
                  </choice></cell>
               <cell></cell>
               <cell></cell>
               <cell/>
               <cell/>
            </row>
            <row xml:id="p122_26">
               <cell/>
               <cell>To a <measure commodity="cock">cock</measure> x <measure commodity="hen">hen</measure>4/6 </cell>
               <cell/>
               <cell><measure commodity="currency" quantity="75" unit="dollars">75</measure></cell>
               <cell/>
               <cell/>
            </row>
            <pb n="122"/>
            <fw type="pageNum">122</fw>
            <table xml:id="p122" cols="6">
               <head><date when="1834-03-07">text</date></head>
            <row xml:id="p122_27">
               <cell>396</cell>
               <cell><name type="person" ref="pers_WCDH484">Samuel Morey</name>
                  <choice rend="align(right)">
                     <abbr>Dr</abbr>
                     <expan>Debtor</expan>
                  </choice></cell>
               <cell/>
               <cell/>
               <cell/>
               <cell/>
            </row>
            <row xml:id="p122_28">
               <cell/>
               <cell>To paying David b. Bates towards <measure commodity="hay">hay</measure></cell>
               <cell/>
               <cell><measure commodity="currency" quantity="6" unit="dollars">6</measure></cell>
               <cell><measure commodity="currency" quantity="00" unit="dollars">00</measure></cell>
               <cell/>
            </row>
            <row xml:id="p122_29">
               <cell>393</cell>
               <cell><name type="person" ref="pers_WCDH650">Wheaton Wheeler</name>
                  <choice rend="align(right)">
                     <abbr>Dr</abbr>
                     <expan>Debtor</expan>
                  </choice></cell><cell/>
               <cell></cell>
               <cell/>
               <cell/>
            </row>
            <row xml:id="p122_30">
               <cell/>
               <cell>To <measure commodity="meal" quantity="1" unit="peek">1 peek meal</measure></cell>
               <cell/>
               <cell><measure commodity="currency" quantity="25" unit="dollars">25</measure></cell>
               <cell/>
               <cell/>
            </row>
            <row xml:id="p122_31">
               <cell>393</cell>
               <cell>By <measure commodity="labor" quantity="1" unit="day">one days work</measure>2/6</cell>
               <cell/>
               <cell><measure commodity="currency" quantity="42" unit="dollars">42</measure></cell>
               <cell/>
               <cell/>
            </row>
            <row xml:id="p122_32">
               <cell/>
               <cell><date when="1834-03-10">10</date></cell>
               <cell></cell>
               <cell></cell>
               <cell/>
               <cell/>
            </row>
            <row xml:id="p122_33">
               <cell>396</cell>
               <cell><name type="person" ref="pers_WCDH484">Samuel Morey</name>
                  <choice rend="align(right)">
                     <abbr>Dr</abbr>
                     <expan>Debtor</expan>
                  </choice></cell>
               <cell/>
               <cell/>
               <cell/>
               <cell/>
            </row>
            <row xml:id="p122_34">
               <cell></cell>
               <cell>To <measure commodity="Salt beef" quantity="18 3/4" unit="lbs">18 3/4 lbs. Salt Beef</measure>8x</cell>
               <cell><measure commodity="currency" quantity="1" unit="dollars">1</measure></cell>
               <cell><measure commodity="currency" quantity="48" unit="dollars">48</measure></cell>
               <cell/>
               <cell/>
            </row>
            <row xml:id="p122_35">
               <cell/>
               <cell><measure commodity="Corn" quantity="2" unit="bushels" >Two Buls. Corn</measure>6/</cell>
               <cell><measure commodity="currency" quantity="2" unit="dollars">2</measure></cell>
               <cell><measure commodity="currency" quantity="00" unit="dollars">00</measure></cell>
               <cell/>
               <cell/>
            </row>
            <row xml:id="p122_36">
               <cell/>
               <cell> <measure commodity="Rye" quantity="1" unit="bushels">1 Buls. Rye</measure>6/</cell>
               <cell><measure commodity="currency" quantity="1" unit="dollars">1</measure></cell>
               <cell><measure commodity="currency" quantity="00" unit="dollars">00</measure></cell>
               <cell></cell>
               <cell></cell>
            </row>
            <row xml:id="p122_37">
               <cell/>
               <cell><date when="1834-03-18">18</date></cell>
               <cell></cell>
               <cell></cell>
               <cell/>
               <cell/>
            </row>
            <row xml:id="p122_38">
               <cell>395</cell>
               <cell><name type="person" ref="pers_WCDH621">Thompson Tripp</name>
                  <choice rend="align(right)">
                     <abbr>Dr</abbr>
                     <expan>Debtor</expan>
                  </choice></cell>
               <cell/>
               <cell/>
               <cell/>
               <cell/>
            </row>
            <row xml:id="p122_39">
               <cell></cell>
               <cell>To <name type="account" ref="LMWcash">cash</name> to pay for <measure commodity="singing school">singing school</measure>30/</cell>
               <cell><measure commodity="currency" quantity="5" unit="dollars">5</measure></cell>
               <cell><measure commodity="currency" quantity="00" unit="dollars">00</measure></cell>
               <cell/>
               <cell/>
            </row>
            <row xml:id="p122_40">
               <cell/>
               <cell><date when="1834-03-19">19</date></cell>
               <cell></cell>
               <cell></cell>
               <cell/>
               <cell/>
            </row>
            <row xml:id="p122_41">
               <cel396/>
               <cell><name type="person" ref="pers_WCDH484">Samuel Morey</name>
                  <choice rend="align(right)">
                     <abbr>Dr</abbr>
                     <expan>Debtor</expan>
                  </choice></cell>
               <cell/>
               <cell/>
               <cell/>
               <cell/>
            </row>
            <row xml:id="p122_42">
               <cell></cell>
               <cell>To <measure commodity="Salt Beef" quantity="73.5" unit="lbs">73 1/2 lbs. Salt Beef</measure>8x</cell>
               <cell><measure commodity="currency" quantity="5" unit="dollars">5</measure></cell>
               <cell><measure commodity="currency" quantity="88" unit="dollars">88</measure></cell>
               <cell/>
               <cell/>
            </row>
            <row xml:id="p122_43">
               <cell/>
               <cell><measure commodity="Rye" quantity="1" unit="bushels">1 Buls. Rye</measure>6/</cell>
               <cell><measure commodity="currency" quantity="1" unit="dollars">1</measure></cell>
               <cell><measure commodity="currency" quantity="00" unit="dollars">00</measure></cell>
               <cell/>
               <cell/>
            </row>
            <row xml:id="p122_44">
               <cell/>
               <cell><measure commodity="corn" quantity="1">1 do. corn</measure>6/</cell>
               <cell><measure commodity="currency" quantity="1" unit="dollars">1</measure></cell>
               <cell><measure commodity="currency" quantity="00" unit="dollars">00</measure></cell>
               <cell/>
               <cell/>
            </row>
            <row xml:id="p122_45">
               <cell></cell>
               <cell><measure commodity="potatoes" quantity="10" unit="bushels">10 Buls. potatoes</measure>2/6</cell>
               <cell><measure commodity="currency" quantity="4" unit="dollars">4</measure></cell>
               <cell><measure commodity="currency" quantity="20" unit="dollars">20</measure></cell>
               <cell><measure commodity="currency" quantity="12" unit="dollars">12</measure></cell>
               <cell><measure commodity="currency" quantity="08" unit="dollars">08</measure></cell>
            </row>
            <row xml:id="p122_46">
               <cell/>
               <cell><date when="1834-03-22">22nd</date></cell>
               <cell></cell>
               <cell></cell>
               <cell/>
               <cell/>
            </row>
            <row xml:id="p122_47">
               <cell>396</cell>
               <cell><name type="person" ref="pers_WCDH484">Samuel Morey</name>
                  <choice rend="align(right)">
                     <abbr>Dr</abbr>
                     <expan>Debtor</expan>
                  </choice></cell>
               <cell/>
               <cell/>
               <cell/>
               <cell/>
            </row>
            <row xml:id="p122_48">
               <cell></cell>
               <cell>To <name type="account" ref="LMWcash">cash</name> paid you by P. King <measure commodity="currency" quantity="24" unit="dollars">$24. 00</measure></cell>
               <cell><measure commodity="currency" quantity="24" unit="dollars">24</measure></cell>
               <cell><measure commodity="currency" quantity="00" unit="dollars">00</measure></cell>
               <cell/>
               <cell/>
            </row>
            <row xml:id="p122_49">
               <cell>393</cell>
               <cell><name type="person" ref="pers_WCDH650">Wheaton Wheeler</name>
                  <choice rend="align(right)">
                     <abbr>Dr</abbr>
                     <expan>Debtor</expan>
                  </choice></cell>
               <cell/>
               <cell></cell>
               <cell/>
               <cell/>
            </row>
            <row xml:id="p122_50">
               <cell/>
               <cell>By <measure commodity="labor" quantity="1" unit="day">one days work</measure>2/8</cell>
               <cell/>
               <cell><measure commodity="currency" quantity="42" unit="dollars">42</measure></cell>
               <cell/>
               <cell></cell>
            </row>
            <row xml:id="p122_51">
               <cell/>
               <cell><date when="1834-03-25">25th</date></cell>
               <cell/>
               <cell/>
               <cell/>
               <cell/>
            </row>
            <row xml:id="p122_52">
               <cell>401</cell>
               <cell><name type="person" ref="pers_WCDH295">Lorana Farnum</name>
                  <choice rend="align(right)">
                     <abbr>Dr</abbr>
                     <expan>Debtor</expan>
                  </choice></cell>
               <cell/>
               <cell/>
               <cell/>
               <cell/>
            </row>
            <row xml:id="p122_53">
               <cell/>
               <cell>By cash at Taunton <measure commodity="currency" quantity="10. 86" unit="dollars">$10. 86</measure></cell>
               <cell><measure commodity="currency" quantity="10" unit="dollars">10</measure></cell>
               <cell><measure commodity="currency" quantity="36" unit="dollars">36</measure></cell>
               <cell/>
               <cell/>
            </row>
         </table>
         <pb n="123"/>
         <fw type="pageNum">123</fw>
         <table xml:id="p123" cols="6">
            <head>Wednesday <date when="1834-03-26">text</date></head>
            <row xml:id="p123_01">
               <cell>393</cell>
               <cell>
                  <name type="person" ref="pers_WCDH621">Thompson Tripp</name>
                  <choice rend="align(right)">
                     <abbr>Dr</abbr>
                     <expan>Debtor</expan>
                  </choice>
               </cell>
               <cell/>
               <cell/>
               <cell/>
               <cell/>
            </row>
            <row xml:id="p123_02">
               <cell/>
               <cell>To <name type="account" ref="LMWcash">cash</name> <measure commodity="currency" quantity="20" unit="dollars">twenty dollars</measure></cell>
               <cell><measure commodity="currency" quantity="20" unit="dollars">20</measure></cell>
               <cell><measure commodity="currency" quantity="00" unit="dollars">00</measure></cell>
               <cell/>
               <cell/>
            </row>
            <row xml:id="p123_03">
               <cell/>
               <cell><date when="1834-03-27">27</date></cell>
               <cell></cell>
               <cell/>
               <cell></cell>
               <cell></cell>
            </row>
            <row xml:id="p123_04">
               <cell>400</cell>
               <cell><name type="person" ref="pers_WCDH574">Timothy Smith</name>
                  <choice rend="align(right)">
                     <abbr>Dr</abbr>
                     <expan>Debtor</expan>
                  </choice></cell>
               <cell/>
               <cell/>
               <cell/>
               <cell/>
            </row>
            <row xml:id="p123_05">
               <cell></cell>
               <cell>To <name type="account" ref="LMWcash">cash</name> lent T. Tripp witness <measure commodity="currency" quantity="40" unit="dollars">forty dollars</measure></cell>
               <cell><measure commodity="currency" quantity="40" unit="dollars">40</measure></cell>
               <cell><measure commodity="currency" quantity="00" unit="dollars">00</measure></cell>
               <cell/>
               <cell/>
            </row>
            <row xml:id="p123_06">
               <cell>396</cell>
               <cell><name type="person" ref="pers_WCDH484">Samuel Morey</name>
                  <choice rend="align(right)">
                     <abbr>Dr</abbr>
                     <expan>Debtor</expan>
                  </choice></cell>
               <cell></cell>
               <cell></cell>
               <cell/>
               <cell/>
            </row>
            <row xml:id="p123_07">
               <cell/>
               <cell>To <name type="account" ref="LMWcash">cash</name> paid L. Perry book 3/</cell>
               <cell/>
               <cell><measure commodity="currency" quantity="50" unit="dollars">50</measure></cell>
               <cell/>
               <cell/>
            </row>
            <row xml:id="p123_08">
               <cell></cell>
               <cell> do. paid clerk at Taunton 3/</cell>
               <cell/>
               <cell><measure commodity="currency" quantity="50" unit="dollars">50</measure></cell>
               <cell/>
               <cell/>
            </row>
            <row xml:id="p123_09">
               <cell/>
               <cell>" do. at Boston 3/</cell>
               <cell></cell>
               <cell></cell>
               <cell><measure commodity="currency" quantity="50" unit="dollars">50</measure></cell>
               <cell/>
            </row>
            <row xml:id="p123_10">
               <cell/>
               <cell>"Expences going to Taunton x Boston to Providence pension 30/</cell>
               <cell><measure commodity="currency" quantity="5" unit="dollars">5</measure></cell>
               <cell><measure commodity="currency" quantity="00" unit="dollars">00</measure></cell>
               <cell/>
               <cell/>
            </row>
            <row xml:id="p123_11">
               <cell></cell>
               <cell><name type="account" ref="LMWcash">cash</name> paid Daniel for your order</cell>
               <cell><measure commodity="currency" quantity="50" unit="dollars">50</measure></cell>
               <cell><measure commodity="currency" quantity="00" unit="dollars">00</measure></cell>
               <cell/>
               <cell/>
            </row>
            <row xml:id="p123_12">
               <cell/>
               <cell><name type="account" ref="LMWcash">cash</name>paid you</cell>
               <cell><measure commodity="currency" quantity="150" unit="dollars">150</measure></cell>
               <cell><measure commodity="currency" quantity="00" unit="dollars">00</measure></cell>
               <cell><measure commodity="currency" quantity="206" unit="dollars">206</measure></cell>
               <cell><measure commodity="currency" quantity="50" unit="dollars">50</measure></cell>
            </row>
            <row xml:id="p123_13">
               <cell>396</cell>
               <cell>By <name type="account" ref="LMWcash">cash</name> recieved for pension</cell>
               <cell><measure commodity="currency" quantity="840" unit="dollars">840</measure></cell>
               <cell><measure commodity="currency" quantity="00" unit="dollars">00</measure></cell>
               <cell><measure commodity="currency" quantity="840" unit="dollars">840</measure></cell>
               <cell><measure commodity="currency" quantity="00" unit="dollars">00</measure></cell>
            </row>
            <row xml:id="p123_14">
               <cell></cell>
               <cell><date when="1834-03-29">29</date></cell>
               <cell/>
               <cell/>
               <cell/>
               <cell/>
            </row>
            <row xml:id="p123_15">
               <cell>396</cell>
               <cell><name type="person" ref="pers_WCDH484">Samuel Morey</name>
                  <choice rend="align(right)">
                     <abbr>Dr</abbr>
                     <expan>Debtor</expan>
                  </choice></cell>
               <cell></cell>
               <cell></cell>
               <cell/>
               <cell/>
            </row>
            <row xml:id="p123_16">
               <cell/>
               <cell>To <measure commodity="shoes" quantity="1" unit="count">1 paid shoes</measure> <measure commodity="hat" quantity="1" unit="count">hat.</measure> at Boston 9/</cell>
               <cell/> 
               <cell/>
               <cell/>
               <cell/>
            </row>
            <row xml:id="p123_17">
               <cell></cell>
               <cell>" 1 do. Shipping 3/</cell>
               <cell/>
               <cell/>
               <cell/>
               <cell/>
            </row>
            <row xml:id="p123_18">
               <cell/>
               <cell><measure commodity="Peas" quantity="1" unit="qt">1 qt. Peas</measure>1/</cell>
               <cell/>
               <cell></cell>
               <cell/>
               <cell/>
            </row>
            <row xml:id="p123_19">
               <cell/>
               <cell>" 1 do. do. 2/</cell>
               <cell><measure commodity="currency" quantity="2" unit="dollars">2</measure></cell>
               <cell><measure commodity="currency" quantity="50" unit="dollars">50</measure></cell>
               <cell/>
               <cell></cell>
            </row>
            <pb n="123"/>
            <fw type="pageNum">123</fw>
            <table xml:id="p123" cols="6">
               <head><date when="1834-04-01">text</date></head>
            <row xml:id="p123_20">
               <cell>398</cell>
               <cell><name type="person" ref="pers_WCDH549">William h Shackleford</name>
                  <choice rend="align(right)">
                     <abbr>Dr</abbr>
                     <expan>Debtor</expan>
                  </choice></cell>
               <cell/>
               <cell/>
               <cell/>
               <cell/>
            </row>
            <row xml:id="p123_21">
               <cell></cell>
               <cell>Do <measure commodity="potatoes" quantity="2" unit="bushels">two Buls. potatoes</measure>2/</cell>
               <cell/>
               <cell><measure commodity="currency" quantity="66" unit="dollars">66</measure></cell>
               <cell/>
               <cell/>
            </row>
            <row xml:id="p123_22">
               <cell>398</cell>
               <cell><name type="person" ref="pers_WCDH549">W. H. Shackleford</name>
                  <choice rend="align(right)">
                     <abbr>Dr</abbr>
                     <expan>Debtor</expan>
                  </choice></cell>
               <cell/>
               <cell></cell>
               <cell/>
               <cell/>
            </row>
            <row xml:id="p123_23">
               <cell/>
               <cell>To <measure commodity="potatoes" quantity="3" unit="bushels">three Buls. potatoes</measure>2/</cell>
               <cell><measure commodity="currency" quantity="1" unit="dollars">1</measure></cell>
               <cell><measure commodity="currency" quantity="00" unit="dollars">00</measure></cell>
               <cell/>
               <cell/>
            </row>
            <row xml:id="p123_24">
               <cell>401</cell>
               <cell><name type="person" ref="pers_WCDH295">Lorana Farnum</name>
                  <choice rend="align(right)">
                     <abbr>Dr</abbr>
                     <expan>Debtor</expan>
                  </choice></cell>
               <cell/>
               <cell/>
               <cell/>
               <cell/>
            </row>
            <row xml:id="p123_25">
               <cell/>
               <cell>To <measure commodity="Gingham" quantity="8.5" unit="yards">8 1/2 yards Gingham </measure>2/6</cell>
               <cell><measure commodity="currency" quantity="3" unit="dollars">3</measure></cell>
               <cell><measure commodity="currency" quantity="54" unit="dollars">54</measure></cell>
               <cell/>
               <cell/>
            </row>
            <row xml:id="p123_26">
               <cell>401</cell>
               <cell><name type="person" ref="pers_WCDH434">Simeon Leonard</name>
                  <choice rend="align(right)">
                     <abbr>Dr</abbr>
                     <expan>Debtor</expan>
                  </choice></cell>
               <cell/>
               <cell/>
               <cell/>
               <cell/>
            </row>
            <row xml:id="p123_27">
               <cell></cell>
               <cell>Do one BU. 1/6</cell>
               <cell/>
               <cell><measure commodity="currency" quantity="25" unit="dollars">25</measure></cell>
               <cell/>
               <cell/>
            </row>
            <row xml:id="p123_28">
               <cell/>
               <cell><date when="1834-04-07">7</date></cell>
               <cell/>
               <cell></cell>
               <cell/>
               <cell/>
            </row>
            <row xml:id="p123_29"
               <cell>398</cell>
               <cell><name type="person" ref="pers_WCDH549">William H Shackleford</name>
                  <choice rend="align(right)">
                     <abbr>Dr</abbr>
                     <expan>Debtor</expan>
                  </choice></cell><cell/>
               <cell></cell>
               <cell/>
               <cell/>
            </row>
            <row xml:id="p123_30">
               <cell/>
               <cell>To <measure commodity="labor" quantity="2">two men</measure>, <measure commodity="yoke oxen" quantity="2">two yoke of oxen</measure> x <measure commodity="plough" quantity="1">plough, to plough your garden</measure>6/</cell>
               <cell><measure commodity="currency" quantity="1" unit="dollars">1</measure></cell>
               <cell><measure commodity="currency" quantity="00" unit="dollars">00</measure></cell>
               <cell/>
               <cell/>
            </row>
            <row xml:id="p123_31">
               <cell></cell>
               <cell><date when="1834-04-18">18</date></cell>
               <cell/>
               <cell/>
               <cell/>
               <cell/>
            </row>
            <row xml:id="p123_32">
               <cell>396</cell>
               <cell><name type="person" ref="pers_WCDH484">Samuel Morey</name>
                  <choice rend="align(right)">
                     <abbr>Dr</abbr>
                     <expan>Debtor</expan>
                  </choice></cell>
               <cell></cell>
               <cell></cell>
               <cell/>
               <cell/>
            </row>
            <row xml:id="p123_33">
               <cell/>
               <cell>To <name type="account" ref="LMWcash">cash</name> paid Daniel for you</cell>
               <cell><measure commodity="currency" quantity="25" unit="dollars">25</measure></cell>
               <cell><measure commodity="currency" quantity="00" unit="dollars">00</measure></cell>
               <cell/>
               <cell/>
            </row>
            <row xml:id="p123_34">
               <cell></cell>
               <cell><date when="1834-04-19">19</date></cell>
               <cell/>
               <cell/>
               <cell/>
               <cell/>
            </row>
            <row xml:id="p123_35">
               <cell>312</cell>
               <cell><name type="person" ref="pers_WCDH375">Horace Hulet</name>
                  <choice rend="align(right)">
                     <abbr>Dr</abbr>
                     <expan>Debtor</expan>
                  </choice></cell>
               <cell></cell>
               <cell></cell>
               <cell/>
               <cell/>
            </row>
            <row xml:id="p123_36">
               <cell/>
               <cell>By <name type="account" ref="LMWcash">cash</name> <measure commodity="currency" quantity="20" unit="dollars">twenty dollars</measure></cell>
               <cell><measure commodity="currency" quantity="20" unit="dollars">20</measure></cell>
               <cell><measure commodity="currency" quantity="00" unit="dollars">00</measure></cell>
               <cell></cell>
               <cell></cell>
            </row>
            <row xml:id="p123_37">
               <cell>83</cell>
               <cell><name type="person" ref="pers_WCDH435">Stephen Leonard</name>
                  <choice rend="align(right)">
                     <abbr>Dr</abbr>
                     <expan>Debtor</expan>
                  </choice></cell>
               <cell></cell>
               <cell></cell>
               <cell/>
               <cell/>
            </row>
            <row xml:id="p123_38">
               <cell/>
               <cell>By <measure commodity="labor" quantity="15.5" unit="miles">carting from Boston 15 1/2</measure>M. Shingles</cell>
               <cell/>
               <cell/>
               <cell/>
               <cell/>
            </row>
            <row xml:id="p123_39">
               <cell></cell>
               <cell>" Do. 149  feet 3 do.</cell>
               <cell/>
               <cell/>
               <cell/>
               <cell/>
            </row>
            <row xml:id="p123_40">
               <cell>83</cell>
               <cell> To <name type="account" ref="LMWcash">cash</name> <measure commodity="currency" quantity="5" unit="dollars">five dollars</measure>30/</cell>
               <cell><measure commodity="currency" quantity="5" unit="dollars">5</measure></cell>
               <cell><measure commodity="currency" quantity="00" unit="dollars">00</measure></cell>
               <cell/>
               <cell/>
            </row>
            <row xml:id="p123_41">
               <cell>395</cell>
               <cell><name type="person" ref="pers_WCDH621">Thompson Tripp</name>
                  <choice rend="align(right)">
                     <abbr>Dr</abbr>
                     <expan>Debtor</expan>
                  </choice></cell>
               <cell/>
               <cell/>
               <cell/>
               <cell/>
            </row>
            <row xml:id="p123_42">
               <cell></cell>
               <cell>To <measure commodity="Tallow" quantity="17.5" unit="lbs">17 1/2 lbs. Tallow</measure> 8x</cell>
               <cell><measure commodity="currency" quantity="1" unit="dollars">1</measure></cell>
               <cell><measure commodity="currency" quantity="40" unit="dollars">40</measure></cell>
               <cell/>
               <cell/>
            </row>
            <row xml:id="p123_43">
               <cell>81</cell>
               <cell><name type="person" ref=" pers_WCDH642">James S. Washbrum</name>
                  <choice rend="align(right)">
                     <abbr>Dr</abbr>
                     <expan>Debtor</expan>
                  </choice></cell>
               <cell></cell>
               <cell></cell>
               <cell/>
               <cell/>
            </row>
            <row xml:id="p123_44">
               <cell/>
               <cell>By <measure commodity="labor" quantity="1" unit="day">one days work this week</measure>3/</cell>
               <cell/>
               <cell><measure commodity="currency" quantity="50" unit="dollars">50</measure></cell>
               <cell/>
               <cell/>
            </row>
            <row xml:id="p123_45">
               <cell>81</cell>
               <cell>To <name type="account" ref="LMWcash">cash</name> <measure commodity="currency" quantity="18 3/4" unit="dollars">18 3/4</measure> x</cell>
               <cell/>
               <cell><measure commodity="currency" quantity="19" unit="dollars">19</measure></cell>
               <cell/>
               <cell/>
            </row>
            <row xml:id="p123_46">
               <cell>341</cell>
               <cell><name type="person" ref="pers_WCDH221">Thomas Carpenter</name>
                  <choice rend="align(right)">
                     <abbr>Dr</abbr>
                     <expan>Debtor</expan>
                  </choice></cell>
               <cell></cell>
               <cell></cell>
               <cell/>
               <cell/>
            </row>
            <row xml:id="p123_47">
               <cell/>
               <cell>To <name type="account" ref="LMWcash">cash</name>, <measure commodity="currency" quantity="7" unit="dollars">seven dollars</measure>42/</cell>
               <cell><measure commodity="currency" quantity="7" unit="dollars">7</measure></cell>
               <cell><measure commodity="currency" quantity="00" unit="dollars">00</measure></cell>
               <cell/>
               <cell/>
            </row>
            