<?xml version="1.0" encoding="UTF-8"?>
<?oxygen RNGSchema="http://www.tei-c.org/release/xml/tei/custom/schema/relaxng/tei_all.rng" type="xml"?>
<TEI xmlns="http://www.tei-c.org/ns/1.0">
   <teiHeader>
      <fileDesc>
         <titleStmt>
            <title>LMW Day Book, pp. 000-000</title>
            <author>L.M. Wheaton</author>
         </titleStmt>
         <publicationStmt>
            <p>Transcribed by Sahilia Ramirez Summer 2016, Wheaton College</p>
         </publicationStmt>
         <sourceDesc>
            <biblFull>
               <titleStmt>
                  <title>Account Books, pp.100-149</title>
                  <author>L.M. Wheaton</author>
                  <respStmt>
                     <resp> TEI-compatible XML markup by <name type="person">Sahilia Ramirez</name>
                        with corrections by <name type="person">Name</name>, <name
                           type="person">Name</name>, and <name type="person">Name</name>.</resp>
                     <name type="person">Name</name>
                  </respStmt>
               </titleStmt>
               <publicationStmt>
                  <p>Transcribed by Sahilia Ramirez Summer 2016, Wheaton College</p>
               </publicationStmt>
               <sourceDesc>
                  <p> From the Marion B. Gebbie Archives and Special Collections at the Madeleine
                     Clark Wallace Library, Wheaton College </p>
               </sourceDesc>
            </biblFull>
         </sourceDesc>
      </fileDesc>
   </teiHeader>
   <text>
      <body>
         <pb n="107"/>
         <fw type="pageNum">107</fw>
         <table xml:id="p107" cols="6">
            <head>Monday <date when="1832-07-30">text</date></head>
            <row xml:id="p107_01">
               <cell>395</cell>
               <cell>
                  <name type="person" ref="pers_WCDH621">Thompson Tripp</name>
                  <choice rend="align(right)">
                     <abbr>Dr</abbr>
                     <expan>Debtor</expan>
                  </choice>
               </cell>
               <cell/>
               <cell/>
               <cell/>
               <cell/>
            </row>
            <row xml:id="p107_02">
               <cell/>
               <cell>Do <measure commodity="thin coat hat" quantity="1" unit="count">thin coat hat</measure>of Wiegley</cell>
               <cell><measure commodity="currency" quantity="3" unit="dollars">3</measure></cell>
               <cell><measure commodity="currency" quantity="00" unit="dollars">00</measure></cell>
               <cell/>
               <cell/>
            </row>
            <row xml:id="p107_03">
               <cell>356</cell>
               <cell><name type="person" ref="pers_WCDH699">Samuel Wiegley</name>
                  <choice rend="align(right)">
                     <abbr>Dr</abbr>
                     <expan>Debtor</expan>
                  </choice></cell>
               <cell></cell>
               <cell/>
               <cell></cell>
               <cell></cell>
            </row>
            <row xml:id="p107_04">
               <cell/>
               <cell>By <measure commodity="thin coat" quantity="1" unit="count">a thin coat</measure>18/</cell>
               <cell><measure commodity="currency" quantity="3" unit="dollars">3</measure></cell>
               <cell><measure commodity="currency" quantity="00" unit="dollars">00</measure></cell>
               <cell/>
               <cell/>
            </row>
            <row xml:id="p107_05">
               <cell>391</cell>
               <cell><name type="person" ref="pers_WCDH506">Catharine Pearham</name>
                  <choice rend="align(right)">
                     <abbr>Dr</abbr>
                     <expan>Debtor</expan>
                  </choice></cell>
               <cell/>
               <cell/>
               <cell/>
               <cell/>
            </row>
            <row xml:id="p107_06">
               <cell/>
               <cell>To paying Dort. sweet 4/6</cell>
               <cell></cell>
               <cell></cell>
               <cell/>
               <cell/>
            </row>
            <row xml:id="p107_07">
               <cell/>
               <cell> do Dort. Adams 6/</cell>
               <cell><measure commodity="currency" quantity="1" unit="dollars">1</measure></cell>
               <cell><measure commodity="currency" quantity="75" unit="dollars">75</measure></cell>
               <cell/>
               <cell/>
            </row>
            <row xml:id="p107_08">
               <cell>391</cell>
               <cell>To <measure commodity="trunk" quantity="1" unit="count">trunk</measure>15/</cell>
               <cell><measure commodity="currency" quantity="2" unit="dollars">2</measure></cell>
               <cell><measure commodity="currency" quantity="50" unit="dollars">50</measure></cell>
               <cell/>
               <cell/>
            </row>
            <row xml:id="p107_09">
               <cell/>
               <cell><name type="account" ref="LMWcash">cash</name></cell>
               <cell><measure commodity="currency" quantity="13" unit="dollars">13</measure></cell>
               <cell><measure commodity="currrency" quantity="93" unit="dollars">93</measure></cell>
               <cell/>
               <cell/>
            </row>
            <row xml:id="p107_10">
               <cell/>
               <cell><date when="1832-07-31">31</date></cell>
               <cell/>
               <cell/>
               <cell/>
               <cell/>
            </row>
            <row xml:id="p107_11">
               <cell>104</cell>
               <cell><name type="person" ref="pers_WCDH524">Lindsey Puffer</name>
                  <choice rend="align(right)">
                     <abbr>Dr</abbr>
                     <expan>Debtor</expan>
                  </choice></cell>
               <cell/>
               <cell/>
               <cell/>
               <cell/>
            </row>
            <row xml:id="p107_12">
               <cell/>
               <cell>Do <measure commodity="potatoes" quantity="1/2" unit="bushels">1/2 Bushell potatoes</measure></cell>
               <cell></cell>
               <cell><measure commodity="currency" quantity="17" unit="dollars">17</measure></cell>
               <cell/>
               <cell/>
            </row>
            <pb n="107"/>
            <fw type="pageNum">107</fw>
            <table xml:id="p107" cols="6">
               <head><date when="1832-08-07">text</date></head>
            <row xml:id="p107_13">
               <cell>396</cell>
               <cell><name type="person" ref="pers_WCDH484">Samuel Morey</name>
                  <choice rend="align(right)">
                     <abbr>Dr</abbr>
                     <expan>Debtor</expan>
                  </choice></cell>
               <cell/>
               <cell/>
               <cell/>
               <cell/>
            </row>
            <row xml:id="p107_14">
               <cell></cell>
               <cell>To <name type="account" ref="LMWcash">cash</name>lent 60/</cell>
               <cell><measure commodity="currency" quantity="10" unit="dollars">10</measure></cell>
               <cell><measure commodity="currency" quantity="00" unit="dollars">00</measure></cell>
               <cell/>
               <cell/>
            </row>
            <row xml:id="p107_15">
               <cell/>
               <cell><date when="1832-08-08">8</date></cell>
               <cell></cell>
               <cell></cell>
               <cell/>
               <cell/>
            </row>
            <row xml:id="p107_16">
               <cell>395</cell>
               <cell><name type="person" ref="pers_WCDH621">Thompson Tripp</name>
                  <choice rend="align(right)">
                     <abbr>Dr</abbr>
                     <expan>Debtor</expan>
                  </choice></cell>
               <cell/>
               <cell/>
               <cell/>
               <cell/>
            </row>
            <row xml:id="p107_17">
               <cell></cell>
               <cell>To <name type="account" ref="LMWcash">cash</name>30/</cell>
               <cell><measure commodity="currency" quantity="5" unit="dollars">5</measure></cell>
               <cell><measure commodity="currency" quantity="00" unit="dollars">00</measure></cell>
               <cell/>
               <cell/>
            </row>
            <row xml:id="p107_18">
               <cell>Settled</cell>
               <cell><name type="person" ref="pers_WCDH686"> Elkanah Wood K</name>
                  <choice rend="align(right)">
                     <abbr>Dr</abbr>
                     <expan>Debtor</expan>
                  </choice></cell>
               <cell/>
               <cell></cell>
               <cell/>
               <cell/>
            </row>
            <row xml:id="p107_19">
               <cell/>
               <cell>To <name type="account" ref="LMWcash">cash</name>12/</cell>
               <cell><measure commodity="currency" quantity="2" unit="dollars">2</measure></cell>
               <cell><measure commodity="currency" quantity="00" unit="dollars">00</measure></cell>
               <cell/>
               <cell></cell>
            </row>
            <row xml:id="p107_20">
               <cell>Settled</cell>
               <cell><name type="person" ref="">Henry clement</name>
                  <choice rend="align(right)">
                     <abbr>Dr</abbr>
                     <expan>Debtor</expan>
                  </choice></cell>
               <cell/>
               <cell/>
               <cell/>
               <cell/>
            </row>
            <row xml:id="p107_21">
               <cell></cell>
               <cell>To <measure commodity="labor" quantity="1" unit="day">work</measure>6/</cell>
               <cell><measure commodity="currency" quantity="1" unit="dollars">1</measure></cell>
               <cell><measure commodity="currency" quantity="00" unit="dollars">00</measure></cell>
               <cell/>
               <cell/>
            </row>
            <row xml:id="p000_22">
               <cell>35</cell>
               <cell><name type="person" ref="pers_WCDH253">Charles L Crossman</name>
                  <choice rend="align(right)">
                     <abbr>Dr</abbr>
                     <expan>Debtor</expan>
                  </choice></cell>
               <cell/>
               <cell></cell>
               <cell/>
               <cell/>
            </row>
            <row xml:id="p107_23">
               <cell/>
               <cell>To <measure commodity="paint brush" quantity="1" unit="count">new paint brush no.1</measure>3/6</cell>
               <cell/>
               <cell><measure commodity="currency" quantity="58" unit="dollars">58</measure></cell>
               <cell/>
               <cell/>
            </row>
            <row xml:id="p107_24">
               <cell>340</cell>
               <cell><name type="person" ref="pers_WCDH450">Edmond Lathrop</name>
                  <choice rend="align(right)">
                     <abbr>Dr</abbr>
                     <expan>Debtor</expan>
                  </choice></cell>
               <cell/>
               <cell/>
               <cell/>
               <cell/>
            </row>
            <row xml:id="p107_25">
               <cell/>
               <cell>To <!--?--> 1/ 3/</cell>
               <cell></cell>
               <cell><measure commodity="currency" quantity="50" unit="dollars">50</measure></cell>
               <cell/>
               <cell/>
            </row>
            <row xml:id="p107_26">
               <cell/>
               <cell><date when="1832-08-23">23</date></cell>
               <cell/>
               <cell/>
               <cell/>
               <cell/>
            </row>
            <row xml:id="p107_27">
               <cell>Settled</cell>
               <cell><name type="person" ref="">Henry Clement</name>
                  <choice rend="align(right)">
                     <abbr>Dr</abbr>
                     <expan>Debtor</expan>
                  </choice></cell>
               <cell/>
               <cell/>
               <cell/>
               <cell/>
            </row>
            <row xml:id="p107_28">
               <cell/>
               <cell>To cash sometime <!--?--> 1/6</cell>
               <cell/>
               <cell></cell>
               <cell/>
               <cell/>
            </row>
            <row xml:id="p107_29">
               <cell/>
               <cell><name type="account" ref="LMWcash">cash</name>6/</cell><cell/>
               <cell><measure commodity="currency" quantity="1" unit="dollars">1</measure></cell>
               <cell><measure commodity="currency" quantity="25" unit="dollars">25</measure></cell>
               <cell/>
            </row>
            <row xml:id="p107_30">
               <cell/>
               <cell><name type="account" ref="LMWcash">cash</name><measure commodity="currency" quantity="2.75" unit="dollars">2.75</measure></cell>
               <cell><measure commodity="currency" quantity="2" unit="dollars">2</measure></cell>
               <cell><measure commodity="currency" quantity="75" unit="cents">75</measure></cell>
               <cell/>
               <cell/>
            </row>
            <row xml:id="p107_31">
               <cell>399</cell>
               <cell><name type="person" ref="pers_WCDH134">Asa M. Adams</name>
                  <choice rend="align(right)">
                     <abbr>Dr</abbr>
                     <expan>Debtor</expan>
                  </choice></cell>
               <cell/>
               <cell/>
               <cell/>
               <cell/>
            </row>
            <row xml:id="p107_32">
               <cell/>
               <cell>To <measure commodity="coat" quantity="1" unit="count">coat</measure><date when="1829-07-01">July 1st 1829</date>do H.B.Dyer</cell>
               <cell><measure commodity="currency" quantity="3" unit="dollars">3</measure></cell>
               <cell><measure commodity="currency" quantity="61" unit="dollars">61</measure></cell>
               <cell/>
               <cell/>
            </row>
            <row xml:id="p107_33">
               <cell/>
               <cell> <!--?--> <measure commodity="currency" quantity="107" unit="dollars">$107</measure></cell>
               <cell><measure commodity="currency" quantity="1" unit="dollars">1</measure></cell>
               <cell><measure commodity="currency" quantity="07" unit="cents">07</measure></cell>
               <cell><measure commodity="currency" quantity="4" unit="dollars">$4</measure></cell>
               <cell><measure commodity="currency" quantity="68" unit="dollars">68</measure></cell>
            </row>
            <row xml:id="p107_34">
               <cell></cell>
               <cell><date when="1832-08-29">29</date></cell>
               <cell/>
               <cell/>
               <cell/>
               <cell/>
            </row>
            <row xml:id="p107_35">
               <cell>395</cell>
               <cell><name type="person" ref="pers_WCDH621">Thompson Tripp</name>
                  <choice rend="align(right)">
                     <abbr>Dr</abbr>
                     <expan>Debtor</expan>
                  </choice></cell>
               <cell></cell>
               <cell></cell>
               <cell/>
               <cell/>
            </row>
            <row xml:id="p107_36">
               <cell></cell>
               <cell>To <name type="account" ref="LMWcash">cash</name>pay M Bonney</cell>
               <cell><measure commodity="currency" quantity="1" unit="dollars">1</measure></cell>
               <cell><measure commodity="currency" quantity="58" unit="dollars">58</measure></cell>
               <cell></cell>
               <cell></cell>
            </row>
            <row xml:id="p107_37">
               <cell>Settled</cell>
               <cell><name type="person" ref="pers_WCDH450">Edmond Lathrop</name>
                  <choice rend="align(right)">
                     <abbr>Dr</abbr>
                     <expan>Debtor</expan>
                  </choice></cell>
               <cell></cell>
               <cell></cell>
               <cell/>
               <cell/>
            </row>
            <row xml:id="p107_38">
               <cell/>
               <cell>To <name type="account" ref="LMWcash">cash</name>30/</cell>
               <cell><measure commodity="currency" quantity="5" unit="dollars">5</measure></cell>
               <cell><measure commodity="currency" quantity="00" unit="dollars">00</measure></cell>
               <cell/>
               <cell/>
            </row>
            <row xml:id="p107_39">
               <cell></cell>
               <cell>By <measure commodity="lead pipe" quantity="14" unit="feet">14 feet lead pipe</measure><measure commodity="currency" quantity="4 00" unit="dollars">4 00</measure></cell>
               <cell/>
               <cell/>
               <cell/>
               <cell/>
            </row>
            <row xml:id="p107_40">
               <cell/>
               <cell><measure commodity="labor" quantity="1" unit="day">Brining pipe from Boston</measure>12</cell>
               <cell></cell>
               <cell></cell>
               <cell/>
               <cell/>
            </row>
            <row xml:id="p107_41">
               <cell/>
               <cell><measure commodity="labor" quantity="1" unit="day">Carting from Taunton</measure><measure commodity="currency" quantity="3.70" unit="dollars">3.70</measure></cell>
               <cell><measure commodity="currency" quantity="7" unit="dollars">7</measure></cell>
               <cell><measure commodity="currency" quantity="82" unit="dollars">82</measure></cell>
               <cell/>
               <cell/>
            </row>
            <row xml:id="p107_42">
               <cell></cell>
               <cell>To <name type="account" ref="LMWcash">cash</name>pay by Hodges</cell>
               <cell><measure commodity="currency" quantity="2" unit="dollars">2</measure></cell>
               <cell><measure commodity="currency" quantity="82" unit="dollars">82</measure></cell>
               <cell/>
               <cell/>
            </row>
               <pb n="107"/>
               <fw type="pageNum">107</fw>
               <table xml:id="p107" cols="6">
                  <head><date when="1832-09-04">text</date></head>
            <row xml:id="p107_43">
               <cell>395</cell>
               <cell><name type="person" ref="pers_WCDH621">Thompson Tripp</name>
                  <choice rend="align(right)">
                     <abbr>Dr</abbr>
                     <expan>Debtor</expan>
                  </choice></cell>
               <cell></cell>
               <cell></cell>
               <cell/>
               <cell/>
            </row>
            <row xml:id="p107_44">
               <cell/>
               <cell>To <name type="account" ref="LMWcash">cash</name>30/</cell>
               <cell><measure commodity="currency" quantity="5" unit="dollars">5</measure></cell>
               <cell><measure commodity="currency" quantity="00" unit="dollars">00</measure></cell>
               <cell/>
               <cell/>
            </row>
            <row xml:id="p107_45">
               <cell>394</cell>
               <cell><name type="person" ref="pers_WCDH565">John Smith</name>
                  <choice rend="align(right)">
                     <abbr>Dr</abbr>
                     <expan>Debtor</expan>
                  </choice></cell>
               <cell/>
               <cell/>
               <cell/>
               <cell/>
            </row>
            <row xml:id="p107_46">
               <cell/>
               <cell>To <measure commodity="pork" quantity="10" unit="pounds">10lbs 5 ounces pork</measure>paid</cell>
               <cell><measure commodity="currency" quantity="1" unit="dollars">1</measure></cell> 
               <cell><measure commodity="currency" quantity="28" unit="dollars">28</measure></cell>
               <cell/> 
               <cell/>
            </row>