<?xml version="1.0" encoding="UTF-8"?>
<?oxygen RNGSchema="http://www.tei-c.org/release/xml/tei/custom/schema/relaxng/tei_all.rng" type="xml"?>
<TEI xmlns="http://www.tei-c.org/ns/1.0">
   <teiHeader>
      <fileDesc>
         <titleStmt>
            <title>LMW Day Book, pp. 000-000</title>
            <author>L.M. Wheaton</author>
         </titleStmt>
         <publicationStmt>
            <p>Transcribed by Sahilia Ramirez Summer 2016, Wheaton College</p>
         </publicationStmt>
         <sourceDesc>
            <biblFull>
               <titleStmt>
                  <title>Account Books, pp.100-149</title>
                  <author>L.M. Wheaton</author>
                  <respStmt>
                     <resp> TEI-compatible XML markup by <name type="person">Sahilia Ramirez</name>
                        with corrections by <name type="person">Name</name>, <name
                           type="person">Name</name>, and <name type="person">Name</name>.</resp>
                     <name type="person">Name</name>
                  </respStmt>
               </titleStmt>
               <publicationStmt>
                  <p>Transcribed by Sahilia Ramirez, Wheaton College</p>
               </publicationStmt>
               <sourceDesc>
                  <p> From the Marion B. Gebbie Archives and Special Collections at the Madeleine
                     Clark Wallace Library, Wheaton College </p>
               </sourceDesc>
            </biblFull>
         </sourceDesc>
      </fileDesc>
   </teiHeader>
   <text>
      <body>
         <pb n="106"/>
         <fw type="pageNum">106</fw>
         <table xml:id="p106" cols="6">
            <head>Saturday<date when="1832-06-15">text</date></head>
            <row xml:id="p106_01">
               <cell>Settled</cell>
               <cell>
                  <name type="person" ref="pers_WCDH686"> Elkanah Wood</name>
                  <choice rend="align(right)">
                     <abbr></abbr>
                     <expan></expan>
                  </choice>
               </cell>
               <cell/>
               <cell/>
               <cell/>
               <cell/>
            </row>
            <row xml:id="p106_02">
               <cell/>
               <cell>To <name type="account" ref="LMWcash">cash</name>48/</cell>
               <cell><measure commodity="currency" quantity="8" unit="dollars">8</measure></cell>
               <cell><measure commodity="currency" quantity="00" unit="cents">00</measure></cell>
               <cell/>
               <cell/>
            </row>
            <row xml:id="p105_03">
               <cell>Settled</cell>
               <cell> <name type="person" ref=""> <!--?--> Parkand</name>
                  <choice rend="align(right)">
                     <abbr></abbr>
                     <expan></expan>
                  </choice></cell>
               <cell></cell>
               <cell/>
               <cell></cell>
               <cell></cell>
            </row>
            <row xml:id="p106_04">
               <cell/>
               <cell>To <name type="account" ref="LMWcash">cash</name>12/</cell>
               <cell/>
               <cell/>
               <cell/>
               <cell/>
            </row>
            <row xml:id="p106_05">
               <cell></cell>
               <cell>Paying H. Hodges <!--?--> 7/6</cell>
               <cell><measure commodity="currency" quantity="3" unit="dollars">3</measure></cell>
               <cell><measure commodity="currency" quantity="25" unit="dollars">25</measure></cell>
               <cell/>
               <cell/>
            </row>
            <row xml:id="p106_06">
               <cell>109</cell>
               <cell> <name type="person" ref="pers_WCDH524"> Pliney Puffer</name>
                  <choice rend="align(right)">
                     <abbr></abbr>
                     <expan></expan>
                  </choice></cell>
               <cell></cell>
               <cell></cell>
               <cell/>
               <cell/>
            </row>
            <row xml:id="p106_07">
               <cell/>
               <cell>to <measure commodity="potatoes" quantity="1" unit="bushels">1 Bus potatoes</measure>2/6</cell>
               <cell/>
               <cell><measure commodity="currency" quantity="42" unit="dollars">42</measure></cell>
               <cell/>
               <cell/>
            </row>
            <row xml:id="p106_08">
               <cell></cell>
               <cell><date when="1832-06-21">21</date></cell>
               <cell/>
               <cell/>
               <cell/>
               <cell/>
            </row>
            <row xml:id="p106_09">
               <cell/>
               <cell>391</cell>
               <cell> <name type="person" ref="pers_WCDH506"> Catharine Perham</name>
                  <choice rend="align(right)">
                     <abbr></abbr>
                     <expan></expan>
                  </choice></cell>
               <cell></cell>
               <cell/>
               <cell/>
            </row>
            <row xml:id="p106_10">
               <cell/>
               <cell>To <measure commodity="shirting" quantity="3" unit="yards">3 yds shirting</measure>1/</cell>
               <cell/>
               <cell/>
               <cell/>
               <cell/>
            </row>
            <row xml:id="p106_11">
               <cell></cell>
               <cell><measure commodity="silk plaid" quantity="1/2" unit="yards">1/2 yd. silk plaid</measure>4/6 <!--?--> Taunton</cell>
               <cell/>
               <cell><measure commodity="currency" quantity="88" unit="dollars">88</measure></cell>
               <cell/>
               <cell/>
            </row>
            <row xml:id="p106_12">
               <cell/>
               <cell><date when="1832-06-26">26</date></cell>
               <cell></cell>
               <cell></cell>
               <cell/>
               <cell/>
            </row>
            <row xml:id="p106_13">
               <cell>400</cell>
               <cell> <name type="person" ref="pers_WCDH574"> Timothy Smith</name>
                  <choice rend="align(right)">
                     <abbr></abbr>
                     <expan></expan>
                  </choice></cell>
               <cell/>
               <cell/>
               <cell/>
               <cell/>
            </row>
            <row xml:id="p106_14">
               <cell></cell>
               <cell>To <measure commodity="potatoes" quantity="1" unit="bushels">1 Bus potatoes</measure>2/</cell>
               <cell/>
               <cell><measure commodity="currency" quantity="33" unit="dollars">33</measure></cell>
               <cell/>
               <cell/>
            </row>
            <row xml:id="p106_15">
               <cell>396</cell>
               <cell> <name type="person" ref="pers_WCDH484">Samuel Morey</name>
                  <choice rend="align(right)">
                     <abbr></abbr>
                     <expan></expan>
                  </choice></cell>
               <cell></cell>
               <cell></cell>
               <cell/>
               <cell/>
            </row>
            <row xml:id="p106_16">
               <cell/>
               <cell>To <name type="account" ref="LMWcash">cash</name>lent 30/</cell>
               <cell><measure commodity="currency" quantity="5" unit="dollars">5</measure></cell>
               <cell><measure commodity="currency" quantity="00" unit="cents">00</measure></cell>
               <cell/>
               <cell/>
            </row>
            <row xml:id="p106_17">
               <cell><date when="1832-07-06">July 6</date></cell>
               <cell></cell>
               <cell/>
               <cell/>
               <cell/>
               <cell/>
            </row>
            <row xml:id="p106_18">
               <cell>391</cell>
               <cell> <name type="person" ref="pers_WCDH506"> Catharine A Perham</name>
                  <choice rend="align(right)">
                     <abbr></abbr>
                     <expan></expan>
                  </choice></cell>
               <cell/>
               <cell></cell>
               <cell/>
               <cell/>
            </row>
            <row xml:id="p106_19">
               <cell/>
               <cell>To <measure commodity="blk silk frock" quantity="1" unit="count">blk silk frock</measure>24/</cell>
               <cell><measure commodity="currency" quantity="4" unit="dollars">4</measure></cell>
               <cell><measure commodity="currency" quantity="00" unit="cents">00</measure></cell>
               <cell/>
               <cell></cell>
            </row>
            <row xml:id="p106_20">
               <cell>117</cell>
               <cell> <name type="person" ref="pers_WCDH276">Darius Drake</name>
                  <choice rend="align(right)">
                     <abbr></abbr>
                     <expan></expan>
                  </choice></cell>
               <cell/>
               <cell/>
               <cell/>
               <cell/>
            </row>
            <row xml:id="p106_21">
               <cell></cell>
               <cell>To <measure commodity="corn" quantity="1" unit="bushels">1 Bus corn</measure>6/</cell>
               <cell></cell>
               <cell></cell>
               <cell/>
               <cell/>
            </row>
            <row xml:id="p106_22">
               <cell/>
               <cell><measure commodity="Rye" quantity="1/2" unit="bushels">1/2 do Rye</measure>61/6</cell>
               <cell>1<measure commodity="currency" quantity="1" unit="dollars">1</measure></cell>
               <cell><measure commodity="currency" quantity="54" unit="dollars">54</measure></cell>
               <cell/>
               <cell/>
            </row>
            <row xml:id="p106_23">
               <cell/>
               <cell><date when="1832-07-04">July 4</date></cell>
               <cell/>
               <cell/>
               <cell/>
               <cell/>
            </row>
            <row xml:id="p106_24">
               <cell>Settled</cell>
               <cell> <name type="person" ref="pers_WCDH686"> Elkanah Wood</name>
                  <choice rend="align(right)">
                     <abbr></abbr>
                     <expan></expan>
                  </choice></cell>
               <cell/>
               <cell/>
               <cell/>
               <cell/>
            </row>
            <row xml:id="p106_25">
               <cell/>
               <cell>To <measure commodity="Rye" quantity="2" unit="bushels">2 Bus Rye</measure>6/</cell>
               <cell><measure commodity="currency" quantity="2" unit="dollars">2</measure></cell>
               <cell><measure commodity="currency" quantity="00" unit="cents">00</measure></cell>
               <cell/>
               <cell/>
            </row>
            <row xml:id="p106_26">
               <cell>117</cell>
               <cell> <name type="person" ref="pers_WCDH276">Darius Drake</name>
                  <choice rend="align(right)">
                     <abbr></abbr>
                     <expan></expan>
                  </choice></cell>
               <cell/>
               <cell/>
               <cell/>
               <cell/>
            </row>
            <row xml:id="p106_27">
               <cell></cell>
               <cell>To order for H. Hodges 4/6</cell>
               <cell/>
               <cell><measure commodity="currency" quantity="75" unit="dollars">75</measure></cell>
               <cell/>
               <cell/>
            </row>
            <row xml:id="p106_28">
               <cell>Settles</cell>
               <cell> <name type="person" ref=""> E<!--?--> Packard</name>
                  <choice rend="align(right)">
                     <abbr></abbr>
                     <expan></expan>
                  </choice></cell>
               <cell/>
               <cell></cell>
               <cell/>
               <cell/>
            </row>
            <row xml:id="p106_29">
               <cell/>
               <cell>To <name type="account" ref="LMWcash">cash</name>1/6</cell><cell/>
               <cell></cell>
               <cell><measure commodity="currency" quantity="25" unit="dollars">25</measure></cell>
               <cell/>
            </row>
            <row xml:id="p106_30">
               <cell/>
               <cell><measure commodity="salt beef" quantity="8" unit="pounds">8lbs. Beef, salt beef</measure></cell>
               <cell/>
               <cell/>
               <cell/>
               <cell/>
            </row>
            <row xml:id="p106_31">
               <cell></cell>
               <cell><date when="1832-07-10">10</date></cell>
               <cell/>
               <cell/>
               <cell/>
               <cell/>
            </row>
            <row xml:id="p106_32">
               <cell>Settled</cell>
               <cell> <name type="person" ref=""> <!--?--> Parkard</name>
                  <choice rend="align(right)">
                     <abbr></abbr>
                     <expan></expan>
                  </choice></cell>
               <cell></cell>
               <cell></cell>
               <cell/>
               <cell/>
            </row>
            <row xml:id="p106_33">
               <cell/>
               <cell>To <measure commodity="cheese" quantity="11 1/4" unit="pounds">11 1/4 lbs cheese</measure>10x</cell>
               <cell><measure commodity="currency" quantity="1" unit="dollars">1</measure></cell>
               <cell><measure commodity="currency" quantity="13" unit="dollars">13</measure></cell>
               <cell/>
               <cell/>
            </row>
            <row xml:id="p106_34">
               <cell></cell>
               <cell><date when="1832-07-11">11</date></cell>
               <cell/>
               <cell/>
               <cell/>
               <cell/>
            </row>
            <row xml:id="p106_35">
               <cell>346</cell>
               <cell> <name type="person" ref="pers_WCDH484"> Samuel Morey</name>
                  <choice rend="align(right)">
                     <abbr></abbr>
                     <expan></expan>
                  </choice></cell>
               <cell></cell>
               <cell></cell>
               <cell/>
               <cell/>
            </row>
            <row xml:id="p106_36">
               <cell/>
               <cell>To <name type="account" ref="LMWcash">cash</name>30/</cell>
               <cell><measure commodity="currency" quantity="5" unit="dollars">5</measure></cell>
               <cell><measure commodity="currency" quantity="00" unit="cents">00</measure></cell>
               <cell></cell>
               <cell></cell>
            </row>
            <row xml:id="p106_37">
               <cell/>
               <cell><date when="1832-07-17">17th</date></cell>
               <cell></cell>
               <cell></cell>
               <cell/>
               <cell/>
            </row>
            <row xml:id="p106_38">
               <cell>117</cell>
               <cell> <name type="person" ref="pers_WCDH276"> Darius Drake</name>
                  <choice rend="align(right)">
                     <abbr></abbr>
                     <expan></expan>
                  </choice></cell>
               <cell/>
               <cell/>
               <cell/>
               <cell/>
            </row>
            <row xml:id="p106_39">
               <cell></cell>
               <cell>To <measure commodity="corn" quantity="1/2" unit="bushels">half brushed corn </measure>6/</cell>
               <cell/>
               <cell><measure commodity="currency" quantity="50" unit="dollars">50</measure></cell>
               <cell/>
               <cell/>
            </row>
            <row xml:id="p106_40">
               <cell>Settled</cell>
               <cell> <name type="person" ref=""> <!--?--> Parkard</name>
                  <choice rend="align(right)">
                     <abbr></abbr>
                     <expan></expan>
                  </choice></cell>
               <cell></cell>
               <cell></cell>
               <cell/>
               <cell/>
            </row>
            <row xml:id="p106_41">
               <cell/>
               <cell>To <name type="account" ref="LMWcash">cash</name>6/</cell>
               <cell><measure commodity="currency" quantity="1" unit="dollars">1</measure></cell>
               <cell><measure commodity="currency" quantity="00" unit="cents">00</measure></cell>
               <cell/>
               <cell/>
            </row>
            <row xml:id="p106_42">
               <cell></cell>
               <cell><date when="1832-07-19">19</date></cell>
               <cell/>
               <cell/>
               <cell/>
               <cell/>
            </row>
            <row xml:id="p106_43">
               <cell>394</cell>
               <cell> <name type="person" ref="pers_WCDH565"> John Smith</name>
                  <choice rend="align(right)">
                     <abbr></abbr>
                     <expan></expan>
                  </choice></cell>
               <cell></cell>
               <cell></cell>
               <cell/>
               <cell/>
            </row>
            <row xml:id="p106_44">
               <cell/>
               <cell>To <measure commodity="potatoes" quantity="1/2" unit="bushels">1/2 Bus. potatoes</measure>3/</cell>
               <cell/>
               <cell><measure commodity="currency" quantity="25" unit="dollars">25</measure></cell>
               <cell/>
               <cell/>
            </row>
            <row xml:id="p106_45">
               <cell></cell>
               <cell><date when="1832-07-22">22</date></cell>
               <cell/>
               <cell/>
               <cell/>
               <cell/>
            </row>
            <row xml:id="p106_46">
               <cell>Settled </cell>
               <cell> <name type="person" ref=""> <!--?--> Packard</name>
                  <choice rend="align(right)">
                     <abbr></abbr>
                     <expan></expan>
                  </choice></cell>
               <cell></cell>
               <cell></cell>
               <cell/>
               <cell/>
            </row>
            <row xml:id="p106_47">
               <cell/>
               <cell>To <measure commodity="ham" quantity="10" unit="pounds">10 lbs. Ham</measure> <measure commodity="currency" quantity="125" unit="dollars">125</measure></cell>
               <cell/>
               <cell/>
               <cell/>
               <cell/>
            </row>
            <row xml:id="p106_48">
               <cell></cell>
               <cell> <measure commodity="salt beef" quantity="12 3/4" unit="pounds">12 3/4 lbs. salt beef</measure></cell>
               <cell/>
               <cell/>
               <cell/>
               <cell/>
            </row>
            <row xml:id="p106_49">
               <cell/>
               <cell><date when="1832-07-25">25</date></cell>
               <cell/>
               <cell></cell>
               <cell/>
               <cell/>
            </row>
            <row xml:id="p106_50">
               <cell>Settled</cell>
               <cell> <name type="person" ref=""> Henry Clement</name>
                  <choice rend="align(right)">
                     <abbr></abbr>
                     <expan></expan>
                  </choice></cell>
               <cell/>
               <cell></cell>
               <cell/>
               <cell></cell>
            </row>
            <row xml:id="p106_51">
               <cell/>
               <cell>To <name type="account" ref="LMWcash">cash</name>1/6</cell>
               <cell/>
               <cell><measure commodity="currency" quantity="25" unit="dollars">25</measure></cell>
               <cell/>
               <cell/>
            </row>
            <row xml:id="p106_52">
               <cell/>
               <cell><date when="1832-07-27">27</date></cell>
               <cell/>
               <cell/>
               <cell/>
               <cell/>
            </row>
            <row xml:id="p106_53">
               <cell>Settled</cell>
               <cell> <name type="person" ref=""> <!--?--> Packard</name>
                  <choice rend="align(right)">
                     <abbr></abbr>
                     <expan></expan>
                  </choice></cell>
               <cell/>
               <cell/>
               <cell/>
               <cell/>
            </row>
            <row xml:id="p106_54">
               <cell></cell>
               <cell>To <name type="account" ref="LMWcash">cash</name>6/</cell>
               <cell><measure commodity="currency" quantity="1" unit="dollars">1</measure></cell>
               <cell><measure commodity="currency" quantity="00" unit="cents">00</measure></cell>
               <cell/>
               <cell/>
            </row>
