<?xml version="1.0" encoding="UTF-8"?>
<?oxygen RNGSchema="http://www.tei-c.org/release/xml/tei/custom/schema/relaxng/tei_all.rng" type="xml"?>
<TEI xmlns="http://www.tei-c.org/ns/1.0">
   <teiHeader>
      <fileDesc>
         <titleStmt>
            <title>LMW Day Book, pp. 100-149</title>
            <author>L.M. Wheaton</author>
         </titleStmt>
         <publicationStmt>
            <p>Transcribed by Sahilia Ramirez Summer 2016, Wheaton College</p>
         </publicationStmt>
         <sourceDesc>
            <biblFull>
               <titleStmt>
                  <title>Account Books, pp.100-149</title>
                  <author>L.M. Wheaton</author>
                  <respStmt>
                     <resp> TEI-compatible XML markup by <name type="person">Sahilia Ramirez</name>
                        with corrections by <name type="person">Name</name>, <name
                           type="person">Name</name>, and <name type="person">Name</name>.</resp>
                     <name type="person">Name</name>
                  </respStmt>
               </titleStmt>
               <publicationStmt>
                  <p>Transcribed by Sahilia Ramirez Summer 2016, Wheaton College</p>
               </publicationStmt>
               <sourceDesc>
                  <p> From the Marion B. Gebbie Archives and Special Collections at the Madeleine
                     Clark Wallace Library, Wheaton College </p>
               </sourceDesc>
            </biblFull>
         </sourceDesc>
      </fileDesc>
   </teiHeader>
   <text>
      <body>
         <pb n="108"/>
         <fw type="pageNum">108</fw>
         <table xml:id="p108" cols="6">
            <head>Saturday<date when="1832-09-08">text</date></head>
            <row xml:id="p108_01">
               <cell>393</cell>
               <cell>
                  <name type="person" ref="pers_WCDH650">Wheaton Wheeler</name>
                  <choice rend="align(right)">
                     <abbr>DR</abbr>
                     <expan>Debtor</expan>
                  </choice>
               </cell>
               <cell/>
               <cell/>
               <cell/>
               <cell/>
            </row>
            <row xml:id="p108_02">
               <cell/>
               <cell>To <measure commodity="pork" quantity="3" unit="pounds">3lbs 6 ounces pork</measure>paid</cell>
               <cell></cell>
               <cell><measure commodity="currency" quantity="42" unit="dollars">42</measure></cell>
               <cell/>
               <cell/>
            </row>
            <row xml:id="p108_03">
               <cell>393</cell>
               <cell>By <measure commodity="labor" quantity="9 1/2" unit="day">work up to this date 9 1/2 days</measure>42x</cell>
               <cell><measure commodity="currency" quantity="3" unit="dollars">3</measure></cell>
               <cell><measure commodity="currency" quantity="99" unit="dollars">99</measure></cell> 
               <cell></cell>
               <cell></cell>
            </row>
            <row xml:id="p108_04">
               <cell>396</cell>
               <cell><name type="person" ref="pers_WCDH484">Samuel Morey</name>
                  <choice rend="align(right)">
                     <abbr>DR</abbr>
                     <expan>Debtor</expan>
                  </choice></cell>
               <cell/>
               <cell/>
               <cell/>
               <cell/>
            </row>
            <row xml:id="p108_05">
               <cell></cell>
               <cell>By cash recieved for pension</cell>
               <cell><measure commodity="currency" quantity="119" unit="dollars">$119</measure></cell>
               <cell><measure commodity="currency" quantity="25" unit="dollars">25</measure></cell>
               <cell/>
               <cell/>
            </row>
            <row xml:id="p108_06">
               <cell/>
               <cell><date when="1832-09-13">13</date></cell>
               <cell></cell>
               <cell></cell>
               <cell/>
               <cell/>
            </row>
            <row xml:id="p108_07">
               <cell/>
               <cell>To <name type="account" ref="LMWcash">cash</name>120/</cell>
               <cell><measure commodity="currency" quantity="20" unit="dollars">20</measure></cell>
               <cell><measure commodity="currency" quantity="00" unit="dollars">00</measure></cell>
               <cell/>
               <cell/>
            </row>
            <row xml:id="p108_08">
               <cell></cell>
               <cell><date when="1832-09-15">15</date></cell>
               <cell/>
               <cell/>
               <cell/>
               <cell/>
            </row>
            <row xml:id="p108_09">
               <cell>393</cell>
               <cell><name type="person" ref="pers_WCDH650">Wheaton Wheeler</name>
                  <choice rend="align(right)">
                     <abbr>DR</abbr>
                     <expan>Debtor</expan>
                  </choice></cell>
               <cell></cell>
               <cell></cell>
               <cell/>
               <cell/>
            </row>
            <row xml:id="p108_10">
               <cell/>
               <cell>By <measure commodity="labor" quantity="1/2" unit="day">half a days work this week</measure>42x</cell>
               <cell/>
               <cell><measure commodity="currency" quantity="21" unit="dollars">21</measure></cell>
               <cell/>
               <cell/>
            </row>
            <row xml:id="p108_11">
               <cell>163</cell>
               <cell><name type="person" ref="pers_WCDH194">Thomas Braman</name>
                  <choice rend="align(right)">
                     <abbr>DR</abbr>
                     <expan>Debtor</expan>
                  </choice></cell>
               <cell/>
               <cell/>
               <cell/>
               <cell/>
            </row>
            <row xml:id="p108_12">
               <cell/>
               <cell>To <measure commodity="labor" quantity="2" unit="day">chaise to Mansfield x Bridgewater</measure>East pr mile</cell>
               <cell><measure commodity="currency" quantity="1" unit="dollars">1</measure></cell>
               <cell><measure commodity="currency" quantity="50" unit="dollars">50</measure></cell>
               <cell/>
               <cell/>
            </row>
            <row xml:id="p108_13">
               <cell>396</cell>
               <cell><name type="person" ref="pers_WCDH484">Samuel Morey</name>
                  <choice rend="align(right)">
                     <abbr>DR</abbr>
                     <expan>Debtor</expan>
                  </choice></cell>
               <cell/>
               <cell/>
               <cell/>
               <cell/>
            </row>
            <row xml:id="p108_14">
               <cell></cell>
               <cell>To paying Hiram Hodges</cell>
               <cell><measure commodity="currency" quantity="17" unit="dollars">17</measure></cell>
               <cell><measure commodity="currency" quantity="75" unit="dollars">75</measure></cell>
               <cell/>
               <cell/>
            </row>
            <row xml:id="p108_15">
               <cell>389</cell>
               <cell><name type="person" ref="pers_WCDH230">Oliver Clapp</name>
                  <choice rend="align(right)">
                     <abbr>DR</abbr>
                     <expan>Debtor</expan>
                  </choice></cell>
               <cell></cell>
               <cell></cell>
               <cell/>
               <cell/>
            </row>
            <row xml:id="p108_16">
               <cell/>
               <cell>To paying Elkanah Wood K 60/</cell>
               <cell/>
               <cell/>
               <cell/>
               <cell/>
            </row>
            <row xml:id="p108_17">
               <cell></cell>
               <cell><measure commodity="wrought nails" quantity="10" unit="pounds">6lbs 10 wrought nails</measure><!--?--> by wood</cell>
               <cell><measure commodity="currency" quantity="10" unit="dollars">10</measure></cell>
               <cell><measure commodity="currency" quantity="60" unit="dollars">60</measure></cell>
               <cell/>
               <cell/>
            </row>
            <row xml:id="p108_18">
               <cell/>
               <cell><date when="1832-09-20">20</date></cell>
               <cell/>
               <cell></cell>
               <cell/>
               <cell/>
            </row>
            <row xml:id="p108_19">
               <cell>393</cell>
               <cell><name type="person" ref="pers_WCDH650">Wheaton Wheeler</name>
                  <choice rend="align(right)">
                     <abbr>DR</abbr>
                     <expan>Debtor</expan>
                  </choice></cell>
               <cell/>
               <cell></cell>
               <cell/>
               <cell></cell>
            </row>
            <row xml:id="p108_20">
               <cell/>
               <cell>To <measure commodity="corn" quantity="1/2" unit="bushels">1/2 Bushel cron</measure>6/</cell>
               <cell/>
               <cell><measure commodity="currency" quantity="50" unit="dollars">50</measure></cell>
               <cell/>
               <cell/>
            </row>
            <row xml:id="p108_21">
               <cell>394</cell>
               <cell><name type="person" ref="pers_WCDH565">John Smith</name>
                  <choice rend="align(right)">
                     <abbr>DR</abbr>
                     <expan>Debtor</expan>
                  </choice></cell>
               <cell/>
               <cell/>
               <cell/>
               <cell/>
            </row>
            <row xml:id="p107_22">
               <cell/>
               <cell>To <name type="account" ref="LMWcash">cash</name>lent H Hodges 12/</cell>
               <cell><measure commodity="currency" quantity="2" unit="dollars">2</measure></cell>
               <cell><measure commodity="currency" quantity="00" unit="dollars">00</measure></cell>
               <cell/>
               <cell/>
            </row>
            <row xml:id="p108_23">
               <cell>399</cell>
               <cell><name type="person" ref="pers_WCDH134">Asa M. Adams</name>
                  <choice rend="align(right)">
                     <abbr>DR</abbr>
                     <expan>Debtor</expan>
                  </choice></cell>
               <cell/>
               <cell/>
               <cell/>
               <cell/>
            </row>
            <row xml:id="p108_24">
               <cell></cell>
               <cell>Do <measure commodity="peak lime" quantity="1/2" unit="bushels">1/2 peak lime</measure> 9</cell>
               <cell/>
               <cell><measure commodity="currency" quantity="13" unit="dollars">13</measure></cell>
               <cell/>
               <cell/>
            </row>
            <row xml:id="p108_25">
               <cell></cell>
               <cell><date when="1832-09-22">22</date></cell>
               <cell></cell>
               <cell></cell>
               <cell/>
               <cell/>
            </row>
            <row xml:id="p108_26">
               <cell>393</cell>
               <cell><name type="person" ref="pers_WCDH650">Wheaton Wheeler</name>
                  <choice rend="align(right)">
                     <abbr>DR</abbr>
                     <expan>Debtor</expan>
                  </choice></cell>
               <cell/>
               <cell/>
               <cell/>
               <cell/>
            </row>
            <row xml:id="p108_27">
               <cell></cell>
               <cell>By <measure commodity="labor" quantity="3 1/2" unit="day">three x half days this week</measure>42</cell>
               <cell><measure commodity="currency" quantity="1" unit="dollars">1</measure></cell>
               <cell><measure commodity="currency" quantity="47" unit="dollars">47</measure></cell>
               <cell/>
               <cell/>
            </row>
            <row xml:id="p108_28">
               <cell>393</cell>
               <cell>To <measure commodity="salt beef" quantity="6 1/2" unit="pounds">6 1/2lbs salt beef</measure>6x</cell>
               <cell/>
               <cell><measure commodity="currency" quantity="39" unit="dollars">39</measure></cell>
               <cell/>
               <cell/>
            </row>
            <row xml:id="p108_29">
               <cell>Settled by diying ditch</cell>
               <cell><name type="person" ref="">Henry Clement</name>
                  <choice rend="align(right)">
                     <abbr>DR</abbr>
                     <expan>Debtor</expan>
                  </choice></cell>
               <cell></cell>
               <cell/>
               <cell/>
            </row>
            <row xml:id="p108_30">
               <cell/>
               <cell>To <name type="account" ref="LMWcash">cash</name>paid by H. Hodges 12/</cell>
               <cell><measure commodity="currency" quantity="2" unit="dollars">2</measure></cell>
               <cell><measure commodity="currency" quantity="00" unit="dollars">00</measure></cell>
               <cell/>
               <cell/>
            </row>
            <row xml:id="p108_31">
               <cell></cell>
               <cell><date when="1832-09-24">24</date></cell>
               <cell/>
               <cell/>
               <cell/>
               <cell/>
            </row>
            <row xml:id="p108_32">
               <cell>Paid</cell>
               <cell><name type="person" ref="pers_WCDH684"> Amasa Willis</name>
                  <choice rend="align(right)">
                     <abbr>DR</abbr>
                     <expan>Debtor</expan>
                  </choice></cell>
               <cell></cell>
               <cell></cell>
               <cell/>
               <cell/>
            </row>
            <row xml:id="p108_33">
               <cell/>
               <cell>To <measure commodity="tandem harness" quantity="1" unit="count">a tandem harness</measure>48/</cell>
               <cell><measure commodity="currency" quantity="7" unit="dollars">7</measure></cell>
               <cell><measure commodity="currency" quantity="00" unit="dollars">00</measure></cell>
               <cell/>
               <cell/>
            </row>
            <row xml:id="p108_34">
               <cell>109</cell>
               <cell><name type="person" ref="pers_WCDH524">Pliny Puffer</name>
                  <choice rend="align(right)">
                     <abbr>DR</abbr>
                     <expan>Debtor</expan>
                  </choice></cell>
               <cell/>
               <cell/>
               <cell/>
               <cell/>
            </row>
            <row xml:id="p108_35">
               <cell/>
               <cell>To short pay for a <!--?--></cell>
               <cell></cell>
               <cell><measure commodity="currency" quantity="31" unit="dollars">31</measure></cell>
               <cell/>
               <cell/>
            </row>
            <row xml:id="p108_36">
               <cell/>
               <cell><measure commodity="new brick" quantity="7" unit="count">7 new Brick</measure></cell>
               <cell></cell>
               <cell><measure commodity="currency" quantity="7" unit="dollars">7</measure></cell>
               <cell></cell>
               <cell></cell>
            </row>
            <row xml:id="p108_37">
               <cell/>
               <cell><date when="1832-09-27">27</date></cell>
               <cell></cell>
               <cell></cell>
               <cell/>
               <cell/>
            </row>
            <row xml:id="p108_38">
               <cell>395</cell>
               <cell><name type="person" ref="pers_WCDH621">Thompson Tripp</name>
                  <choice rend="align(right)">
                     <abbr>DR</abbr>
                     <expan>Debtor</expan>
                  </choice></cell>
               <cell/>
               <cell/>
               <cell/>
               <cell/>
            </row>
            <row xml:id="p108_39">
               <cell></cell>
               <cell>To <name type="account" ref="LMWcash">cash</name>36/</cell>
               <cell><measure commodity="currency" quantity="6" unit="dollars">6</measure></cell>
               <cell><measure commodity="currency" quantity="00" unit="dollars" >00</measure></cell>
               <cell/>
               <cell/>
            </row>
            <row xml:id="p108_40">
               <cell>396</cell>
               <cell> <name type="person" ref="pers_WCDH484">samuel Morey</name>
                  <choice rend="align(right)">
                     <abbr>DR</abbr>
                     <expan>Debtor</expan>
                  </choice></cell>
               <cell></cell>
               <cell></cell>
               <cell/>
               <cell/>
            </row>
            <row xml:id="p108_41">
               <cell></cell>
               <cell>To <name type="account" ref="LMWcash">cash</name> <measure commodity="currency" quantity="7" unit="dollars">seven dollares</measure></cell>
               <cell><measure commodity="currency" quantity="11" unit="dollars">11</measure></cell>
               <cell><measure commodity="currency" quantity="00" unit="dollars">00</measure></cell>
               <cell/>
               <cell/>
            </row>
            <row xml:id="p108_42">
               <cell>109</cell>
               <cell><name type="person" ref="pers_WCDH524">Pliny Puffer</name>
                  <choice rend="align(right)">
                     <abbr>DR</abbr>
                     <expan>Debtor</expan>
                  </choice></cell>
               <cell/>
               <cell/>
               <cell/>
               <cell/>
            </row>
            <row xml:id="p108_43">
               <cell/>
               <cell>To <measure commodity="pine boards" quantity="10" unit="feet">10ft pine boards</measure><!--?--> 2x</cell>
               <cell></cell>
               <cell><measure commodity="currency" quantity="20" unit="dollars">20</measure></cell>
               <cell/>
               <cell/>
            </row>
            <row xml:id="p108_44">
               <cell/>
               <cell><date when="1832-09-24">24</date></cell>
               <cell/>
               <cell/>
               <cell/>
               <cell/>
            </row>
            <row xml:id="p108_45">
               <cell>Settled by diying ditch</cell>
               <cell><name type="person" ref="">Henry Clement</name>
                  <choice rend="align(right)">
                     <abbr>DR</abbr>
                     <expan>Debtor</expan>
                  </choice></cell>
               <cell/>
               <cell/>
               <cell/>
               <cell/>
            </row>
            <row xml:id="p108_46">
               <cell/>
               <cell>To order for Hodges 3/</cell>
               <cell></cell>
               <cell><measure commodity="currency" quantity="50" unit="dollars">50</measure></cell>
               <cell/>
               <cell/>
            </row>
            <row xml:id="p108_47">
               <cell>393</cell>
               <cell><name type="person" ref="pers_WCDH650">Wheaton Wheeler</name>
                  <choice rend="align(right)">
                     <abbr>DR</abbr>
                     <expan>Debtor</expan>
                  </choice></cell>
               <cell/>
               <cell/>
               <cell/>
               <cell/>
            </row>
            <row xml:id="p108_48">
               <cell></cell>
               <cell>By <measure commodity="labor" quantity="1/2" unit="day">1/2 days work this week</measure></cell>
               <cell/>
               <cell><measure commodity="currency" quantity="21" unit="dollars">21</measure></cell>
               <cell/>
               <cell/>
            </row>
            <pb n="109"/>
            <fw type="pageNum">109</fw>
            <table xml:id="p109" cols="6">
               <head>Saturday<date when="1832-10-06">text</date></head>
            <row xml:id="p109_49">
               <cell>393</cell>
               <cell><name type="person" ref="pers_WCDH650">Wheaton Wheeler</name>
                  <choice rend="align(right)">
                     <abbr>DR</abbr>
                     <expan>Debtor</expan>
                  </choice></cell>
               <cell/>
               <cell></cell>
               <cell/>
               <cell/>
            </row>
            <row xml:id="p109_50">
               <cell/>
               <cell>To <measure commodity="beef" quantity="8 1/2" unit="pounds">8 1/2lbs beef</measure>6</cell>
               <cell/>
               <cell><measure commodity="currency" quantity="51" unit="dollars">51</measure></cell>
               <cell/>
               <cell></cell>
            </row>
            <row xml:id="p109_51">
               <cell>393</cell>
               <cell>By <measure commodity="labor" quantity="2" unit="day">two days work this week</measure>42x</cell>
               <cell/>
               <cell><measure commodity="currency" quantity="84" unit="dollars">84</measure></cell>
               <cell/>
               <cell/>
            </row>
            <row xml:id="p109_52">
               <cell/>
               <cell><date when="1832-10-08">8</date></cell>
               <cell/>
               <cell/>
               <cell/>
               <cell/>
            </row>
            <row xml:id="p109_53">
               <cell>395</cell>
               <cell><name type="person" ref="pers_WCDH621">Tompson Tripp</name>
                  <choice rend="align(right)">
                     <abbr>DR</abbr>
                     <expan>Debtor</expan>
                  </choice></cell>
               <cell/>
               <cell/>
               <cell/>
               <cell/>
            </row>
            <row xml:id="p109_54">
               <cell></cell>
               <cell>To <name type="account" ref="LMWcash">cash</name><measure commodity="currency" quantity="7.30" unit="dollars">seven thrity dollars</measure>paid Dort.</cell>
               <cell><measure commodity="currency" quantity="30" unit="dollars">30</measure></cell>
               <cell><measure commodity="currency" quantity="00" unit="dollars">00</measure></cell>
               <cell/>
               <cell/>
            </row>
            <row xml:id="p109_55">
               <cell/>
               <cell><date when="1832-10-08">8</date></cell>
               <cell></cell>
               <cell></cell>
               <cell/>
               <cell/>
            </row>
            <row xml:id="p109_56">
               <cell>396</cell>
               <cell><name type="person" ref="pers_WCDH484">Samuel Morey</name>
                  <choice rend="align(right)">
                     <abbr>DR</abbr>
                     <expan>Debtor</expan>
                  </choice></cell>
               <cell/>
               <cell/>
               <cell/>
               <cell/>
            </row>
            <row xml:id="p109_57">
               <cell></cell>
               <cell>To <name type="account" ref="LMWcash">cash</name> <measure commodity="currency" quantity="50.47" unit="dollars">fifty dollars forty seven cents</measure></cell>
               <cell><measure commodity="currency" quantity="50" unit="dollars">50</measure></cell>
               <cell><measure commodity="currency" quantity="47" unit="cents">47</measure></cell>
               <cell/>
               <cell/>
            </row>
            <row xml:id="p109_58">
               <cell>Settled</cell>
               <cell><name type="person" ref=""><!--?--> Company</name>
                  <choice rend="align(right)">
                     <abbr>DR</abbr>
                     <expan>Debtor</expan>
                  </choice></cell>
               <cell></cell>
               <cell></cell>
               <cell/>
               <cell/>
            </row>
            <row xml:id="p109_59">
               <cell></cell>
               <cell>To <measure commodity="corn" quantity="3" unit="bushels">cash for corn 3 Bushel</measure>88x</cell>
               <cell><measure commodity="currency" quantity="2" unit="dollars">2</measure></cell>
               <cell><measure commodity="currency" quantity="64" unit="dollars">64</measure></cell>
               <cell/>
               <cell/>
            </row>
            <row xml:id="p109_60">
               <cell>109</cell>
               <cell><name type="person" ref="pers_WCDH524">Pliney Puffer</name>
                  <choice rend="align(right)">
                     <abbr>DR</abbr>
                     <expan>Debtor</expan>
                  </choice></cell>
               <cell/>
               <cell/>
               <cell/>
               <cell/>
            </row>
            <row xml:id="p109_61">
               <cell/>
               <cell>To rent up to <date when="1832-04-01">April 1st 1832</date></cell>
               <cell><measure commodity="currency" quantity="35" unit="dollars">35</measure></cell>
               <cell><measure commodity="currency" quantity="00" unit="dollars">00</measure></cell>
               <cell/>
               <cell/>
            </row>
            <row xml:id="p109_62">
               <cell/>
               <cell><date when="1832-10-10">10</date></cell>
               <cell></cell>
               <cell></cell>
               <cell/>
               <cell/>
            </row>
            <row xml:id="p109_63">
               <cell>393</cell>
               <cell><name type="person" ref="pers_WCDH650">Wheaton Wheeler</name>
                  <choice rend="align(right)">
                     <abbr>DR</abbr>
                     <expan>Debtor</expan>
                  </choice></cell>
               <cell/>
               <cell/>
               <cell/>
               <cell/>
            </row>
            <row xml:id="p109_64">
               <cell/>
               <cell>To <measure commodity="corn" quantity="1" unit="peck">1 Peck corn</measure>6/</cell>
               <cell/>
               <cell/>
               <cell/>
               <cell/>
            </row>
            <row xml:id="p000_65">
               <cell/>
               <cell> <measure commodity="rye" quantity="1" unit="peck">1 peck rye</measure>6/</cell>
               <cell></cell>
               <cell><measure commodity="currency" quantity="50" unit="dollars">50</measure></cell>
               <cell/>
               <cell/>
            </row>
            <row xml:id="p109_66">
               <cell/>
               <cell><date when="1832-10-13">13</date></cell>
               <cell></cell>
               <cell/>
               <cell></cell>
               <cell></cell>
            </row>
            <row xml:id="p109_67">
               <cell>393</cell>
               <cell>By <measure commodity="labor" quantity="1 1/2" unit="day">1 1/2 days work this week</measure>42</cell>
               <cell/>
               <cell><measure commodity="currency" quantity="63" unit="dollars">63</measure></cell>
               <cell/>
               <cell/>
            </row>
            <row xml:id="p109_68">
               <cell>397</cell>
               <cell><name type="person" ref="pers_WCDH599">Richard T Sweet</name>
                  <choice rend="align(right)">
                     <abbr>DR</abbr>
                     <expan>Debtor</expan>
                  </choice></cell>
               <cell/>
               <cell/>
               <cell/>
               <cell/>
            </row>
            <row xml:id="p109_69">
               <cell/>
               <cell>To <measure commodity="hogs lard" quantity="5" unit="pounds">5lbs hogs lard</measure>11x</cell>
               <cell></cell>
               <cell><measure commodity="currency" quantity="55" unit="dollars">55</measure></cell>
               <cell/>
               <cell/>
            </row>
            <row xml:id="p109_70">
               <cell>400</cell>
               <cell><name type="person" ref="pers_WCDH574">Timothy Smith</name>
                  <choice rend="align(right)">
                     <abbr>DR</abbr>
                     <expan>Debtor</expan>
                  </choice></cell>
               <cell/>
               <cell/>
               <cell/>
               <cell/>
            </row>
            <row xml:id="p109_71">
               <cell></cell>
               <cell>To <measure commodity="lard" quantity="4 1/2" unit="pounds">4 1/2 lbs lard</measure>11x</cell>
               <cell/>
               <cell><measure commodity="currency" quantity="50" unit="dollars">50</measure></cell>
               <cell/>
               <cell/>
            </row>
            <row xml:id="p109_72">
               <cell><date when="1832-11-02">Nov</date></cell>
               <cell><date when="1832-11-02">2</date></cell>
               <cell></cell>
               <cell></cell>
               <cell/>
               <cell/>
            </row>
            <row xml:id="p109_73">
               <cell>393</cell>
               <cell><name type="person" ref="pers_WCDH650">Wheaton Wheeler</name>
                  <choice rend="align(right)">
                     <abbr>DR</abbr>
                     <expan>Debtor</expan>
                  </choice></cell>
               <cell/>
               <cell/>
               <cell/>
               <cell/>
            </row>
            <row xml:id="p109_74">
               <cell></cell>
               <cell>By <measure commodity="labor" quantity="1" unit="day">1 days work</measure></cell>
               <cell/>
               <cell><measure commodity="currency" quantity="42" unit="dollars">42</measure></cell>
               <cell/>
               <cell/>
            </row>
            <row xml:id="p109_75">
               <cell/>
               <cell><date when="1832-11-03">3</date></cell>
               <cell></cell>
               <cell></cell>
               <cell/>
               <cell/>
            </row>
            <row xml:id="p109_76">
               <cell>393</cell>
               <cell><name type="person" ref="pers_WCDH650">Wheaton Wheeler</name>
                  <choice rend="align(right)">
                     <abbr>DR</abbr>
                     <expan>Debtor</expan>
                  </choice></cell>
               <cell/>
               <cell/>
               <cell/>
               <cell/>
            </row>
            <row xml:id="p109_77">
               <cell></cell>
               <cell>Pay <measure commodity="labor" quantity="1" unit="day">1 days work</measure></cell>
               <cell/>
               <cell><measure commodity="currency" quantity="42" unit="dollars">42</measure></cell>
               <cell/>
               <cell/>
            </row>
            <row xml:id="p109_78">
               <cell/>
               <cell><date when="1832-11-04">4</date></cell>
               <cell></cell>
               <cell></cell>
               <cell/>
               <cell/>
            </row>
            <row xml:id="p109_79">
               <cell>393</cell>
               <cell><name type="person" ref="pers_WCDH650">Wheaton Wheeler</name>
                  <choice rend="align(right)">
                     <abbr>DR</abbr>
                     <expan>Debtor</expan>
                  </choice></cell>
               <cell/>
               <cell/>
               <cell/>
               <cell/>
            </row>
            <row xml:id="p109_80">
               <cell></cell>
               <cell>Do <measure commodity="corn" quantity="1" unit="peck">1 peck corn</measure></cell>
               <cell/>
               <cell><measure commodity="currency" quantity="25" unit="dollars">25</measure></cell>
               <cell/>
               <cell/>
            </row>
            <row xml:id="p109_81">
               <cell/>
               <cell> <measure commodity="rye" quantity="1" unit="bushels">1 rye</measure></cell>
               <cell/>
               <cell><measure commodity="currency" quantity="25" unit="dollars">25</measure></cell>
               <cell/>
               <cell/>
            </row>
            <row xml:id="p109_82">
               <cell>393</cell>
               <cell>By <measure commodity="labor" quantity="1" unit="day">1 days work</measure>42x</cell>
               <cell/>
               <cell></cell>
               <cell/>
               <cell></cell>
            </row>
            <row xml:id="p109_83">
               <cell/>
               <cell>9 x 10 2days 42x</cell>
               <cell><measure commodity="currency" quantity="1" unit="dollars">1</measure></cell>
               <cell><measure commodity="currency" quantity="26" unit="dollars">26</measure></cell>
               <cell/>
               <cell/>
            </row>
            <row xml:id="p109_84">
               <cell>393</cell>
               <cell>To <measure commodity="beef" quantity="5 1/4" unit="pounds">5 1/4lbs beef</measure>6</cell>
               <cell/>
               <cell><measure commodity="currency" quantity="33" unit="dollars">33</measure></cell>
               <cell/>
               <cell/>
            </row>
               <pb n="108"/>
               <fw type="pageNum">108</fw>
               <table xml:id="p108" cols="6">
                  <head><date when="1832-11-14">text</date></head>
            <row xml:id="p109_85">
               <cell>96</cell>
               <cell><name type="person" ref="pers_WCDH302">Phillis Frazier</name>
                  <choice rend="align(right)">
                     <abbr>DR</abbr>
                     <expan>Debtor</expan>
                  </choice></cell>
               <cell/>
               <cell></cell>
               <cell/>
               <cell/>
            </row>
            <row xml:id="p109_86">
               <cell/>
               <cell>By <measure commodity="labor" quantity="1" unit="day">work</measure>from Cr</cell>
               <cell/>
               <cell/>
               <cell/>
               <cell/>
            </row>
            <row xml:id="p109_87">
               <cell></cell>
               <cell>This day</cell>
               <cell/>
               <cell/>
               <cell/>
               <cell/>
            </row>
            <row xml:id="p109_88">
               <cell>395</cell>
               <cell><name type="person" ref="pers_WCDH621">Thompson Tripp</name>
                  <choice rend="align(right)">
                     <abbr>DR</abbr>
                     <expan>Debtor</expan>
                  </choice></cell>
               <cell></cell>
               <cell></cell>
               <cell/>
               <cell/>
            </row>
            <row xml:id="p109_89">
               <cell/>
               <cell>To <name type="account" ref="LMWcash">cash</name>6/</cell>
               <cell><measure commodity="currency" quantity="1" unit="dollars">1</measure></cell>
               <cell><measure commodity="currency" quantity="00" unit="dollars">00</measure></cell>
               <cell/>
               <cell/>
            </row>
            <row xml:id="p109_90">
               <cell></cell>
               <cell><date when="1832-11-20">20</date></cell>
               <cell/>
               <cell/>
               <cell/>
               <cell/>
            </row>
            <row xml:id="p109_91">
               <cell>393</cell>
               <cell><name type="person" ref="pers_WCDH650">Wheaton Wheeler</name>
                  <choice rend="align(right)">
                     <abbr>DR</abbr>
                     <expan>Debtor</expan>
                  </choice></cell>
               <cell/>
               <cell></cell>
               <cell/>
               <cell/>
            </row>
            <row xml:id="p109_92">
               <cell/>
               <cell>To <measure commodity="salt beef" quantity="7" unit="pounds">7 lbs salt beef</measure>6</cell><cell/>
               <cell></cell>
               <cell><measure commodity="currency" quantity="42" unit="dollars">42</measure></cell>
               <cell/>
            </row>
            <row xml:id="p109_93">
               <cell>393</cell>
               <cell>By <measure commodity="labor" quantity="1" unit="day">one day last week</measure> me this 42x</cell>
               <cell><measure commodity="currency" quantity="84" unit="dollars">84</measure></cell>
               <cell/>
               <cell/>
               <cell/>
            </row>
            <row xml:id="p109_94">
               <cell>Settled</cell>
               <cell><name type="person" ref="pers_WCDH699">Samuel Wigley</name>
                  <choice rend="align(right)">
                     <abbr>DR</abbr>
                     <expan>Debtor</expan>
                  </choice></cell>
               <cell/>
               <cell/>
               <cell/>
               <cell/>
            </row>
            <row xml:id="p109_95">
               <cell/>
               <cell>By <measure commodity="labor" quantity="1" unit="day">carrying lard x M. Biden to Boston</measure></cell>
               <cell></cell>
               <cell></cell>
               <cell/>
               <cell/>
            </row>
            <row xml:id="p109_96">
               <cell/>
               <cell><date when="1832-11-24">24</date></cell>
               <cell/>
               <cell/>
               <cell/>
               <cell/>
            </row>
            <row xml:id="p109_97">
               <cell>Settled</cell>
               <cell><name type="person" ref="pers_WCDH563">Henry Smith</name>
                  <choice rend="align(right)">
                     <abbr>DR</abbr>
                     <expan>Debtor</expan>
                  </choice></cell>
               <cell/>
               <cell/>
               <cell/>
               <cell/>
            </row>
            <row xml:id="p109_98">
               <cell/>
               <cell>To <name type="account" ref="LMWcash">cash</name> <measure commodity="currency" quantity="7" unit="dollars">seven dollars</measure></cell>
               <cell><measure commodity="currency" quantity="7" unit="dollars">7</measure></cell>
               <cell><measure commodity="currency" quantity="00" unit="dollars">00</measure></cell>
               <cell/>
               <cell/>
            </row>
            <row xml:id="p109_99">
               <cell/>
               <cell><name type="person" ref="pers_WCDH650">Wheaton Wheeler</name>
                  <choice rend="align(right)">
                     <abbr>DR</abbr>
                     <expan>Debtor</expan>
                  </choice></cell>
               <cell></cell>
               <cell></cell>
               <cell></cell>
               <cell></cell>
            </row>
            <row xml:id="p109_100">
               <cell/>
               <cell>By <measure commodity="labor" quantity="1" unit="day">one day this week</measure>2/6</cell>
               <cell><measure commodity="currency" quantity="42" unit="dollars">42</measure></cell>
               <cell></cell>
               <cell/>
               <cell/>
            </row>