<?xml version="1.0" encoding="UTF-8"?>
<?oxygen RNGSchema="http://www.tei-c.org/release/xml/tei/custom/schema/relaxng/tei_all.rng" type="xml"?>
<TEI xmlns="http://www.tei-c.org/ns/1.0">
   <teiHeader>
      <fileDesc>
         <titleStmt>
            <title>LMW Day Book, pp. 000-000</title>
            <author>L.M. Wheaton</author>
         </titleStmt>
         <publicationStmt>
            <p>Transcribed by Sahilia Ramirez, Summer 2016, Wheaton College</p>
         </publicationStmt>
         <sourceDesc>
            <biblFull>
               <titleStmt>
                  <title>Account Books, pp.100-149</title>
                  <author>L.M. Wheaton</author>
                  <respStmt>
                     <resp> TEI-compatible XML markup by <name type="person">Sahilia Ramirez</name>
                        with corrections by <name type="person">Name</name>, <name
                           type="person">Name</name>, and <name type="person">Name</name>.</resp>
                     <name type="person">Name</name>
                  </respStmt>
               </titleStmt>
               <publicationStmt>
                  <p>Transcribed by Sahilia Ramirez,Summer 2016, Wheaton College</p>
               </publicationStmt>
               <sourceDesc>
                  <p> From the Marion B. Gebbie Archives and Special Collections at the Madeleine
                     Clark Wallace Library, Wheaton College </p>
               </sourceDesc>
            </biblFull>
         </sourceDesc>
      </fileDesc>
   </teiHeader>
   <text>
      <body>
         <pb n="104"/>
         <fw type="pageNum">104</fw>
         <table xml:id="p104" cols="6">
            <head>Monday <date when="1832-04-16">text</date></head>
            <row xml:id="p104_01">
               <cell>395</cell>
               <cell>
                  <name type="person" ref="pers_WCDH621">Thompson Tripp</name>
                  <choice rend="align(right)">
                     <abbr>DR</abbr>
                     <expan>Debtor</expan>
                  </choice>
               </cell>
               <cell/>
               <cell/>
               <cell/>
               <cell/>
            </row>
            <row xml:id="p104_02">
               <cell/>
               <cell>To <name type="account" ref="LMWcash">cash</name>36/</cell>
               <cell><measure commodity="currency" quantity="6" unit="dollars">6</measure></cell>
               <cell><measure commodity="currency" quantity="00" unit="cents">00</measure></cell>
               <cell/>
               <cell/>
            </row>
            <row xml:id="p104_03">
               <cell/>
               <cell>By paying cash</cell>
               <cell><measure commodity="currency" quantity="1" unit="dollars">1</measure></cell>
               <cell><measure commodity="currency" quantity="68" unit="cents">68</measure></cell>
               <cell></cell>
               <cell></cell>
            </row>
            <row xml:id="p104_04">
               <cell/>
               <cell><date when="1832-04-23">23</date></cell>
               <cell/>
               <cell/>
               <cell/>
               <cell/>
            </row>
            <row xml:id="p104_05">
               <cell>368</cell>
               <cell><name type="person" ref="pers_WCDH574">Timothy Smith</name>
                  <choice rend="align(right)">
                     <abbr>DR</abbr>
                     <expan>Debtor</expan>
                  </choice></cell>
               <cell/>
               <cell/>
               <cell/>
               <cell/>
            </row>
            <row xml:id="p104_06">
               <cell/>
               <cell>To <measure commodity="potatoes" quantity="1" unit="bushels">1 Bus Potatoes</measure>2/3</cell>
               <cell></cell>
               <cell><measure commodity="currency" quantity="38" unit="dollars">38</measure></cell>
               <cell/>
               <cell/>
            </row>
            <row xml:id="p104_07">
               <cell/>
               <cell><date when="1832-04-24">24</date></cell>
               <cell/>
               <cell/>
               <cell/>
               <cell/>
            </row>
            <row xml:id="p104_08">
               <cell>117</cell>
               <cell><name type="person" ref="pers_WCDH276">Darius Drake</name>
                  <choice rend="align(right)">
                     <abbr>DR</abbr>
                     <expan>Debtor</expan>
                  </choice></cell>
               <cell/>
               <cell/>
               <cell/>
               <cell/>
            </row>
            <row xml:id="p104_09">
               <cell/>
               <cell>To <measure commodity="oven" quantity="1" unit="count">oven</measure>for H. Hodges 6/</cell>
               <cell><measure commodity="currency" quantity="1" unit="dollars">1</measure></cell>
               <cell><measure commodity="currency" quantity="00" unit="cents">00</measure></cell>
               <cell/>
               <cell/>
            </row>
            <row xml:id="p104_10">
               <cell/>
               <cell><date when="1832-04-25">25</date></cell>
               <cell/>
               <cell/>
               <cell/>
               <cell/>
            </row>
            <row xml:id="p104_11">
               <cell></cell>
               <cell>Nathan Anderson</cell>
               <cell/>
               <cell/>
               <cell/>
               <cell/>
            </row>
            <row xml:id="p104_12">
               <cell/>
               <cell>To <name type="account" ref="LMWcash">cash</name>28x</cell>
               <cell></cell>
               <cell><measure commodity="currency" quantity="28" unit="dollars">28</measure></cell>
               <cell/>
               <cell/>
            </row>
            <row xml:id="p104_13">
               <cell>Settled</cell>
               <cell><name type="person" ref="">Henry Clement</name>
                  <choice rend="align(right)">
                     <abbr>DR</abbr>
                     <expan>Debtor</expan>
                  </choice></cell>
               <cell/>
               <cell/>
               <cell/>
               <cell/>
            </row>
            <row xml:id="p104_14">
               <cell></cell>
               <cell>To<name type="account" ref="LMWcash">cash</name>1/6</cell>
               <cell/>
               <cell><measure commodity="currency" quantity="25" unit="dollars">25</measure></cell>
               <cell/>
               <cell/>
            </row>
            <row xml:id="p104_15">
               <cell/>
               <cell><date when="1832-04-29">29</date></cell>
               <cell></cell>
               <cell></cell>
               <cell/>
               <cell/>
            </row>
            <row xml:id="p104_16">
               <cell>396</cell>
               <cell><name type="person" ref="pers_WCDH484">Samuel Morey</name>
                  <choice rend="align(right)">
                     <abbr>DR</abbr>
                     <expan>Debtor</expan>
                  </choice></cell>
               <cell/>
               <cell/>
               <cell/>
               <cell/>
            </row>
            <row xml:id="p104_17">
               <cell></cell>
               <cell>To<name type="account" ref="LMWcash">cash</name><measure commodity="currency" quantity="30" unit="dollars">thirty dollars</measure></cell>
               <cell><measure commodity="currency" quantity="30" unit="dollars">30</measure></cell>
               <cell><measure commodity="currency" quantity="00" unit="cents">00</measure></cell>
               <cell/>
               <cell/>
            </row>
            <row xml:id="p104_18">
               <cell>Settled</cell>
               <cell><name type="person" ref="pers_WCDH140">Oliver Allen</name>
                  <choice rend="align(right)">
                     <abbr>DR</abbr>
                     <expan>Debtor</expan>
                  </choice></cell>
               <cell/>
               <cell></cell>
               <cell/>
               <cell/>
            </row>
            <row xml:id="p104_19">
               <cell/>
               <cell>By <measure commodity="labor" quantity="6" unit="day">six days work</measure>4/6</cell>
               <cell><measure commodity="currency" quantity="4" unit="dollars">4</measure></cell>
               <cell><measure commodity="currency" quantity="50" unit="cents">50</measure></cell>
               <cell/>
               <cell></cell>
            </row>
            <row xml:id="p104_20">
               <cell/>
               <cell>To<name type="account" ref="LMWcash">cash</name>12/</cell>
               <cell><measure commodity="currency" quantity="2" unit="dollars">2</measure></cell>
               <cell><measure commodity="currecny" quantity="00" unit="cents">00</measure></cell>
               <cell/>
               <cell/>
            </row>
            <row xml:id="p104_21">
               <cell>Settled</cell>
               <cell><name type="person" ref=""><!--?--></name>
                  <choice rend="align(right)">
                     <abbr>DR</abbr>
                     <expan>Debtor</expan>
                  </choice></cell>
               <cell/>
               <cell/>
               <cell/>
               <cell/>
            </row>
            <row xml:id="p104_22">
               <cell/>
               <cell>By<measure commodity="labor" quantity="1" unit="day"></measure>days work</cell>
               <cell/>
               <cell></cell>
               <cell/>
               <cell/>
            </row>
            <row xml:id="p104_23">
               <cell/>
               <cell>To <measure commodity="labor" quantity="1" unit="day">work</measure>3/</cell>
               <cell/>
               <cell><measure commodity="currency" quantity="50" unit="dollars">50</measure></cell>
               <cell/>
               <cell/>
            </row>
            <row xml:id="p104_24">
               <cell>391</cell>
               <cell><name type="person" ref="pers_WCDH506">Catharine Perham</name>
                  <choice rend="align(right)">
                     <abbr>DR</abbr>
                     <expan>Debtor</expan>
                  </choice></cell>
               <cell/>
               <cell/>
               <cell/>
               <cell/>
            </row>
            <row xml:id="p104_25">
               <cell/>
               <cell>To <measure commodity="postage" quantity="1" unit="count">postage of letters</measure></cell>
               <cell></cell>
               <cell><measure commodity="currency" quantity="10" unit="dollars">10</measure></cell>
               <cell/>
               <cell/>
            </row>
            <row xml:id="p104_26">
               <cell>392</cell>
               <cell><name type="person" ref="pers_WCDH359">Hiram Hodges</name>
                  <choice rend="align(right)">
                     <abbr>DR</abbr>
                     <expan>Debtor</expan>
                  </choice></cell>
               <cell/>
               <cell/>
               <cell/>
               <cell/>
            </row>
            <row xml:id="p104_27">
               <cell></cell>
               <cell>To <measure commodity="potatoes" quantity="1" unit="bushels">1 Bus potatoes</measure>2/0</cell>
               <cell/>
               <cell><measure commodity="currency" quantity="38" unit="dollars">38</measure></cell>
               <cell/>
               <cell/>
            </row>
            <row xml:id="p104_28">
               <cell><date when="1832-05-03">May 3</date></cell>
               <cell></cell>
               <cell/>
               <cell></cell>
               <cell/>
               <cell/>
            </row>
            <row xml:id="p104_29">
               <cell>396</cell>
               <cell><name type="person" ref="pers_WCDH484">Samuel Morey</name>
                  <choice rend="align(right)">
                     <abbr>DR</abbr>
                     <expan>Debtor</expan>
                  </choice></cell><cell/>
               <cell></cell>
               <cell/>
               <cell/>
            </row>
            <row xml:id="p104_30">
               <cell/>
               <cell>To <measure commodity="potatoes" quantity="5" unit="bushels">5 Bushell Potatoes</measure>2/3</cell>
               <cell><measure commodity="currency" quantity="2" unit="dollars">2</measure></cell>
               <cell><measure commodity="currency" quantity="08" ana="cents">08</measure></cell>
               <cell/>
               <cell/>
            </row>
            <row xml:id="p104_31">
               <cell>Settled</cell>
               <cell><name type="person" ref="">Henry Clement</name>
                  <choice rend="align(right)">
                     <abbr>DR</abbr>
                     <expan>Debtor</expan>
                  </choice></cell>
               <cell/>
               <cell/>
               <cell/>
               <cell/>
            </row>
            <row xml:id="p104_32">
               <cell/>
               <cell>To <measure commodity="potatoes" quantity="1" unit="bushels">1 Bus potatoes</measure>2/3</cell>
               <cell></cell> 
               <cell></cell>
               <cell/>
               <cell/>
            </row>
            <row xml:id="p104_33">
               <cell/>
               <cell><name type="account" ref="LMWcash">cash</name>3/</cell>
               <cell/>
               <cell><measure commodity="currency" quantity="88" unit="dollars">88</measure></cell>
               <cell/>
               <cell/>
            </row>
            <row xml:id="p104_34">
               <cell>392</cell>
               <cell><name type="person" ref="pers_WCDH359">Hiram Hodges</name>
                  <choice rend="align(right)">
                     <abbr>DR</abbr>
                     <expan>Debtor</expan>
                  </choice></cell>
               <cell/>
               <cell/>
               <cell/>
               <cell/>
            </row>
            <row xml:id="p104_35">
               <cell/>
               <cell>By 1/2 <!--?--> 4/6</cell>
               <cell></cell>
               <cell><measure commodity="currency" quantity="75" unit="dollars">75</measure></cell>
               <cell/>
               <cell/>
            </row>
            <row xml:id="p104_36">
               <cell/>
               <cell><date when="1832-05-05">5</date></cell>
               <cell></cell>
               <cell></cell>
               <cell></cell>
               <cell></cell>
            </row>
            <row xml:id="p104_37">
               <cell>392</cell>
               <cell><name type="person" ref="pers_WCDH359">Hiram Hodges</name>
                  <choice rend="align(right)">
                     <abbr>DR</abbr>
                     <expan>Debtor</expan>
                  </choice></cell>
               <cell></cell>
               <cell></cell>
               <cell/>
               <cell/>
            </row>
            <row xml:id="p104_38">
               <cell/>
               <cell>To <measure commodity="Rye" quantity="1/2" unit="bushels">1/2 Buss Rye</measure>6/ <!--?--></cell>
               <cell/>
               <cell><measure commodity="currency" quantity="50" unit="dollars">50</measure></cell>
               <cell/>
               <cell/>
            </row>
            <row xml:id="p104_39">
               <cell>392</cell>
               <cell>By 5 1/2 <!--?--></cell>
               <cell/>
               <cell><measure commodity="currency" quantity="83" unit="dollars">83</measure></cell>
               <cell/>
               <cell/>
            </row>
            <row xml:id="p104_40">
               <cell></cell>
               <cell>5</cell>
               <cell></cell>
               <cell></cell>
               <cell/>
               <cell/>
            </row>
            <row xml:id="p104_41">
               <cell>391</cell>
               <cell><name type="person" ref="pers_WCDH506">Catharine A Perham</name>
                  <choice rend="align(right)">
                     <abbr>DR</abbr>
                     <expan>Debtor</expan>
                  </choice></cell>
               <cell/>
               <cell/>
               <cell/>
               <cell/>
            </row>
            <row xml:id="p104_42">
               <cell></cell>
               <cell>To a <!--?--></cell>
               <cell/>
               <cell/>
               <cell/>
               <cell/>
            </row>
            <row xml:id="p104_43">
               <cell/>
               <cell>12/</cell>
               <cell><measure commodity="currency" quantity="3" unit="dollars">3</measure></cell>
               <cell><measure commodity="currency" quantity="00" unit="cents">00</measure></cell>
               <cell/>
               <cell/>
            </row>
            <row xml:id="p104_44">
               <cell>393</cell>
               <cell><name type="person" ref="pers_WCDH650">Wheaton Wheeler</name>
                  <choice rend="align(right)">
                     <abbr>DR</abbr>
                     <expan>Debtor</expan>
                  </choice></cell>
               <cell/>
               <cell/>
               <cell/>
               <cell/>
            </row>
            <row xml:id="p104_45">
               <cell></cell>
               <cell>By cash recevied of county <!--?--></cell>
               <cell><measure commodity="currency" quantity="13" unit="dollars">13</measure></cell>
               <cell><measure commodity="currency" quantity="56" unit="cents">56</measure></cell>
               <cell/>
               <cell/>
            </row>
            <row xml:id="p104_46">
               <cell/>
               <cell><date when="1832-05-11">11</date></cell>
               <cell></cell>
               <cell></cell>
               <cell/>
               <cell/>
            </row>
            <row xml:id="p104_47">
               <cell>368</cell>
               <cell><name type="person" ref="pers_WCDH574">Timothy Smith</name>
                  <choice rend="align(right)">
                     <abbr>DR</abbr>
                     <expan>Debtor</expan>
                  </choice></cell>
               <cell/>
               <cell/>
               <cell/>
               <cell/>
            </row>
            <row xml:id="p104_48">
               <cell></cell>
               <cell>To<measure commodity="potatoes" quantity="1" unit="bushels">1 Bushel potatoes</measure>2/3</cell>
               <cell/>
               <cell><measure commodity="currency" quantity="38" unit="dollars">38</measure></cell>
               <cell/>
               <cell/>
            </row>
            <row xml:id="p104_49">
               <cell>391</cell>
               <cell><name type="person" ref="pers_WCDH506">Catharine Perham</name>
                  <choice rend="align(right)">
                     <abbr>DR</abbr>
                     <expan>Debtor</expan>
                  </choice></cell>
               <cell/>
               <cell></cell>
               <cell/>
               <cell/>
            </row>
            <row xml:id="p104_50">
               <cell/>
               <cell>To <!--?--> 8x</cell>
               <cell/>
               <cell><measure commodity="currency" quantity="8" unit="dollars">8</measure></cell>
               <cell/>
               <cell></cell>
            </row>