<?xml version="1.0" encoding="UTF-8"?>
<?oxygen RNGSchema="http://www.tei-c.org/release/xml/tei/custom/schema/relaxng/tei_all.rng" type="xml"?>
<TEI xmlns="http://www.tei-c.org/ns/1.0">
   <teiHeader>
      <fileDesc>
         <titleStmt>
            <title>LMW Day Book, pp. 100-149</title>
            <author>L.M. Wheaton</author>
         </titleStmt>
         <publicationStmt>
            <p>Transcribed by Sahilia Ramirez Summer 2016, Wheaton College</p>
         </publicationStmt>
         <sourceDesc>
            <biblFull>
               <titleStmt>
                  <title>Account Books, pp.100-149</title>
                  <author>L.M. Wheaton</author>
                  <respStmt>
                     <resp> TEI-compatible XML markup by <name type="person">Sahilia Ramirez</name>
                        with corrections by <name type="person">Name</name>, <name
                           type="person">Name</name>, and <name type="person">Name</name>.</resp>
                     <name type="person">Name</name>
                  </respStmt>
               </titleStmt>
               <publicationStmt>
                  <p>Transcribed by Sahilia Ramirez Summer 2016, Wheaton College</p>
               </publicationStmt>
               <sourceDesc>
                  <p> From the Marion B. Gebbie Archives and Special Collections at the Madeleine
                     Clark Wallace Library, Wheaton College </p>
               </sourceDesc>
            </biblFull>
         </sourceDesc>
      </fileDesc>
   </teiHeader>
   <text>
      <body>
         <pb n="114"/>
         <fw type="pageNum">114</fw>
         <table xml:id="p114" cols="6">
            <head>Monday<date when="1833-05-06">text</date></head>
            <row xml:id="p114_01">
               <cell>389</cell>
               <cell>
                  <name type="person" ref="pers_WCDH230">Oliver C Clapp</name>
                  <choice rend="align(right)">
                     <abbr>Dr</abbr>
                     <expan>Debtor</expan>
                  </choice>
               </cell>
               <cell/>
               <cell/>
               <cell/>
               <cell/>
            </row>
            <row xml:id="p114_02">
               <cell/>
               <cell>To <measure commodity="plank" quantity="1" unit="count">plank</measure>for sink</cell>
               <cell></cell>
               <cell><measure commodity="currency" quantity="65" unit="dollars">65</measure></cell>
               <cell/>
               <cell/>
            </row>
            <row xml:id="p114_03">
               <cell/>
               <cell>Do . for <!--?--> </cell>
               <cell></cell>
               <cell><measure commodity="currency" quantity="45" unit="dollars">45</measure></cell>
               <cell></cell>
               <cell></cell>
            </row>
            <row xml:id="p114_04">
               <cell/>
               <cell>Do . for <!--?--></cell>
               <cell/>
               <cell><measure commodity="currency" quantity="45" unit="dollars">45</measure></cell>
               <cell><measure commodity="currency" quantity="1" unit="dollars">1</measure></cell>
               <cell><measure commodity="currency" quantity="55" unit="dollars">55</measure></cell>
            </row>
            <row xml:id="p114_05">
               <cell>163</cell>
               <cell> <name type="person" ref="pers_WCDH194">Thomas Bruman 3rd</name>
                  <choice rend="align(right)">
                     <abbr>Dr</abbr>
                     <expan>Debtor</expan>
                  </choice></cell>
               <cell/>
               <cell/>
               <cell/>
               <cell/>
            </row>
            <row xml:id="p114_06">
               <cell/>
               <cell>To <measure commodity="labor" quantity="1/2" unit="day">hammer 1/2 day</measure>1/</cell>
               <cell></cell>
               <cell><measure commodity="currency" quantity="17" unit="dollars">17</measure></cell>
               <cell/>
               <cell/>
            </row>
            <row xml:id="p114_07">
               <cell/>
               <cell><date when="1833-05-07">7</date></cell>
               <cell/>
               <cell/>
               <cell/>
               <cell/>
            </row>
            <row xml:id="p114_08">
               <cell>203</cell>
               <cell> <name type="person" ref="pers_WCDH375">Horace Hulet</name>
                  <choice rend="align(right)">
                     <abbr>Dr</abbr>
                     <expan>Debtor</expan>
                  </choice></cell>
               <cell/>
               <cell/>
               <cell/>
               <cell/>
            </row>
            <row xml:id="p114_09">
               <cell/>
               <cell>To <measure commodity="labor" unit="day">keeping cover on hay from date 3 2/ me week</measure></cell>
               <cell></cell>
               <cell><measure commodity="currency" quantity="33" unit="dollars">33</measure></cell>
               <cell/>
               <cell/>
            </row>
            <row xml:id="p114_10">
               <cell>309</cell>
               <cell> <name type="person" ref="pers_WCDH341">Silas Hall</name>
                  <choice rend="align(right)">
                     <abbr>Dr</abbr>
                     <expan>Debtor</expan>
                  </choice></cell>
               <cell/>
               <cell/>
               <cell/>
               <cell/>
            </row>
            <row xml:id="p114_11">
               <cell></cell>
               <cell>To <measure commodity="corn" quantity="1" unit="peek">1 peek seed corn</measure>7/</cell>
               <cell/>
               <cell><measure commodity="currency" quantity="29" unit="dollars">29</measure></cell>
               <cell/>
               <cell/>
            </row>
            <row xml:id="p114_12">
               <cell/>
               <cell><date when="1833-05-11">11</date></cell>
               <cell></cell>
               <cell></cell>
               <cell/>
               <cell/>
            </row>
            <row xml:id="p114_13">
               <cell>393</cell>
               <cell> <name type="person" ref="pers_WCDH650">Wheaton Wheeler</name>
                  <choice rend="align(right)">
                     <abbr>Dr</abbr>
                     <expan>Debtor</expan>
                  </choice></cell>
               <cell/>
               <cell/>
               <cell/>
               <cell/>
            </row>
            <row xml:id="p114_14">
               <cell></cell>
               <cell>By <measure commodity="labor" quantity="1.5" unit="day">1 1/2 days work</measure>the 4th 42x</cell>
               <cell/>
               <cell/>
               <cell/>
               <cell/>
            </row>
            <row xml:id="p114_15">
               <cell/>
               <cell> <measure commodity="labor" quantity="2" unit="day">two do this week</measure>42x</cell>
               <cell></cell>
               <cell><measure commodity="currency" quantity="84" unit="dollars">84</measure></cell>
               <cell/>
               <cell/>
            </row>
            <row xml:id="p114_16">
               <cell/>
               <cell><date when="1833-05-13">13</date></cell>
               <cell/>
               <cell/>
               <cell/>
               <cell/>
            </row>
            <row xml:id="p000_17">
               <cell>393</cell>
               <cell>To <measure commodity="potatoes" quantity="2" unit="bushels">2 Bushel potatoes</measure> 1/6</cell>
               <cell/>
               <cell><measure commodity="currency" quantity="50" unit="dollars">50</measure></cell>
               <cell/>
               <cell/>
            </row>
            <row xml:id="p114_18">
               <cell/>
               <cell> <measure commodity="meal" quantity="1/2" unit="peek">1/2 peek meal</measure>paid</cell>
               <cell/>
               <cell><measure commodity="currency" quantity="1.3" unit="dollars">1.3</measure></cell>
               <cell/>
               <cell/>
            </row>
            <row xml:id="p114_19">
               <cell>394</cell>
               <cell> <name type="person" ref="pers_WCDH565">John Smith</name>
                  <choice rend="align(right)">
                     <abbr>Dr</abbr>
                     <expan>Debtor</expan>
                  </choice></cell>
               <cell/>
               <cell></cell>
               <cell/>
               <cell></cell>
            </row>
            <row xml:id="p114_20">
               <cell/>
               <cell>To <measure commodity="labor" quantity="1/2" unit="day">cattle 1/2 day to plough</measure></cell>
               <cell/>
               <cell><measure commodity="currency" quantity="25" unit="dollars">25</measure></cell>
               <cell/>
               <cell/>
            </row>
            <row xml:id="p114_21">
               <cell></cell>
               <cell><date when="1833-05-19">19</date></cell>
               <cell/>
               <cell/>
               <cell/>
               <cell/>
            </row>
            <row xml:id="p114_22">
               <cell>399</cell>
               <cell> <name type="person" ref="pers_WCDH134">Asa M, Adams</name>
                  <choice rend="align(right)">
                     <abbr>Dr</abbr>
                     <expan>Debtor</expan>
                  </choice></cell>
               <cell/>
               <cell></cell>
               <cell/>
               <cell/>
            </row>
            <row xml:id="p114_23">
               <cell/>
               <cell>To <measure commodity="lard" quantity="3 1/2" unit="lbs">3 1/2 lbs. lard</measure>10x lbs.</cell>
               <cell/>
               <cell><measure commodity="currency" quantity="35" unit="dollars">35</measure></cell>
               <cell/>
               <cell/>
            </row>
            <row xml:id="p114_24">
               <cell></cell>
               <cell>Beers paid</cell>
               <cell/>
               <cell><measure commodity="currency" quantity="13" unit="dollars">13</measure></cell>
               <cell/>
               <cell><measure commodity="currency" quantity="48" unit="dollars">48</measure></cell>
            </row>
            <row xml:id="p114_25">
               <cell><!--?--></cell>
               <cell> <name type="person" ref="pers_WCDH302">Phillis Frazier</name>
                  <choice rend="align(right)">
                     <abbr>Dr</abbr>
                     <expan>Debtor</expan>
                  </choice></cell>
               <cell></cell>
               <cell></cell>
               <cell/>
               <cell/>
            </row>
            <row xml:id="p114_26">
               <cell/>
               <cell>To 1 <!--?--></cell>
               <cell/>
               <cell><measure commodity="currency" quantity="6" unit="dollars">6</measure></cell>
               <cell/>
               <cell/>
            </row>
            <row xml:id="p114_27">
               <cell></cell>
               <cell><date when="1833-05-20">20</date></cell>
               <cell/>
               <cell/>
               <cell/>
               <cell/>
            </row>
            <row xml:id="p114_28">
               <cell>113</cell>
               <cell> <name type="person" ref="pers_WCDH572">Seth Smith</name>
                  <choice rend="align(right)">
                     <abbr>Dr</abbr>
                     <expan>Debtor</expan>
                  </choice></cell>
               <cell/>
               <cell></cell>
               <cell/>
               <cell/>
            </row>
            <row xml:id="p114_29">
               <cell/>
               <cell>To <measure commodity="cow" quantity="1/2" unit="lbs">half of a cow</measure><measure commodity="currency" quantity="11.50" unit="dollars">$11.50</measure></cell><cell/>
               <cell><measure commodity="currency" quantity="5" unit="dollars">5</measure></cell>
               <cell><measure commodity="currency" quantity="50" unit="dollars">50</measure></cell>
               <cell><measure commodity="currency" quantity="5" unit="dollars">5</measure></cell>
               <cell><measure commodity="currency" quantity="50" unit="dollars">50</measure></cell>
            </row>
            <row xml:id="p114_30">
               <cell>112</cell>
               <cell> <name type="person" ref="pers_WCDH400">Josiah King</name>
                  <choice rend="align(right)">
                     <abbr>Dr</abbr>
                     <expan>Debtor</expan>
                  </choice></cell>
               <cell/>
               <cell/>
               <cell/>
               <cell/>
            </row>
            <row xml:id="p114_31">
               <cell></cell>
               <cell>To <measure commodity="plank" quantity="1" unit="count">plank for sink</measure>45x</cell>
               <cell/>
               <cell><measure commodity="currency" quantity="45" unit="dollars">45</measure></cell>
               <cell/>
               <cell/>
            </row>
            <row xml:id="p114_32">
               <cell>393</cell>
               <cell> <name type="person" ref="pers_WCDH650">Wheaton Wheeler</name>
                  <choice rend="align(right)">
                     <abbr>Dr</abbr>
                     <expan>Debtor</expan>
                  </choice></cell>
               <cell></cell>
               <cell></cell>
               <cell/>
               <cell/>
            </row>
            <row xml:id="p114_33">
               <cell/>
               <cell>By <measure commodity="labor" quantity="2" unit="day">two days work last week</measure>42</cell>
               <cell/>
               <cell><measure commodity="currency" quantity="84" unit="dollars">84</measure></cell>
               <cell/>
               <cell/>
            </row>
            <row xml:id="p114_34">
               <cell></cell>
               <cell>To <measure commodity="potatoes" quantity="1" unit="bushels">one Bushel potatoes</measure>1/6</cell>
               <cell/>
               <cell><measure commodity="currency" quantity="25" unit="dollars">25</measure></cell>
               <cell/>
               <cell/>
            </row>
            <row xml:id="p114_35">
               <cell/>
               <cell><date when="1833-05-25">25</date></cell>
               <cell></cell>
               <cell></cell>
               <cell/>
               <cell/>
            </row>
            <row xml:id="p114_36">
               <cell>393</cell>
               <cell> <name type="person" ref="pers_WCDH650">Wheaton Wheeler</name>
                  <choice rend="align(right)">
                     <abbr>Dr</abbr>
                     <expan>Debtor</expan>
                  </choice></cell>
               <cell></cell>
               <cell></cell>
               <cell></cell>
               <cell></cell>
            </row>
            <row xml:id="p114_37">
               <cell/>
               <cell>To <measure commodity="potatoes" quantity="1" unit="peek">1 peek potatoes</measure>8x</cell>
               <cell></cell>
               <cell></cell>
               <cell/>
               <cell/>
            </row>
            <row xml:id="p114_38">
               <cell/>
               <cell><measure commodity="meal" quantity="1" unit="peek">1 peek meal</measure>paid</cell>
               <cell/>
               <cell><measure commodity="currency" quantity="21" unit="dollars">21</measure></cell>
               <cell/>
               <cell/>
            </row>
            <row xml:id="p114_39">
               <cell>393</cell>
               <cell>By <measure commodity="labor" quantity="2 1/2" unit="day">two and half days work</measure>42x</cell>
               <cell><measure commodity="currency" quantity="1" unit="dollars">1</measure></cell>
               <cell><measure commodity="currency" quantity="05" unit="dollars">05</measure></cell>
               <cell/>
               <cell/>
            </row>
            <row xml:id="p114_40">
               <cell/>
               <cell><date when="1833-05-28">28</date></cell>
               <cell></cell>
               <cell></cell>
               <cell/>
               <cell/>
            </row>
            <row xml:id="p114_41">
               <cell>394</cell>
               <cell> <name type="person" ref="pers_WCDH565">John Smith</name>
                  <choice rend="align(right)">
                     <abbr>Dr</abbr>
                     <expan>Debtor</expan>
                  </choice></cell>
               <cell/>
               <cell/>
               <cell/>
               <cell/>
            </row>
            <row xml:id="p114_42">
               <cell></cell>
               <cell>To <measure commodity="corn seeds" quantity="5" unit="qts.">5 qts. seed corn</measure> 4x</cell>
               <cell/>
               <cell><measure commodity="currency" quantity="20" unit="dollars">20</measure></cell>
               <cell/>
               <cell/>
            </row>
            <row xml:id="p114_43">
               <cell>388</cell>
               <cell> <name type="person" ref=""><!--?--></name>
                  <choice rend="align(right)">
                     <abbr>Dr</abbr>
                     <expan>Debtor</expan>
                  </choice></cell>
               <cell></cell>
               <cell></cell>
               <cell/>
               <cell/>
            </row>
            <row xml:id="p114_44">
               <cell/>
               <cell>To <measure commodity="potatoes" quantity="7" unit="bushels">7 Bushel potatoes</measure>1/6</cell>
               <cell><measure commodity="currency" quantity="1" unit="dollars">1</measure></cell>
               <cell><measure commodity="currency" quantity="25" unit="dollars">25</measure></cell>
               <cell/>
               <cell/>
            </row>
            <pb n="114"/>
            <fw type="pageNum">114</fw>
            <table xml:id="p114" cols="6">
               <head><date when="1833-06-01">text</date></head>
            <row xml:id="p114_45">
               <cell>389</cell>
               <cell><name type="person" ref="pers_WCDH230">Oliver Clapp</name>
                  <choice rend="align(right)">
                     <abbr>Dr</abbr>
                     <expan>Debtor</expan>
                  </choice></cell>
               <cell/>
               <cell/>
               <cell/>
               <cell/>
            </row>
            <row xml:id="p114_46">
               <cell/>
               <cell>To <measure commodity="currency" quantity="4" unit="dollars">four dollars</measure>paid son</cell>
               <cell><measure commodity="currency" quantity="4" unit="dollars">4</measure></cell>
               <cell><measure commodity="currency" quantity="00" unit="dollars">00</measure></cell>
               <cell/>
               <cell/>
            </row>
            <row xml:id="p114_47">
               <cell/>
               <cell>To <measure commodity="currency" quantity="7" unit="dollars">seven dollars</measure>paid self</cell>
               <cell><measure commodity="currency" quantity="7" unit="dollars">7</measure></cell>
               <cell><measure commodity="currency" quantity="00" unit="dollars">00</measure></cell>
               <cell/>
               <cell/>
            </row>
            <row xml:id="p114_48">
               <cell> b paid on post office book</cell>
               <cell><name type="person" ref="pers_WCDH527"> Ephraim Raymond</name>
                  <choice rend="align(right)">
                     <abbr>Dr</abbr>
                     <expan>Debtor</expan>
                  </choice></cell>
               <cell/>
               <cell/>
               <cell/>
               <cell/>
            </row>
            <row xml:id="p114_49">
               <cell/>
               <cell>To <measure commodity="pine logs" quantity="25.5" unit="feet">25 1/2 feet pine logs</measure> <measure commodity="currency" quantity="5" unit="dollars">$5 00</measure>tm</cell>
               <cell><measure commodity="currency" quantity="3" unit="dollars">3</measure></cell>
               <cell><measure commodity="currency" quantity="18" unit="dollars">18</measure></cell>
               <cell/>
               <cell/>
            </row>
            <row xml:id="p114_50">
               <cell/>
               <cell><date when="1833-06-03">3</date></cell>
               <cell/>
               <cell></cell>
               <cell/>
               <cell></cell>
            </row>
            <row xml:id="p114_51">
               <cell>365</cell>
               <cell><name type="person" ref="pers_WCDH699">Samuel Wrigley</name>
                  <choice rend="align(right)">
                     <abbr>Dr</abbr>
                     <expan>Debtor</expan>
                  </choice></cell>
               <cell/>
               <cell/>
               <cell/>
               <cell/>
            </row>
            <row xml:id="p114_52">
               <cell/>
               <cell>To cash lent <measure commodity="currency" quantity="4" unit="dollars">four dollars</measure></cell>
               <cell><measure commodity="currency" quantity="4" unit="dollars">4</measure></cell>
               <cell><measure commodity="currency" quantity="00" unit="dollars">00</measure></cell>
               <cell/>
               <cell/>
            </row>
         <pb n="115"/>
         <fw type="pageNum">115</fw>
         <table xml:id="p115" cols="6">
            <head>Monday<date when="1833-06-03">text</date></head>
            <row xml:id="p114_01">
               <cell>393</cell>
               <cell>
                  <name type="person" ref="pers_WCDH650">Wheaton Wheeler</name>
                  <choice rend="align(right)">
                     <abbr>DR</abbr>
                     <expan>Debtor</expan>
                  </choice>
               </cell>
               <cell/>
               <cell/>
               <cell/>
               <cell/>
            </row>
            <row xml:id="p115_02">
               <cell/>
               <cell>By <measure commodity="labor" quantity="2" unit="day">two days work last</measure>week</cell>
               <cell></cell>
               <cell><measure commodity="currency" quantity="84" unit="dollars">84</measure></cell>
               <cell/>
               <cell/>
            </row>
            <row xml:id="p115_03">
               <cell/>
               <cell>To <measure commodity="potatoes" quantity="1 1/2" unit="bushels">1 1/2 Buls.Potatoes</measure>20x</cell>
               <cell></cell>
               <cell><measure commodity="currency" quantity="30" unit="dollars">30</measure></cell>
               <cell></cell>
               <cell></cell>
            </row>
            <row xml:id="p115_04">
               <cell>394</cell>
               <cell><name type="person" ref="pers_WCDH565">John Smith</name>
                  <choice rend="align(right)">
                     <abbr>DR</abbr>
                     <expan>Debtor</expan>
                  </choice></cell>
               <cell/>
               <cell/>
               <cell/>
               <cell/>
            </row>
            <row xml:id="p115_05">
               <cell></cell>
               <cell>To <measure commodity="potatoes" quantity="4" unit="bushels">four Buls. potatoes</measure>20x</cell>
               <cell/>
               <cell><measure commodity="currency" quantity="80" unit="dollars">80</measure></cell>
               <cell/>
               <cell/>
            </row>
            <row xml:id="p115_06">
               <cell>45</cell>
               <cell><name type="person" ref="pers_WCDH570">Noah Smith</name>
                  <choice rend="align(right)">
                     <abbr>DR</abbr>
                     <expan>Debtor</expan>
                  </choice></cell>
               <cell></cell>
               <cell></cell>
               <cell/>
               <cell/>
            </row>
            <row xml:id="p115_07">
               <cell/>
               <cell>To <measure commodity="cider" quantity="1" unit="BM">1 BM. cider</measure>15/</cell>
               <cell/>
               <cell/>
               <cell/>
               <cell/>
            </row>
            <row xml:id="p115_08">
               <cell></cell>
               <cell><measure commodity="potatoes" quantity="2" unit="bushels">2 Buls potatoes</measure>20x</cell>
               <cell><measure commodity="currency" quantity="2" unit="dollars">2</measure></cell>
               <cell><measure commodity="currency" quantity="90" unit="dollars">90</measure></cell>
               <cell/>
               <cell/>
            </row>
            <row xml:id="p115_09">
               <cell/>
               <cell><date when="1833-06-07">7th</date></cell>
               <cell></cell>
               <cell></cell>
               <cell/>
               <cell/>
            </row>
            <row xml:id="p115_10">
               <cell>394</cell>
               <cell><name type="person" ref="pers_WCDH565">John Smith</name>
                  <choice rend="align(right)">
                     <abbr>DR</abbr>
                     <expan>Debtor</expan>
                  </choice></cell>
               <cell/>
               <cell/>
               <cell/>
               <cell/>
            </row>
            <row xml:id="p115_11">
               <cell></cell>
               <cell>To <measure commodity="potatoes" quantity="2" unit="bushels">2 bushels of potatoes</measure>20x</cell>
               <cell/>
               <cell><measure commodity="currency" quantity="40" unit="dollars">40</measure></cell>
               <cell/>
               <cell/>
            </row>
            <row xml:id="p115_12">
               <cell>309</cell>
               <cell><name type="person" ref="pers_WCDH341">Silas Hall</name>
                  <choice rend="align(right)">
                     <abbr>DR</abbr>
                     <expan>Debtor</expan>
                  </choice></cell>
               <cell></cell>
               <cell></cell>
               <cell/>
               <cell/>
            </row>
            <row xml:id="p115_13">
               <cell/>
               <cell>By <measure commodity="maple green" quantity="63" unit="feet">sixty three feet maple green</measure> 7/6</cell>
               <cell/>
               <cell/>
               <cell/>
               <cell/>
            </row>
            <row xml:id="p115_14">
               <cell>394</cell>
               <cell><name type="person" ref="pers_WCDH565">John Smith</name>
                  <choice rend="align(right)">
                     <abbr>DR</abbr>
                     <expan>Debtor</expan>
                  </choice></cell>
               <cell/>
               <cell/>
               <cell/>
               <cell/>
            </row>
            <row xml:id="p115_15">
               <cell/>
               <cell>To <name type="account" ref="LMWcash">cash</name>lent paid</cell>
               <cell></cell>
               <cell><measure commodity="currency" quantity="50" unit="dollars">50</measure></cell>
               <cell/>
               <cell/>
            </row>
            <row xml:id="p115_16">
               <cell/>
               <cell><date when="1833-06-08">8</date></cell>
               <cell/>
               <cell/>
               <cell/>
               <cell/>
            </row>
            <row xml:id="p115_17">
               <cell>393</cell>
               <cell><name type="person" ref="pers_WCDH650">Wheaton Wheeler</name>
                  <choice rend="align(right)">
                     <abbr>DR</abbr>
                     <expan>Debtor</expan>
                  </choice></cell>
               <cell/>
               <cell/>
               <cell/>
               <cell/>
            </row>
            <row xml:id="p115_18">
               <cell/>
               <cell>By <measure commodity="labor" quantity="1.5" unit="day">one x half days</measure>this week</cell>
               <cell/>
               <cell><measure commodity="currency" quantity="63" unit="dollars">63</measure></cell>
               <cell/>
               <cell/>
            </row>
            <row xml:id="p115_19">
               <cell/>
               <cell>To <measure commodity="meal" quantity="1" unit="peek">1 peek meal</measure>1/6</cell>
               <cell/>
               <cell><measure commodity="currency" quantity="25" unit="dollars">25</measure></cell>
               <cell/>
               <cell></cell>
            </row>
            <row xml:id="p115_20">
               <cell>402</cell>
               <cell><name type="person" ref="pers_WCDH397">Elijah H. King</name>
                  <choice rend="align(right)">
                     <abbr>DR</abbr>
                     <expan>Debtor</expan>
                  </choice></cell>
               <cell/>
               <cell/>
               <cell/>
               <cell/>
            </row>
            <row xml:id="p115_21">
               <cell></cell>
               <cell>To rent from <date when="1833-04-01">April 1st 1833</date></cell>
               <cell><measure commodity="currency" quantity="100" unit="dollars">100</measure></cell>
               <cell><measure commodity="currency" quantity="00" unit="dollars">00</measure></cell>
               <cell/>
               <cell/>
            </row>
            <row xml:id="p115_22">
               <cell/>
               <cell>paying for <!--?--></cell>
               <cell><measure commodity="currency" quantity="3" unit="dollars">3</measure></cell>
               <cell><measure commodity="currency" quantity="00" unit="dollars">00</measure></cell>
               <cell/>
               <cell/>
            </row>
            <row xml:id="p115_23">
               <cell/>
               <cell><date when="1833-06-09">9th</date></cell>
               <cell/>
               <cell/>
               <cell/>
               <cell/>
            </row>
            <row xml:id="p115_24">
               <cell>389</cell>
               <cell><name type="person" ref="pers_WCDH230">Oliver Clapp</name>
                  <choice rend="align(right)">
                     <abbr>DR</abbr>
                     <expan>Debtor</expan>
                  </choice></cell>
               <cell/>
               <cell/>
               <cell/>
               <cell/>
            </row>
            <row xml:id="p115_25">
               <cell/>
               <cell>To <measure commodity="potatoes" quantity="2" unit="bushels">two Bushel potatoes</measure>20x</cell>
               <cell></cell>
               <cell><measure commodity="currency" quantity="40" unit="dollars">40</measure></cell>
               <cell/>
               <cell/>
            </row>
            <row xml:id="p115_26">
               <cell>393</cell>
               <cell><name type="person" ref="pers_WCDH650">Wheaton Wheeler</name>
                  <choice rend="align(right)">
                     <abbr>DR</abbr>
                     <expan>Debtor</expan>
                  </choice></cell>
               <cell/>
               <cell/>
               <cell/>
               <cell/>
            </row>
            <row xml:id="p115_27">
               <cell></cell>
               <cell>To <measure commodity="potatoes" quantity="1/2" unit="bushels">1/2 Buls potatoes</measure>25x</cell>
               <cell/>
               <cell><measure commodity="currency" quantity="12" unit="dollars">12</measure></cell>
               <cell/>
               <cell/>
            </row>
            <row xml:id="p115_28">
               <cell>401</cell>
               <cell><name type="person" ref="pers_WCDH434">Simeon Leonard</name>
                  <choice rend="align(right)">
                     <abbr>DR</abbr>
                     <expan>Debtor</expan>
                  </choice></cell>
               <cell/>
               <cell></cell>
               <cell/>
               <cell/>
            </row>
            <row xml:id="p115_29">
               <cell/>
               <cell>To <measure commodity="potatoes" quantity="6" unit="bushels">six Buls. Potatoes</measure>20x</cell><cell/>
               <cell><measure commodity="currency" quantity="1" unit="dollars">1</measure></cell>
               <cell><measure commodity="currency" quantity="20" unit="dollars">20</measure></cell>
               <cell/>
            </row>
            <row xml:id="p115_30">
               <cell/>
               <cell><date when="1833-06-15">15</date></cell>
               <cell/>
               <cell/>
               <cell/>
               <cell/>
            </row>
            <row xml:id="p115_31">
               <cell>394</cell>
               <cell><name type="person" ref="pers_WCDH565">John Smith</name>
                  <choice rend="align(right)">
                     <abbr>DR</abbr>
                     <expan>Debtor</expan>
                  </choice></cell>
               <cell/>
               <cell/>
               <cell/>
               <cell/>
            </row>
            <row xml:id="p115_32">
               <cell/>
               <cell>To <measure commodity="beers" quantity="1" unit="peek">1 peek beers</measure>6/</cell>
               <cell></cell>
               <cell><measure commodity="currency" quantity="25" unit="dollars">25</measure></cell>
               <cell/>
               <cell/>
            </row>
            <row xml:id="p115_33">
               <cell/>
               <cell><date when="1833-06-18">18</date></cell>
               <cell/>
               <cell/>
               <cell/>
               <cell/>
            </row>
            <row xml:id="p115_34">
               <cell>305</cell>
               <cell><name type="person" ref="pers_WCDH699">Samuel Wrigley</name>
                  <choice rend="align(right)">
                     <abbr>DR</abbr>
                     <expan>Debtor</expan>
                  </choice></cell>
               <cell/>
               <cell/>
               <cell/>
               <cell/>
            </row>
            <row xml:id="p115_35">
               <cell/>
               <cell>To <measure commodity="potatoes" quantity="1" unit="bushels">1 Bushel potatoes</measure>20x</cell>
               <cell></cell>
               <cell><measure commodity="currency" quantity="20" unit="dollars">20</measure></cell>
               <cell/>
               <cell/>
            </row>
            <row xml:id="p115_36">
               <cell>395</cell>
               <cell><name type="person" ref="pers_WCDH621">Thompson Tripp</name>
                  <choice rend="align(right)">
                     <abbr>DR</abbr>
                     <expan>Debtor</expan>
                  </choice></cell>
               <cell></cell>
               <cell></cell>
               <cell></cell>
               <cell></cell>
            </row>
            <row xml:id="p115_37">
               <cell/>
               <cell>To <name type="account" ref="LMWcash">cash</name>30/</cell>
               <cell><measure commodity="currency" quantity="5" unit="dollars">5</measure></cell>
               <cell><measure commodity="currency" quantity="00" unit="dollars">00</measure></cell>
               <cell/>
               <cell/>
            </row>
            <row xml:id="p115_38">
               <cell/>
               <cell><date when="1833-06-19">19</date></cell>
               <cell/>
               <cell/>
               <cell/>
               <cell/>
            </row>
            <row xml:id="p115_39">
               <cell>394</cell>
               <cell><name type="person" ref="pers_WCDH565">John Smith</name>
                  <choice rend="align(right)">
                     <abbr>DR</abbr>
                     <expan>Debtor</expan>
                  </choice></cell>
               <cell/>
               <cell/>
               <cell/>
               <cell/>
            </row>
            <row xml:id="p115_40">
               <cell/>
               <cell>To <measure commodity="labor" quantity="5" unit="miles">chaise to Mansfield 5 M</measure></cell>
               <cell></cell>
               <cell><measure commodity="currency" quantity="40" unit="dollars">40</measure></cell>
               <cell/>
               <cell/>
            </row>
            <row xml:id="p115_41">
               <cell>312</cell>
               <cell><name type="person" ref="pers_WCDH375">Horace Hulet</name>
                  <choice rend="align(right)">
                     <abbr>DR</abbr>
                     <expan>Debtor</expan>
                  </choice></cell>
               <cell/>
               <cell/>
               <cell/>
               <cell/>
            </row>
            <row xml:id="p115_42">
               <cell></cell>
               <cell>To <measure commodity="potatoes" quantity="1" unit="peek">1 peek potatoes</measure>4</cell>
               <cell/>
               <cell><measure commodity="currency" quantity="6" unit="dollars">6</measure></cell>
               <cell/>
               <cell/>
            </row>
            <row xml:id="p115_43">
               <cell/>
               <cell><date when="1833-06-20">20</date></cell>
               <cell></cell>
               <cell></cell>
               <cell/>
               <cell/>
            </row>
            <row xml:id="p115_44">
               <cell>389</cell>
               <cell><name type="person" ref="pers_WCDH230">Oliver Clapp</name>
                  <choice rend="align(right)">
                     <abbr>DR</abbr>
                     <expan>Debtor</expan>
                  </choice></cell>
               <cell/>
               <cell/>
               <cell/>
               <cell/>
            </row>
            <row xml:id="p115_45">
               <cell></cell>
               <cell>To <measure commodity="corn" quantity="1.5" unit="bushels">1 1/2 Bushel corn</measure>6/</cell>
               <cell/>
               <cell/>
               <cell/>
               <cell/>
            </row>
            <row xml:id="p115_46">
               <cell/>
               <cell><measure commodity="Rye" quantity="1" unit="bushels">1 do Rye</measure>6/</cell>
               <cell><measure commodity="currency" quantity="2" unit="dollars">2</measure></cell> 
               <cell><measure commodity="currency" quantity="50" unit="dollars">50</measure></cell>
               <cell/>
               <cell/>
            </row>
            <row xml:id="p115_47">
               <cell>396</cell>
               <cell><name type="person" ref="pers_WCDH484">Samuel Morey</name>
                  <choice rend="align(right)">
                     <abbr>DR</abbr>
                     <expan>Debtor</expan>
                  </choice></cell>
               <cell/>
               <cell/>
               <cell/>
               <cell/>
            </row>
            <row xml:id="p115_48">
               <cell></cell>
               <cell>To <measure commodity="wood" quantity="1" unit="cord">1 cord wood</measure>paid by P. King</cell>
               <cell><measure commodity="currency" quantity="4" unit="dollars">4</measure></cell>
               <cell><measure commodity="currency" quantity="00" unit="dollars">00</measure></cell>
               <cell/>
               <cell/>
            </row>
            <row xml:id="p115_49">
               <cell/>
               <cell><date when="1833-06-24">24</date></cell>
               <cell/>
               <cell></cell>
               <cell/>
               <cell/>
            </row>
            <row xml:id="p115_50">
               <cell>312</cell>
               <cell><name type="person" ref="pers_WCDH375">Horace Hulet</name>
                  <choice rend="align(right)">
                     <abbr>DR</abbr>
                     <expan>Debtor</expan>
                  </choice></cell>
               <cell/>
               <cell></cell>
               <cell/>
               <cell></cell>
            </row>
            <row xml:id="p115_51">
               <cell/>
               <cell>To <measure commodity="potatoes" quantity="3" unit="bushels">three Bushels potatoes</measure>20x</cell>
               <cell/>
               <cell><measure commodity="currency" quantity="60" unit="dollars">60</measure></cell>
               <cell/>
               <cell/>
            </row>