<?xml version="1.0" encoding="UTF-8"?>
<?oxygen RNGSchema="http://www.tei-c.org/release/xml/tei/custom/schema/relaxng/tei_all.rng" type="xml"?>
<TEI xmlns="http://www.tei-c.org/ns/1.0">
   <teiHeader>
      <fileDesc>
         <titleStmt>
            <title>LMW Day Book, pp. 100-139</title>
            <author>L.M. Wheaton</author>
         </titleStmt>
         <publicationStmt>
            <p>Transcribed by Sahilia Ramirez Summer 2016, Wheaton College</p>
         </publicationStmt>
         <sourceDesc>
            <biblFull>
               <titleStmt>
                  <title>Account Books, pp.100-139</title>
                  <author>L.M. Wheaton</author>
                  <respStmt>
                     <resp> TEI-compatible XML markup by <name type="person">Sahilia Ramirez</name>
                        with corrections by <name type="person">Name</name>, <name
                           type="person">Name</name>, and <name type="person">Name</name>.</resp>
                     <name type="person">Name</name>
                  </respStmt>
               </titleStmt>
               <publicationStmt>
                  <p>Transcribed by Sahilia Ramirez Summer 2016, Wheaton College</p>
               </publicationStmt>
               <sourceDesc>
                  <p> From the Marion B. Gebbie Archives and Special Collections at the Madeleine
                     Clark Wallace Library, Wheaton College </p>
               </sourceDesc>
            </biblFull>
         </sourceDesc>
      </fileDesc>
   </teiHeader>
   <text>
      <body>
         <pb n="120"/>
         <fw type="pageNum">120</fw>
         <table xml:id="p120" cols="6">
            <head>Saturday<date when="1833-11-30">text</date></head>
            <row xml:id="p120_01">
               <cell>393</cell>
               <cell>
                  <name type="person" ref="pers_WCDH650">Wheaton Wheeler </name>
                  <choice rend="align(right)">
                     <abbr>DR</abbr>
                     <expan>Debtor</expan>
                  </choice>
               </cell>
               <cell/>
               <cell/>
               <cell/>
               <cell/>
            </row>
            <row xml:id="p120_02">
               <cell/>
               <cell>By <measure commodity="labor" quantity="1" unit="day">one days work this week</measure></cell>
               <cell></cell>
               <cell><measure commodity="currency" quantity="42" unit="dollars">42</measure></cell>
               <cell/>
               <cell/>
            </row>
            <row xml:id="p120_03">
               <cell>403</cell>
               <cell> <name type="person" ref="pers_WCDH498">Henry M. Paine</name>
                  <choice rend="align(right)">
                     <abbr>DR</abbr>
                     <expan>Debtor</expan>
                  </choice></cell>
               <cell></cell>
               <cell/>
               <cell></cell>
               <cell></cell>
            </row>
            <row xml:id="p120_04">
               <cell/>
               <cell>To <measure commodity="labor" quantity="4" unit="day">chaise to <!--?--> 4 days</measure></cell>
               <cell><measure commodity="currency" quantity="1" unit="dollars">1</measure></cell>
               <cell><measure commodity="currency" quantity="50" unit="dollars">50</measure></cell>
               <cell/>
               <cell/>
            </row>
            <pb n="120"/>
            <fw type="pageNum">120</fw>
            <table xml:id="p120" cols="6">
               <head><date when="1833-12-03">text</date></head>
            <row xml:id="p120_05">
               <cell>312</cell>
               <cell><name type="person" ref="pers_WCDH375">Horace Hulet</name>
                  <choice rend="align(right)">
                     <abbr>DR</abbr>
                     <expan>Debtor</expan>
                  </choice></cell>
               <cell/>
               <cell/>
               <cell/>
               <cell/>
            </row>
            <row xml:id="p120_06">
               <cell/>
               <cell>To <name type="account" ref="LMWcash">cash</name>lent to purchase hay 18/</cell>
               <cell><measure commodity="currency" quantity="3" unit="dollars">3</measure></cell>
               <cell><measure commodity="currency" quantity="00" unit="dollars">00</measure></cell>
               <cell/>
               <cell/>
            </row>
            <row xml:id="p120_07">
               <cell/>
               <cell><date when="1833-12-07">7</date></cell>
               <cell/>
               <cell/>
               <cell/>
               <cell/>
            </row>
            <row xml:id="p120_08">
               <cell>395</cell>
               <cell><name type="person" ref="pers_WCDH621">Thompson Tripp</name>
                  <choice rend="align(right)">
                     <abbr>DR</abbr>
                     <expan>Debtor</expan>
                  </choice></cell>
               <cell/>
               <cell/>
               <cell/>
               <cell/>
            </row>
            <row xml:id="p120_09">
               <cell/>
               <cell>To <name type="account" ref="LMWcash">cash</name>lent at Taunton 30/</cell>
               <cell><measure commodity="currency" quantity="5" unit="dollars">5</measure></cell>
               <cell><measure commodity="currency" quantity="00" unit="dollars">00</measure></cell>
               <cell/>
               <cell/>
            </row>
            <row xml:id="p120_10">
               <cell/>
               <cell><date when="1833-12-10">10</date></cell>
               <cell/>
               <cell/>
               <cell/>
               <cell/>
            </row>
            <row xml:id="p120_11">
               <cell>401</cell>
               <cell><name type="person" ref="pers_WCDH434">Simeon Leonard</name>
                  <choice rend="align(right)">
                     <abbr>DR</abbr>
                     <expan>Debtor</expan>
                  </choice></cell>
               <cell/>
               <cell/>
               <cell/>
               <cell/>
            </row>
            <row xml:id="p120_12">
               <cell/>
               <cell>To <measure commodity="logs" quantity="2" unit="cord">two logs</measure>9/</cell>
               <cell><measure commodity="currency" quantity="1" unit="dollars">1</measure></cell>
               <cell><measure commodity="currency" quantity="50" unit="dollars">50</measure></cell>
               <cell/>
               <cell/>
            </row>
            <row xml:id="p120_13">
               <cell>312</cell>
               <cell><name type="person" ref="pers_WCDH375">Horace Hulet</name>
                  <choice rend="align(right)">
                     <abbr>DR</abbr>
                     <expan>Debtor</expan>
                  </choice></cell>
               <cell/>
               <cell/>
               <cell/>
               <cell/>
            </row>
            <row xml:id="p120_14">
               <cell></cell>
               <cell>By <measure commodity="boots" quantity="1" unit="count">1 for boots</measure>30/</cell>
               <cell><measure commodity="currency" quantity="5" unit="dollars">5</measure></cell>
               <cell><measure commodity="currency" quantity="00" unit="dollars">00</measure></cell>
               <cell/>
               <cell/>
            </row>
            <row xml:id="p120_15">
               <cell>312</cell>
               <cell>To <name type="account" ref="LMWcash">cash</name> 12/</cell>
               <cell><measure commodity="currency" quantity="2" unit="dollars">2</measure></cell>
               <cell><measure commodity="currency" quantity="00" unit="dollars">00</measure></cell>
               <cell/>
               <cell/>
            </row>
            <row xml:id="p120_16">
               <cell>Settled</cell>
               <cell><name type="person" ref="pers_WCDH230">Oliver Clapp</name>
                  <choice rend="align(right)">
                     <abbr>DR</abbr>
                     <expan>Debtor</expan>
                  </choice></cell>
               <cell/>
               <cell/>
               <cell/>
               <cell/>
            </row>
            <row xml:id="p120_17">
               <cell></cell>
               <cell>To <measure commodity="pump log" quantity="1" unit="count">a pump log</measure>6/</cell>
               <cell><measure commodity="currency" quantity="1" unit="dollars">1</measure></cell>
               <cell><measure commodity="currency" quantity="00" unit="dollars">00</measure></cell>
               <cell/>
               <cell/>
            </row>
            <row xml:id="p120_18">
               <cell/>
               <cell><measure commodity="Brandy">Brandy</measure>for jin cart</cell>
               <cell/>
               <cell><measure commodity="currency" quantity="38" unit="dollars">38</measure></cell>
               <cell/>
               <cell/>
            </row>
            <row xml:id="p120_19">
               <cell/>
               <cell><date when="1833-12-13">13</date></cell>
               <cell/>
               <cell></cell>
               <cell/>
               <cell></cell>
            </row>
            <row xml:id="p120_20">
               <cell>401</cell>
               <cell><name type="person" ref="pers_WCDH295">Lorana Farnum</name>
                  <choice rend="align(right)">
                     <abbr>DR</abbr>
                     <expan>Debtor</expan>
                  </choice></cell>
               <cell/>
               <cell/>
               <cell/>
               <cell/>
            </row>
            <row xml:id="p120_21">
               <cell></cell>
               <cell>To <name type="account" ref="LMWcash">cash</name>1/6</cell>
               <cell/>
               <cell><measure commodity="currency" quantity="25" unit="dollars">25</measure></cell>
               <cell/>
               <cell/>
            </row>
            <row xml:id="p120_22">
               <cell>393</cell>
               <cell><name type="person" ref="pers_WCDH650">Wheaton Wheeler </name>
                  <choice rend="align(right)">
                     <abbr>DR</abbr>
                     <expan>Debtor</expan>
                  </choice></cell>
               <cell/>
               <cell></cell>
               <cell/>
               <cell/>
            </row>
            <row xml:id="p120_23">
               <cell/>
               <cell>By <measure commodity="labor" quantity="3" unit="day">three days work </measure>2/6</cell>
               <cell><measure commodity="currency" quantity="1" unit="dollars">1</measure></cell>
               <cell><measure commodity="currency" quantity="26" unit="dollars">26</measure></cell>
               <cell/>
               <cell/>
            </row>
            <row xml:id="p120_24">
               <cell></cell>
               <cell><date when="1833-12-15">15</date></cell>
               <cell/>
               <cell/>
               <cell/>
               <cell/>
            </row>
            <row xml:id="p120_25">
               <cell>396</cell>
               <cell><name type="person" ref="pers_WCDH484">Samuel Morey</name>
                  <choice rend="align(right)">
                     <abbr>DR</abbr>
                     <expan>Debtor</expan>
                  </choice></cell>
               <cell></cell>
               <cell></cell>
               <cell/>
               <cell/>
            </row>
            <row xml:id="p120_26">
               <cell/>
               <cell>To <measure commodity="Beef" quantity="195" unit="lbs">195 lbs. Beef </measure> <measure commodity="currency" quantity="6" unit="dollars">$6. 00</measure></cell>
               <cell><measure commodity="currency" quantity="11" unit="dollars">11</measure></cell>
               <cell><measure commodity="currency" quantity="70" unit="dollars">70</measure></cell>
               <cell/>
               <cell/>
            </row>
            <row xml:id="p120_27">
               <cell></cell>
               <cell><date when="1833-12-16">16</date></cell>
               <cell/>
               <cell/>
               <cell/>
               <cell/>
            </row>
            <row xml:id="p120_28">
               <cell>393</cell>
               <cell><name type="person" ref="pers_WCDH650">Wheaton Wheeler</name>
                  <choice rend="align(right)">
                     <abbr>DR</abbr>
                     <expan>Debtor</expan>
                  </choice></cell>
               <cell/>
               <cell></cell>
               <cell/>
               <cell/>
            </row>
            <row xml:id="p120_29">
               <cell/>
               <cell>To <measure commodity="Grain" quantity="1/2" unit="bushels">1/2 bushel Grain</measure>6/</cell><cell/>
               <cell></cell>
               <cell><measure commodity="currency" quantity="50" unit="dollars">50</measure></cell>
               <cell/>
            </row>
            <row xml:id="p120_30">
               <cell>312</cell>
               <cell><name type="person" ref="pers_WCDH375">Horace Hulet</name>
                  <choice rend="align(right)">
                     <abbr>DR</abbr>
                     <expan>Debtor</expan>
                  </choice></cell>
               <cell/>
               <cell/>
               <cell/>
               <cell/>
            </row>
            <row xml:id="p120_31">
               <cell></cell>
               <cell>To <measure commodity="Oats" quantity="1/2" unit="bushels">1/2 Buls. Oats</measure>lent 3/6</cell>
               <cell/>
               <cell><measure commodity="currency" quantity="29" unit="dollars">29</measure></cell>
               <cell/>
               <cell/>
            </row>
            <row xml:id="p120_32">
               <cell/>
               <cell><date when="1833-12-20">20</date></cell>
               <cell></cell>
               <cell></cell>
               <cell/>
               <cell/>
            </row>
            <row xml:id="p120_33">
               <cell>312</cell>
               <cell><name type="person" ref="pers_WCDH375">Horace Hulet</name>
                  <choice rend="align(right)">
                     <abbr>DR</abbr>
                     <expan>Debtor</expan>
                  </choice></cell>
               <cell/>
               <cell/>
               <cell/>
               <cell/>
            </row>
            <row xml:id="p120_34">
               <cell></cell>
               <cell>To <measure commodity="beef stock" quantity="5" unit="lbs">five lbs. beef stock</measure>7x per lb</cell>
               <cell/>
               <cell><measure commodity="currency" quantity="31" unit="dollars">31</measure></cell>
               <cell/>
               <cell/>
            </row>
            <row xml:id="p120_35">
               <cell/>
               <cell>To <measure commodity="Suet" quantity="4" unit="lbs">four lbs. Suet</measure>9x per lb</cell>
               <cell></cell>
               <cell><measure commodity="currency" quantity="71" unit="dollars">71</measure></cell>
               <cell/>
               <cell/>
            </row>
            <row xml:id="p120_36">
               <cell/>
               <cell><date when="1833-12-25">25</date></cell>
               <cell></cell>
               <cell></cell>
               <cell></cell>
               <cell></cell>
            </row>
            <row xml:id="p120_37">
               <cell>395</cell>
               <cell><name type="person" ref="pers_WCDH621">Thompson Tripp</name>
                  <choice rend="align(right)">
                     <abbr>DR</abbr>
                     <expan>Debtor</expan>
                  </choice></cell>
               <cell></cell>
               <cell></cell>
               <cell/>
               <cell/>
            </row>
            <row xml:id="p120_38">
               <cell/> 
               <cell>To <measure commodity="gloves" quantity="1" unit="count">per gloves</measure>5/6</cell>
               <cell/>
               <cell><measure commodity="currency" quantity="92" unit="dollars">92</measure></cell>
               <cell/>
               <cell/>
            </row>
            <row xml:id="p120_39">
               <cell>401</cell>
               <cell><name type="person" ref="pers_WCDH295">Lorana Farnum</name>
                  <choice rend="align(right)">
                     <abbr>DR</abbr>
                     <expan>Debtor</expan>
                  </choice></cell>
               <cell/>
               <cell/>
               <cell/>
               <cell/>
            </row>
            <row xml:id="p120_40">
               <cell/>
               <cell>To paid for at Boston</cell>
               <cell><measure commodity="currency" quantity="2" unit="dollars">2</measure></cell>
               <cell><measure commodity="currency" quantity="67" unit="dollars">67</measure></cell>
               <cell/>
               <cell/>
            </row>
            <row xml:id="p120_41">
               <cell/>
               <cell>For 1 8km <!--?--> 8 <!--?--></cell>
               <cell/>
               <cell><measure commodity="currency" quantity="4" unit="dollars">04</measure></cell>
               <cell/>
               <cell/>
            </row>
            <row xml:id="p120_42">
               <cell></cell>
               <cell>For <measure commodity="subscription" quantity="1" unit="count">subscription</measure>7/6</cell>
               <cell><measure commodity="currency" quantity="1" unit="dollars">1</measure></cell>
               <cell><measure commodity="currency" quantity="25" unit="dollars">25</measure></cell>
               <cell><measure commodity="currency" quantity="3" unit="dollars">3</measure></cell>
               <cell><measure commodity="currency" quantity="96" unit="dollars">96</measure></cell>
            </row>
            <row xml:id="p120_43">
               <cell/>
               <cell><date when="1833-12-26">26</date></cell>
               <cell></cell>
               <cell></cell>
               <cell/>
               <cell/>
            </row>
            <row xml:id="p120_44">
               <cell>343</cell>
               <cell><name type="person" ref="pers_WCDH221">Thomas Carpenter</name>
                  <choice rend="align(right)">
                     <abbr>DR</abbr>
                     <expan>Debtor</expan>
                  </choice></cell>
               <cell/>
               <cell/>
               <cell/>
               <cell/>
            </row>
            <row xml:id="p120_45">
               <cell></cell>
               <cell>To <name type="account" ref="LMWcash">cash</name>lent 6/</cell>
               <cell><measure commodity="currency" quantity="1" unit="dollars">1</measure></cell>
               <cell><measure commodity="currency" quantity="00" unit="dollars">00</measure></cell>
               <cell/>
               <cell/>
            </row>
            <row xml:id="p120_46">
               <cell/>
               <cell><date when="1833-12-27">27</date></cell>
               <cell></cell>
               <cell></cell>
               <cell/>
               <cell/>
            </row>
            <row xml:id="p120_47">
               <cell>371</cell>
               <cell><name type="person" ref="pers_WCDH201">Simeon Briggs</name>
                  <choice rend="align(right)">
                     <abbr>DR</abbr>
                     <expan>Debtor</expan>
                  </choice></cell>
               <cell/>
               <cell/>
               <cell/>
               <cell/>
            </row>
            <row xml:id="p120_48">
               <cell></cell>
               <cell>To <measure commodity="pine timber stick" quantity="2" unit="count">stick pine timber</measure>6/</cell>
               <cell><measure commodity="currency" quantity="1" unit="dollars">1</measure></cell>
               <cell><measure commodity="currency" quantity="00" unit="dollars">00</measure></cell>
               <cell/>
               <cell/>
            </row>
            <row xml:id="p120_49">
               <cell>401</cell>
               <cell><name type="person" ref="pers_WCDH434">Simeon Leonard</name>
                  <choice rend="align(right)">
                     <abbr>DR</abbr>
                     <expan>Debtor</expan>
                  </choice></cell>
               <cell/>
               <cell></cell>
               <cell/>
               <cell/>
            </row>
            <row xml:id="p120_50">
               <cell/>
               <cell>To <measure commodity="Apples" quantity="1" unit="peek">1 peek Apples</measure>1/</cell>
               <cell/>
               <cell><measure commodity="currency" quantity="17" unit="dollars">17</measure></cell>
               <cell/>
               <cell></cell>
            </row>
            <row xml:id="p120_51">
               <cell>346</cell>
               <cell><name type="person" ref="pers_WCDH484">Samuel Morey</name>
                  <choice rend="align(right)">
                     <abbr>DR</abbr>
                     <expan>Debtor</expan>
                  </choice></cell>
               <cell/>
               <cell/>
               <cell/>
               <cell/>
            </row>
            <row xml:id="p120_52">
               <cell/>
               <cell>To <measure commodity="wood" quantity="1" unit="cord">cord wood</measure> paid by P. King</cell>
               <cell><measure commodity="currency" quantity="3" unit="dollars">3</measure></cell>
               <cell><measure commodity="currency" quantity="50" unit="dollars">50</measure></cell>
               <cell/>
               <cell/>
            </row>
         </table>
         <pb n="121"/>
         <fw type="pageNum">121</fw>
         <table xml:id="p121" cols="6">
            <head>Wednesday<date when="1834-01-01">text</date></head>
            <row xml:id="p121_01">
               <cell>402</cell>
               <cell>
                  <name type="person" ref="pers_WCDH397">Elijah H. King</name>
                  <choice rend="align(right)">
                     <abbr>DR</abbr>
                     <expan>Debtor</expan>
                  </choice>
               </cell>
               <cell/>
               <cell/>
               <cell/>
               <cell/>
            </row>
            <row xml:id="p121_02">
               <cell/>
               <cell>To <measure commodity="Beef" quantity="9 1/2" unit="lbs">9 1/2 lbs. Beef</measure>7x</cell>
               <cell></cell>
               <cell><measure commodity="currency" quantity="67" unit="dollars">67</measure></cell>
               <cell/>
               <cell/>
            </row>
            <row xml:id="p121_03">
               <cell>Paid</cell>
               <cell><name type="person" ref="pers_WCDH507">Charlotte Perry</name>
                  <choice rend="align(right)">
                     <abbr>DR</abbr>
                     <expan>Debtor</expan>
                  </choice></cell>
               <cell></cell>
               <cell/>
               <cell></cell>
               <cell></cell>
            </row>
            <row xml:id="p121_04">
               <cell/>
               <cell>To <measure commodity="Beef" quantity="9" unit="lbs">9 lbs. Beef</measure>7x</cell>
               <cell/>
               <cell><measure commodity="currency" quantity="63" unit="dollars">63</measure></cell>
               <cell/>
               <cell/>
            </row>
            <row xml:id="p121_05">
               <cell>401</cell>
               <cell><name type="person" ref="pers_WCDH434">Simeon Leonard</name>
                  <choice rend="align(right)">
                     <abbr>DR</abbr>
                     <expan>Debtor</expan>
                  </choice></cell>
               <cell/>
               <cell/>
               <cell/>
               <cell/>
            </row>
            <row xml:id="p121_06">
               <cell/>
               <cell>To <measure commodity="Apples" quantity="1" unit="bushels">1 bu. Apples</measure>8/</cell>
               <cell><measure commodity="currency" quantity="1" unit="dollars">1</measure></cell>
               <cell><measure commodity="currency" quantity="33" unit="dollars">33</measure></cell>
               <cell/>
               <cell/>
            </row>
            <row xml:id="p121_07">
               <cell>Settled</cell>
               <cell><name type="person" ref="pers_WCDH217">Daniel Carpenter</name>
                  <choice rend="align(right)">
                     <abbr>DR</abbr>
                     <expan>Debtor</expan>
                  </choice></cell>
               <cell/>
               <cell/>
               <cell/>
               <cell/>
            </row>
            <row xml:id="p121_08">
               <cell></cell>
               <cell>To a <measure commodity="cow" quantity="1" unit="lbs">five years old cow</measure></cell>
               <cell><measure commodity="currency" quantity="14" unit="dollars">14</measure></cell>
               <cell><measure commodity="currency" quantity="00" unit="dollars">00</measure></cell>
               <cell/>
               <cell/>
            </row>
            <row xml:id="p121_09">
               <cell/>
               <cell>By <measure commodity="pig" quantity="141" unit="lbs">141 lbs. pig</measure>6x</cell>
               <cell><measure commodity="currency" quantity="8" unit="dollars">8</measure></cell>
               <cell><measure commodity="currency" quantity="46" unit="dollars">46</measure></cell>
               <cell/>
               <cell/>
            </row>
            <row xml:id="p121_10">
               <cell>401</cell>
               <cell><name type="person" ref="pers_WCDH434">Simeon Leonard</name>
                  <choice rend="align(right)">
                     <abbr>DR</abbr>
                     <expan>Debtor</expan>
                  </choice></cell>
               <cell/>
               <cell/>
               <cell/>
               <cell/>
            </row>
            <row xml:id="p121_11">
               <cell></cell>
               <cell>By <measure commodity="labor" quantity="1" unit="ton">carting 1 ton</measure>from Taunton on Saturday</cell>
               <cell><measure commodity="currency" quantity="1" unit="dollars">1</measure></cell>
               <cell><measure commodity="currency" quantity="00" unit="dollars">00</measure></cell>
               <cell/>
               <cell/>
            </row>
            <row xml:id="p121_12">
               <cell/>
               <cell><date when="1834-01-08">8</date></cell>
               <cell></cell>
               <cell></cell>
               <cell/>
               <cell/>
            </row>
            <row xml:id="p121_13">
               <cell>Paid</cell>
               <cell><name type="person" ref="pers_WCDH574">Timothy Smith</name>
                  <choice rend="align(right)">
                     <abbr>DR</abbr>
                     <expan>Debtor</expan>
                  </choice></cell>
               <cell/>
               <cell/>
               <cell/>
               <cell/>
            </row>
            <row xml:id="p121_14">
               <cell></cell>
               <cell>To <measure commodity="lard" quantity="5" unit="lbs">5 lbs. lard</measure>10x</cell>
               <cell/>
               <cell><measure commodity="currency" quantity="50" unit="dollars">50</measure></cell>
               <cell/>
               <cell/>
            </row>
            <row xml:id="p121_15">
               <cell>396</cell>
               <cell><name type="person" ref="pers_WCDH484">Samuel Morey</name>
                  <choice rend="align(right)">
                     <abbr>DR</abbr>
                     <expan>Debtor</expan>
                  </choice></cell>
               <cell></cell>
               <cell></cell>
               <cell/>
               <cell/>
            </row>
            <row xml:id="p121_16">
               <cell/>
               <cell>To <name type="account" ref="LMWcash">cash</name>sent you by Daniel</cell>
               <cell><measure commodity="currency" quantity="15" unit="dollars">15</measure></cell>
               <cell><measure commodity="currency" quantity="00" unit="dollars">00</measure></cell>
               <cell/>
               <cell/>
            </row>
            <row xml:id="p121_17">
               <cell></cell>
               <cell><date when="1834-01-13">13</date></cell>
               <cell/>
               <cell/>
               <cell/>
               <cell/>
            </row>
            <row xml:id="p121_18">
               <cell>396</cell>
               <cell><name type="person" ref="pers_WCDH417">David b. Lane</name>
                  <choice rend="align(right)">
                     <abbr>DR</abbr>
                     <expan>Debtor</expan>
                  </choice></cell>
               <cell/>
               <cell></cell>
               <cell/>
               <cell/>
            </row>
            <row xml:id="p121_19">
               <cell/>
               <cell>By <name type="account" ref="LMWcash">cash</name></cell>
               <cell><measure commodity="currency" quantity="4" unit="dollars">4</measure></cell>
               <cell><measure commodity="currency" quantity="36" unit="dollars">36</measure></cell>
               <cell/>
               <cell></cell>
            </row>
            <row xml:id="p121_20">
               <cell/>
               <cell><date when="1834-01-15">15</date></cell>
               <cell/>
               <cell/>
               <cell/>
               <cell/>
            </row>
            <row xml:id="p121_21">
               <cell>395</cell>
               <cell><name type="person" ref="pers_WCDH621">Thompson Tripp</name>
                  <choice rend="align(right)">
                     <abbr>DR</abbr>
                     <expan>Debtor</expan>
                  </choice></cell>
               <cell/>
               <cell/>
               <cell/>
               <cell/>
            </row>
            <row xml:id="p121_22">
               <cell/>
               <cell>To <name type="account" ref="LMWcash">cash</name>lent 30/</cell>
               <cell><measure commodity="currency" quantity="5" unit="dollars">5</measure></cell>
               <cell><measure commodity="currency" quantity="00" unit="dollars">00</measure></cell>
               <cell/>
               <cell/>
            </row>
            <row xml:id="p121_23">
               <cell/>
               <cell><date when="1834-01-17">17</date></cell>
               <cell/>
               <cell/>
               <cell/>
               <cell/>
            </row>
            <row xml:id="p121_24">
               <cell>401</cell>
               <cell><name type="person" ref="pers_WCDH295">Lorana Farnum</name>
                  <choice rend="align(right)">
                     <abbr>DR</abbr>
                     <expan>Debtor</expan>
                  </choice></cell>
               <cell/>
               <cell/>
               <cell/>
               <cell/>
            </row>
            <row xml:id="p121_25">
               <cell/>
               <cell>To <measure commodity="lace footing" quantity="1" unit="count">lace footing</measure>/9</cell>
               <cell></cell>
               <cell><measure commodity="currency" quantity="12.5" unit="dollars">12 1/2</measure></cell>
               <cell/>
               <cell/>
            </row>
            <row xml:id="p121_26">
               <cell>393</cell>
               <cell><name type="person" ref="pers_WCDH650">Wheaton Wheeler</name>
                  <choice rend="align(right)">
                     <abbr>DR</abbr>
                     <expan>Debtor</expan>
                  </choice></cell>
               <cell/>
               <cell/>
               <cell/>
               <cell/>
            </row>
            <row xml:id="p121_27">
               <cell></cell>
               <cell>By <measure commodity="labor" quantity="1" unit="day">work one day last week</measure>2/6</cell>
               <cell/>
               <cell><measure commodity="currency" quantity="42" unit="dollars">42</measure></cell>
               <cell/>
               <cell/>
            </row>
            <row xml:id="p121_28">
               <cell>343</cell>
               <cell><name type="person" ref="pers_WCDH221">Thomas Carpenter</name>
                  <choice rend="align(right)">
                     <abbr>DR</abbr>
                     <expan>Debtor</expan>
                  </choice></cell>
               <cell/>
               <cell></cell>
               <cell/>
               <cell/>
            </row>
            <row xml:id="p121_29">
               <cell/>
               <cell>To <measure commodity="Beef" quantity="116" unit="lbs">116 lbs. Beef</measure><measure commodity="currency" quantity="4.50" unit="dollars">4 50</measure></cell><cell/>
               <cell><measure commodity="currency" quantity="5" unit="dollars">5</measure></cell>
               <cell><measure commodity="currency" quantity="22" unit="dollars">22</measure></cell>
               <cell/>
            </row>
            <row xml:id="p121_30">
               <cell/>
               <cell><date when="1834-01-18">18</date></cell>
               <cell/>
               <cell/>
               <cell/>
               <cell/>
            </row>
            <row xml:id="p121_31">
               <cell>393</cell>
               <cell><name type="person" ref="pers_WCDH650">Wheaton Wheeler</name>
                  <choice rend="align(right)">
                     <abbr>DR</abbr>
                     <expan>Debtor</expan>
                  </choice></cell>
               <cell/>
               <cell/>
               <cell/>
               <cell/>
            </row>
            <row xml:id="p121_32">
               <cell/>
               <cell>To <measure commodity="corn" quantity="1/2" unit="bushels">1/2 Buls corn</measure>6/</cell>
               <cell></cell>
               <cell><measure commodity="currency" quantity="50" unit="dollars">50</measure></cell>
               <cell/>
               <cell/>
            </row>
            <row xml:id="p121_33">
               <cell>393</cell>
               <cell>By <measure commodity="labor" quantity="2.5" unit="day">two x half days work this week</measure> 42x</cell>
               <cell><measure commodity="currency" quantity="1" unit="dollars">1</measure></cell>
               <cell><measure commodity="currency" quantity="05" unit="dollars">05</measure></cell>
               <cell/>
               <cell/>
            </row>
            <row xml:id="p121_34">
               <cell></cell>
               <cell><date when="1834-01-29">29</date></cell>
               <cell/>
               <cell/>
               <cell/>
               <cell/>
            </row>
            <row xml:id="p121_35">
               <cell>396</cell>
               <cell><name type="person" ref="pers_WCDH484">Samuel Morey</name>
                  <choice rend="align(right)">
                     <abbr>DR</abbr>
                     <expan>Debtor</expan>
                  </choice></cell>
               <cell></cell>
               <cell></cell>
               <cell/>
               <cell/>
            </row>
            <row xml:id="p121_36">
               <cell/>
               <cell>To <measure commodity="currency" quantity="5" unit="dollars">five dollars</measure> <name type="account" ref="LMWcash">cash</name>lent 30/</cell>
               <cell><measure commodity="currency" quantity="5" unit="dollars">5</measure></cell>
               <cell><measure commodity="currency" quantity="00" unit="dollars">00</measure></cell>
               <cell></cell>
               <cell></cell>
            </row>
            <row xml:id="p121_37">
               <cell>312</cell>
               <cell><name type="person" ref="pers_WCDH375">Horace Hulet</name>
                  <choice rend="align(right)">
                     <abbr>DR</abbr>
                     <expan>Debtor</expan>
                  </choice></cell>
               <cell></cell>
               <cell></cell>
               <cell/>
               <cell/>
            </row>
            <row xml:id="p121_38">
               <cell/>
               <cell>To rent of shop agreement to <date when="1834-04-01">April 1st 1834</date></cell>
               <cell><measure commodity="currency" quantity="10" unit="dollars">10</measure></cell>
               <cell><measure commodity="currency" quantity="00" unit="dollars">00</measure></cell>
               <cell/>
               <cell/>
            </row>
            <row xml:id="p121_39">
               <cell></cell>
               <cell><date when="1834-02-08">8</date></cell>
               <cell/>
               <cell/>
               <cell/>
               <cell/>
            </row>
            <row xml:id="p121_40">
               <cell>395</cell>
               <cell><name type="person" ref="pers_WCDH621">Thompson Tripp</name>
                  <choice rend="align(right)">
                     <abbr>DR</abbr>
                     <expan>Debtor</expan>
                  </choice></cell>
               <cell></cell>
               <cell></cell>
               <cell/>
               <cell/>
            </row>
            <row xml:id="p121_41">
               <cell/>
               <cell>To <measure commodity="pantloons" quantity="1" unit="count">per pantloons</measure>18/</cell>
               <cell><measure commodity="currency" quantity="3" unit="dollars">3</measure></cell>
               <cell><measure commodity="currency" quantity="00" unit="dollars">00</measure></cell>
               <cell/>
               <cell/>
            </row>
            <row xml:id="p121_42">
               <cell>343</cell>
               <cell><name type="person" ref="pers_WCDH221">Thomas Carpenter</name>
                  <choice rend="align(right)">
                     <abbr>DR</abbr>
                     <expan>Debtor</expan>
                  </choice></cell>
               <cell/>
               <cell/>
               <cell/>
               <cell/>
            </row>
            <row xml:id="p121_43">
               <cell/>
               <cell>To a grower 2/</cell>
               <cell></cell>
               <cell><measure commodity="currency" quantity="33" unit="dollars">33</measure></cell>
               <cell/>
               <cell/>
            </row>
            <row xml:id="p121_44">
               <cell/>
               <cell><date when="1834-02-12">12</date></cell>
               <cell/>
               <cell/>
               <cell/>
               <cell/>
            </row>
            <row xml:id="p121_45">
               <cell>403</cell>
               <cell><name type="person" ref="pers_WCDH498">Henry M. Paine</name>
                  <choice rend="align(right)">
                     <abbr>DR</abbr>
                     <expan>Debtor</expan>
                  </choice></cell>
               <cell/>
               <cell/>
               <cell/>
               <cell/>
            </row>
            <row xml:id="p121_46">
               <cell/>
               <cell>To <measure commodity="tallow" quantity="7" unit="lbs">7 lbs. tallow</measure>8x</cell>
               <cell></cell>
               <cell><measure commodity="currency" quantity="56" unit="dollars">56</measure></cell>
               <cell/>
               <cell/>
            </row>