<?xml version="1.0" encoding="UTF-8"?>
<?oxygen RNGSchema="http://www.tei-c.org/release/xml/tei/custom/schema/relaxng/tei_all.rng" type="xml"?>
<TEI xmlns="http://www.tei-c.org/ns/1.0">
   <teiHeader>
      <fileDesc>
         <titleStmt>
            <title>LMW Day Book, pp. 100-139</title>
            <author>L.M. Wheaton</author>
         </titleStmt>
         <publicationStmt>
            <p>Transcribed by Sahilia Ramirez Sumer 2016, Wheaton College</p>
         </publicationStmt>
         <sourceDesc>
            <biblFull>
               <titleStmt>
                  <title>Account Books, pp.100-139</title>
                  <author>L.M. Wheaton</author>
                  <respStmt>
                     <resp> TEI-compatible XML markup by <name type="person">Sahilia Ramirez</name>
                        with corrections by <name type="person">Name</name>, <name
                           type="person">Name</name>, and <name type="person">Name</name>.</resp>
                     <name type="person">Name</name>
                  </respStmt>
               </titleStmt>
               <publicationStmt>
                  <p>Transcribed by Sahilia Ramirez Summer 2016, Wheaton College</p>
               </publicationStmt>
               <sourceDesc>
                  <p> From the Marion B. Gebbie Archives and Special Collections at the Madeleine
                     Clark Wallace Library, Wheaton College </p>
               </sourceDesc>
            </biblFull>
         </sourceDesc>
      </fileDesc>
   </teiHeader>
   <text>
      <body>
         <pb n="138"/>
         <fw type="pageNum">138</fw>
         <table xml:id="p138" cols="6">
            <head>Saturday<date when="1835-11-14">text</date></head>
            <row xml:id="p138_01">
               <cell>70</cell>
               <cell>
                  <name type="person" ref="pers_WCDH699">Samuel Wrigley</name>
                  <choice rend="align(right)">
                     <abbr>DR</abbr>
                     <expan>Debtor</expan>
                  </choice>
               </cell>
               <cell/>
               <cell/>
               <cell/>
               <cell/>
            </row>
            <row xml:id="p138_02">
               <cell/>
               <cell>To <measure commodity="gloves" quantity="1" unit="count">gloves for hand</measure>3/</cell>
               <cell></cell>
               <cell><measure commodity="currency" quantity="50" unit="dollars">50</measure></cell>
               <cell/>
               <cell/>
            </row>
            <row xml:id="p138_03">
               <cell/>
               <cell><date when="1835-11-16">16</date></cell>
               <cell></cell>
               <cell/>
               <cell></cell>
               <cell></cell>
            </row>
            <row xml:id="p138_04">
               <cell/>
               <cell>By <name type="account" ref="LMWcash">cash</name> 3/</cell>
               <cell/>
               <cell><measure commodity="currency" quantity="50" unit="dollars">50</measure></cell>
               <cell/>
               <cell/>
            </row>
            <row xml:id="p138_05">
               <cell></cell>
               <cell><date when="1835-11-18">18</date></cell>
               <cell/>
               <cell/>
               <cell/>
               <cell/>
            </row>
            <row xml:id="p138_06">
               <cell>Settled</cell>
               <cell><name type="person" ref="pers_WCDH709">Francis Day</name>
                  <choice rend="align(right)">
                     <abbr>DR</abbr>
                     <expan>Debtor</expan>
                  </choice></cell>
               <cell></cell>
               <cell></cell>
               <cell/>
               <cell/>
            </row>
            <row xml:id="p138_07">
               <cell/>
               <cell>To <name type="account" ref="LMWcash">cash</name> paid your order to D m. Holmes</cell>
               <cell><measure commodity="currency" quantity="6" unit="dollars">6</measure></cell>
               <cell><measure commodity="currency" quantity="71" unit="dollars">71</measure></cell>
               <cell/>
               <cell/>
            </row>
            <row xml:id="p138_08">
               <cell></cell>
               <cell><date when="1835-11-26">26</date></cell>
               <cell/>
               <cell/>
               <cell/>
               <cell/>
            </row>
            <row xml:id="p138_09">
               <cell>Settled</cell>
               <cell><name type="person" ref="pers_WCDH475">James B. Messenger</name>
                  <choice rend="align(right)">
                     <abbr>DR</abbr>
                     <expan>Debtor</expan>
                  </choice></cell>
               <cell></cell>
               <cell></cell>
               <cell/>
               <cell/>
            </row>
            <row xml:id="p138_10">
               <cell/>
               <cell>To <measure commodity="white lard" quantity="100" unit="lbs">100 lbs. White lard</measure></cell>
               <cell/>
               <cell/>
               <cell/>
               <cell/>
            </row>
            <pb n="138"/>
            <fw type="pageNum">138</fw>
            <table xml:id="p138" cols="6">
               <head><date when="1835-12-09">text</date></head>
            <row xml:id="p138_11">
               <cell>507</cell>
               <cell><name type="person" ref="pers_WCDH633">Mrs. Abagail Webber</name>
                  <choice rend="align(right)">
                     <abbr>DR</abbr>
                     <expan>Debtor</expan>
                  </choice></cell>
               <cell/>
               <cell/>
               <cell/>
               <cell/>
            </row>
            <row xml:id="p138_12">
               <cell/>
               <cell>To <measure commodity="pork" quantity="31" unit="lbs">3lbs. pork spare Eile</measure>6x</cell>
               <cell></cell>
               <cell></cell>
               <cell/>
               <cell/>
            </row>
            <row xml:id="p138_13">
               <cell/>
               <cell>To <measure commodity="milk" quantity="72" unit="quarts">72 quarts milk</measure> 4x</cell>
               <cell><measure commodity="currency" quantity="3" unit="dollars">3</measure></cell>
               <cell><measure commodity="currency" quantity="06" unit="dollars">06</measure></cell>
               <cell/>
               <cell/>
            </row>
            <row xml:id="p138_14">
               <cell></cell>
               <cell><date when="1835-12-11">11</date></cell>
               <cell/>
               <cell/>
               <cell/>
               <cell/>
            </row>
            <row xml:id="p138_15">
               <cell>507</cell>
               <cell><name type="person" ref="pers_WCDH633">Mrs. Abagail Webber</name>
                  <choice rend="align(right)">
                     <abbr>DR</abbr>
                     <expan>Debtor</expan>
                  </choice></cell>
               <cell></cell>
               <cell></cell>
               <cell/>
               <cell/>
            </row>
            <row xml:id="p138_16">
               <cell/>
               <cell>To <measure commodity="lard" quantity="23 1/4" unit="lbs">23 1/4 lbs lard</measure> /9</cell>
               <cell><measure commodity="currency" quantity="2" unit="dollars">2</measure></cell>
               <cell><measure commodity="currency" quantity="9" unit="dollars">9</measure></cell>
               <cell/>
               <cell/>
            </row>
            <row xml:id="p138_17">
               <cell></cell>
               <cell><date when="1835-12-21">21</date></cell>
               <cell/>
               <cell/>
               <cell/>
               <cell/>
            </row>
            <row xml:id="p138_18">
               <cell>506</cell>
               <cell><name type="person" ref="pers_WCDH484">Samuel Morey</name>
                  <choice rend="align(right)">
                     <abbr>DR</abbr>
                     <expan>Debtor</expan>
                  </choice></cell>
               <cell/>
               <cell></cell>
               <cell/>
               <cell/>
            </row>
            <row xml:id="p138_19">
               <cell/>
               <cell>To <name type="account" ref="LMWcash">cash</name> lent paid Samuel <measure commodity="currency" quantity="6" unit="dollars">six dollars</measure></cell>
               <cell><measure commodity="currency" quantity="6" unit="dollars">6</measure></cell>
               <cell><measure commodity="currency" quantity="00" unit="dollars">00</measure></cell>
               <cell/>
               <cell></cell>
            </row>
            <row xml:id="p138_20">
               <cell>Settled</cell>
               <cell><name type="person" ref="pers_WCDH475">James B. Messenger</name>
                  <choice rend="align(right)">
                     <abbr>DR</abbr>
                     <expan>Debtor</expan>
                  </choice></cell>
               <cell/>
               <cell/>
               <cell/>
               <cell/>
            </row>
            <row xml:id="p138_21">
               <cell></cell>
               <cell>To <measure commodity="Glass" quantity="3" unit="squares">three squares 10 by 13 Glass</measure>15x</cell>
               <cell/>
               <cell><measure commodity="currency" quantity="45" unit="dollars">45</measure></cell>
               <cell/>
               <cell/>
            </row>
            <row xml:id="p138_22">
               <cell/>
               <cell><date when="1835-12-22">22</date></cell>
               <cell/>
               <cell></cell>
               <cell/>
               <cell/>
            </row>
            <row xml:id="p138_23">
               <cell>70</cell>
               <cell><name type="person" ref="pers_WCDH699">Samuel Wrigley</name>
                  <choice rend="align(right)">
                     <abbr>DR</abbr>
                     <expan>Debtor</expan>
                  </choice></cell>
               <cell/>
               <cell/>
               <cell/>
               <cell/>
            </row>
            <row xml:id="p138_24">
               <cell></cell>
               <cell>To <measure commodity="Merin" quantity="5" unit="yards">5 yards merin</measure>5/6 per yard</cell>
               <cell/>
               <cell/>
               <cell/>
               <cell/>
            </row>
            <row xml:id="p138_25">
               <cell/>
               <cell>To 4 do cambrie /9 <!--?--> mary</cell>
               <cell><measure commodity="currency" quantity="5" unit="dollars">5</measure></cell>
               <cell><measure commodity="currency" quantity="09" unit="dollars">09</measure></cell>
               <cell/>
               <cell/>
            </row>
            <row xml:id="p138_26">
               <cell/>
               <cell><date when="1835-12-25">25</date></cell>
               <cell/>
               <cell/>
               <cell/>
               <cell/>
            </row>
            <row xml:id="p138_27">
               <cell>Settled</cell>
               <cell><name type="person" ref="pers_WCDH359">Hiram Hodges</name>
                  <choice rend="align(right)">
                     <abbr>DR</abbr>
                     <expan>Debtor</expan>
                  </choice></cell>
               <cell/>
               <cell/>
               <cell/>
               <cell/>
            </row>
            <row xml:id="p138_28">
               <cell/>
               <cell>To <name type="account" ref="LMWcash">cash</name> towards work on a half</cell>
               <cell><measure commodity="currency" quantity="5" unit="dollars">5</measure></cell>
               <cell><measure commodity="currency" quantity="00" unit="dollars">00</measure></cell>
               <cell/>
               <cell/>
            </row>
            <row xml:id="p138_29">
               <cell/>
               <cell> <measure commodity="Salt Pork" quantity="56 1/4" unit="lbs">56 1/4 lbs. Salt pork</measure>paid</cell><cell/>
               <cell><measure commodity="currency" quantity="7" unit="dollars">7</measure></cell>
               <cell><measure commodity="currency" quantity="03" unit="dollars">03</measure></cell>
               <cell><measure commodity="currency" quantity="12" unit="dollars">12</measure></cell>
               <cell><measure commodity="currency" quantity="03" unit="dollars">03</measure></cell>
            </row>
            <row xml:id="p138_30">
               <cell/>
               <cell><date when="1835-12-25">25</date></cell>
               <cell/>
               <cell/>
               <cell/>
               <cell/>
            </row>
            <row xml:id="p138_31">
               <cell>70</cell>
               <cell><name type="person" ref="pers_WCDH699">Samuel Wrigley</name>
                  <choice rend="align(right)">
                     <abbr>DR</abbr>
                     <expan>Debtor</expan>
                  </choice></cell>
               <cell/>
               <cell/>
               <cell/>
               <cell/>
            </row>
            <row xml:id="p138_32">
               <cell/>
               <cell>To <measure commodity="calico wood">calico wood</measure>. Mary, one paid 1/</cell>
               <cell></cell>
               <cell><measure commodity="currency" quantity="17" unit="dollars">17</measure></cell>
               <cell/>
               <cell/>
            </row>
               <pb n="138"/>
               <fw type="pageNum">138</fw>
               <table xml:id="p138" cols="6">
                  <head><date when="1836-01-02">text</date></head>
            <row xml:id="p138_33">
               <cell>344</cell>
               <cell><name type="person" ref="pers_WCDH221">Thomas Carpenter</name>
                  <choice rend="align(right)">
                     <abbr>DR</abbr>
                     <expan>Debtor</expan>
                  </choice></cell>
               <cell/>
               <cell/>
               <cell/>
               <cell/>
            </row>
            <row xml:id="p138_34">
               <cell></cell>
               <cell>To <name type="account" ref="LMWcash">cash</name> <measure commodity="currency" quantity="1" unit="dollars">one dollar</measure>6/</cell>
               <cell><measure commodity="currency" quantity="1" unit="dollars">1</measure></cell>
               <cell><measure commodity="currency" quantity="00" unit="dollars">00</measure></cell>
               <cell/>
               <cell/>
            </row>
            <row xml:id="p138_35">
               <cell/>
               <cell><date when="1836-01-09">9</date></cell>
               <cell></cell>
               <cell></cell>
               <cell/>
               <cell/>
            </row>
            <row xml:id="p138_36">
               <cell>70</cell>
               <cell><name type="person" ref="pers_WCDH699">Samuel Wrigley</name>
                  <choice rend="align(right)">
                     <abbr>DR</abbr>
                     <expan>Debtor</expan>
                  </choice></cell>
               <cell></cell>
               <cell></cell>
               <cell></cell>
               <cell></cell>
            </row>
            <row xml:id="p138_37">
               <cell/>
               <cell>To <name type="account" ref="LMWcash">cash</name><!--?--> Mary <measure commodity="currency" quantity="50" unit="cents">50 cents</measure></cell>
               <cell></cell>
               <cell><measure commodity="currency" quantity="50" unit="dollars">50</measure></cell>
               <cell/>
               <cell/>
            </row>
            <row xml:id="p138_38">
               <cell/>
               <cell><date when="1836-01-14">14</date></cell>
               <cell/>
               <cell/>
               <cell/>
               <cell/>
            </row>
            <row xml:id="p138_39">
               <cell>506</cell>
               <cell><name type="person" ref="pers_WCDH484">Samuel Morey</name>
                  <choice rend="align(right)">
                     <abbr>DR</abbr>
                     <expan>Debtor</expan>
                  </choice></cell>
               <cell/>
               <cell/>
               <cell/>
               <cell/>
            </row>
            <row xml:id="p138_40">
               <cell/>
               <cell> To <name type="account" ref="LMWcash">cash</name> 2 paid Samuel 12/</cell>
               <cell><measure commodity="currency" quantity="2" unit="dollars">2</measure></cell>
               <cell><measure commodity="currency" quantity="00" unit="dollars">00</measure></cell>
               <cell/>
               <cell/>
            </row>
            <row xml:id="p138_41">
               <cell/>
               <cell><date when="1836-01-18">18</date></cell>
               <cell/>
               <cell/>
               <cell/>
               <cell/>
            </row>
            <row xml:id="p138_42">
               <cell>506</cell>
               <cell><name type="person" ref="pers_WCDH484">Samuel Morey</name>
                  <choice rend="align(right)">
                     <abbr>DR</abbr>
                     <expan>Debtor</expan>
                  </choice></cell>
               <cell/>
               <cell/>
               <cell/>
               <cell/>
            </row>
            <row xml:id="p138_43">
               <cell/>
               <cell>To <name type="account" ref="LMWcash">cash</name> paid Samuel 30/</cell>
               <cell><measure commodity="currency" quantity="5" unit="dollars">5</measure></cell>
               <cell><measure commodity="currency" quantity="00" unit="dollars">00</measure></cell>
               <cell/>
               <cell/>
            </row>
            <row xml:id="p138_44">
               <cell>70</cell>
               <cell><name type="person" ref="pers_WCDH699">Samuel Wrigley</name>
                  <choice rend="align(right)">
                     <abbr>DR</abbr>
                     <expan>Debtor</expan>
                  </choice></cell>
               <cell/>
               <cell/>
               <cell/>
               <cell/>
            </row>
            <row xml:id="p138_45">
               <cell></cell>
               <cell>By <measure commodity="horse coller" quantity="1" unit="count">horse coller returned</measure> 15/</cell>
               <cell><measure commodity="currency" quantity="2" unit="dollars">2</measure></cell>
               <cell><measure commodity="currency" quantity="50" unit="dollars">50</measure></cell>
               <cell/>
               <cell/>
            </row>
            <row xml:id="p138_46">
               <cell/>
               <cell><date when="1836-01-26">26</date></cell>
               <cell></cell>
               <cell></cell>
               <cell/>
               <cell/>
            </row>
            <row xml:id="p138_47">
               <cell>344</cell>
               <cell><name type="person" ref="pers_WCDH221">Thomas Carpenter</name>
                  <choice rend="align(right)">
                     <abbr>DR</abbr>
                     <expan>Debtor</expan>
                  </choice></cell>
               <cell/>
               <cell/>
               <cell/>
               <cell/>
            </row>
            <row xml:id="p138_48">
               <cell></cell>
               <cell>To <name type="account" ref="LMWcash">cash</name> 6/</cell>
               <cell><measure commodity="currency" quantity="1" unit="dollars">1</measure></cell>
               <cell><measure commodity="currency" quantity="00" unit="dollars">00</measure></cell>
               <cell/>
               <cell/>
            </row>
            <row xml:id="p138_49">
               <cell/>
               <cell><date when="1836-01-19">19</date></cell>
               <cell/>
               <cell></cell>
               <cell/>
               <cell/>
            </row>
            <row xml:id="p138_50">
               <cell>70</cell>
               <cell><name type="person" ref="pers_WCDH699">Samuel Wrigley</name>
                  <choice rend="align(right)">
                     <abbr>DR</abbr>
                     <expan>Debtor</expan>
                  </choice></cell>
               <cell/>
               <cell></cell>
               <cell/>
               <cell></cell>
            </row>
            <row xml:id="p138_51">
               <cell/>
               <cell>To two <!--?--> Mary</cell>
               <cell/>
               <cell><measure commodity="currency" quantity="10" unit="dollars">10</measure></cell>
               <cell/>
               <cell/>
            </row>
            <row xml:id="p138_52">
               <cell>344</cell>
               <cell><name type="person" ref="pers_WCDH221">Thomas Carpenter</name>
                  <choice rend="align(right)">
                     <abbr>DR</abbr>
                     <expan>Debtor</expan>
                  </choice></cell>
               <cell/>
               <cell/>
               <cell/>
               <cell/>
            </row>
            <row xml:id="p138_53">
               <cell/>
               <cell>To <name type="account" ref="LMWcash">cash</name> <measure commodity="currency" quantity="22" unit="dollars">twenty two dollars</measure>x 54</cell>
               <cell><measure commodity="currency" quantity="22" unit="dollars">22</measure></cell>
               <cell><measure commodity="currency" quantity="54" unit="dollars">54</measure></cell>
               <cell/>
               <cell/>
            </row>
            <row xml:id="p138_54">
               <cell></cell>
               <cell><date when="1836-01-29">29</date></cell>
               <cell/>
               <cell/>
               <cell/>
               <cell/>
            </row>
            <row xml:id="p138_55">
               <cell>506</cell>
               <cell><name type="person" ref="pers_WCDH484">Samuel Morey</name>
                  <choice rend="align(right)">
                     <abbr>DR</abbr>
                     <expan>Debtor</expan>
                  </choice></cell>
               <cell></cell>
               <cell></cell>
               <cell/>
               <cell/>
            </row>
            <row xml:id="p138_56">
               <cell/>
               <cell>To rent of land <!--?--></cell>
               <cell><measure commodity="currency" quantity="15" unit="dollars">15</measure></cell>
               <cell><measure commodity="currency" quantity="00" unit="dollars">00</measure></cell>
               <cell/>
               <cell/>
            </row>
         </table>
         <pb n="139"/>
         <fw type="pageNum">139</fw>
         <table xml:id="p139" cols="6">
            <head>Wednesday<date when="1836-02-03">text</date></head>
            <row xml:id="p139_01">
               <cell>507</cell>
               <cell>
                  <name type="person" ref="pers_WCDH633">Abagail Webber</name>
                  <choice rend="align(right)">
                     <abbr>DR</abbr>
                     <expan>Debtor</expan>
                  </choice>
               </cell>
               <cell/>
               <cell/>
               <cell/>
               <cell/>
            </row>
            <row xml:id="p139_02">
               <cell/>
               <cell>To <measure commodity="potatoes" quantity="3" unit="bushels">three Buls. Potatoes</measure>two D paid January 24</cell>
               <cell><measure commodity="currency" quantity="1" unit="dollars">1</measure></cell>
               <cell><measure commodity="currency" quantity="00" unit="dollars">00</measure></cell>
               <cell><measure commodity="currency" quantity="1" unit="dollars">1</measure></cell>
               <cell><measure commodity="currency" quantity="00" unit="dollars">00</measure></cell>
            </row>
            <row xml:id="p139_03">
               <cell/>
               <cell><date when="1836-02-06">06</date></cell>
               <cell></cell>
               <cell/>
               <cell></cell>
               <cell></cell>
            </row>
            <row xml:id="p139_04">
               <cell>70</cell>
               <cell><name type="person" ref="pers_WCDH699">Samuel Wrigley</name>
                  <choice rend="align(right)">
                     <abbr>DR</abbr>
                     <expan>Debtor</expan>
                  </choice></cell>
               <cell/>
               <cell/>
               <cell/>
               <cell/>
            </row>
            <row xml:id="p139_05">
               <cell></cell>
               <cell>To <name type="account" ref="LMWcash">cash</name> paid Mary 3/</cell>
               <cell/>
               <cell><measure commodity="currency" quantity="50" unit="dollars">50</measure></cell>
               <cell/>
               <cell/>
            </row>
            <row xml:id="p139_06">
               <cell/>
               <cell><date when="1836-02-13">13</date></cell>
               <cell></cell>
               <cell></cell>
               <cell/>
               <cell/>
            </row>
            <row xml:id="p139_07">
               <cell>70</cell>
               <cell>To <name type="account" ref="LMWcash">cash</name> do paid Mary for letter 1/6</cell>
               <cell/>
               <cell><measure commodity="currency" quantity="25" unit="dollars">25</measure></cell>
               <cell/>
               <cell/>
            </row>
            <row xml:id="p139_08">
               <cell></cell>
               <cell><date when="1836-02-15">15</date></cell>
               <cell/>
               <cell/>
               <cell/>
               <cell/>
            </row>
            <row xml:id="p139_09">
               <cell>70</cell>
               <cell>To <measure commodity="shirting" quantity="5" unit="yards">five yards shirting</measure>11x for Mary</cell>
               <cell></cell>
               <cell><measure commodity="currency" quantity="55" unit="dollars">55</measure></cell>
               <cell/>
               <cell/>
            </row>
            <row xml:id="p139_10">
               <cell/>
               <cell>To <measure commodity="Rubber shoes" quantity="1" unit="count">India rubber shoes</measure>for Mary 4/6</cell>
               <cell/>
               <cell><measure commodity="currency" quantity="75" unit="dollars">75</measure></cell>
               <cell/>
               <cell/>
            </row>
            <row xml:id="p139_11">
               <cell></cell>
               <cell>To <measure commodity="shirting" quantity="4" unit="yards">4 yards shirting</measure>/9. for Mary</cell>
               <cell/>
               <cell><measure commodity="currency" quantity="50" unit="dollars">50</measure></cell>
               <cell/>
               <cell/>
            </row>
            <row xml:id="p139_12">
               <cell/>
               <cell><date when="1836-02-20">20</date></cell>
               <cell></cell>
               <cell></cell>
               <cell/>
               <cell/>
            </row>
            <row xml:id="p139_13">
               <cell>70</cell>
               <cell>To <name type="account" ref="LMWcash">cash</name> 6/ for Mary</cell>
               <cell><measure commodity="currency" quantity="1" unit="dollars">1</measure></cell>
               <cell><measure commodity="currency" quantity="00" unit="dollars">00</measure></cell>
               <cell/>
               <cell/>
            </row>
            <row xml:id="p139_14">
               <cell></cell>
               <cell><measure commodity="hat" quantity="1" unit="count">hat</measure>7/6</cell>
               <cell><measure commodity="currency" quantity="1" unit="dollars">1</measure></cell>
               <cell><measure commodity="currency" quantity="25" unit="dollars">25</measure></cell>
               <cell><measure commodity="currency" quantity="4" unit="dollars">4</measure></cell>
               <cell><measure commodity="currency" quantity="80" unit="dollars">80</measure></cell>
            </row>
            <row xml:id="p139_15">
               <cell/>
               <cell><date when="1836-02-29">29</date></cell>
               <cell></cell>
               <cell></cell>
               <cell/>
               <cell/>
            </row>
            <row xml:id="p138_16">
               <cell>403</cell>
               <cell><name type="person" ref="pers_WCDH498">Henry M. Paine</name>
                  <choice rend="align(right)">
                     <abbr>DR</abbr>
                     <expan>Debtor</expan>
                  </choice></cell>
               <cell/>
               <cell/>
               <cell/>
               <cell/>
            </row>
            <row xml:id="p138_17">
               <cell></cell>
               <cell>To <measure commodity="potatoes" quantity="1" unit="bushels">1 Buls. Potatoes</measure>2/6</cell>
               <cell/>
               <cell><measure commodity="currency" quantity="42" unit="dollars">42</measure></cell>
               <cell/>
               <cell/>
            </row>
            <pb n="139"/>
            <fw type="pageNum">139</fw>
            <table xml:id="p139" cols="6">
               <head><date when="1836-03-03">text</date></head>
            <row xml:id="p139_18">
               <cell>70</cell>
               <cell><name type="person" ref="pers_WCDH699">Samuel Wrigley</name>
                  <choice rend="align(right)">
                     <abbr>DR</abbr>
                     <expan>Debtor</expan>
                  </choice></cell>
               <cell/>
               <cell></cell>
               <cell/>
               <cell/>
            </row>
            <row xml:id="p139_19">
               <cell/>
               <cell>To <name type="account" ref="LMWcash">cash</name> 7/6 <!--?--> Mary</cell>
               <cell><measure commodity="currency" quantity="1" unit="dollars">1</measure></cell>
               <cell><measure commodity="currency" quantity="25" unit="dollars">25</measure></cell>
               <cell/>
               <cell></cell>
            </row>
            <row xml:id="p139_20">
               <cell/>
               <cell><date when="1836-03-07">7th</date></cell>
               <cell/>
               <cell/>
               <cell/>
               <cell/>
            </row>
            <row xml:id="p139_21">
               <cell>70</cell>
               <cell>To <name type="account" ref="LMWcash">cash</name> 6/ for Mary</cell>
               <cell><measure commodity="currency" quantity="1" unit="dollars">1</measure></cell>
               <cell><measure commodity="currency" quantity="00" unit="dollars">00</measure></cell>
               <cell/>
               <cell/>
            </row>
            <row xml:id="p139_22">
               <cell/>
               <cell><date when="1836-03-08">8</date></cell>
               <cell/>
               <cell></cell>
               <cell/>
               <cell/>
            </row>
            <row xml:id="p139_23">
               <cell>507</cell>
               <cell><name type="person" ref="pers_WCDH633">Mrs. Abagail Webber</name>
                  <choice rend="align(right)">
                     <abbr>DR</abbr>
                     <expan>Debtor</expan>
                  </choice></cell>
               <cell/>
               <cell/>
               <cell/>
               <cell/>
            </row>
            <row xml:id="p139_24">
               <cell></cell>
               <cell>To <measure commodity="Eggs" quantity="1/2">1/2 dozen Eggs</measure>14x</cell>
               <cell/>
               <cell><measure commodity="currency" quantity="07" unit="dollars">07</measure></cell>
               <cell/>
               <cell/>
            </row>
            <row xml:id="p139_25">
               <cell>Settled</cell>
               <cell><name type="person" ref="pers_WCDH359">Hiram Hodges</name>
                  <choice rend="align(right)">
                     <abbr>DR</abbr>
                     <expan>Debtor</expan>
                  </choice></cell>
               <cell></cell>
               <cell></cell>
               <cell/>
               <cell/>
            </row>
            <row xml:id="p139_26">
               <cell/>
               <cell>To <name type="account" ref="LMWcash">cash</name> as for received $</cell>
               <cell><measure commodity="currency" quantity="10" unit="dollars">10</measure></cell>
               <cell><measure commodity="currency" quantity="00" unit="dollars">00</measure></cell>
               <cell/>
               <cell/>
            </row>
            <row xml:id="p139_27">
               <cell></cell>
               <cell><date when="1836-03-10">10</date></cell>
               <cell/>
               <cell/>
               <cell/>
               <cell/>
            </row>
            <row xml:id="p139_28">
               <cell>Settled</cell>
               <cell><name type="person" ref="pers_WCDH230">Oliver Clapp</name>
                  <choice rend="align(right)">
                     <abbr>DR</abbr>
                     <expan>Debtor</expan>
                  </choice></cell>
               <cell/>
               <cell></cell>
               <cell/>
               <cell/>
            </row>
            <row xml:id="p139_29">
               <cell/>
               <cell>To <name type="account" ref="LMWcash">cash</name> <measure commodity="currency" quantity="20" unit="dollars">twenty Dollars $20. 00</measure></cell><cell/>
               <cell><measure commodity="currency" quantity="20" unit="dollars">20</measure></cell>
               <cell><measure commodity="currency" quantity="00" unit="dollars">00</measure></cell>
               <cell/>
            </row>
            <row xml:id="p139_30">
               <cell/>
               <cell><date when="1836-03-10">10</date></cell>
               <cell/>
               <cell/>
               <cell/>
               <cell/>
            </row>
            <row xml:id="p139_31">
               <cell>70</cell>
               <cell><name type="person" ref="pers_WCDH699">Samuel Wrigley</name>
                  <choice rend="align(right)">
                     <abbr>DR</abbr>
                     <expan>Debtor</expan>
                  </choice></cell>
               <cell/>
               <cell/>
               <cell/>
               <cell/>
            </row>
            <row xml:id="p139_32">
               <cell/>
               <cell>To <name type="account" ref="LMWcash">cash</name> 6/ for Mary</cell>
               <cell><measure commodity="currency" quantity="1" unit="dollars">1</measure></cell>
               <cell><measure commodity="currency" quantity="00" unit="dollars">00</measure></cell>
               <cell/>
               <cell/>
            </row>
            <row xml:id="p139_33">
               <cell/>
               <cell><date when="1836-03-10">14</date></cell>
               <cell/>
               <cell/>
               <cell/>
               <cell/>
            </row>
            <row xml:id="p139_34">
               <cell>70</cell>
               <cell>To  <name type="account" ref="LMWcash">cash</name> 12/ <!--?--> Mary</cell>
               <cell><measure commodity="currency" quantity="2" unit="dollars">2</measure></cell>
               <cell><measure commodity="currency" quantity="00" unit="dollars">00</measure></cell>
               <cell/>
               <cell/>
            </row>
            <row xml:id="p139_35">
               <cell/>
               <cell> <measure commodity="labor" quantity="1" unit="day">Keeping horse one week </measure>6/</cell>
               <cell><measure commodity="currency" quantity="1" unit="dollars">1</measure></cell>
               <cell><measure commodity="currency" quantity="00" unit="dollars">00</measure></cell>
               <cell/>
               <cell/>
            </row>
            <row xml:id="p139_36">
               <cell/>
               <cell><date when="1836-03-23">23rd</date></cell>
               <cell></cell>
               <cell></cell>
               <cell></cell>
               <cell></cell>
            </row>
            <row xml:id="p139_37">
               <cell>403</cell>
               <cell><name type="person" ref="pers_WCDH498">Henry M. Paine</name>
                  <choice rend="align(right)">
                     <abbr>DR</abbr>
                     <expan>Debtor</expan>
                  </choice></cell>
               <cell></cell>
               <cell></cell>
               <cell/>
               <cell/>
            </row>
            <row xml:id="p139_38">
               <cell/>
               <cell>To rent to <date when="1836-04-01">April 1st 1836</date></cell>
               <cell><measure commodity="currency" quantity="30" unit="dollars">30</measure></cell>
               <cell><measure commodity="currency" quantity="00" unit="dollars">00</measure></cell>
               <cell/>
               <cell/>
            </row>
            <row xml:id="p139_39">
               <cell></cell>
               <cell><date when="1836-03-25">25</date></cell>
               <cell/>
               <cell/>
               <cell/>
               <cell/>
            </row>
            <row xml:id="p139_40">
               <cell>70</cell>
               <cell><name type="person" ref="pers_WCDH699">Samuel Wrigley</name>
                  <choice rend="align(right)">
                     <abbr>DR</abbr>
                     <expan>Debtor</expan>
                  </choice></cell>
               <cell></cell>
               <cell></cell>
               <cell/>
               <cell/>
            </row>
            <row xml:id="p139_41">
               <cell/>
               <cell>To <name type="account" ref="LMWcash">cash</name> 12/ <!--?--> Mary</cell>
               <cell><measure commodity="currency" quantity="2" unit="dollars">2</measure></cell>
               <cell><measure commodity="currency" quantity="00" unit="dollars">00</measure></cell>
               <cell/>
               <cell/>
            </row>
            <row xml:id="p139_42">
               <cell></cell>
               <cell><date when="1836-03-26">26</date></cell>
               <cell/>
               <cell/>
               <cell/>
               <cell/>
            </row>
            <row xml:id="p139_43">
               <cell>507</cell>
               <cell><name type="person" ref="pers_WCDH633">Abagail Webber</name>
                  <choice rend="align(right)">
                     <abbr>DR</abbr>
                     <expan>Debtor</expan>
                  </choice></cell>
               <cell></cell>
               <cell></cell>
               <cell/>
               <cell/>
            </row>
            <row xml:id="p139_44">
               <cell/>
               <cell>To <measure commodity="potatoes" quantity="1" unit="bushels">Buls. Potatoes</measure>2/</cell>
               <cell/>
               <cell/>
               <cell/>
               <cell><measure commodity="currency" quantity="33" unit="dollars">33</measure></cell>
            </row>
            <row xml:id="p139_45">
               <cell></cell>
               <cell><date when="1836-03-30">30</date></cell>
               <cell/>
               <cell/>
               <cell/>
               <cell/>
            </row>
            <row xml:id="p139_46">
               <cell>56</cell>
               <cell><name type="person" ref="pers_WCDH504">Adin Pattin</name>
                  <choice rend="align(right)">
                     <abbr>DR</abbr>
                     <expan>Debtor</expan>
                  </choice></cell>
               <cell></cell>
               <cell></cell>
               <cell/>
               <cell/>
            </row>
            <row xml:id="p139_47">
               <cell/>
               <cell>To coalhands left by Freeman 4/6</cell>
               <cell><measure commodity="currency" quantity="75" unit="dollars">75</measure></cell>
               <cell/>
               <cell/>
               <cell/>
            </row>
               <pb n="139"/>
               <fw type="pageNum">139</fw>
               <table xml:id="p139" cols="6">
                  <head><date when="1836-04-09">text</date></head>
            <row xml:id="p139_48">
               <cell>70</cell>
               <cell><name type="person" ref="pers_WCDH699">Samuel Wrigley</name>
                  <choice rend="align(right)">
                     <abbr>DR</abbr>
                     <expan>Debtor</expan>
                  </choice></cell>
               <cell/>
               <cell/>
               <cell/>
               <cell/>
            </row>
            <row xml:id="p139_49">
               <cell/>
               <cell>To <name type="account" ref="LMWcash">cash</name>6/ <!--?--> Mary</cell>
               <cell><measure commodity="currency" quantity="1" unit="dollars">1</measure></cell>
               <cell><measure commodity="currency" quantity="00" unit="dollars">00</measure></cell>
               <cell/>
               <cell/>
            </row>
            <row xml:id="p139_50">
               <cell/>
               <cell><date when="1836-04-08">8</date></cell>
               <cell/>
               <cell></cell>
               <cell/>
               <cell></cell>
            </row>
            <row xml:id="p139_51">
               <cell>70</cell>
               <cell><name type="person" ref="pers_WCDH699">Samuel Wrigley</name>
                  <choice rend="align(right)">
                     <abbr>DR</abbr>
                     <expan>Debtor</expan>
                  </choice></cell>
               <cell/>
               <cell/>
               <cell/>
               <cell/>
            </row>
            <row xml:id="p139_52">
               <cell/>
               <cell>To <measure commodity="jallow" quantity="2.10" unit="lbs">2 lbs. 10 ounces jallow</measure>9x</cell>
               <cell/>
               <cell><measure commodity="currency" quantity="23" unit="dollars">23</measure></cell>
               <cell/>
               <cell/>
            </row>
            <row xml:id="p139_53">
               <cell>506</cell>
               <cell><name type="person" ref="pers_WCDH176">Stephen Bigelow</name>
                  <choice rend="align(right)">
                     <abbr>DR</abbr>
                     <expan>Debtor</expan>
                  </choice></cell>
               <cell/>
               <cell/>
               <cell/>
               <cell/>
            </row>
            <row xml:id="p139_54">
               <cell></cell>
               <cell>To 1 Day. <!--?--> /9</cell>
               <cell><measure commodity="currency" quantity="9" unit="dollars">9</measure></cell>
               <cell><measure commodity="currency" quantity="50" unit="dollars">50</measure></cell>
               <cell/>
               <cell/>
            </row>
            <row xml:id="p139_55">
               <cell/>
               <cell><date when="1836-04-11">11</date></cell>
               <cell></cell>
               <cell></cell>
               <cell/>
               <cell/>
            </row>
            <row xml:id="p139_56">
               <cell>Settled</cell>
               <cell><name type="person" ref="">Mason Freeman</name>
                  <choice rend="align(right)">
                     <abbr>DR</abbr>
                     <expan>Debtor</expan>
                  </choice></cell>
               <cell/>
               <cell/>
               <cell/>
               <cell/>
            </row>
            <row xml:id="p139_57">
               <cell></cell>
               <cell>To boot between <!--?--> 6/</cell>
               <cell><measure commodity="currency" quantity="1" unit="dollars">1</measure></cell>
               <cell><measure commodity="currency" quantity="00" unit="dollars">00</measure></cell>
               <cell/>
               <cell/>
            </row>
            <row xml:id="p139_58">
               <cell/>
               <cell><date when="1836-04-13">13</date></cell>
               <cell></cell>
               <cell></cell>
               <cell/>
               <cell/>
            </row>
            <row xml:id="p139_59">
               <cell>70</cell>
               <cell><name type="person" ref="pers_WCDH699">Samuel Wrigley</name>
                  <choice rend="align(right)">
                     <abbr>DR</abbr>
                     <expan>Debtor</expan>
                  </choice></cell>
               <cell/>
               <cell/>
               <cell/>
               <cell/>
            </row>
            <row xml:id="p139_60">
               <cell></cell>
               <cell>To <name type="account" ref="LMWcash">cash</name> <!--?--> Mary <measure commodity="currency" quantity="4.07" unit="dollars">$4. 07</measure></cell>
               <cell><measure commodity="currency" quantity="4" unit="dollars">4</measure></cell>
               <cell><measure commodity="currency" quantity="07" unit="dollars">07</measure></cell>
               <cell/>
               <cell/>
            </row>