<?xml version="1.0" encoding="UTF-8"?>
<?oxygen RNGSchema="http://www.tei-c.org/release/xml/tei/custom/schema/relaxng/tei_all.rng" type="xml"?>
<TEI xmlns="http://www.tei-c.org/ns/1.0">
   <teiHeader>
      <fileDesc>
         <titleStmt>
            <title>LMW Day Book, pp. 100-149</title>
            <author>L.M. Wheaton</author>
         </titleStmt>
         <publicationStmt>
            <p>Transcribed by Sahilia Ramirez Summer 2016, Wheaton College</p>
         </publicationStmt>
         <sourceDesc>
            <biblFull>
               <titleStmt>
                  <title>Account Books, pp.100-149</title>
                  <author>L.M. Wheaton</author>
                  <respStmt>
                     <resp> TEI-compatible XML markup by <name type="person">Sahilia Ramirez</name>
                        with corrections by <name type="person">Name</name>, <name
                           type="person">Name</name>, and <name type="person">Name</name>.</resp>
                     <name type="person">Name</name>
                  </respStmt>
               </titleStmt>
               <publicationStmt>
                  <p>Transcribed by Sahilia Ramirez Summer 2016, Wheaton College</p>
               </publicationStmt>
               <sourceDesc>
                  <p> From the Marion B. Gebbie Archives and Special Collections at the Madeleine
                     Clark Wallace Library, Wheaton College </p>
               </sourceDesc>
            </biblFull>
         </sourceDesc>
      </fileDesc>
   </teiHeader>
   <text>
      <body>
         <pb n="112"/>
         <fw type="pageNum">112</fw>
         <table xml:id="p112" cols="6">
            <head>Saturday<date when="1833-02-16">text</date></head>
            <row xml:id="p112_01">
               <cell>393</cell>
               <cell>
                  <name type="person" ref="pers_WCDH650">Wheaton Wheeler</name>
                  <choice rend="align(right)">
                     <abbr>Dr</abbr>
                     <expan>Debtor</expan>
                  </choice>
               </cell>
               <cell/>
               <cell/>
               <cell/>
               <cell/>
            </row>
            <row xml:id="p112_02">
               <cell/>
               <cell>By <measure commodity="labor" quantity="1.5" unit="day">1 1/2 days work this week</measure>2/6</cell>
               <cell></cell>
               <cell><measure commodity="currency" quantity="6.2" unit="dollars">6.2</measure></cell>
               <cell/>
               <cell/>
            </row>
            <row xml:id="p112_03">
               <cell/>
               <cell><name type="account" ref="LMWcash">cash</name>1/6</cell>
               <cell></cell>
               <cell><measure commodity="currency" quantity="25" unit="dollars">25</measure></cell>
               <cell></cell>
               <cell></cell>
            </row>
            <row xml:id="p112_04">
               <cell/>
               <cell><name type="account" ref="LMWcash">cash</name>1/6</cell>
               <cell/>
               <cell><measure commodity="currency" quantity=".25" unit="cents">.25</measure></cell>
               <cell><measure commodity="currency" quantity="1" unit="dollars">1</measure></cell>
               <cell><measure commodity="currency" quantity="12" unit="dollars">12</measure></cell>
            </row>
            <row xml:id="p112_05">
               <cell></cell>
               <cell><date when="1833-02-28">28</date></cell>
               <cell/>
               <cell/>
               <cell/>
               <cell/>
            </row>
            <row xml:id="p112_06">
               <cell>393</cell>
               <cell><name type="person" ref="pers_WCDH650">Wheaton Wheeler</name>
                  <choice rend="align(right)">
                     <abbr>Dr</abbr>
                     <expan>Debtor</expan>
                  </choice></cell>
               <cell></cell>
               <cell></cell>
               <cell/>
               <cell/>
            </row>
            <row xml:id="p112_07">
               <cell/>
               <cell>By<measure commodity="labor" quantity="3" unit="day">3 days work this week</measure>2/6</cell>
               <cell><measure commodity="currency" quantity="1" unit="dollars">1</measure></cell>
               <cell><measure commodity="currency" quantity="25" unit="dollars">25</measure></cell>
               <cell/>
               <cell/>
            </row>
            <pb n="112"/>
            <fw type="pageNum">112</fw>
            <table xml:id="p112" cols="6">
               <head><date when="1833-03-01">text</date></head>
            <row xml:id="p112_08">
               <cell>389</cell>
               <cell><name type="person" ref="pers_WCDH230">Oliver Clapp</name>
                  <choice rend="align(right)">
                     <abbr>Dr</abbr>
                     <expan>Debtor</expan>
                  </choice></cell>
               <cell/>
               <cell/>
               <cell/>
               <cell/>
            </row>
            <row xml:id="p112_09">
               <cell/>
               <cell>To <name type="account" ref="LMWcash">cash</name> paid recieved <measure commodity="currency" quantity="40" unit="dollars">$40.00</measure></cell>
               <cell></cell>
               <cell></cell>
               <cell/>
               <cell/>
            </row>
            <row xml:id="p112_10">
               <cell/>
               <cell> <measure commodity="grain" quantity="4" unit="bushels">4 Bushel grain</measure><measure commodity="currency" quantity="4" unit="dollars">4.00</measure></cell>
               <cell><measure commodity="currency" quantity="44" unit="dollars">44</measure></cell>
               <cell><measure commodity="currency" quantity="00" unit="dollars">00</measure></cell>
               <cell/>
               <cell/>
            </row>
            <row xml:id="p112_11">
               <cell></cell>
               <cell><date when="1833-03-04">4</date></cell>
               <cell/>
               <cell/>
               <cell/>
               <cell/>
            </row>
            <row xml:id="p112_12">
               <cell>393</cell>
               <cell><name type="person" ref="pers_WCDH650">Wheaton Wheeler</name>
                  <choice rend="align(right)">
                     <abbr>Dr</abbr>
                     <expan>Debtor</expan>
                  </choice></cell>
               <cell></cell>
               <cell></cell>
               <cell/>
               <cell/>
            </row>
            <row xml:id="p112_13">
               <cell/>
               <cell>To <measure commodity="grain" quantity="1/2" unit="bushels">1/2 bushel grain</measure>6/</cell>
               <cell/>
               <cell><measure commodity="currency" quantity="50" unit="dollars">50</measure></cell>
               <cell/>
               <cell/>
            </row>
            <row xml:id="p112_14">
               <cell></cell>
               <cell><date when="1833-03-07">7</date></cell>
               <cell/>
               <cell/>
               <cell/>
               <cell/>
            </row>
            <row xml:id="p112_15">
               <cell>393</cell>
               <cell><name type="person" ref="pers_WCDH650">Wheaton Wheeler</name>
                  <choice rend="align(right)">
                     <abbr>Dr</abbr>
                     <expan>Debtor</expan>
                  </choice></cell>
               <cell></cell>
               <cell></cell>
               <cell/>
               <cell/>
            </row>
            <row xml:id="p112_16">
               <cell/>
               <cell>To<measure commodity="salt beef" quantity="11.5" unit="lbs.">11 1/2 lbs. salt beef</measure>8</cell>
               <cell/>
               <cell><measure commodity="currency" quantity="92" unit="dollars">92</measure></cell>
               <cell/>
               <cell/>
            </row>
            <row xml:id="p112_17">
               <cell></cell>
               <cell><date when="1833-03-09">9</date></cell>
               <cell/>
               <cell/>
               <cell/>
               <cell/>
            </row>
            <row xml:id="p112_18">
               <cell>393</cell>
               <cell><name type="person" ref="pers_WCDH650">Wheaton Wheeler</name>
                  <choice rend="align(right)">
                     <abbr>Dr</abbr>
                     <expan>Debtor</expan>
                  </choice></cell>
               <cell/>
               <cell></cell>
               <cell/>
               <cell/>
            </row>
            <row xml:id="p112_19">
               <cell/>
               <cell>By<measure commodity="labor" quantity="4" unit="day">4 days work this week</measure>2/6</cell>
               <cell><measure commodity="currency" quantity="1" unit="dollars">1</measure></cell>
               <cell><measure commodity="currency" quantity="67" unit="dollars">67</measure></cell>
               <cell/>
               <cell></cell>
            </row>
            <row xml:id="p112_20">
               <cell/>
               <cell><name type="account" ref="LMWcash">cash</name>1/6 paid by father</cell>
               <cell/>
               <cell><measure commodity="currency" quantity="25" unit="dollars">25</measure></cell>
               <cell><measure commodity="currency" quantity="1" unit="dollars">1</measure></cell>
               <cell><measure commodity="currency" quantity="92" unit="dollars">92</measure></cell>
            </row>
            <row xml:id="p112_21">
               <cell>396</cell>
               <cell><name type="person" ref="pers_WCDH484">Samuel Morey</name>
                  <choice rend="align(right)">
                     <abbr>Dr</abbr>
                     <expan>Debtor</expan>
                  </choice></cell>
               <cell/>
               <cell/>
               <cell/>
               <cell/>
            </row>
            <row xml:id="p112_22">
               <cell/>
               <cell>To <measure commodity="wood" quantity="1" unit="cord">1 cord wood</measure>paid by P. King</cell>
               <cell/>
               <cell></cell>
               <cell/>
               <cell/>
            </row>
            <row xml:id="p112_23">
               <cell>393</cell>
               <cell><name type="person" ref="pers_WCDH650">Wheaton Wheeler</name>
                  <choice rend="align(right)">
                     <abbr>Dr</abbr>
                     <expan>Debtor</expan>
                  </choice></cell>
               <cell/>
               <cell/>
               <cell/>
               <cell/>
            </row>
            <row xml:id="p112_24">
               <cell></cell>
               <cell>To <measure commodity="corn" quantity="1" unit="peak">1 peak corn 1</measure>/6</cell>
               <cell/>
               <cell><measure commodity="currency" quantity="25" unit="dollars">25</measure></cell>
               <cell/>
               <cell/>
            </row>
            <row xml:id="p112_25">
               <cell>340</cell>
               <cell><name type="person" ref="pers_WCDH450">Edmond Lathrop</name>
                  <choice rend="align(right)">
                     <abbr>Dr</abbr>
                     <expan>Debtor</expan>
                  </choice></cell>
               <cell></cell>
               <cell></cell>
               <cell/>
               <cell/>
            </row>
            <row xml:id="p112_26">
               <cell/>
               <cell>By carting from Taunton <date when="1833-02-16">Feb. 16</date><measure commodity="currency" quantity="38.12" unit="dollars">38.12</measure></cell>
               <cell/>
               <cell/>
               <cell/>
               <cell/>
            </row>
            <row xml:id="p112_27">
               <cell></cell>
               <cell> March paid <measure commodity="currency" quantity="30.47" unit="dollars">30.47</measure></cell>
               <cell/>
               <cell/>
               <cell/>
               <cell/>
            </row>
            <row xml:id="p112_28">
               <cell/>
               <cell>6/ paid thousand 9th <measure commodity="currency" quantity="40.83" unit="dollars">40.83</measure></cell>
               <cell><measure commodity="currency" quantity="5" unit="dollars">5</measure></cell>
               <cell><measure commodity="currency" quantity="47" unit="dollars">47</measure></cell>
               <cell/>
               <cell/>
            </row>
            <row xml:id="p112_29">
               <cell>Settled</cell>
               <cell><name type="person" ref="pers_WCDH331">Francis Guellow</name>
                  <choice rend="align(right)">
                     <abbr>Dr</abbr>
                     <expan>Debtor</expan>
                  </choice></cell><cell/>
               <cell></cell>
               <cell/>
               <cell/>
            </row>
            <row xml:id="p112_30">
               <cell/>
               <cell>By carting from Taunton <measure commodity="currency" quantity="32.50" unit="dollars">32.50</measure></cell>
               <cell/>
               <cell/>
               <cell/>
               <cell/>
            </row>
            <row xml:id="p112_31">
               <cell></cell>
               <cell>At 6/ paid thousand</cell>
               <cell/>
               <cell/>
               <cell/>
               <cell/>
            </row>
            <row xml:id="p112_32">
               <cell>393</cell>
               <cell><name type="person" ref="pers_WCDH650">Wheaton Wheeler</name>
                  <choice rend="align(right)">
                     <abbr>Dr</abbr>
                     <expan>Debtor</expan>
                  </choice></cell>
               <cell></cell>
               <cell></cell>
               <cell/>
               <cell/>
            </row>
            <row xml:id="p112_33">
               <cell/>
               <cell>To <measure commodity="salt beef" quantity="5 3/4" ana="lbs.">5 3/4 lbs. salt beef</measure></cell>
               <cell/>
               <cell><measure commodity="currency" quantity="46" unit="dollars">46</measure></cell>
               <cell/>
               <cell/>
            </row>
            <row xml:id="p112_34">
               <cell></cell>
               <cell><date when="1833-03-16">16</date></cell>
               <cell/>
               <cell/>
               <cell/>
               <cell/>
            </row>
            <row xml:id="p112_35">
               <cell>395</cell>
               <cell><name type="person" ref="pers_WCDH621">Thompson Tripp</name>
                  <choice rend="align(right)">
                     <abbr>Dr</abbr>
                     <expan>Debtor</expan>
                  </choice></cell>
               <cell></cell>
               <cell></cell>
               <cell/>
               <cell/>
            </row>
            <row xml:id="p112_36">
               <cell/>
               <cell>To <name type="account" ref="LMWcash">cash</name> <measure commodity="currency" quantity="10" unit="dollars">ten dollars</measure></cell>
               <cell><measure commodity="currency" quantity="10" unit="dollars">10</measure></cell>
               <cell><measure commodity="currency" quantity="00" unit="dollars">002</measure></cell>
               <cell></cell>
               <cell></cell>
            </row>
            <row xml:id="p112_37">
               <cell>393</cell>
               <cell><name type="person" ref="pers_WCDH650">Wheaton Wheeler</name>
                  <choice rend="align(right)">
                     <abbr>Dr</abbr>
                     <expan>Debtor</expan>
                  </choice></cell>
               <cell></cell>
               <cell></cell>
               <cell/>
               <cell/>
            </row>
            <row xml:id="p112_38">
               <cell/>
               <cell>By <measure commodity="labor" quantity="3.5" unit="day">3 1/2 days work</measure>this week</cell>
               <cell><measure commodity="currency" quantity="1" unit="dollars">1</measure></cell>
               <cell><measure commodity="currency" quantity="47" unit="dollars">47</measure></cell>
               <cell/>
               <cell/>
            </row>
            <row xml:id="p112_39">
               <cell>15</cell>
               <cell><name type="person" ref="pers_WCDH361">Josiah Hodges</name>
                  <choice rend="align(right)">
                     <abbr>Dr</abbr>
                     <expan>Debtor</expan>
                  </choice></cell>
               <cell/>
               <cell/>
               <cell/>
               <cell/>
            </row>
            <row xml:id="p112_40">
               <cell/>
               <cell> To <measure commodity="paint" quantity="1.50" unit="lbs.">1 1/2 lbs. paint</measure>20x </cell>
               <cell><measure commodity="currency" quantity="30" unit="dollars">30</measure></cell>
               <cell></cell>
               <cell/>
               <cell/>
            </row>
            <row xml:id="p112_41">
               <cell/>
               <cell> <measure commodity="paint" quantity="14" unit="ounces">14 ounces</measure>do 20x</cell>
               <cell><measure commodity="currency" quantity="18" unit="dollars">18</measure></cell>
               <cell/>
               <cell/>
               <cell><measure commodity="currency" quantity="48" unit="dollars">48</measure></cell>
            </row>
            <row xml:id="p112_42">
               <cell></cell>
               <cell><date when="1833-03-23">23</date></cell>
               <cell/>
               <cell/>
               <cell/>
               <cell/>
            </row>
            <row xml:id="p112_43">
               <cell>393</cell>
               <cell><name type="person" ref="pers_WCDH650">Wheaton Wheeler</name>
                  <choice rend="align(right)">
                     <abbr>Dr</abbr>
                     <expan>Debtor</expan>
                  </choice></cell>
               <cell></cell>
               <cell></cell>
               <cell/>
               <cell/>
            </row>
            <row xml:id="p112_44">
               <cell/>
               <cell>To <measure commodity="grain" quantity="1/2" unit="bushels">1/2 Bushel grain</measure> 6/</cell>
               <cell/>
               <cell><measure commodity="currency" quantity="60" unit="dollars">60</measure></cell>
               <cell/>
               <cell/>
            </row>
            <row xml:id="p112_45">
               <cell></cell>
               <cell>By <measure commodity="labor" quantity="1 1/2" unit="day">one x 1/2 days work</measure>this week 2/6</cell>
               <cell/>
               <cell><measure commodity="currency" quantity="63" unit="dollars">63</measure></cell>
               <cell/>
               <cell/>
            </row>
            <row xml:id="p112_46">
               <cell>15</cell>
               <cell><name type="person" ref="pers_WCDH361">Josiah Hodges</name>
                  <choice rend="align(right)">
                     <abbr>Dr</abbr>
                     <expan>Debtor</expan>
                  </choice></cell>
               <cell></cell>
               <cell></cell>
               <cell/>
               <cell/>
            </row>
            <row xml:id="p112_47">
               <cell/>
               <cell>To <measure commodity="fresh pine" quantity="23" unit="feet">23 ft. 1 1/2 fresh pine boards</measure> 3x</cell>
               <cell/>
               <cell><measure commodity="currency" quantity="64" unit="dollars">64</measure></cell>
               <cell/>
               <cell/>
            </row>
            <row xml:id="p112_48">
               <cell></cell>
               <cell>" 17 <!--?--> do 1 3/4 <!--?--> 3x</cell>
               <cell/>
               <cell><measure commodity="currency" quantity="52" unit="dollars">52</measure></cell>
               <cell><measure commodity="currency" quantity="1" unit="dollars">1</measure></cell>
               <cell><measure commodity="currency" quantity="21" unit="dollars">21</measure></cell>
            </row>
            <row xml:id="p112_49">
               <cell>393</cell>
               <cell><name type="person" ref="pers_WCDH650">Wheaton Wheeler</name>
                  <choice rend="align(right)">
                     <abbr>Dr</abbr>
                     <expan>Debtor</expan>
                  </choice></cell>
               <cell/>
               <cell></cell>
               <cell/>
               <cell/>
            </row>
            <row xml:id="p112_50">
               <cell/>
               <cell>By <measure commodity="labor" quantity="2 1/2" unit="day">2 1/2 days this week</measure>2/6</cell>
               <cell><measure commodity="currency" quantity="1" unit="dollars">1</measure></cell>
               <cell><measure commodity="currency" quantity="25" unit="dollars">25</measure></cell>
               <cell><measure commodity="currency" quantity="1" unit="dollars">1</measure></cell>
               <cell><measure commodity="currency" quantity="05" unit="dollars">05</measure></cell>
            </row>
         </table>
         <pb n="113"/>
         <fw type="pageNum">113</fw>
         <table xml:id="p113" cols="6">
            <head>Monday<date when="1833-04-01">text</date></head>
            <row xml:id="p113_01">
               <cell>365</cell>
               <cell>
                  <name type="person" ref="pers_WCDH699">Samuel Wrigley</name>
                  <choice rend="align(right)">
                     <abbr></abbr>
                     <expan></expan>
                  </choice>
               </cell>
               <cell/>
               <cell/>
               <cell/>
               <cell/>
            </row>
            <row xml:id="p113_02">
               <cell/>
               <cell>To<measure commodity="salt beef" quantity="12.5" unit="lbs.">12 1/2lbs. Beef Salt</measure> 8x</cell>
               <cell><measure commodity="currency" quantity="1" unit="dollars">1</measure></cell>
               <cell><measure commodity="currency" quantity="00" unit="dollars">00</measure></cell>
               <cell/>
               <cell/>
            </row>
            <row xml:id="p113_03">
               <cell>96 Paid</cell>
               <cell><name type="person" ref="pers_WCDH302">Phillis Frazier</name>
                  <choice rend="align(right)">
                     <abbr>Dr</abbr>
                     <expan>Debtor</expan>
                  </choice></cell>
               <cell></cell>
               <cell/>
               <cell></cell>
               <cell></cell>
            </row>
            <row xml:id="p113_04">
               <cell/>
               <cell>To <measure commodity="calico" quantity="4 1/2" unit="yards">4 1/2 yards calico</measure>paid</cell>
               <cell/>
               <cell><measure commodity="currency" quantity="56" unit="dollars">56</measure></cell>
               <cell/>
               <cell/>
            </row>
            <row xml:id="p113_05">
               <cell></cell>
               <cell><date when="1833-04-05">5</date></cell>
               <cell/>
               <cell/>
               <cell/>
               <cell/>
            </row>
            <row xml:id="p113_06">
               <cell>365</cell>
               <cell><name type="person" ref="pers_WCDH699">Samuel Wrigley</name>
                  <choice rend="align(right)">
                     <abbr>Dr</abbr>
                     <expan>Debtor</expan>
                  </choice></cell>
               <cell></cell>
               <cell></cell>
               <cell/>
               <cell/>
            </row>
            <row xml:id="p113_07">
               <cell/>
               <cell>To <measure commodity="corn" quantity="1" unit="bushels">1 Bushel corn</measure><measure commodity="rye" quantity="1" unit="bushels">1 do Rye</measure></cell>
               <cell><measure commodity="currency" quantity="2" unit="dollars">2</measure></cell>
               <cell><measure commodity="currency" quantity="00" unit="dollars">00</measure></cell>
               <cell/>
               <cell/>
            </row>
            <row xml:id="p113_08">
               <cell></cell>
               <cell><date when="1833-04-06">6</date></cell>
               <cell/>
               <cell/>
               <cell/>
               <cell/>
            </row>
            <row xml:id="p113_09">
               <cell>393</cell>
               <cell><name type="person" ref="pers_WCDH650">Wheaton Wheeler</name>
                  <choice rend="align(right)">
                     <abbr>Dr</abbr>
                     <expan>Debtor</expan>
                  </choice></cell>
               <cell></cell>
               <cell></cell>
               <cell/>
               <cell/>
            </row>
            <row xml:id="p113_10">
               <cell/>
               <cell>by <measure commodity="labor" quantity="2" unit="day">two Days work</measure>42x</cell>
               <cell/>
               <cell><measure commodity="currency" quantity="84" unit="dollars">84</measure></cell>
               <cell/>
               <cell/>
            </row>
            <row xml:id="p113_11">
               <cell>393</cell>
               <cell>To <measure commodity="salt beef" quantity="5 3/4" unit="lbs.">5 3/4lbs. salt beef</measure>84</cell>
               <cell/>
               <cell><measure commodity="currency" quantity="42" unit="dollars">42</measure></cell>
               <cell/>
               <cell/>
            </row>
            <row xml:id="p113_12">
               <cell/>
               <cell><date when="1833-04-10">10</date></cell>
               <cell></cell>
               <cell></cell>
               <cell/>
               <cell/>
            </row>
            <row xml:id="p113_13">
               <cell>309</cell>
               <cell><name type="person" ref="pers_WCDH341">Silas Hall</name>
                  <choice rend="align(right)">
                     <abbr>Dr</abbr>
                     <expan>Debtor</expan>
                  </choice></cell>
               <cell/>
               <cell/>
               <cell/>
               <cell/>
            </row>
            <row xml:id="p113_14">
               <cell></cell>
               <cell>To <measure commodity="Rye" quantity="3.5" unit="bushels">3 1/2 Bushel summer Rye</measure> 6/</cell>
               <cell><measure commodity="currency" quantity="3" unit="dollars">3</measure></cell>
               <cell><measure commodity="currency" quantity="50" unit="dollars">50</measure></cell>
               <cell/>
               <cell/>
            </row>
            <row xml:id="p113_15">
               <cell/>
               <cell><date when="1833-04-11">11</date></cell>
               <cell></cell>
               <cell></cell>
               <cell/>
               <cell/>
            </row>
            <row xml:id="p113_16">
               <cell>395</cell>
               <cell><name type="person" ref="pers_WCDH621">Thompson Tripp</name>
                  <choice rend="align(right)">
                     <abbr>Dr</abbr>
                     <expan>Debtor</expan>
                  </choice></cell>
               <cell/>
               <cell/>
               <cell/>
               <cell/>
            </row>
            <row xml:id="p113_17">
               <cell></cell>
               <cell>To paying Noah Mason</cell>
               <cell><measure commodity="currency" quantity="5" unit="dollars">5</measure></cell>
               <cell><measure commodity="currency" quantity="49" unit="dollars">49</measure></cell>
               <cell/>
               <cell/>
            </row>
            <row xml:id="p113_18">
               <cell>305</cell>
               <cell><name type="person" ref="pers_WCDH699">Samuel Wrigley</name>
                  <choice rend="align(right)">
                     <abbr>Dr</abbr>
                     <expan>Debtor</expan>
                  </choice></cell>
               <cell/>
               <cell></cell>
               <cell/>
               <cell/>
            </row>
            <row xml:id="p113_19">
               <cell/>
               <cell>To <measure commodity="beef" quantity="3 3/4" unit="lbs.">9 3/4lbs. Beef</measure>84</cell>
               <cell/>
               <cell><measure commodity="currency" quantity="78" unit="dollars">78</measure></cell>
               <cell/>
               <cell></cell>
            </row>
            <row xml:id="p113_20">
               <cell/>
               <cell><date when="1833-04-13">13</date></cell>
               <cell/>
               <cell/>
               <cell/>
               <cell/>
            </row>
            <row xml:id="p113_21">
               <cell>393</cell>
               <cell><name type="person" ref="pers_WCDH650">Wheaton Wheeler</name>
                  <choice rend="align(right)">
                     <abbr>Dr</abbr>
                     <expan>Debtor</expan>
                  </choice></cell>
               <cell/>
               <cell/>
               <cell/>
               <cell/>
            </row>
            <row xml:id="p113_22">
               <cell/>
               <cell>By <measure commodity="labor" quantity="2.5" unit="day">two x half days work</measure>2/6</cell>
               <cell><measure commodity="currency" quantity="1" unit="dollars">1</measure></cell>
               <cell><measure commodity="currency" quantity="05" unit="dollars">05</measure></cell>
               <cell/>
               <cell/>
            </row>
            <row xml:id="p113_23">
               <cell/>
               <cell><date when="1833-04-15">15</date></cell>
               <cell/>
               <cell/>
               <cell/>
               <cell/>
            </row>
            <row xml:id="p113_24">
               <cell>113</cell>
               <cell><name type="person" ref="pers_WCDH572">Seth Smith</name>
                  <choice rend="align(right)">
                     <abbr>Dr</abbr>
                     <expan>Debtor</expan>
                  </choice></cell>
               <cell/>
               <cell/>
               <cell/>
               <cell/>
            </row>
            <row xml:id="p113_25">
               <cell/>
               <cell>To <measure commodity="labor" quantity="2.5" unit="day">two x half days work</measure>18/</cell>
               <cell><measure commodity="currency" quantity="4" unit="dollars">4</measure></cell>
               <cell><measure commodity="currency" quantity="50" unit="dollars">50</measure></cell>
               <cell/>
               <cell/>
            </row>
            <row xml:id="p113_26">
               <cell>389</cell>
               <cell><name type="person" ref="pers_WCDH230">oliver Clapp</name>
                  <choice rend="align(right)">
                     <abbr>Dr</abbr>
                     <expan>Debtor</expan>
                  </choice></cell>
               <cell/>
               <cell/>
               <cell/>
               <cell/>
            </row>
            <row xml:id="p113_27">
               <cell></cell>
               <cell>To <name type="account" ref="LMWcash">cash</name> as per received eighty dollars</cell>
               <cell><measure commodity="currency" quantity="80" unit="dollars">80</measure></cell>
               <cell><measure commodity="currency" quantity="00" unit="dollars">00</measure></cell>
               <cell/>
               <cell/>
            </row>
            <row xml:id="p113_28">
               <cell/>
               <cell><date when="1833-04-16">16</date></cell>
               <cell/>
               <cell></cell>
               <cell/>
               <cell/>
            </row>
            <row xml:id="p113_29">
               <cell>389</cell>
               <cell><name type="person" ref="pers_WCDH230">Oliver Clapp</name>
                  <choice rend="align(right)">
                     <abbr>Dr</abbr>
                     <expan>Debtor</expan>
                  </choice></cell><cell/>
               <cell></cell>
               <cell/>
               <cell/>
            </row>
            <row xml:id="p113_30">
               <cell/>
               <cell>To a two years old heiffer <measure commodity="currency" quantity="16" unit="dollars">$16.00</measure></cell>
               <cell><measure commodity="currency" quantity="16" unit="dollars">16</measure></cell>
               <cell><measure commodity="currency" quantity="00" unit="dollars">00</measure></cell>
               <cell/>
               <cell/>
            </row>
            <row xml:id="p113_31">
               <cell>96</cell>
               <cell><name type="person" ref="pers_WCDH302">Phillis Frazier</name>
                  <choice rend="align(right)">
                     <abbr>Dr</abbr>
                     <expan>Debtor</expan>
                  </choice></cell>
               <cell/>
               <cell/>
               <cell/>
               <cell/>
            </row>
            <row xml:id="p113_32">
               <cell/>
               <cell>To cash to <measure commodity="mending shoes">pay for mending shoes</measure>1/</cell>
               <cell></cell>
               <cell><measure commodity="currency" quantity="17" unit="dollars">17</measure></cell>
               <cell/>
               <cell/>
            </row>
            <row xml:id="p113_33">
               <cell>Settled</cell>
               <cell><name type="person" ref="pers_WCDH230">Oliver Clapp</name>
                  <choice rend="align(right)">
                     <abbr>Dr</abbr>
                     <expan>Debtor</expan>
                  </choice></cell>
               <cell/>
               <cell/>
               <cell/>
               <cell/>
            </row>
            <row xml:id="p113_34">
               <cell></cell> 
               <cell>To a hieffer, <measure commodity="currency" quantity="14" unit="dollars">fourteen dollars</measure></cell>
               <cell><measure commodity="currency" quantity="14" unit="dollars">14</measure></cell>
               <cell><measure commodity="currency" quantity="00" unit="dollars">00</measure></cell>
               <cell/>
               <cell/>
            </row>
            <row xml:id="p113_35">
               <cell/>
               <cell><date when="1833-04-19">19</date></cell>
               <cell></cell>
               <cell></cell>
               <cell/>
               <cell/>
            </row>
            <row xml:id="p113_36">
               <cell>393</cell>
               <cell><name type="person" ref="pers_WCDH650">Wheaton Wheeler</name>
                  <choice rend="align(right)">
                     <abbr>Dr</abbr>
                     <expan>Debtor</expan>
                  </choice></cell>
               <cell></cell>
               <cell></cell>
               <cell></cell>
               <cell></cell>
            </row>
            <row xml:id="p113_37">
               <cell/>
               <cell>By <measure commodity="labor" quantity="2" unit="day">two days work</measure>2/6</cell>
               <cell></cell>
               <cell><measure commodity="currency" quantity="84" unit="dollars">84</measure></cell>
               <cell/>
               <cell/>
            </row>
            <row xml:id="p113_38">
               <cell/>
               <cell><date when="1833-04-21">21</date></cell>
               <cell/>
               <cell/>
               <cell/>
               <cell/>
            </row>
            <row xml:id="p113_39">
               <cell></cell>
               <cell>To <measure commodity="grain" quantity="1/2" unit="bushels">1/2 bushel grain</measure></cell>
               <cell/>
               <cell><measure commodity="currency" quantity="50" unit="dollars">50</measure></cell>
               <cell/>
               <cell/>
            </row>
            <row xml:id="p113_40">
               <cell>settled <!--?--> </cell>
               <cell><name type="person" ref="">Samuel Wrigley</name>
                  <choice rend="align(right)">
                     <abbr>Dr</abbr>
                     <expan>Debtor</expan>
                  </choice></cell>
               <cell></cell>
               <cell></cell>
               <cell/>
               <cell/>
            </row>
            <row xml:id="p113_41">
               <cell/>
               <cell>To <measure commodity="spring rye" quantity="1/2" unit="bushels">1/2 bushel spring Rye</measure>6/6</cell>
               <cell/>
               <cell><measure commodity="currency" quantity="53" unit="dollars">53</measure></cell>
               <cell/>
               <cell/>
            </row>
            <row xml:id="p113_42">
               <cell>203</cell>
               <cell><name type="person" ref="pers_WCDH375">Horace Hulet</name>
                  <choice rend="align(right)">
                     <abbr>Dr</abbr>
                     <expan>Debtor</expan>
                  </choice></cell>
               <cell/>
               <cell/>
               <cell/>
               <cell/>
            </row>
            <row xml:id="p113_43">
               <cell/>
               <cell>To cash out of the post office</cell>
               <cell><measure commodity="currency" quantity="1" unit="dollars">1</measure></cell>
               <cell><measure commodity="currency" quantity="12" unit="dollars">12</measure></cell>
               <cell/>
               <cell/>
            </row>
            <row xml:id="p113_44">
               <cell/>
               <cell><name type="account" ref="LMWcash">cash</name> paid lent</cell>
               <cell/>
               <cell><measure commodity="currency" quantity="13" unit="dollars">13</measure></cell>
               <cell/>
               <cell/>
            </row>
            <row xml:id="p113_45">
               <cell></cell>
               <cell><measure commodity="butter" quantity="2" unit="lbs">2 lbs. butter</measure>4</cell>
               <cell/>
               <cell><measure commodity="currency" quantity="33" unit="dollars">33</measure></cell>
               <cell><measure commodity="currency" quantity="1" unit="dollars">1</measure></cell>
               <cell><measure commodity="currency" quantity="58" unit="dollars">58</measure></cell>
            </row>
            <row xml:id="p113_46">
               <cell>Settled</cell>
               <cell><name type="person" ref="pers_WCDH450">Edmond Lathrop</name>
                  <choice rend="align(right)">
                     <abbr>Dr</abbr>
                     <expan>Debtor</expan>
                  </choice></cell>
               <cell></cell>
               <cell></cell>
               <cell/>
               <cell/>
            </row>
            <row xml:id="p113_47">
               <cell/>
               <cell>To <measure commodity="labor" quantity="1/2" unit="day">hammer half day</measure>1/</cell>
               <cell/>
               <cell><measure commodity="currency" quantity="17" unit="dollars">17</measure></cell>
               <cell/>
               <cell/>
            </row>
            <row xml:id="p113_48">
               <cell></cell>
               <cell><date when="1833-04-27">27</date></cell>
               <cell/>
               <cell/>
               <cell/>
               <cell/>
            </row>
            <row xml:id="p113_49">
               <cell>389</cell>
               <cell><name type="person" ref="pers_WCDH230">Oliver Clapp</name>
                  <choice rend="align(right)">
                     <abbr>Dr</abbr>
                     <expan>Debtor</expan>
                  </choice></cell>
               <cell/>
               <cell></cell>
               <cell/>
               <cell/>
            </row>
            <row xml:id="p113_50">
               <cell/>
               <cell>To <measure commodity="salt pork" quantity="20" unit="lbs">20lbs. salt pork</measure>10</cell>
               <cell><measure commodity="currency" quantity="2" unit="dollars">2</measure></cell>
               <cell><measure commodity="currency" quantity="00" unit="dollars">00</measure></cell>
               <cell/>
               <cell></cell>
            </row>
            <row xml:id="p113_51">
               <cell>309</cell>
               <cell><name type="person" ref="pers_WCDH341">Silas Hall</name>
                  <choice rend="align(right)">
                     <abbr>Dr</abbr>
                     <expan>Debtor</expan>
                  </choice></cell>
               <cell/>
               <cell/>
               <cell/>
               <cell/>
            </row>
            <row xml:id="p113_52">
               <cell/>
               <cell>To <measure commodity="clover seeds" quantity="10" unit="lbs">10 lbs. clover seed</measure>1/</cell>
               <cell><measure commodity="currency" quantity="1" unit="dollars">1</measure></cell>
               <cell><measure commodity="currency" quantity="64" unit="dollars">64</measure></cell>
               <cell/>
               <cell/>
            </row>
            