<?xml version="1.0" encoding="UTF-8"?>
<?oxygen RNGSchema="http://www.tei-c.org/release/xml/tei/custom/schema/relaxng/tei_all.rng" type="xml"?>
<TEI xmlns="http://www.tei-c.org/ns/1.0">
   <teiHeader>
      <fileDesc>
         <titleStmt>
            <title>LMW Day Book, pp. 100-139</title>
            <author>L.M. Wheaton</author>
         </titleStmt>
         <publicationStmt>
            <p>Transcribed by Sahilia Ramirez Summer 2016, Wheaton College</p>
         </publicationStmt>
         <sourceDesc>
            <biblFull>
               <titleStmt>
                  <title>Account Books, pp.100-139</title>
                  <author>L.M. Wheaton</author>
                  <respStmt>
                     <resp> TEI-compatible XML markup by <name type="person">Sahilia Ramirez</name>
                        with corrections by <name type="person">Name</name>, <name
                           type="person">Name</name>, and <name type="person">Name</name>.</resp>
                     <name type="person">Name</name>
                  </respStmt>
               </titleStmt>
               <publicationStmt>
                  <p>Transcribed by Sahilia Ramirez Summer 2016, Wheaton College</p>
               </publicationStmt>
               <sourceDesc>
                  <p> From the Marion B. Gebbie Archives and Special Collections at the Madeleine
                     Clark Wallace Library, Wheaton College </p>
               </sourceDesc>
            </biblFull>
         </sourceDesc>
      </fileDesc>
   </teiHeader>
   <text>
      <body>
         <pb n="126"/>
         <fw type="pageNum">126</fw>
         <table xml:id="p126" cols="6">
            <head>Friday <date when="1834-06-13">text</date></head>
            <row xml:id="p126_01">
               <cell>389</cell>
               <cell>
                  <name type="person" ref="pers_WCDH230">Oliver Clapp</name>
                  <choice rend="align(right)">
                     <abbr>Dr</abbr>
                     <expan>Debtor</expan>
                  </choice>
               </cell>
               <cell/>
               <cell/>
               <cell/>
               <cell/>
            </row>
            <row xml:id="p126_02">
               <cell/>
               <cell>To <measure commodity="Cider" quantity="36" unit="gallons">36 paid gallons cider</measure>10/6 per BU.</cell>
               <cell><measure commodity="currency" quantity="2" unit="dollars">2</measure></cell>
               <cell><measure commodity="currency" quantity="05" unit="dollars">05</measure></cell>
               <cell/>
               <cell/>
            </row>
            <row xml:id="p126_03">
               <cell>403</cell>
               <cell><name type="person" ref="pers_WCDH498">Henry M. Paine</name>
                  <choice rend="align(right)">
                     <abbr>Dr</abbr>
                     <expan>Debtor</expan>
                  </choice></cell>
               <cell></cell>
               <cell/>
               <cell></cell>
               <cell></cell>
            </row>
            <row xml:id="p126_04">
               <cell/>
               <cell>To <measure commodity="cider" quantity="1/2" unit="bushels">1/2 BU. cider</measure>10/6</cell>
               <cell/>
               <cell><measure commodity="currency" quantity="88" unit="dollars">88</measure></cell>
               <cell/>
               <cell/>
            </row>
            <row xml:id="p126_05">
               <cell></cell>
               <cell> <measure commodity="potatoes" quantity="9" unit="bushels">9 Buls. potatoes</measure>2/</cell>
               <cell><measure commodity="currency" quantity="3" unit="dollars">3</measure></cell>
               <cell><measure commodity="currency" quantity="00" unit="dollars">00</measure></cell>
               <cell><measure commodity="currency" quantity="3" unit="dollars">3</measure></cell>
               <cell><measure commodity="currency" quantity="88" unit="dollars">88</measure></cell>
            </row>
            <row xml:id="p126_06">
               <cell/>
               <cell><date when="1834-06-14">14</date></cell>
               <cell></cell>
               <cell></cell>
               <cell/>
               <cell/>
            </row>
            <row xml:id="p126_07">
               <cell>343</cell>
               <cell><name type="person" ref="pers_WCDH221">Thomas Carpenter</name>
                  <choice rend="align(right)">
                     <abbr>Dr</abbr>
                     <expan>Debtor</expan>
                  </choice></cell>
               <cell/>
               <cell/>
               <cell/>
               <cell/>
            </row>
            <row xml:id="p126_08">
               <cell></cell>
               <cell>To <name type="account" ref="LMWcash">cash</name> <measure commodity="currency" quantity="8" unit="dollars">eight dollars</measure></cell>
               <cell><measure commodity="currency" quantity="8" unit="dollars">8</measure></cell>
               <cell><measure commodity="currency" quantity="00" unit="dollars">00</measure></cell>
               <cell/>
               <cell/>
            </row>
            <row xml:id="p126_09">
               <cell/>
               <cell><date when="1834-06-16">16</date></cell>
               <cell></cell>
               <cell></cell>
               <cell/>
               <cell/>
            </row>
            <row xml:id="p126_10">
               <cell>126</cell>
               <cell><name type="person" ref="">Samuel Perry <!--?--></name>
                  <choice rend="align(right)">
                     <abbr>Dr</abbr>
                     <expan>Debtor</expan>
                  </choice></cell>
               <cell/>
               <cell/>
               <cell/>
               <cell/>
            </row>
            <row xml:id="p126_11">
               <cell></cell>
               <cell>To <measure commodity="Veal" quantity="9 1/4" unit="lbs">9 1/4 lbs. veal</measure>6x</cell>
               <cell/>
               <cell><measure commodity="currency" quantity="56" unit="dollars">56</measure></cell>
               <cell/>
               <cell/>
            </row>
            <row xml:id="p126_12">
               <cell>403</cell>
               <cell><name type="person" ref="pers_WCDH498">Henry M. Paine</name>
                  <choice rend="align(right)">
                     <abbr>Dr</abbr>
                     <expan>Debtor</expan>
                  </choice></cell>
               <cell></cell>
               <cell></cell>
               <cell/>
               <cell/>
            </row>
            <row xml:id="p126_13">
               <cell/>
               <cell>To <measure commodity="Veal" quantity="10 3/4"  unit="lbs">10 3/4 veal</measure>54</cell>
               <cell/>
               <cell><measure commodity="currency" quantity="52" unit="dollars">52</measure></cell>
               <cell/>
               <cell/>
            </row>
            <row xml:id="p126_14">
               <cell></cell>
               <cell><date when="1834-06-18">18</date></cell>
               <cell/>
               <cell/>
               <cell/>
               <cell/>
            </row>
            <row xml:id="p126_15">
               <cell>403</cell>
               <cell><name type="person" ref="pers_WCDH498">Henry M. Paine</name>
                  <choice rend="align(right)">
                     <abbr>Dr</abbr>
                     <expan>Debtor</expan>
                  </choice></cell>
               <cell></cell>
               <cell></cell>
               <cell/>
               <cell/>
            </row>
            <row xml:id="p126_16">
               <cell/>
               <cell>To <measure commodity="old iron" quantity="100" unit="count">100 count old iron</measure>1x</cell>
               <cell><measure commodity="currency" quantity="1" unit="dollars">1</measure></cell>
               <cell><measure commodity="currency" quantity="00" unit="dollars">00</measure></cell>
               <cell/>
               <cell/>
            </row>
            <row xml:id="p126_17">
               <cell>399</cell>
               <cell><name type="person" ref="pers_WCDH134">Asa M. Adams</name>
                  <choice rend="align(right)">
                     <abbr>Dr</abbr>
                     <expan>Debtor</expan>
                  </choice></cell>
               <cell/>
               <cell/>
               <cell/>
               <cell/>
            </row>
            <row xml:id="p126_18">
               <cell/>
               <cell>To <measure commodity="pine board" quantity="23" unit="feet">23 feet pine board</measure>with <measure commodity="plank" quantity="2">plank 2</measure>1/2</cell>
               <cell/>
               <cell><measure commodity="currency" quantity="35" unit="dollars">35</measure></cell>
               <cell/>
               <cell/>
            </row>
            <row xml:id="p126_19">
               <cell/>
               <cell><date when="1834-06-24">24</date></cell>
               <cell/>
               <cell></cell>
               <cell/>
               <cell></cell>
            </row>
            <row xml:id="p126_20">
               <cell>Settled</cell>
               <cell><name type="person" ref="pers_WCDH504">Adin Pattin</name>
                  <choice rend="align(right)">
                     <abbr>Dr</abbr>
                     <expan>Debtor</expan>
                  </choice></cell>
               <cell/>
               <cell/>
               <cell/>
               <cell/>
            </row>
            <row xml:id="p126_21">
               <cell></cell>
               <cell>To <name type="account" ref="LMWcash">cash</name> to pay Washburn 4/6</cell>
               <cell/>
               <cell><measure commodity="currency" quantity="75" unit="dollars">75</measure></cell>
               <cell/>
               <cell/>
            </row>
            <row xml:id="p126_22">
               <cell/>
               <cell><date when="1834-06-28">28</date></cell>
               <cell/>
               <cell></cell>
               <cell/>
               <cell/>
            </row>
            <row xml:id="p126_23">
               <cell>396</cell>
               <cell><name type="person" ref="pers_WCDH484">Samuel Morey</name>
                  <choice rend="align(right)">
                     <abbr>Dr</abbr>
                     <expan>Debtor</expan>
                  </choice></cell>
               <cell/>
               <cell/>
               <cell/>
               <cell/>
            </row>
            <row xml:id="p126_24">
               <cell></cell>
               <cell>To <name type="account" ref="LMWcash">cash</name>paid <!--?--> <measure commodity="currency" quantity="40" unit="dollars">forty dollars</measure></cell>
               <cell><measure commodity="currency" quantity="40" unit="dollars">40</measure></cell>
               <cell><measure commodity="currency" quantity="00" unit="dollars">00</measure></cell>
               <cell/>
               <cell/>
            </row>
            <row xml:id="p126_25">
               <cell/>
               <cell><date when="1834-06-30">30</date></cell>
               <cell></cell>
               <cell></cell>
               <cell/>
               <cell/>
            </row>
            <row xml:id="p126_26">
               <cell>343</cell>
               <cell><name type="person" ref="pers_WCDH221">Thomas Carpenter</name>
                  <choice rend="align(right)">
                     <abbr>Dr</abbr>
                     <expan>Debtor</expan>
                  </choice></cell>
               <cell/>
               <cell/>
               <cell/>
               <cell/>
            </row>
            <row xml:id="p126_27">
               <cell></cell>
               <cell>To <name type="account" ref="LMWcash">cash</name>, <measure commodity="currency" quantity="10" unit="dollars">ten dollars</measure></cell>
               <cell><measure commodity="currency" quantity="10" unit="dollars">$10</measure></cell>
               <cell><measure commodity="currency" quantity="00" unit="dollars">00</measure></cell>
               <cell/>
               <cell/>
            </row>
            <row xml:id="p126_28">
               <cell>Settled</cell>
               <cell><name type="person" ref="pers_WCDH504">Adin Pattin</name>
                  <choice rend="align(right)">
                     <abbr>Dr</abbr>
                     <expan>Debtor</expan>
                  </choice></cell>
               <cell/>
               <cell></cell>
               <cell/>
               <cell/>
            </row>
            <row xml:id="p126_29">
               <cell/>
               <cell>To <name type="account" ref="LMWcash">cash</name>towards will x seller, <measure commodity="currency" quantity="10" unit="dollars">ten dollars</measure></cell><cell/>
               <cell><measure commodity="currency" quantity="10" unit="dollars">10</measure></cell>
               <cell><measure commodity="currency" quantity="00" unit="dollars">00</measure></cell>
               <cell/>
            </row>
            <pb n="126"/>
            <fw type="pageNum">126</fw>
            <table xml:id="p126" cols="6">
               <head><date when="1834-07-02">text</date></head>
            <row xml:id="p126_30">
               <cell>389</cell>
               <cell><name type="person" ref="pers_WCDH230">Oliver Clapp</name>
                  <choice rend="align(right)">
                     <abbr>Dr</abbr>
                     <expan>Debtor</expan>
                  </choice></cell>
               <cell/>
               <cell/>
               <cell/>
               <cell/>
            </row>
            <row xml:id="p126_31">
               <cell></cell>
               <cell>To <measure commodity="potatoes" quantity="1" unit="bushels">1 Buls. Potatoes</measure>2/6</cell>
               <cell/>
               <cell><measure commodity="currency" quantity="42" unit="dollars">42</measure></cell>
               <cell/>
               <cell/>
            </row>
            <row xml:id="p126_32">
               <cell/>
               <cell><date when="1834-07-05">5</date></cell>
               <cell></cell>
               <cell></cell>
               <cell/>
               <cell/>
            </row>
            <row xml:id="p126_33">
               <cell>Settled</cell>
               <cell><name type="person" ref="pers_WCDH504">Adin Pattin</name>
                  <choice rend="align(right)">
                     <abbr>Dr</abbr>
                     <expan>Debtor</expan>
                  </choice></cell>
               <cell/>
               <cell/>
               <cell/>
               <cell/>
            </row>
            <row xml:id="p126_34">
               <cell></cell>
               <cell>To <name type="account" ref="LMWcash">cash</name> in ful for sell, <!--?--></cell>
               <cell><measure commodity="currency" quantity="4" unit="dollars">4</measure></cell>
               <cell><measure commodity="currency" quantity="25" unit="dollars">25</measure></cell>
               <cell/>
               <cell/>
            </row>
            <row xml:id="p126_35">
               <cell>399</cell>
               <cell><name type="person" ref="pers_WCDH134">Asa M. Adams</name>
                  <choice rend="align(right)">
                     <abbr>Dr</abbr>
                     <expan>Debtor</expan>
                  </choice></cell>
               <cell></cell>
               <cell></cell>
               <cell/>
               <cell/>
            </row>
            <row xml:id="p126_36">
               <cell/>
               <cell>To <!--?--> John Freeman</cell>
               <cell><measure commodity="currency" quantity="2" unit="dollars">2</measure></cell>
               <cell><measure commodity="currency" quantity="00" unit="dollars">00</measure></cell>
               <cell></cell>
               <cell></cell>
            </row>
            <row xml:id="p126_37">
               <cell/>
               <cell><date when="1834-07-07">7</date></cell>
               <cell></cell>
               <cell></cell>
               <cell/>
               <cell/>
            </row>
            <row xml:id="p126_38">
               <cell>405</cell>
               <cell><name type="person" ref="pers_WCDH409">William Knowles</name>
                  <choice rend="align(right)">
                     <abbr>Dr</abbr>
                     <expan>Debtor</expan>
                  </choice></cell>
               <cell/>
               <cell/>
               <cell/>
               <cell/>
            </row>
            <row xml:id="p126_39">
               <cell></cell>
               <cell>To Feet join</cell>
               <cell/>
               <cell/>
               <cell/>
               <cell/>
            </row>
            <row xml:id="p126_40">
               <cell>Settled</cell>
               <cell><name type="person" ref="pers_WCDH579">Amas Starkey</name>
                  <choice rend="align(right)">
                     <abbr>Dr</abbr>
                     <expan>Debtor</expan>
                  </choice></cell>
               <cell></cell>
               <cell></cell>
               <cell/>
               <cell/>
            </row>
            <row xml:id="p126_41">
               <cell/>
               <cell>To <measure commodity="cider" quantity="1" unit="lbs">1 lbs. cider</measure> <measure commodity="currency" quantity="2" unit="dollars">$2 00</measure></cell>
               <cell><measure commodity="currency" quantity="2" unit="dollars">2</measure></cell>
               <cell><measure commodity="currency" quantity="00" unit="dollars">00</measure></cell>
               <cell/>
               <cell/>
            </row>
            <row xml:id="p126_42">
               <cell>393</cell>
               <cell><name type="person" ref="pers_WCDH650">Wheaton Wheeler</name>
                  <choice rend="align(right)">
                     <abbr>Dr</abbr>
                     <expan>Debtor</expan>
                  </choice></cell>
               <cell/>
               <cell/>
               <cell/>
               <cell/>
            </row>
            <row xml:id="p126_43">
               <cell/>
               <cell>By <measure commodity="labor" quantity="1/2" unit="day">1/2 Days work last week</measure>2/6</cell>
               <cell></cell>
               <cell><measure commodity="currency" quantity="42" unit="dollars">42</measure></cell>
               <cell/>
               <cell/>
            </row>
            <row xml:id="p126_44">
               <cell>392</cell>
               <cell>To <name type="account" ref="LMWcash">cash</name> 4</cell>
               <cell/>
               <cell/>
               <cell/>
               <cell/>
            </row>
            <row xml:id="p126_45">
               <cell>396</cell>
               <cell><name type="person" ref="pers_WCDH484">Samuel Morey</name>
                  <choice rend="align(right)">
                     <abbr>Dr</abbr>
                     <expan>Debtor</expan>
                  </choice></cell>
               <cell/>
               <cell/>
               <cell/>
               <cell/>
            </row>
            <row xml:id="p126_46">
               <cell/>
               <cell>To <measure commodity="cider" quantity="1" unit="bushels">one BU. cider</measure>12/</cell>
               <cell><measure commodity="currency" quantity="2" unit="dollars">2</measure></cell>
               <cell><measure commodity="currency" quantity="00" unit="dollars">00</measure></cell>
               <cell/>
               <cell/>
            </row>
            <row xml:id="p126_47">
               <cell>Settled by rent x do</cell>
               <cell><name type="person" ref="pers_WCDH642">James S. Washbrun</name>
                  <choice rend="align(right)">
                     <abbr>Dr</abbr>
                     <expan>Debtor</expan>
                  </choice></cell>
               <cell/>
               <cell/>
               <cell/>
               <cell/>
            </row>
            <row xml:id="p126_48">
               <cell></cell>
               <cell>To <name type="account" ref="LMWcash">cash</name>4/6</cell>
               <cell/>
               <cell><measure commodity="currency" quantity="75" unit="dollars">75</measure></cell>
               <cell/>
               <cell/>
            </row>
            <row xml:id="p126_49">
               <cell/>
               <cell>By <!--?--> for agreement 9/</cell>
               <cell><measure commodity="currency" quantity="1" unit="dollars">1</measure></cell>
               <cell><measure commodity="currency" quantity="50" unit="dollars">50</measure></cell>
               <cell/>
               <cell/>
            </row>
         </table>
         <pb n="127"/>
         <fw type="pageNum">127</fw>
         <table xml:id="p127" cols="6">
            <head>Friday<date when="1834-07-18">text</date></head>
            <row xml:id="p127_01">
               <cell>400</cell>
               <cell>
                  <name type="person" ref="pers_WCDH225">Betsey A. Chase</name>
                  <choice rend="align(right)">
                     <abbr>DR</abbr>
                     <expan>Debtor</expan>
                  </choice>
               </cell>
               <cell/>
               <cell/>
               <cell/>
               <cell/>
            </row>
            <row xml:id="p127_02">
               <cell/>
               <cell>To <name type="account" ref="LMWcash">cash</name> for <!--?--> 9</cell>
               <cell></cell>
               <cell><measure commodity="currency" quantity="13" unit="dollars">13</measure></cell>
               <cell/>
               <cell/>
            </row>
            <row xml:id="p127_03">
               <cell/>
               <cell><date when="1834-07-24">24</date></cell>
               <cell></cell>
               <cell/>
               <cell></cell>
               <cell></cell>
            </row>
            <row xml:id="p127_04">
               <cell>400</cell>
               <cell><name type="person" ref="pers_WCDH225">Betsey A. Chase</name>
                  <choice rend="align(right)">
                     <abbr>Dr</abbr>
                     <expan>Debtor</expan>
                  </choice></cell>
               <cell/>
               <cell/>
               <cell/>
               <cell/>
            </row>
            <row xml:id="p127_05">
               <cell></cell>
               <cell>To <name type="account" ref="LMWcash">cash</name>to go to Taunton 24/</cell>
               <cell><measure commodity="currency" quantity="4" unit="dollars">4</measure></cell>
               <cell><measure commodity="currency" quantity="00" unit="dollars">00</measure></cell>
               <cell/>
               <cell/>
            </row>
            <row xml:id="p127_06">
               <cell/>
               <cell><date when="1834-07-26">26</date></cell>
               <cell></cell>
               <cell></cell>
               <cell/>
               <cell/>
            </row>
            <row xml:id="p127_07">
               <cell>Settled</cell>
               <cell><name type="person" ref="pers_WCDH565">John Smith</name>
                  <choice rend="align(right)">
                     <abbr>Dr</abbr>
                     <expan>Debtor</expan>
                  </choice></cell>
               <cell/>
               <cell/>
               <cell/>
               <cell/>
            </row>
            <row xml:id="p127_08">
               <cell></cell>
               <cell>To <name type="account" ref="LMWcash">cash</name>towards making Hay <measure commodity="currency" quantity="10" unit="dollars">$10.00</measure></cell>
               <cell><measure commodity="currency" quantity="10" unit="dollars">10</measure></cell>
               <cell><measure commodity="currency" quantity="00" unit="dollars">00</measure></cell>
               <cell/>
               <cell/>
            </row>
            <row xml:id="p127_09">
               <cell/>
               <cell><date when="1834-07-29">29</date></cell>
               <cell></cell>
               <cell></cell>
               <cell/>
               <cell/>
            </row>
            <row xml:id="p127_10">
               <cell>404</cell>
               <cell><name type="person" ref="pers_WCDH621">Thompson Tripp</name>
                  <choice rend="align(right)">
                     <abbr>Dr</abbr>
                     <expan>Debtor</expan>
                  </choice></cell>
               <cell/>
               <cell/>
               <cell/>
               <cell/>
            </row>
            <row xml:id="p127_11">
               <cell></cell>
               <cell>To <name type="account" ref="LMWcash">cash</name> <measure commodity="currency" quantity="5" unit="dollars">five dollars</measure>30</cell>
               <cell><measure commodity="currency" quantity="5" unit="dollars">5</measure></cell>
               <cell><measure commodity="currency" quantity="00" unit="dollars">00</measure></cell>
               <cell/>
               <cell/>
            </row>
            <pb n="127"/>
            <fw type="pageNum">127</fw>
            <table xml:id="p127" cols="6">
               <head><date when="1834-08-05">text</date></head>
            <row xml:id="p127_12">
               <cell>Settled</cell>
               <cell><name type="person" ref="pers_WCDH579">Amas Starkey</name>
                  <choice rend="align(right)">
                     <abbr>Dr</abbr>
                     <expan>Debtor</expan>
                  </choice></cell>
               <cell></cell>
               <cell></cell>
               <cell/>
               <cell/>
            </row>
            <row xml:id="p127_13">
               <cell/>
               <cell>To <measure commodity="cider" quantity="1" unit="bushels">1 BU. cider</measure>12/</cell>
               <cell><measure commodity="currency" quantity="2" unit="dollars">2</measure></cell>
               <cell><measure commodity="currency" quantity="00" unit="dollars">00</measure></cell>
               <cell/>
               <cell/>
            </row>
            <row xml:id="p127_14">
               <cell></cell>
               <cell>Cash a four Days since <!--?--></cell>
               <cell><measure commodity="currency" quantity="100" unit="dollars">100</measure></cell>
               <cell><measure commodity="currency" quantity="00" unit="dollars">00</measure></cell>
               <cell/>
               <cell/>
            </row>
            <row xml:id="p127_15">
               <cell>Settled</cell>
               <cell><name type="person" ref="pers_WCDH565">John Smith</name>
                  <choice rend="align(right)">
                     <abbr>Dr</abbr>
                     <expan>Debtor</expan>
                  </choice></cell>
               <cell></cell>
               <cell></cell>
               <cell/>
               <cell/>
            </row>
            <row xml:id="p127_16">
               <cell/>
               <cell>To <name type="account" ref="LMWcash">cash</name> <measure commodity="currency" quantity="5" unit="dollars">five dollars</measure></cell>
               <cell><measure commodity="currency" quantity="5" unit="dollars">5</measure></cell>
               <cell><measure commodity="currency" quantity="00" unit="dollars">00</measure></cell>
               <cell/>
               <cell/>
            </row>
            <row xml:id="p127_17">
               <cell></cell>
               <cell><date when="1834-08-05">5</date></cell>
               <cell/>
               <cell/>
               <cell/>
               <cell/>
            </row>
            <row xml:id="p127_18">
               <cell>Paid</cell>
               <cell><name type="person" ref="pers_WCDH498">Henry M. Paine</name>
                  <choice rend="align(right)">
                     <abbr>Dr</abbr>
                     <expan>Debtor</expan>
                  </choice></cell>
               <cell/>
               <cell></cell>
               <cell/>
               <cell/>
            </row>
            <row xml:id="p127_19">
               <cell/>
               <cell>To <name type="account" ref="LMWcash">cash</name> lent 30/</cell>
               <cell><measure commodity="currency" quantity="5" unit="dollars">5</measure></cell>
               <cell><measure commodity="currency" quantity="00" unit="dollars">00</measure></cell>
               <cell/>
               <cell></cell>
            </row>
            <row xml:id="p127_20">
               <cell></cell>
               <cell><date when="1834-08-07">7</date></cell>
               <cell/>
               <cell/>
               <cell/>
               <cell/>
            </row>
            <row xml:id="p127_21">
               <cell>Settled</cell>
               <cell><name type="person" ref="pers_WCDH642">James S. Washbrun</name>
                  <choice rend="align(right)">
                     <abbr>Dr</abbr>
                     <expan>Debtor</expan>
                  </choice></cell>
               <cell/>
               <cell/>
               <cell/>
               <cell/>
            </row>
            <row xml:id="p127_22">
               <cell/>
               <cell>By <measure commodity="labor" quantity="1 3/4" unit="day">work one and 3/4 day</measure>3/</cell>
               <cell/>
               <cell><measure commodity="currency" quantity="88" unit="dollars">88</measure></cell>
               <cell/>
               <cell/>
            </row>
            <row xml:id="p127_23">
               <cell>371</cell>
               <cell><name type="person" ref="pers_WCDH201">Simeon Briggs</name>
                  <choice rend="align(right)">
                     <abbr>Dr</abbr>
                     <expan>Debtor</expan>
                  </choice></cell>
               <cell/>
               <cell/>
               <cell/>
               <cell/>
            </row>
            <row xml:id="p127_24">
               <cell></cell>
               <cell>To <measure commodity="cider" quantity="39" unit="gallons">39 Gallons cider</measure> 12/</cell>
               <cell><measure commodity="currency" quantity="2" unit="dollars">2</measure></cell>
               <cell><measure commodity="currency" quantity="44" unit="dollars">44</measure></cell>
               <cell/>
               <cell/>
            </row>
            <row xml:id="p127_25">
               <cell>Paid</cell>
               <cell><name type="person" ref="">Henry H. Crops</name>
                  <choice rend="align(right)">
                     <abbr>Dr</abbr>
                     <expan>Debtor</expan>
                  </choice></cell>
               <cell></cell>
               <cell></cell>
               <cell/>
               <cell/>
            </row>
            <row xml:id="p127_26">
               <cell/>
               <cell>To <name type="account" ref="LMWcash">cash</name> lent you at Bellingham</cell>
               <cell><measure commodity="currency" quantity="5" unit="dollars">5</measure></cell>
               <cell><measure commodity="currency" quantity="00" unit="dollars">00</measure></cell>
               <cell/>
               <cell/>
            </row>
            <row xml:id="p127_27">
               <cell></cell>
               <cell><date when="1834-08-11">11</date></cell>
               <cell/>
               <cell/>
               <cell/>
               <cell/>
            </row>
            <row xml:id="p127_28">
               <cell>400</cell>
               <cell><name type="person" ref="pers_WCDH225">Betsey A Chase</name>
                  <choice rend="align(right)">
                     <abbr>Dr</abbr>
                     <expan>Debtor</expan>
                  </choice></cell>
               <cell/>
               <cell></cell>
               <cell/>
               <cell/>
            </row>
            <row xml:id="p127_29">
               <cell/>
               <cell>To <name type="account" ref="LMWcash">cash</name> <measure commodity="currency" quantity="1" unit="dollar">one dollar</measure>6/ for bonnet</cell><cell/>
               <cell><measure commodity="currency" quantity="1" unit="dollars">1</measure></cell>
               <cell><measure commodity="currency" quantity="00" unit="dollars">00</measure></cell>
               <cell/>
            </row>
            <row xml:id="p127_30">
               <cell/>
               <cell><date when="1834-08-13">13</date></cell>
               <cell/>
               <cell/>
               <cell/>
               <cell/>
            </row>
            <row xml:id="p127_31">
               <cell>Settled</cell>
               <cell><name type="person" ref="pers_WCDH379">Mores Hunt</name>
                  <choice rend="align(right)">
                     <abbr>Dr</abbr>
                     <expan>Debtor</expan>
                  </choice></cell>
               <cell/>
               <cell/>
               <cell/>
               <cell/>
            </row>
            <row xml:id="p127_32">
               <cell/>
               <cell>To <name type="account" ref="LMWcash">cash</name>towards <!--?--> Taunton 4/</cell>
               <cell><measure commodity="currency" quantity="1" unit="dollars">1</measure></cell>
               <cell><measure commodity="currency" quantity="50" unit="dollars">50</measure></cell>
               <cell/>
               <cell/>
            </row>
            <row xml:id="p127_33">
               <cell>Settled</cell>
               <cell><name type="person" ref="pers_WCDH642">James S. Washbrun</name>
                  <choice rend="align(right)">
                     <abbr>Dr</abbr>
                     <expan>Debtor</expan>
                  </choice></cell>
               <cell/>
               <cell/>
               <cell/>
               <cell/>
            </row>
            <row xml:id="p127_34">
               <cell></cell>
               <cell>By <measure commodity="labor" quantity="1" unit="day">work one day</measure> 3/</cell>
               <cell/>
               <cell><measure commodity="currency" quantity="50" unit="dollars">50</measure></cell>
               <cell/>
               <cell/>
            </row>
            <row xml:id="p127_35">
               <cell/>
               <cell><date when="1834-08-19">19</date></cell>
               <cell></cell>
               <cell></cell>
               <cell/>
               <cell/>
            </row>
            <row xml:id="p127_36">
               <cell>400</cell>
               <cell><name type="person" ref="pers_WCDH225">Betsey A Chase</name>
                  <choice rend="align(right)">
                     <abbr>Dr</abbr>
                     <expan>Debtor</expan>
                  </choice></cell>
               <cell></cell>
               <cell></cell>
               <cell></cell>
               <cell></cell>
            </row>
            <row xml:id="p127_37">
               <cell/>
               <cell>To <measure commodity="book" quantity="1" unit="count">paying for book</measure>30x</cell>
               <cell></cell>
               <cell><measure commodity="currency" quantity="30" unit="dollars">30</measure></cell>
               <cell/>
               <cell/>
            </row>
            <row xml:id="p127_38">
               <cell/>
               <cell><date when="1834-08-22">22</date></cell>
               <cell/>
               <cell/>
               <cell/>
               <cell/>
            </row>
            <row xml:id="p127_39">
               <cell>Settled </cell>
               <cell><name type="person" ref="pers_WCDH565">John Smith</name>
                  <choice rend="align(right)">
                     <abbr>Dr</abbr>
                     <expan>Debtor</expan>
                  </choice></cell>
               <cell/>
               <cell/>
               <cell/>
               <cell/>
            </row>
            <row xml:id="p127_40">
               <cell/>
               <cell>To <name type="account" ref="LMWcash">cash</name> <measure commodity="currency" quantity="10" unit="dollars">ten dollars</measure></cell>
               <cell><measure commodity="currency" quantity="10" unit="dollars">10</measure></cell>
               <cell><measure commodity="currency" quantity="00" unit="dollars">00</measure></cell>
               <cell/>
               <cell/>
            </row>
            <row xml:id="p127_41">
               <cell/>
               <cell><date when="1834-08-23">23</date></cell>
               <cell/>
               <cell/>
               <cell/>
               <cell/>
            </row>
            <row xml:id="p127_42">
               <cell>Settled</cell>
               <cell><name type="person" ref="pers_WCDH379">Mores Hunt</name>
                  <choice rend="align(right)">
                     <abbr>Dr</abbr>
                     <expan>Debtor</expan>
                  </choice></cell>
               <cell/>
               <cell/>
               <cell/>
               <cell/>
            </row>
            <row xml:id="p127_43">
               <cell/>
               <cell>To <name type="account" ref="LMWcash">cash</name> 3/</cell>
               <cell></cell>
               <cell><measure commodity="currency" quantity="50" unit="dollars">50</measure></cell>
               <cell/>
               <cell/>
            </row>
            <row xml:id="p127_44">
               <cell/>
               <cell><date when="1834-08-24">24</date></cell>
               <cell/>
               <cell/>
               <cell/>
               <cell/>
            </row>
            <row xml:id="p127_45">
               <cell>settled</cell>
               <cell><name type="person" ref="pers_WCDH379">Mores Hunt</name>
                  <choice rend="align(right)">
                     <abbr>Dr</abbr>
                     <expan>Debtor</expan>
                  </choice></cell>
               <cell/>
               <cell/>
               <cell/>
               <cell/>
            </row>
            <row xml:id="p127_46">
               <cell/>
               <cell>To <name type="account" ref="LMWcash">cash</name> 18/</cell>
               <cell><measure commodity="currency" quantity="3" unit="dollars">3</measure></cell>
               <cell><measure commodity="currency" quantity="00" unit="dollars">00</measure></cell>
               <cell/>
               <cell/>
            </row>
            <row xml:id="p127_47">
               <cell/>
               <cell>By <!--?--> 64 feet. June <!--?--> 7/</cell>
               <cell/>
               <cell/>
               <cell/>
               <cell/>
            </row>
            <row xml:id="p127_48">
               <cell></cell>
               <cell><date when="1834-08-25">25</date></cell>
               <cell/>
               <cell/>
               <cell/>
               <cell/>
            </row>
            <row xml:id="p127_49">
               <cell>99</cell>
               <cell><name type="person" ref="pers_WCDH562">Daniel Smith</name>
                  <choice rend="align(right)">
                     <abbr>Dr</abbr>
                     <expan>Debtor</expan>
                  </choice></cell>
               <cell/>
               <cell></cell>
               <cell/>
               <cell/>
            </row>
            <row xml:id="p127_50">
               <cell/>
               <cell>To <measure commodity="Pine timber" quantity="11" unit="feet">11x Feet Pine timber hard</measure></cell>
               <cell/>
               <cell></cell>
               <cell/>
               <cell></cell>
            </row>
            <row xml:id="p127_51">
               <cell></cell>
               <cell><date when="1834-08-28">28</date></cell>
               <cell/>
               <cell/>
               <cell/>
               <cell/>
            </row>
            <row xml:id="p127_52">
               <cell>Settled</cell>
               <cell><name type="person" ref="pers_WCDH642">James S. washbrun</name>
                  <choice rend="align(right)">
                     <abbr>Dr</abbr>
                     <expan>Debtor</expan>
                  </choice></cell>
               <cell/>
               <cell/>
               <cell/>
               <cell/>
            </row>
            <row xml:id="p127_53">
               <cell/>
               <cell>By <measure commodity="labor" quantity="1" unit="day">work one Day</measure></cell>
               <cell/>
               <cell><measure commodity="currency" quantity="50" unit="dollars">50</measure></cell>
               <cell/>
               <cell/>
            </row>
               <pb n="127"/>
               <fw type="pageNum">127</fw>
               <table xml:id="p127" cols="6">
                  <head><date when="1834-09-03">text</date></head>
            <row xml:id="p127_54">
               <cell>Settled</cell>
               <cell><name type="person" ref="">Mores Hunt</name>
                  <choice rend="align(right)">
                     <abbr>Dr</abbr>
                     <expan>Debtor</expan>
                  </choice></cell>
               <cell/>
               <cell/>
               <cell/>
               <cell/>
            </row>
            <row xml:id="p127_55">
               <cell/>
               <cell>To <name type="account" ref="LMWcash">cash</name> <measure commodity="currency" quantity="3" unit="dollars">three dollars</measure> x<measure commodity="currency" quantity="77" unit="cents">77 cents</measure></cell>
               <cell><measure commodity="currency" quantity="3" unit="dollars">3</measure></cell>
               <cell><measure commodity="currency" quantity="77" unit="dollars">77</measure></cell>
               <cell/>
               <cell/>
            </row>