<TEI xmlns="http://www.tei-c.org/ns/1.0">
   <teiHeader>
      <fileDesc>
         <titleStmt>
            <title>LMW Day Book, pp. 101-149</title>
            <author>L.M. Wheaton</author>
         </titleStmt>
         <publicationStmt>
            <p>Sahilia Ramirez Summer 2016, Wheaton College</p>
         </publicationStmt>
         <sourceDesc>
            <biblFull>
               <titleStmt>
                  <title>Account Books, pp.101-149</title>
                  <author>L.M. Wheaton</author>
                  <respStmt>
                     <resp> TEI-compatible XML markup by <name type="person">Sahilia Ramirez</name>
                        with corrections by <name type="person">Name</name>, <name type="person"
                           >Name</name>, and <name type="person">Name</name>.</resp>
                     <name type="person">Name</name>
                  </respStmt>
               </titleStmt>
               <publicationStmt>
                  <p>Sahilia Ramirez Summer 2016, Wheaton College</p>
               </publicationStmt>
               <sourceDesc>
                  <p> From the Marion B. Gebbie Archives and Special Collections at the Madeleine
                     Clark Wallace Library, Wheaton College </p>
               </sourceDesc>
            </biblFull>
         </sourceDesc>
      </fileDesc>
   </teiHeader>
   <text>
      <body>
         <pb n="101"/>
         <fw type="pageNum">101</fw>
         <table xml:id="p101" cols="6">
            <head>Norton <date when="1832-11-28">Nov. 28th 1831</date></head>
            <row xml:id="p101_01">
               <cell>77</cell>
               <cell>
                  <name type="person" ref="pers_WCDH167">David C Bates</name>
                  <choice rend="align(right)">
                     <abbr>D</abbr>
                     <expan>debtor</expan>
                  </choice>
               </cell>
               <cell/>
               <cell/>
               <cell/>
               <cell/>
            </row>
            <row xml:id="p101_02">
               <cell></cell>
               <cell>To <measure commodity="lunber" quantity="15" unit="feet">15 Ftt. Pine Plank</measure> 3x</cell>
               <cell></cell>
               <cell><measure commodity="currency" quantity="45" unit="cents">45</measure></cell>
               <cell/>
               <cell/>
            </row>
            <row xml:id="p101_03">
               <cell>Bill</cell>
               <cell>
                  <name type="person" ref="v">Summer Knapp</name>
                  <choice rend="align(right)">
                     <abbr>D</abbr>
                     <expan>debtor</expan>
                  </choice></cell>
               <cell></cell>
               <cell/>
               <cell></cell>
               <cell></cell>
            </row>
            <row xml:id="p101_04">
               <cell/>
               <cell>To my oxen this day to draw wood</cell>
               <cell/>
               <cell><measure commodity="currency" quantity="50" unit="cents">50</measure></cell>
               <cell/>
               <cell/>
            </row>
            <row xml:id="p101_05">
               <cell>397</cell>
               <cell>
                  <name type="person" ref="pers_WCDH599">Richard T Sweet</name>
                  <choice rend="align(right)">
                     <abbr>D</abbr>
                     <expan>debtor</expan>
                  </choice></cell>
               <cell/>
               <cell/>
               <cell/>
               <cell/>
            </row>
            <row xml:id="p101_06">
               <cell/>
               <cell>To <measure commodity="oil" quantity="2" unit="quarts">2 qts.</measure> <measure commodity="oil" quantity="1" unit="pint">1 pt. L, Oil</measure> 1lb. S Brown</cell>
               <cell></cell>
               <cell><measure commodity="currency" quantity="44" unit="cents">44</measure></cell>
               <cell/>
               <cell/>
            </row>
            <row xml:id="p101_07">
               <cell/>
               <cell><date when="1831-11-29">29</date></cell>
               <cell/>
               <cell/>
               <cell/>
               <cell/>
            </row>
            <row xml:id="p101_08">
               <cell>Bill</cell>
               <cell>
                  <name type="person" ref="v">Summer Knapp</name>
                  <choice rend="align(right)">
                     <abbr>Dr</abbr>
                     <expan>debtor</expan>
                  </choice></cell>
               <cell/>
               <cell/>
               <cell/>
               <cell/>
            </row>
            <row xml:id="p101_09">
               <cell/>
               <cell>To my oxen one day 3/</cell>
               <cell></cell>
               <cell></cell>
               <cell/>
               <cell/>
            </row>
            <row xml:id="p101_10">
               <cell>Paid</cell>
               <cell>
                  <name type="person" ref="pers_WCDH167">David C Bates</name>
                  <choice rend="align(right)">
                     <abbr>Cr</abbr>
                     <expan>credit</expan>
                  </choice></cell>
               <cell/>
               <cell/>
               <cell/>
               <cell/>
            </row>
            <row xml:id="p101_11">
               <cell></cell>
               <cell>By <measure commodity="wine" quantity="1" unit="gall">1 Gall L. Wine</measure> 8/</cell>
               <cell><measure commodity="currency" quantity="1" unit="dollars">1</measure></cell>
               <cell><measure commodity="currency" quantity="33" unit="cents">33</measure></cell>
               <cell/>
               <cell/>
            </row>
            <row xml:id="p101_12">
               <cell>395</cell>
               <cell>
                  <name type="person" ref="pers_WCDH621">Thompson Tripp</name>
                  <choice rend="align(right)">
                     <abbr>D</abbr>
                     <expan>debtor</expan>
                  </choice></cell>
               <cell></cell>
               <cell></cell>
               <cell/>
               <cell/>
            </row>
            <row xml:id="p101_13">
               <cell/>
               <cell>To 1 pr Buckskin Mittens 2/6</cell>
               <cell/>
               <cell><measure commodity="currency" quantity="42" unit="cents">42</measure></cell>
               <cell/>
               <cell/>
            </row>
            <row xml:id="p101_14">
               <cell>308</cell>
               <cell>
                  <name type="person" ref="pers_WCDH574">Timonthy Smith</name>
                  <choice rend="align(right)">
                     <abbr>D</abbr>
                     <expan>debtor</expan>
                  </choice></cell>
               <cell/>
               <cell/>
               <cell/>
               <cell/>
            </row>
            <row xml:id="p101_15">
               <cell/>
               <cell>To <measure commodity="brooms" quantity="3">three Brooms</measure> 1/</cell>
               <cell></cell>
               <cell><measure commodity="currency" quantity="50" unit="cents">50</measure></cell>
               <cell/>
               <cell/>
            </row>
            <row xml:id="p101_16">
               <cell>Settled</cell>
               <cell>
                  <name type="person" ref="pers_WCDH230">Oliver Clapp</name>
                  <choice rend="align(right)">
                     <abbr>D</abbr>
                     <expan>debtor</expan>
                  </choice></cell>
               <cell/>
               <cell/>
               <cell/>
               <cell/>
            </row>
            <row xml:id="p101_17">
               <cell></cell>
               <cell>To <measure commodity="goose" quantity="8.5" unit="pounds">1 goose 8cts pr lb. 8 1/2lbs</measure></cell>
               <cell/>
               <cell><measure commodity="currency" quantity="68" unit="cents">68</measure></cell>
               <cell/>
               <cell/>
            </row>
            <row xml:id="p101_18">
               <cell>395</cell>
               <cell><name type="person" ref="pers_WCDH621">Thompson Tripp</name>
                  <choice rend="align(right)">
                     <abbr>D</abbr>
                     <expan>debtor</expan>
                  </choice></cell>
               <cell></cell>
               <cell></cell>
               <cell/>
               <cell/>
            </row>
            <row xml:id="p101_19">
               <cell></cell>
               <cell>To cash for H.kT. 6/</cell>
               <cell/>
               <cell></cell>
               <cell/>
               <cell></cell>
            </row>
            <row xml:id="p101_20">
               <cell/>
               <cell>" 1/pr Blk. Pants 101</cell>
               <cell><measure commodity="currency" quantity="1" unit="dollars">1</measure></cell>
               <cell><measure commodity="currency" quantity="00" unit="cents">00</measure></cell>
               <cell/>
               <cell/>
            </row>
            <row xml:id="p101_21">
               <cell>Settled</cell>
               <cell><name type="person" ref="v">Henery Clement </name>
                  <choice rend="align(right)">
                     <abbr>D</abbr>
                     <expan>debtor</expan>
                  </choice></cell>
               <cell/>
               <cell/>
               <cell/>
               <cell/>
            </row>
            <row xml:id="p101_22">
               <cell/>
               <cell>To goose 8lb at 8x</cell>
               <cell/>
               <cell><measure commodity="currency" quantity="14" unit="cents">14</measure></cell>
               <cell/>
               <cell/>
            </row>
            <row xml:id="p101_23">
               <cell>373</cell>
               <cell><name type="person" ref="pers_WCDH579">Amos Starkey </name>
                  <choice rend="align(right)">
                     <abbr>Dr</abbr>
                     <expan>debtor</expan>
                  </choice></cell>
               <cell/>
               <cell/>
               <cell/>
               <cell/>
            </row>
            <row xml:id="p101_24">
               <cell></cell>
               <cell>To 1/pr compasses taken without leave</cell>
               <cell/>
               <cell/>
               <cell/>
               <cell/>
            </row>
            <row xml:id="p101_25">
               <cell/>
               <cell>"1 miter Box 1/6</cell>
               <cell/>
               <cell/>
               <cell/>
               <cell/>
            </row>
            <row xml:id="p101_26">
               <cell/>
               <cell>" housing rolls since April 1830</cell>
               <cell/>
               <cell/>
               <cell/>
               <cell/>
            </row>
            <row xml:id="p101_27">
               <cell/>
               <cell/>
               <cell/>
               <cell/>
               <cell/>
               <cell/>
            </row>
            <row xml:id="p101_28">
               <cell/>
               <cell><date when="1831-12-09">December 9th 1831</date></cell>
               <cell/>
               <cell/>
               <cell/>
               <cell/>
            </row>
            <row xml:id="p101_29">
               <cell>Bill</cell>
               <cell><name type="person" ref="v">Summer Knapp </name>
                  <choice rend="align(right)">
                     <abbr>D</abbr>
                     <expan>debtor</expan>
                  </choice></cell>
               <cell></cell>
               <cell></cell>
               <cell/>
               <cell/>
            </row>
            <row xml:id="p101_30">
               <cell/>
               <cell>To my oxen a large 1/2 Day 2/</cell>
               <cell/>
               <cell><measure commodity="currency" quantity="33" unit="cents">33</measure></cell>
               <cell/>
               <cell/>
            </row>
            <row xml:id="p101_31">
               <cell>356</cell>
               <cell><name type="person" ref="pers_WCDH699">Samuel Wrigley</name>
                  <choice rend="align(right)">
                     <abbr>D</abbr>
                     <expan>debtor</expan>
                  </choice></cell>
               <cell/>
               <cell/>
               <cell/>
               <cell/>
            </row>
            <row xml:id="p101_32">
               <cell/>
               <cell>To clabboards 1/</cell>
               <cell/>
               <cell><measure commodity="currency" quantity="17" unit="cents">17</measure></cell>
               <cell/>
               <cell/>
            </row>
            <row xml:id="p101_33">
               <cell/>
               <cell><date when="1831-12-15">15</date></cell><cell/>
               <cell></cell>
               <cell/>
               <cell/>
            </row>
            <row xml:id="p101_34">
               <cell>392</cell>
               <cell><name type="person" ref="pers_WCDH359">Hiram Hodges</name>
                  <choice rend="align(right)">
                     <abbr>D</abbr>
                     <expan>debtor</expan>
                  </choice></cell>
               <cell/>
               <cell/>
               <cell/>
               <cell/>
            </row>
            <row xml:id="p101_35">
               <cell></cell>
               <cell>To chaise to Taunton 8x</cell>
               <cell/>
               <cell><measure commodity="currency" quantity="64" unit="cents">64</measure></cell>
               <cell/>
               <cell/>
            </row>
            <row xml:id="p101_36">
               <cell/>
               <cell><date when="1831-12-19">19</date></cell>
               <cell></cell>
               <cell></cell>
               <cell/>
               <cell/>
            </row>
            <row xml:id="p101_37">
               <cell>396</cell>
               <cell><name type="person" ref="pers_WCDH484">Samuel Morey</name>
                  <choice rend="align(right)">
                     <abbr>D</abbr>
                     <expan>Debtor</expan>
                  </choice></cell>
               <cell/>
               <cell/>
               <cell/>
               <cell/>
            </row>
            <row xml:id="p101_38">
               <cell></cell>
               <cell>To 1 board of wood</cell>
               <cell><measure commodity="currency" quantity="3" unit="dollars">3</measure></cell>
               <cell><measure commodity="currency" quantity="50" unit="cents">50</measure></cell>
               <cell/>
               <cell/>
            </row>
            <row xml:id="p101_39">
               <cell/>
               <cell><date when="1831-12-30">30</date></cell>
               <cell></cell>
               <cell></cell>
               <cell/>
               <cell/>
            </row>
            <row xml:id="p101_40">
               <cell>393</cell>
               <cell><name type="person" ref="pers_WCDH118">Wheaton Wheelor</name>
                  <choice rend="align(right)">
                     <abbr>D</abbr>
                     <expan>Debtor</expan>
                  </choice></cell>
               <cell></cell>
               <cell></cell>
               <cell></cell>
               <cell></cell>
            </row>
            <row xml:id="p101_41">
               <cell/>
               <cell>To <measure commodity="rye" quantity=".5" unit="pounds">1/2 lb of Rye</measure> 6/9</cell>
               <cell></cell>
               <cell><measure commodity="currency" quantity="56" unit="cents">56</measure></cell>
               <cell/>
               <cell/>
            </row>
            <row xml:id="p101_42">
               <cell>395</cell>
               <cell><name type="person" ref="pers_WCDH621">Thompson Tripp</name>
                  <choice rend="align(right)">
                     <abbr>D</abbr>
                     <expan>Debtor</expan>
                  </choice></cell>
               <cell/>
               <cell/>
               <cell/>
               <cell/>
            </row>
            <row xml:id="p101_43">
               <cell></cell>
               <cell>To cash 54</cell>
               <cell><measure commodity="currency" quantity="9" unit="dollars">9</measure></cell>
               <cell><measure commodity="currency" quantity="00" unit="cents">00</measure></cell>
               <cell/>
               <cell/>
            </row>
            <row xml:id="p101_44">
               <cell/>
               <cell><date when="1832-01-10">Jany. 10th 1832</date></cell>
               <cell/>
               <cell/>
               <cell/>
               <cell/>
            </row>
               
            <row xml:id="p101_45">
               <cell>393</cell>
               <cell><name type="person" ref="pers_WCDH118">Wheaton Wheelor</name>
                  <choice rend="align(right)">
                     <abbr>Cr</abbr>
                     <expan>credit</expan>
                  </choice></cell>
               <cell></cell>
               <cell></cell>
               <cell/>
               <cell/>
            </row>
            <row xml:id="p101_46">
               <cell/>
               <cell>By cash 3/</cell>
               <cell/>
               <cell><measure commodity="currency" quantity="50" unit="cents">50</measure></cell>
               <cell/>
               <cell/>
            </row>
            <row xml:id="p101_47">
               <cell></cell>
               <cell><date when="1832-01-11">11</date></cell>
               <cell/>
               <cell/>
               <cell/>
               <cell/>
            </row>
            <row xml:id="p101_48">
               <cell>396</cell>
               <cell><name type="person" ref="pers_WCDH484">Samuel Morey</name>
                  <choice rend="align(right)">
                     <abbr>D</abbr>
                     <expan>Debtor</expan>
                  </choice></cell>
               <cell></cell>
               <cell></cell>
               <cell/>
               <cell/>
            </row>
            <row xml:id="p101_49">
               <cell/>
               <cell>To <measure commodity="wood" quantity="9" unit="feet">9 Ft wood</measure> </cell>
               <cell><measure commodity="currency" quantity="3" unit="dollars">3</measure></cell>
               <cell><measure commodity="currency" quantity="94" unit="cents">94</measure></cell>
               <cell/>
               <cell/>
            </row>
            <row xml:id="p101_50">
               <cell></cell>
               <cell><name type="person" ref="pers_WCDH402">Phillip B King</name></cell>
               <cell/>
               <cell/>
               <cell/>
               <cell/>
            </row>
            <row xml:id="p101_51">
               <cell/>
               <cell>To oxen 1 Day 3/</cell>
               <cell></cell>
               <cell><measure commodity="currency" quantity="50" unit="cents">50</measure></cell>
               <cell/>
               <cell/>
            </row>
            <row xml:id="p101_52">
               <cell/>
               <cell></cell>
               <cell/>
               <cell/>
               <cell/>
               <cell/>
            </row>
            <row xml:id="p101_53">
               <cell></cell>
               <cell></cell>
               <cell/>
               <cell/>
               <cell/>
               <cell/>
            </row>
            <row xml:id="p101_54">
               <cell/>
               <cell></cell>
               <cell/>
               <cell></cell>
               <cell/>
               <cell/>
            </row>
            <row xml:id="p101_55">
               <cell/>
               <cell></cell>
               <cell/>
               <cell></cell>
               <cell/>
               <cell></cell>
            </row>
            <row xml:id="p101_56">
               <cell/>
               <cell></cell>
               <cell/>
               <cell/>
               <cell/>
               <cell/>
            </row>
            <row xml:id="p101_57">
               <cell/>
               <cell></cell>
               <cell/>
               <cell/>
               <cell/>
               <cell/>
            </row>
            <row xml:id="p101_58">
               <cell/>
               <cell/>
               <cell/>
               <cell/>
               <cell/>
               <cell/>
            </row>
            <row xml:id="p101_59">
               <cell></cell>
               <cell></cell>
               <cell/>
               <cell/>
               <cell/>
               <cell/>
            </row>
            <row xml:id="p101_60">
               <cell/>
               <cell></cell>
               <cell></cell>
               <cell></cell>
               <cell/>
               <cell/>
            </row>
            <row xml:id="p101_61">
               <cell/>
               <cell/>
               <cell/>
               <cell/>
               <cell/>
               <cell/>
            </row>
            <row xml:id="p101_62">
               <cell></cell>
               <cell></cell>
               <cell/>
               <cell/>
               <cell/>
               <cell/>
            </row>
            <row xml:id="p101_63">
               <cell/>
               <cell></cell>
               <cell></cell>
               <cell></cell>
               <cell/>
               <cell/>
            </row>
            <row xml:id="p101_64">
               <cell/>
               <cell/>
               <cell/>
               <cell/>
               <cell/>
               <cell/>
            </row>
         </table>
         <pb n="000"/>
         <fw type="pageNum">000</fw>
         <table xml:id="p000" cols="6">
            <head> </head>
            <row xml:id="p000_01">
               <cell></cell>
               <cell> </cell>
               <cell/>
               <cell/>
               <cell/>
               <cell/>
            </row>
            <row xml:id="p000_02">
               <cell/>
               <cell></cell>
               <cell></cell>
               <cell></cell>
               <cell/>
               <cell/>
            </row>
            <row xml:id="p000_03">
               <cell/>
               <cell></cell>
               <cell></cell>
               <cell/>
               <cell></cell>
               <cell></cell>
            </row>
            <row xml:id="p000_04">
               <cell/>
               <cell/>
               <cell/>
               <cell/>
               <cell/>
               <cell/>
            </row>
            <row xml:id="p000_05">
               <cell></cell>
               <cell></cell>
               <cell/>
               <cell/>
               <cell/>
               <cell/>
            </row>
            <row xml:id="p000_06">
               <cell/>
               <cell></cell>
               <cell></cell>
               <cell></cell>
               <cell/>
               <cell/>
            </row>
            <row xml:id="p000_07">
               <cell/>
               <cell></cell>
               <cell/>
               <cell/>
               <cell/>
               <cell/>
            </row>
            <row xml:id="p000_08">
               <cell></cell>
               <cell></cell>
               <cell/>
               <cell/>
               <cell/>
               <cell/>
            </row>
            <row xml:id="p000_09">
               <cell/>
               <cell></cell>
               <cell></cell>
               <cell></cell>
               <cell/>
               <cell/>
            </row>
            <row xml:id="p000_10">
               <cell/>
               <cell/>
               <cell/>
               <cell/>
               <cell/>
               <cell/>
            </row>
            <row xml:id="p000_11">
               <cell></cell>
               <cell></cell>
               <cell/>
               <cell/>
               <cell/>
               <cell/>
            </row>
            <row xml:id="p000_12">
               <cell/>
               <cell></cell>
               <cell></cell>
               <cell></cell>
               <cell/>
               <cell/>
            </row>
            <row xml:id="p000_13">
               <cell/>
               <cell/>
               <cell/>
               <cell/>
               <cell/>
               <cell/>
            </row>
            <row xml:id="p000_14">
               <cell></cell>
               <cell></cell>
               <cell/>
               <cell/>
               <cell/>
               <cell/>
            </row>
            <row xml:id="p000_15">
               <cell/>
               <cell></cell>
               <cell></cell>
               <cell></cell>
               <cell/>
               <cell/>
            </row>
            <row xml:id="p000_16">
               <cell/>
               <cell/>
               <cell/>
               <cell/>
               <cell/>
               <cell/>
            </row>
            <row xml:id="p000_17">
               <cell></cell>
               <cell></cell>
               <cell/>
               <cell/>
               <cell/>
               <cell/>
            </row>
            <row xml:id="p000_18">
               <cell/>
               <cell></cell>
               <cell/>
               <cell/>
               <cell/>
               <cell/>
            </row>
            <row xml:id="p000_19">
               <cell/>
               <cell></cell>
               <cell/>
               <cell></cell>
               <cell/>
               <cell></cell>
            </row>
            <row xml:id="p000_20">
               <cell/>
               <cell></cell>
               <cell/>
               <cell/>
               <cell/>
               <cell/>
            </row>
            <row xml:id="p000_21">
               <cell></cell>
               <cell></cell>
               <cell/>
               <cell/>
               <cell/>
               <cell/>
            </row>
            <row xml:id="p000_22">
               <cell/>
               <cell></cell>
               <cell/>
               <cell></cell>
               <cell/>
               <cell/>
            </row>
            <row xml:id="p000_23">
               <cell/>
               <cell></cell>
               <cell/>
               <cell/>
               <cell/>
               <cell/>
            </row>
            <row xml:id="p000_24">
               <cell></cell>
               <cell></cell>
               <cell/>
               <cell/>
               <cell/>
               <cell/>
            </row>
            <row xml:id="p000_25">
               <cell/>
               <cell></cell>
               <cell></cell>
               <cell></cell>
               <cell/>
               <cell/>
            </row>
            <row xml:id="p000_26">
               <cell/>
               <cell></cell>
               <cell/>
               <cell/>
               <cell/>
               <cell/>
            </row>
            <row xml:id="p000_27">
               <cell></cell>
               <cell></cell>
               <cell/>
               <cell/>
               <cell/>
               <cell/>
            </row>
            <row xml:id="p000_28">
               <cell/>
               <cell></cell>
               <cell/>
               <cell></cell>
               <cell/>
               <cell/>
            </row>
            <row xml:id="p000_29">
               <cell/>
               <cell></cell><cell/>
               <cell></cell>
               <cell/>
               <cell/>
            </row>
            <row xml:id="p000_30">
               <cell/>
               <cell/>
               <cell/>
               <cell/>
               <cell/>
               <cell/>
            </row>
            <row xml:id="p000_31">
               <cell></cell>
               <cell></cell>
               <cell/>
               <cell/>
               <cell/>
               <cell/>
            </row>
            <row xml:id="p000_32">
               <cell/>
               <cell></cell>
               <cell></cell>
               <cell></cell>
               <cell/>
               <cell/>
            </row>
            <row xml:id="p000_33">
               <cell/>
               <cell></cell>
               <cell/>
               <cell/>
               <cell/>
               <cell/>
            </row>
            <row xml:id="p000_34">
               <cell></cell>
               <cell></cell>
               <cell/>
               <cell/>
               <cell/>
               <cell/>
            </row>
            <row xml:id="p000_35">
               <cell/>
               <cell></cell>
               <cell></cell>
               <cell></cell>
               <cell/>
               <cell/>
            </row>
            <row xml:id="p000_36">
               <cell/>
               <cell></cell>
               <cell></cell>
               <cell></cell>
               <cell></cell>
               <cell></cell>
            </row>
            <row xml:id="p000_37">
               <cell/>
               <cell></cell>
               <cell></cell>
               <cell></cell>
               <cell/>
               <cell/>
            </row>
            <row xml:id="p000_38">
               <cell/>
               <cell></cell>
               <cell/>
               <cell/>
               <cell/>
               <cell/>
            </row>
            <row xml:id="p000_39">
               <cell></cell>
               <cell></cell>
               <cell/>
               <cell/>
               <cell/>
               <cell/>
            </row>
            <row xml:id="p000_40">
               <cell/>
               <cell/>
               <cell/>
               <cell/>
               <cell/>
               <cell/>
            </row>
            <row xml:id="p000_41">
               <cell/>
               <cell></cell>
               <cell/>
               <cell/>
               <cell/>
               <cell/>
            </row>
            <row xml:id="p000_42">
               <cell></cell>
               <cell></cell>
               <cell/>
               <cell/>
               <cell/>
               <cell/>
            </row>
            <row xml:id="p000_43">
               <cell/>
               <cell></cell>
               <cell></cell>
               <cell></cell>
               <cell/>
               <cell/>
            </row>
            <row xml:id="p000_44">
               <cell/>
               <cell></cell>
               <cell/>
               <cell/>
               <cell/>
               <cell/>
            </row>
            <row xml:id="p000_45">
               <cell></cell>
               <cell></cell>
               <cell/>
               <cell/>
               <cell/>
               <cell/>
            </row>
            <row xml:id="p000_46">
               <cell/>
               <cell></cell>
               <cell></cell>
               <cell></cell>
               <cell/>
               <cell/>
            </row>
            <row xml:id="p000_47">
               <cell/>
               <cell></cell>
               <cell/>
               <cell/>
               <cell/>
               <cell/>
            </row>
            <row xml:id="p000_48">
               <cell></cell>
               <cell></cell>
               <cell/>
               <cell/>
               <cell/>
               <cell/>
            </row>
            <row xml:id="p000_49">
               <cell/>
               <cell></cell>
               <cell/>
               <cell></cell>
               <cell/>
               <cell/>
            </row>
            <row xml:id="p000_50">
               <cell/>
               <cell></cell>
               <cell/>
               <cell></cell>
               <cell/>
               <cell></cell>
            </row>
            <row xml:id="p000_51">
               <cell/>
               <cell></cell>
               <cell/>
               <cell/>
               <cell/>
               <cell/>
            </row>
            <row xml:id="p000_52">
               <cell/>
               <cell></cell>
               <cell/>
               <cell/>
               <cell/>
               <cell/>
            </row>
            <row xml:id="p000_53">
               <cell/>
               <cell/>
               <cell/>
               <cell/>
               <cell/>
               <cell/>
            </row>
            <row xml:id="p000_54">
               <cell></cell>
               <cell></cell>
               <cell/>
               <cell/>
               <cell/>
               <cell/>
            </row>
            <row xml:id="p000_55">
               <cell/>
               <cell></cell>
               <cell></cell>
               <cell></cell>
               <cell/>
               <cell/>
            </row>
            <row xml:id="p000_56">
               <cell/>
               <cell/>
               <cell/>
               <cell/>
               <cell/>
               <cell/>
            </row>
            <row xml:id="p000_57">
               <cell></cell>
               <cell></cell>
               <cell/>
               <cell/>
               <cell/>
               <cell/>
            </row>
            <row xml:id="p000_58">
               <cell/>
               <cell></cell>
               <cell></cell>
               <cell></cell>
               <cell/>
               <cell/>
            </row>
            <row xml:id="p000_59">
               <cell/>
               <cell/>
               <cell/>
               <cell/>
               <cell/>
               <cell/>
            </row>
            <row xml:id="p000_60">
               <cell></cell>
               <cell></cell>
               <cell/>
               <cell/>
               <cell/>
               <cell/>
            </row>
            <row xml:id="p000_61">
               <cell/>
               <cell></cell>
               <cell/>
               <cell/>
               <cell/>
               <cell/>
            </row>
            <row xml:id="p000_62">
               <cell/>
               <cell></cell>
               <cell></cell>
               <cell></cell>
               <cell/>
               <cell/>
            </row>
            <row xml:id="p000_63">
               <cell/>
               <cell/>
               <cell/>
               <cell/>
               <cell/>
               <cell/>
            </row>
            <row xml:id="p000_64">
               <cell/>
               <cell/>
               <cell/>
               <cell/>
               <cell/>
               <cell/>
            </row>
         </table>
       </body>
   </text>
</TEI>
