<TEI xmlns="http://www.tei-c.org/ns/1.0">
   <teiHeader>
      <fileDesc>
         <titleStmt>
            <title>LMW Day Book, pp. 000-000</title>
            <author>L.M. Wheaton</author>
         </titleStmt>
         <publicationStmt>
            <p>Transcribed by Sahilia Ramirez Summer 2016, Wheaton College</p>
         </publicationStmt>
         <sourceDesc>
            <biblFull>
               <titleStmt>
                  <title>Account Books, pp.100-149</title>
                  <author>L.M. Wheaton</author>
                  <respStmt>
                     <resp> TEI-compatible XML markup by <name type="person">Sahilia Ramirez</name>
                        with corrections by <name type="person">Name</name>, <name
                           type="person">Name</name>, and <name type="person">Name</name>.</resp>
                     <name type="person">Name</name>
                  </respStmt>
               </titleStmt>
               <publicationStmt>
                  <p>Transcribed by Sahilia Ramirez, Wheaton College</p>
               </publicationStmt>
               <sourceDesc>
                  <p> From the Marion B. Gebbie Archives and Special Collections at the Madeleine
                     Clark Wallace Library, Wheaton College </p>
               </sourceDesc>
            </biblFull>
         </sourceDesc>
      </fileDesc>
   </teiHeader>
   <text>
      <body>
         <pb n="106"/>
         <fw type="pageNum">106</fw>
         <table xml:id="p106" cols="6">
            <head>Saturday<date when="1832-06-15">June 15th 832</date></head>
            <row xml:id="p106_01">
               <cell>Settled</cell>
               <cell>
                  <name type="person" ref="pers_WCDH686"> Elkanah Wood</name>
                  <choice rend="align(right)">
                     <abbr>D</abbr>
                     <expan>debtor</expan>
                  </choice>
               </cell>
               <cell/>
               <cell/>
               <cell/>
               <cell/>
            </row>
            <row xml:id="p106_02">
               <cell/>
               <cell>To cash 48/</cell>
               <cell><measure commodity="currency" quantity="8" unit="dollars">8</measure></cell>
               <cell><measure commodity="currency" quantity="00" unit="cents">00</measure></cell>
               <cell/>
               <cell/>
            </row>
            <row xml:id="p105_03">
               <cell>Settled</cell>
               <cell>
                  <name type="person" ref="pers_WCDH495"> Alva Parkand</name>
                  <choice rend="align(right)">
                     <abbr>D</abbr>
                     <expan>debtor</expan>
                  </choice></cell>
               <cell></cell>
               <cell/>
               <cell></cell>
               <cell></cell>
            </row>
            <row xml:id="p106_04">
               <cell/>
               <cell>To cash 12/ </cell>
               <cell/>
               <cell/>
               <cell/>
               <cell/>
            </row>
            <row xml:id="p106_05">
               <cell></cell>
               <cell>" Paying H. Hodges for <!-- ?? --> 7/6</cell>
               <cell><measure commodity="currency" quantity="3" unit="dollars">3</measure></cell>
               <cell><measure commodity="currency" quantity="25" unit="cents">25</measure></cell>
               <cell/>
               <cell/>
            </row>
            <row xml:id="p106_06">
               <cell>109</cell>
               <cell>
                  <name type="person" ref="pers_WCDH524"> Pliney Puffer</name>
                  <choice rend="align(right)">
                     <abbr>Dr</abbr>
                     <expan>debtor</expan>
                  </choice></cell>
               <cell></cell>
               <cell></cell>
               <cell/>
               <cell/>
            </row>
            <row xml:id="p106_07">
               <cell/>
               <cell>to <measure commodity="potatoes" quantity="1" unit="bushels">1 Bus potatoes</measure> 2/6</cell>
               <cell/>
               <cell><measure commodity="currency" quantity="42" unit="cents">42</measure></cell>
               <cell/>
               <cell/>
            </row>
            <row xml:id="p106_08">
               <cell></cell>
               <cell><date when="1832-06-21">21</date></cell>
               <cell/>
               <cell/>
               <cell/>
               <cell/>
            </row>
            <row xml:id="p106_09">
               <cell>391</cell>
               <cell><name type="person" ref="v"> Catharine Perham</name>
                  <choice rend="align(right)">
                     <abbr>D</abbr>
                     <expan>debtor</expan>
                  </choice></cell>
               <cell> </cell>
               <cell></cell>
               <cell/>
               <cell/>
            </row>
            <row xml:id="p106_10">
               <cell/>
               <cell>To <measure commodity="shirting" quantity="3" unit="yards">3 yds shirting</measure> 1/</cell>
               <cell/>
               <cell/>
               <cell/>
               <cell/>
            </row>
            <row xml:id="p106_11">
               <cell></cell>
               <cell>" <measure commodity="silk" quantity=".5" unit="yards">1/2 yd. silk plaid</measure> 4/6 bot. at Taunton</cell>
               <cell/>
               <cell><measure commodity="currency" quantity="88" unit="cents">88</measure></cell>
               <cell/>
               <cell/>
            </row>
            <row xml:id="p106_12">
               <cell/>
               <cell><date when="1832-06-26">26</date></cell>
               <cell></cell>
               <cell></cell>
               <cell/>
               <cell/>
            </row>
            <row xml:id="p106_13">
               <cell>400</cell>
               <cell>
                  <name type="person" ref="pers_WCDH574"> Timothy Smith</name>
                  <choice rend="align(right)">
                     <abbr>D</abbr>
                     <expan>debtor</expan>
                  </choice></cell>
               <cell/>
               <cell/>
               <cell/>
               <cell/>
            </row>
            <row xml:id="p106_14">
               <cell></cell>
               <cell>To <measure commodity="potatoes" quantity="1" unit="bushels">1 Bus potatoes</measure> 2/</cell>
               <cell/>
               <cell><measure commodity="currency" quantity="33" unit="cents">33</measure></cell>
               <cell/>
               <cell/>
            </row>
            <row xml:id="p106_15">
               <cell>396</cell>
               <cell>
                  <name type="person" ref="pers_WCDH484">Samuel Morey</name>
                  <choice rend="align(right)">
                     <abbr>D</abbr>
                     <expan>debtor</expan>
                  </choice></cell>
               <cell></cell>
               <cell></cell>
               <cell/>
               <cell/>
            </row>
            <row xml:id="p106_16">
               <cell/>
               <cell>To cash lent 30/</cell>
               <cell><measure commodity="currency" quantity="5" unit="dollars">5</measure></cell>
               <cell><measure commodity="currency" quantity="00" unit="cents">00</measure></cell>
               <cell/>
               <cell/>
            </row>
            <row xml:id="p106_17">
               <cell/>
               <cell><date when="1832-07-06">July 6</date></cell>
               <cell/>
               <cell/>
               <cell/>
               <cell/>
            </row>
            <row xml:id="p106_18">
               <cell>391</cell>
               <cell>
                  <name type="person" ref="v"> Catharine A Perham</name>
                  <choice rend="align(right)">
                     <abbr>Dr</abbr>
                     <expan>debtor</expan>
                  </choice></cell>
               <cell/>
               <cell></cell>
               <cell/>
               <cell/>
            </row>
            <row xml:id="p106_19">
               <cell/>
               <cell>To blk silk frock 24/</cell>
               <cell><measure commodity="currency" quantity="4" unit="dollars">4</measure></cell>
               <cell><measure commodity="currency" quantity="00" unit="cents">00</measure></cell>
               <cell/>
               <cell></cell>
            </row>
            <row xml:id="p106_20">
               <cell>117</cell>
               <cell>
                  <name type="person" ref="pers_WCDH276">Darius Drake</name>
                  <choice rend="align(right)">
                     <abbr>D</abbr>
                     <expan>debtor</expan>
                  </choice></cell>
               <cell/>
               <cell/>
               <cell/>
               <cell/>
            </row>
            <row xml:id="p106_21">
               <cell></cell>
               <cell>To <measure commodity="corn" quantity="1" unit="bushels">1 Bus corn</measure> 6/</cell>
               <cell></cell>
               <cell></cell>
               <cell/>
               <cell/>
            </row>
            <row xml:id="p106_22">
               <cell/>
               <cell>"<measure commodity="rye" quantity=".5" unit="bushels">1/2 do Rye</measure> 61/6</cell>
               <cell><measure commodity="currency" quantity="1" unit="dollars">1</measure></cell>
               <cell><measure commodity="currency" quantity="54" unit="cents">54</measure></cell>
               <cell/>
               <cell/>
            </row>
            <row xml:id="p106_23">
               <cell/>
               <cell><date when="1832-07-04">July 4</date></cell>
               <cell/>
               <cell/>
               <cell/>
               <cell/>
            </row>
            <row xml:id="p106_24">
               <cell>Settled</cell>
               <cell>
                  <name type="person" ref="pers_WCDH686"> Elkanah Wood</name>
                  <choice rend="align(right)">
                     <abbr>D</abbr>
                     <expan>debtor</expan>
                  </choice></cell>
               <cell/>
               <cell/>
               <cell/>
               <cell/>
            </row>
            <row xml:id="p106_25">
               <cell/>
               <cell>To <measure commodity="rye" quantity="2" unit="bushels">2 Bus Rye</measure> 6/</cell>
               <cell><measure commodity="currency" quantity="2" unit="dollars">2</measure></cell>
               <cell><measure commodity="currency" quantity="00" unit="cents">00</measure></cell>
               <cell/>
               <cell/>
            </row>
            <row xml:id="p106_26">
               <cell>117</cell>
               <cell>
                  <name type="person" ref="pers_WCDH276">Darius Drake</name>
                  <choice rend="align(right)">
                     <abbr>Dr</abbr>
                     <expan>debtor</expan>
                  </choice></cell>
               <cell/>
               <cell/>
               <cell/>
               <cell/>
            </row>
            <row xml:id="p106_27">
               <cell></cell>
               <cell>To order for H. Hodges 4/6</cell>
               <cell/>
               <cell><measure commodity="currency" quantity="75" unit="cents">75</measure></cell>
               <cell/>
               <cell/>
            </row>
            <row xml:id="p106_28">
               <cell>Settled</cell>
               <cell>
                  <name type="person" ref="pers_WCDH495">Alva Packard</name>
                  <choice rend="align(right)">
                     <abbr>Dr</abbr>
                     <expan>debtor</expan>
                  </choice></cell>
               <cell/>
               <cell></cell>
               <cell/>
               <cell/>
            </row>
            <row xml:id="p106_29">
               <cell/>
               <cell>To cash 1/6</cell><cell/>
               <cell><measure commodity="currency" quantity="25" unit="cents">25</measure></cell>
               <cell/>
               <cell/>
            </row>
            <row xml:id="p106_30">
               <cell/>
               <cell>"<measure commodity="beef" quantity="8" unit="pounds">8 lbs Beef</measure>, salt, beef</cell>
               <cell/>
               <cell/>
               <cell/>
               <cell/>
            </row>
            <row xml:id="p106_31">
               <cell></cell>
               <cell><date when="1832-07-10">10</date></cell>
               <cell/>
               <cell/>
               <cell/>
               <cell/>
            </row>
            <row xml:id="p106_32">
               <cell>Settled</cell>
               <cell>
                  <name type="person" ref="pers_WCDH495"> Alva Parkard</name>
                  <choice rend="align(right)">
                     <abbr>Dr</abbr>
                     <expan>debtor</expan>
                  </choice></cell>
               <cell></cell>
               <cell></cell>
               <cell/>
               <cell/>
            </row>
            <row xml:id="p106_33">
               <cell/>
               <cell>To <measure commodity="cheese" quantity="11.25" unit="pounds">11 1/4 lbs cheese</measure> 10x</cell>
               <cell><measure commodity="currency" quantity="1" unit="dollars">1</measure></cell>
               <cell><measure commodity="currency" quantity="13" unit="cents">13</measure></cell>
               <cell/>
               <cell/>
            </row>
            <row xml:id="p106_34">
               <cell></cell>
               <cell><date when="1832-07-11">11</date></cell>
               <cell/>
               <cell/>
               <cell/>
               <cell/>
            </row>
            <row xml:id="p106_35">
               <cell>346</cell>
               <cell>
                  <name type="person" ref="pers_WCDH484"> Samuel Morey</name>
                  <choice rend="align(right)">
                     <abbr>D</abbr>
                     <expan>debtor</expan>
                  </choice></cell>
               <cell></cell>
               <cell></cell>
               <cell/>
               <cell/>
            </row>
            <row xml:id="p106_36">
               <cell/>
               <cell>To cash 30/</cell>
               <cell><measure commodity="currency" quantity="5" unit="dollars">5</measure></cell>
               <cell><measure commodity="currency" quantity="00" unit="cents">00</measure></cell>
               <cell></cell>
               <cell></cell>
            </row>
            <row xml:id="p106_37">
               <cell/>
               <cell><date when="1832-07-17">17th</date></cell>
               <cell></cell>
               <cell></cell>
               <cell/>
               <cell/>
            </row>
            <row xml:id="p106_38">
               <cell>117</cell>
               <cell>
                  <name type="person" ref="pers_WCDH276"> Darius Drake</name>
                  <choice rend="align(right)">
                     <abbr>Dr</abbr>
                     <expan>debtor</expan>
                  </choice></cell>
               <cell/>
               <cell/>
               <cell/>
               <cell/>
            </row>
            <row xml:id="p106_39">
               <cell></cell>
               <cell>To halt brushed corn 6/</cell>
               <cell/>
               <cell><measure commodity="currency" quantity="50" unit="cents">50</measure></cell>
               <cell/>
               <cell/>
            </row>
            <row xml:id="p106_40">
               <cell>Settled</cell>
               <cell>
                  <name type="person" ref="pers_WCDH495"> Alva Parkard</name>
                  <choice rend="align(right)">
                     <abbr>D</abbr>
                     <expan>debtor</expan>
                  </choice></cell>
               <cell></cell>
               <cell></cell>
               <cell/>
               <cell/>
            </row>
            <row xml:id="p106_41">
               <cell/>
               <cell>To cash 6/</cell>
               <cell><measure commodity="curency" quantity="1" unit="dollars">1</measure></cell>
               <cell><measure commodity="currency" quantity="00" unit="cents">00</measure></cell>
               <cell/>
               <cell/>
            </row>
            <row xml:id="p106_42">
               <cell></cell>
               <cell><date when="1832-07-19">19</date></cell>
               <cell/>
               <cell/>
               <cell/>
               <cell/>
            </row>
            <row xml:id="p106_43">
               <cell>394</cell>
               <cell>
                  <name type="person" ref="pers_WCDH565"> John Smith</name>
                  <choice rend="align(right)">
                     <abbr>D</abbr>
                     <expan>debtor</expan>
                  </choice></cell>
               <cell></cell>
               <cell></cell>
               <cell/>
               <cell/>
            </row>
            <row xml:id="p106_44">
               <cell/>
               <cell>To <measure commodity="potatoes" quantity=".5" unit="bushels">1/2 Bus. potatoes</measure> 3/</cell>
               <cell/>
               <cell><measure commodity="currency" quantity="25" unit="cents">25</measure></cell>
               <cell/>
               <cell/>
            </row>
            <row xml:id="p106_45">
               <cell></cell>
               <cell><date when="1832-07-22">22</date></cell>
               <cell/>
               <cell/>
               <cell/>
               <cell/>
            </row>
            <row xml:id="p106_46">
               <cell>Settled </cell>
               <cell>
                  <name type="person" ref="pers_WCDH495"> Alva Packard</name>
                  <choice rend="align(right)">
                     <abbr>D</abbr>
                     <expan>debtor</expan>
                  </choice></cell>
               <cell></cell>
               <cell></cell>
               <cell/>
               <cell/>
            </row>
            <row xml:id="p106_47">
               <cell/>
               <cell>To <measure commodity="ham" quantity="10" unit="pounds">10 lbs. Ham</measure> 125</cell>
               <cell/>
               <cell/>
               <cell/>
               <cell/>
            </row>
            <row xml:id="p106_48">
               <cell></cell>
               <cell>" <measure commodity="beef" quantity="12.75" unit="pounds">12 3/4lbs. salt beef</measure></cell>
               <cell/>
               <cell/>
               <cell/>
               <cell/>
            </row>
            <row xml:id="p106_49">
               <cell/>
               <cell><date when="1832-07-25">25</date></cell>
               <cell/>
               <cell></cell>
               <cell/>
               <cell/>
            </row>
            <row xml:id="p106_50">
               <cell>Settled</cell>
               <cell>
                  <name type="person" ref="v"> Henry Clement</name>
                  <choice rend="align(right)">
                     <abbr>D</abbr>
                     <expan>debtor</expan>
                  </choice></cell>
               <cell/>
               <cell></cell>
               <cell/>
               <cell></cell>
            </row>
            <row xml:id="p106_51">
               <cell/>
               <cell>To cash 1/6</cell>
               <cell/>
               <cell><measure commodity="currency" quantity="25" unit="cents">25</measure></cell>
               <cell/>
               <cell/>
            </row>
            <row xml:id="p106_52">
               <cell/>
               <cell><date when="1832-07-27">27</date></cell>
               <cell/>
               <cell/>
               <cell/>
               <cell/>
            </row>
            <row xml:id="p106_53">
               <cell>Settled</cell>
               <cell>
                  <name type="person" ref="pers_WCDH495">Alva Packard</name>
                  <choice rend="align(right)">
                     <abbr>D</abbr>
                     <expan>debtor</expan>
                  </choice></cell>
               <cell/>
               <cell/>
               <cell/>
               <cell/>
            </row>
            <row xml:id="p106_54">
               <cell></cell>
               <cell>To cash 6/</cell>
               <cell><measure commodity="currency" quantity="1" unit="dollars">1</measure></cell>
               <cell><measure commodity="currency" quantity="00" unit="cents">00</measure></cell>
               <cell/>
               <cell/>
            </row>
            <row xml:id="p106_55">
               <cell/>
               <cell></cell>
               <cell></cell>
               <cell></cell>
               <cell/>
               <cell/>
            </row>
            <row xml:id="p106_56">
               <cell/>
               <cell/>
               <cell/>
               <cell/>
               <cell/>
               <cell/>
            </row>
            <row xml:id="p106_57">
               <cell></cell>
               <cell></cell>
               <cell/>
               <cell/>
               <cell/>
               <cell/>
            </row>
            <row xml:id="p106_58">
               <cell/>
               <cell></cell>
               <cell></cell>
               <cell></cell>
               <cell/>
               <cell/>
            </row>
            <row xml:id="p106_59">
               <cell/>
               <cell/>
               <cell/>
               <cell/>
               <cell/>
               <cell/>
            </row>
            <row xml:id="p106_60">
               <cell></cell>
               <cell></cell>
               <cell/>
               <cell/>
               <cell/>
               <cell/>
            </row>
            <row xml:id="p106_61">
               <cell/>
               <cell></cell>
               <cell/>
               <cell/>
               <cell/>
               <cell/>
            </row>
            <row xml:id="p106_62">
               <cell/>
               <cell></cell>
               <cell></cell>
               <cell></cell>
               <cell/>
               <cell/>
            </row>
            <row xml:id="p106_63">
               <cell/>
               <cell/>
               <cell/>
               <cell/>
               <cell/>
               <cell/>
            </row>
            <row xml:id="p106_64">
               <cell/>
               <cell/>
               <cell/>
               <cell/>
               <cell/>
               <cell/>
            </row>
         </table>
         <pb n="000"/>
         <fw type="pageNum">000</fw>
         <table xml:id="p000" cols="6">
            <head></head>
            <row xml:id="p000_01">
               <cell></cell>
               <cell> </cell>
               <cell/>
               <cell/>
               <cell/>
               <cell/>
            </row>
            <row xml:id="p000_02">
               <cell/>
               <cell></cell>
               <cell></cell>
               <cell></cell>
               <cell/>
               <cell/>
            </row>
            <row xml:id="p000_03">
               <cell/>
               <cell></cell>
               <cell></cell>
               <cell/>
               <cell></cell>
               <cell></cell>
            </row>
            <row xml:id="p000_04">
               <cell/>
               <cell/>
               <cell/>
               <cell/>
               <cell/>
               <cell/>
            </row>
            <row xml:id="p000_05">
               <cell></cell>
               <cell></cell>
               <cell/>
               <cell/>
               <cell/>
               <cell/>
            </row>
            <row xml:id="p000_06">
               <cell/>
               <cell></cell>
               <cell></cell>
               <cell></cell>
               <cell/>
               <cell/>
            </row>
            <row xml:id="p000_07">
               <cell/>
               <cell></cell>
               <cell/>
               <cell/>
               <cell/>
               <cell/>
            </row>
            <row xml:id="p000_08">
               <cell></cell>
               <cell></cell>
               <cell/>
               <cell/>
               <cell/>
               <cell/>
            </row>
            <row xml:id="p000_09">
               <cell/>
               <cell></cell>
               <cell></cell>
               <cell></cell>
               <cell/>
               <cell/>
            </row>
            <row xml:id="p000_10">
               <cell/>
               <cell/>
               <cell/>
               <cell/>
               <cell/>
               <cell/>
            </row>
            <row xml:id="p000_11">
               <cell></cell>
               <cell></cell>
               <cell/>
               <cell/>
               <cell/>
               <cell/>
            </row>
            <row xml:id="p000_12">
               <cell/>
               <cell></cell>
               <cell></cell>
               <cell></cell>
               <cell/>
               <cell/>
            </row>
            <row xml:id="p000_13">
               <cell/>
               <cell/>
               <cell/>
               <cell/>
               <cell/>
               <cell/>
            </row>
            <row xml:id="p000_14">
               <cell></cell>
               <cell></cell>
               <cell/>
               <cell/>
               <cell/>
               <cell/>
            </row>
            <row xml:id="p000_15">
               <cell/>
               <cell></cell>
               <cell></cell>
               <cell></cell>
               <cell/>
               <cell/>
            </row>
            <row xml:id="p000_16">
               <cell/>
               <cell/>
               <cell/>
               <cell/>
               <cell/>
               <cell/>
            </row>
            <row xml:id="p000_17">
               <cell></cell>
               <cell></cell>
               <cell/>
               <cell/>
               <cell/>
               <cell/>
            </row>
            <row xml:id="p000_18">
               <cell/>
               <cell></cell>
               <cell/>
               <cell/>
               <cell/>
               <cell/>
            </row>
            <row xml:id="p000_19">
               <cell/>
               <cell></cell>
               <cell/>
               <cell></cell>
               <cell/>
               <cell></cell>
            </row>
            <row xml:id="p000_20">
               <cell/>
               <cell></cell>
               <cell/>
               <cell/>
               <cell/>
               <cell/>
            </row>
            <row xml:id="p000_21">
               <cell></cell>
               <cell></cell>
               <cell/>
               <cell/>
               <cell/>
               <cell/>
            </row>
            <row xml:id="p000_22">
               <cell/>
               <cell></cell>
               <cell/>
               <cell></cell>
               <cell/>
               <cell/>
            </row>
            <row xml:id="p000_23">
               <cell/>
               <cell></cell>
               <cell/>
               <cell/>
               <cell/>
               <cell/>
            </row>
            <row xml:id="p000_24">
               <cell></cell>
               <cell></cell>
               <cell/>
               <cell/>
               <cell/>
               <cell/>
            </row>
            <row xml:id="p000_25">
               <cell/>
               <cell></cell>
               <cell></cell>
               <cell></cell>
               <cell/>
               <cell/>
            </row>
            <row xml:id="p000_26">
               <cell/>
               <cell></cell>
               <cell/>
               <cell/>
               <cell/>
               <cell/>
            </row>
            <row xml:id="p000_27">
               <cell></cell>
               <cell></cell>
               <cell/>
               <cell/>
               <cell/>
               <cell/>
            </row>
            <row xml:id="p000_28">
               <cell/>
               <cell></cell>
               <cell/>
               <cell></cell>
               <cell/>
               <cell/>
            </row>
            <row xml:id="p000_29">
               <cell/>
               <cell></cell><cell/>
               <cell></cell>
               <cell/>
               <cell/>
            </row>
            <row xml:id="p000_30">
               <cell/>
               <cell/>
               <cell/>
               <cell/>
               <cell/>
               <cell/>
            </row>
            <row xml:id="p000_31">
               <cell></cell>
               <cell></cell>
               <cell/>
               <cell/>
               <cell/>
               <cell/>
            </row>
            <row xml:id="p000_32">
               <cell/>
               <cell></cell>
               <cell></cell>
               <cell></cell>
               <cell/>
               <cell/>
            </row>
            <row xml:id="p000_33">
               <cell/>
               <cell></cell>
               <cell/>
               <cell/>
               <cell/>
               <cell/>
            </row>
            <row xml:id="p000_34">
               <cell></cell>
               <cell></cell>
               <cell/>
               <cell/>
               <cell/>
               <cell/>
            </row>
            <row xml:id="p000_35">
               <cell/>
               <cell></cell>
               <cell></cell>
               <cell></cell>
               <cell/>
               <cell/>
            </row>
            <row xml:id="p000_36">
               <cell/>
               <cell></cell>
               <cell></cell>
               <cell></cell>
               <cell></cell>
               <cell></cell>
            </row>
            <row xml:id="p000_37">
               <cell/>
               <cell></cell>
               <cell></cell>
               <cell></cell>
               <cell/>
               <cell/>
            </row>
            <row xml:id="p000_38">
               <cell/>
               <cell></cell>
               <cell/>
               <cell/>
               <cell/>
               <cell/>
            </row>
            <row xml:id="p000_39">
               <cell></cell>
               <cell></cell>
               <cell/>
               <cell/>
               <cell/>
               <cell/>
            </row>
            <row xml:id="p000_40">
               <cell/>
               <cell/>
               <cell/>
               <cell/>
               <cell/>
               <cell/>
            </row>
            <row xml:id="p000_41">
               <cell/>
               <cell></cell>
               <cell/>
               <cell/>
               <cell/>
               <cell/>
            </row>
            <row xml:id="p000_42">
               <cell></cell>
               <cell></cell>
               <cell/>
               <cell/>
               <cell/>
               <cell/>
            </row>
            <row xml:id="p000_43">
               <cell/>
               <cell></cell>
               <cell></cell>
               <cell></cell>
               <cell/>
               <cell/>
            </row>
            <row xml:id="p000_44">
               <cell/>
               <cell></cell>
               <cell/>
               <cell/>
               <cell/>
               <cell/>
            </row>
            <row xml:id="p000_45">
               <cell></cell>
               <cell></cell>
               <cell/>
               <cell/>
               <cell/>
               <cell/>
            </row>
            <row xml:id="p000_46">
               <cell/>
               <cell></cell>
               <cell></cell>
               <cell></cell>
               <cell/>
               <cell/>
            </row>
            <row xml:id="p000_47">
               <cell/>
               <cell></cell>
               <cell/>
               <cell/>
               <cell/>
               <cell/>
            </row>
            <row xml:id="p000_48">
               <cell></cell>
               <cell></cell>
               <cell/>
               <cell/>
               <cell/>
               <cell/>
            </row>
            <row xml:id="p000_49">
               <cell/>
               <cell></cell>
               <cell/>
               <cell></cell>
               <cell/>
               <cell/>
            </row>
            <row xml:id="p000_50">
               <cell/>
               <cell></cell>
               <cell/>
               <cell></cell>
               <cell/>
               <cell></cell>
            </row>
            <row xml:id="p000_51">
               <cell/>
               <cell></cell>
               <cell/>
               <cell/>
               <cell/>
               <cell/>
            </row>
            <row xml:id="p000_52">
               <cell/>
               <cell></cell>
               <cell/>
               <cell/>
               <cell/>
               <cell/>
            </row>
            <row xml:id="p000_53">
               <cell/>
               <cell/>
               <cell/>
               <cell/>
               <cell/>
               <cell/>
            </row>
            <row xml:id="p000_54">
               <cell></cell>
               <cell></cell>
               <cell/>
               <cell/>
               <cell/>
               <cell/>
            </row>
            <row xml:id="p000_55">
               <cell/>
               <cell></cell>
               <cell></cell>
               <cell></cell>
               <cell/>
               <cell/>
            </row>
            <row xml:id="p000_56">
               <cell/>
               <cell/>
               <cell/>
               <cell/>
               <cell/>
               <cell/>
            </row>
            <row xml:id="p000_57">
               <cell></cell>
               <cell></cell>
               <cell/>
               <cell/>
               <cell/>
               <cell/>
            </row>
            <row xml:id="p000_58">
               <cell/>
               <cell></cell>
               <cell></cell>
               <cell></cell>
               <cell/>
               <cell/>
            </row>
            <row xml:id="p000_59">
               <cell/>
               <cell/>
               <cell/>
               <cell/>
               <cell/>
               <cell/>
            </row>
            <row xml:id="p000_60">
               <cell></cell>
               <cell></cell>
               <cell/>
               <cell/>
               <cell/>
               <cell/>
            </row>
            <row xml:id="p000_61">
               <cell/>
               <cell></cell>
               <cell/>
               <cell/>
               <cell/>
               <cell/>
            </row>
            <row xml:id="p000_62">
               <cell/>
               <cell></cell>
               <cell></cell>
               <cell></cell>
               <cell/>
               <cell/>
            </row>
            <row xml:id="p000_63">
               <cell/>
               <cell/>
               <cell/>
               <cell/>
               <cell/>
               <cell/>
            </row>
            <row xml:id="p000_64">
               <cell/>
               <cell/>
               <cell/>
               <cell/>
               <cell/>
               <cell/>
            </row>
         </table>
       </body>
   </text>
</TEI>
