<?xml version="1.0" encoding="UTF-8"?>
<?xml-model href="http://www.tei-c.org/release/xml/tei/custom/schema/relaxng/tei_all.rng" type="application/xml" schematypens="http://relaxng.org/ns/structure/1.0"?>
<?xml-model href="http://www.tei-c.org/release/xml/tei/custom/schema/relaxng/tei_all.rng" type="application/xml"
	schematypens="http://purl.oclc.org/dsdl/schematron"?>
<TEI xmlns="http://www.tei-c.org/ns/1.0">
   <teiHeader>
      <fileDesc>
         <titleStmt>
            <title>LMW Day Book, pp. 231-232</title>
            <author>L.M. Wheaton</author>
         </titleStmt>
         <publicationStmt>
            <p>Indication of work done and date, Wheaton College</p>
         </publicationStmt>
         <sourceDesc>
            <biblFull>
               <titleStmt>
                  <title>Account Books, pp.231-232</title>
                  <author>L.M. Wheaton</author>
                  <respStmt>
                     <resp> TEI-compatible XML markup by <name type="person">Tyana Craig</name> with
                        corrections by <name type="person">Name</name>, <name type="person"
                           >Name</name>, and <name type="person">Name</name>.</resp>
                     <name type="person">Name</name>
                  </respStmt>
               </titleStmt>
               <publicationStmt>
                  <p>Indication of work done and date 05/25/16, Wheaton College</p>
               </publicationStmt>
               <sourceDesc>
                  <p> From the Marion B. Gebbie Archives and Special Collections at the Madeleine
                     Clark Wallace Library, Wheaton College </p>
               </sourceDesc>
            </biblFull>
         </sourceDesc>
      </fileDesc>
   </teiHeader>
   <text>
      <body>
         <pb n="231"/>
         <fw type="pageNum">231</fw>
         <table xml:id="p231" cols="6">
            <head>Saturday <date when="1851-11-01">Nov. 1st 1851</date></head>
            <row xml:id="p231_01">
               <cell/>
               <cell/>
               <cell/>
               <cell/>
               <cell/>
               <cell/>
            </row>
            <row xml:id="p231_02">
               <cell>548</cell>
               <cell><name type="person" ref="pers_WCDH118">Wheaton Wheelor</name>
                  <choice rend="align(right)">
                     <abbr>Dr</abbr>
                     <expan>debtor</expan>
                  </choice></cell>
               <cell/>
               <cell/>
               <cell/>
               <cell/>
            </row>
            <row xml:id="p231_03">
               <cell/>
               <cell>To <measure commodity="corn" quantity="1" unit="bushels">1 Bush. Corn</measure> 6/</cell>
               <cell><measure commodity="currrency" quantity="1" unit="dollars">1</measure></cell>
               <cell><measure commodity="currency" quantity="00" unit="cents">00</measure></cell>
               <cell/>
               <cell/>
            </row>
            <row xml:id="p231_04">
               <cell>took a receipt with twenty more</cell>
               <cell><date when="1851-11-04">4</date></cell>
               <cell/>
               <cell/>
               <cell/>
               <cell/>
            </row>
            <row xml:id="p231_05">
               <cell/>
               <cell><name type="person" ref="pers_WCDH703">Wm. H. Wrigley</name>
                  <choice rend="align(right)">
                     <abbr>Dr</abbr>
                     <expan>debtor</expan>
                  </choice></cell>
               <cell/>
               <cell/>
               <cell/>
               <cell/>
            </row>
            <row xml:id="p231_06">
               <cell/>
               <cell>To <name type="account" ref="LMWcash">cash</name> <measure commodity="currency" quantity="10" unit="dollars">ten dollars</measure></cell>
               <cell><measure commodity="currency" quantity="10" unit="dollars">10</measure></cell>
               <cell><measure commodity="currency" quantity="00" unit="cents">00</measure></cell>
               <cell/>
               <cell/>
            </row>
            <row xml:id="p231_07">
               <cell/>
               <cell/>
               <cell/>
               <cell/>
               <cell/>
               <cell/>
            </row>
            <row xml:id="p231_08">
               <cell>Settled </cell>
               <cell><name type="person" ref="pers_WCDH300">David Fitzgerald</name>
                  <choice rend="align(right)">
                     <abbr>Dr</abbr>
                     <expan>debtor</expan>
                  </choice></cell>
               <cell/>
               <cell/>
               <cell/>
               <cell/>
            </row>
            <row xml:id="p231_09">
               <cell/>
               <cell>To <measure commodity="apples" quantity="1" unit="pounds">1lb. apples</measure> 9/ </cell>
               <cell><measure commodity="currency" quantity="1" unit="dollars">1</measure></cell>
               <cell><measure commodity="currency" quantity="50" unit="cents">50</measure></cell>
               <cell/>
               <cell/>
            </row>
            <row xml:id="p231_10">
               <cell/>
               <cell>" <measure commodity="pork" quantity="6.5" unit="pounds">6 ½ lbs Salt Pork</measure> 10x</cell>
               <cell/>
               <cell><measure commodity="currency" quantity="65" unit="cents">65</measure></cell>
               <cell/>
               <cell/>
            </row>
            <row xml:id="p231_11">
               <cell/>
               <cell>" <measure commodity="butter" quantity="2.5" unit="pounds">2 ½ " Butter</measure> 20x</cell>
               <cell/>
               <cell><measure commodity="currency" quantity="50" unit="cents">50</measure></cell>
               <cell/>
               <cell/>
            </row>
            <row xml:id="p231_12">
               <cell/>
               <cell/>
               <cell/>
               <cell/>
               <cell/>
               <cell/>
            </row>
            <row xml:id="p231_13">
               <cell>518</cell>
               <cell><name type="person" ref="pers_WCDH468">Patrick McDaniels</name>
                  <choice rend="align(right)">
                     <abbr>D</abbr>
                     <expan>debtor</expan>
                  </choice></cell>
               <cell/>
               <cell/>
               <cell/>
               <cell/>
            </row>
            <row xml:id="p231_14">
               <cell/>
               <cell>To <name type="account" ref="LMWcash">cash</name> in full for work to <date when="1851-10-31">Oct. 31st</date></cell>
               <cell><measure commodity="currency" quantity="20" unit="dollars">20</measure></cell>
               <cell><measure commodity="currency" quantity="00" unit="cents">00</measure></cell>
               <cell/>
               <cell/>
            </row>
            <row xml:id="p231_15">
               <cell/>
               <cell><choice rend="align(right)">
                     <abbr>Cr</abbr>
                     <expan>credit</expan>
                  </choice></cell>
               <cell/>
               <cell/>
               <cell/>
               <cell/>
            </row>
            <row xml:id="p231_16">
               <cell>529</cell>
               <cell>By <name type="account" ref="LMWcash">cash</name> for house rent to <date when="1851-10-31">Oct. 31st</date></cell>
               <cell><measure commodity="currency" quantity="2" unit="dollars">2</measure></cell>
               <cell><measure commodity="currency" quantity="25" unit="cents">25</measure></cell>
               <cell><measure commodity="currency" quantity="2" unit="dollars">2</measure></cell>
               <cell><measure commodity="currency" quantity="25" unit="cents">25</measure></cell>
            </row>
            <row xml:id="p231_17">
               <cell/>
               <cell/>
               <cell/>
               <cell/>
               <cell/>
               <cell/>
            </row>
            <row xml:id="p231_18">
               <cell>548</cell>
               <cell><name type="person" ref="pers_WCDH118">Wheaton Wheelor</name>
                  <choice rend="align(right)">
                     <abbr>D</abbr>
                     <expan>debtor</expan>
                  </choice></cell>
               <cell/>
               <cell/>
               <cell/>
               <cell/>
            </row>
            <row xml:id="p231_19">
               <cell/>
               <cell>To <measure commodity="lumber" quantity="6" unit="feet">6 ft. Pine Wood</measure> 18/</cell>
               <cell><measure commodity="currency" quantity="2" unit="dollars">2</measure></cell>
               <cell><measure commodity="currency" quantity="25" unit="cents">25</measure></cell>
               <cell/>
               <cell/>
            </row>
            <row xml:id="p231_20">
               <cell>548</cell>
               <cell>To <name type="account" ref="LMWcash">cash</name> <date when="1851-10-03">Oct. 3</date> </cell>
               <cell><measure commodity="currency" quantity="10" unit="dollars">10</measure></cell>
               <cell>-</cell>
               <cell><measure commodity="currency" quantity="12" unit="dollars">12</measure></cell>
               <cell><measure commodity="currency" quantity="25" unit="cents">25</measure></cell>
            </row>
            <row xml:id="p231_21">
               <cell>548</cell>
               <cell><date when="1851-11-06">6</date></cell>
               <cell/>
               <cell/>
               <cell/>
               <cell/>
            </row>
            <row xml:id="p231_22">
               <cell/>
               <cell><name type="person" ref="pers_WCDH118">Wheaton Wheelor</name>
                  <choice rend="align(right)">
                     <abbr>Cr</abbr>
                     <expan>credit</expan>
                  </choice></cell>
               <cell/>
               <cell/>
               <cell/>
               <cell/>
            </row>
            <row xml:id="p231_23">
               <cell/>
               <cell>By work to <date when="1851-10-31">Oct. 31st</date> 78 dys.</cell>
               <cell><measure commodity="currency" quantity="46" unit="dollars">46</measure></cell>
               <cell><measure commodity="currency" quantity="80" unit="cents">80</measure></cell>
               <cell/>
               <cell/>
            </row>
            <row xml:id="p231_24">
               <cell/>
               <cell/>
               <cell/>
               <cell/>
               <cell/>
               <cell/>
            </row>
            <row xml:id="p231_25">
               <cell>548</cell>
               <cell>To <name type="account" ref="LMWcash">cash</name> <measure commodity="currency" quantity="30" unit="dollars">thirty dollars</measure> 27x</cell>
               <cell><measure commodity="currency" quantity="30" unit="dollars">30</measure></cell>
               <cell><measure commodity="currency" quantity="27" unit="cents">27</measure></cell>
               <cell/>
               <cell/>
            </row>
            <row xml:id="p231_26">
               <cell>547</cell>
               <cell><date when="1851-11-10">10</date></cell>
               <cell/>
               <cell/>
               <cell/>
               <cell/>
            </row>
            <row xml:id="p231_27">
               <cell/>
               <cell><name type="person" ref="pers_WCDH493">Richard O, Bryan</name>
                  <choice rend="align(right)">
                     <abbr>D</abbr>
                     <expan>debtor</expan>
                  </choice></cell>
               <cell/>
               <cell/>
               <cell/>
               <cell/>
            </row>
            <row xml:id="p231_28">
               <cell/>
               <cell>To <name type="account" ref="LMWcash">cash</name> <measure commodity="currency" quantity="9" unit="dollars">nine dollars</measure></cell>
               <cell><measure commodity="currency" quantity="9" unit="dollars">9</measure></cell>
               <cell><measure commodity="currency" quantity="00" unit="cents">00</measure></cell>
               <cell/>
               <cell/>
            </row>
            <row xml:id="p231_29">
               <cell/>
               <cell/>
               <cell/>
               <cell/>
               <cell/>
               <cell/>
            </row>
            <row xml:id="p231_30">
               <cell>547</cell>
               <cell><name type="person" ref="pers_WCDH384">Henry Johnson</name>
                  <choice rend="align(right)">
                     <abbr>Cr</abbr>
                     <expan>Credit</expan>
                  </choice></cell>
               <cell/>
               <cell/>
               <cell/>
               <cell/>
            </row>
            <row xml:id="p231_31">
               <cell/>
               <cell>By order upon <name type="person" ref="pers_WCDH703">W. H. Wrigley</name></cell>
               <cell><measure commodity="currency" quantity="10" unit="dollars">10</measure></cell>
               <cell><measure commodity="currency" quantity="00" unit="cents">00</measure></cell>
               <cell/>
               <cell/>
            </row>
            <row xml:id="p231_32">
               <cell>547</cell>
               <cell><choice rend="align(right)">
                     <abbr>D</abbr>
                     <expan>debtor</expan>
                  </choice></cell>
               <cell/>
               <cell/>
               <cell/>
               <cell/>
            </row>
            <row xml:id="p231_33">
               <cell/>
               <cell>To <name type="account" ref="LMWcash">cash</name></cell>
               <cell><measure commodity="currency" quantity="5" unit="dollars">5</measure></cell>
               <cell><measure commodity="currency" quantity="00" unit="cents">00</measure></cell>
               <cell/>
               <cell/>
            </row>
            <row xml:id="p231_34">
               <cell/>
               <cell/>
               <cell/>
               <cell/>
               <cell/>
               <cell/>
            </row>
            <row xml:id="p231_35">
               <cell>Settled</cell>
               <cell><name type="person" ref="v">C. D. XO Lane</name>
                  <choice rend="align(right)">
                     <abbr>Dr</abbr>
                     <expan>debtor</expan>
                  </choice></cell>
               <cell/>
               <cell/>
               <cell/>
               <cell/>
            </row>
            <row xml:id="p231_36">
               <cell/>
               <cell>To hog wt. 320 lbs 6 ½ pr. lbs.</cell>
               <cell><measure commodity="currency" quantity="20" unit="dollars">20</measure></cell>
               <cell><measure commodity="currency" quantity="80" unit="cents">80</measure></cell>
               <cell/>
               <cell/>
            </row>
            <row xml:id="p231_37">
               <cell>Settled </cell>
               <cell><choice rend="align(right)">
                     <abbr>Cr</abbr>
                     <expan>Credit</expan>
                  </choice></cell>
               <cell/>
               <cell/>
               <cell/>
               <cell/>
            </row>
            <row xml:id="p231_38">
               <cell/>
               <cell>By killing hog 6/</cell>
               <cell><measure commodity="currency" quantity="1" unit="dollars">1</measure></cell>
               <cell><measure commodity="currency" quantity="00" unit="cents">00</measure></cell>
               <cell/>
               <cell/>
            </row>
            <row xml:id="p231_39">
               <cell/>
               <cell/>
               <cell/>
               <cell/>
               <cell/>
               <cell/>
            </row>
            <row xml:id="p231_40">
               <cell>544</cell>
               <cell><name type="person" ref="pers_WCDH693">Anne H. Wrigley</name>
                  <choice rend="align(right)">
                     <abbr>Dr</abbr>
                     <expan>debtor</expan>
                  </choice></cell>
               <cell/>
               <cell/>
               <cell/>
               <cell/>
            </row>
            <row xml:id="p231_41">
               <cell/>
               <cell>To <measure commodity="beans" quantity=".5" unit="bushels">½ bush. Beans</measure> 10/6</cell>
               <cell/>
               <cell><measure commodity="currency" quantity="87.5" unit="cents">87 1/2</measure></cell>
               <cell/>
               <cell/>
            </row>
            <row xml:id="p231_42">
               <cell/>
               <cell>To 2 Blls. greenings 9/</cell>
               <cell><measure commodity="currency" quantity="3" unit="dollars">3</measure></cell>
               <cell><measure commodity="currency" quantity="00" unit="cents">00</measure></cell>
               <cell><measure commodity="currency" quantity="3" unit="dollars">3</measure></cell>
               <cell><measure commodity="currency" quantity="88" unit="cents">88</measure></cell>
            </row>
            <row xml:id="p231_43">
               <cell/>
               <cell/>
               <cell/>
               <cell/>
               <cell/>
               <cell/>
            </row>
            <row xml:id="p231_44">
               <cell>535</cell>
               <cell><name type="person" ref="pers_WCDH457">Z. Macomber</name>
                  <choice rend="align(right)">
                     <abbr>Dr</abbr>
                     <expan>debtor</expan>
                  </choice></cell>
               <cell/>
               <cell/>
               <cell/>
               <cell/>
            </row>
            <row xml:id="p231_45">
               <cell/>
               <cell>To <measure commodity="apples" quantity="1" unit="bushels">1 Bll. apples</measure> 7/6</cell>
               <cell><measure commodity="currency" quantity="1" unit="dollars">1</measure></cell>
               <cell><measure commodity="currency" quantity="25" unit="cents">25</measure></cell>
               <cell/>
               <cell/>
            </row>
            <row xml:id="p231_46">
               <cell/>
               <cell/>
               <cell/>
               <cell/>
               <cell/>
               <cell/>
            </row>
            <row xml:id="p231_47">
               <cell>Paid</cell>
               <cell><name type="person" ref="pers_WCDH205">Wesley Brown</name>
                  <choice rend="align(right)">
                     <abbr>Dr</abbr>
                     <expan>debtor</expan>
                  </choice></cell>
               <cell/>
               <cell/>
               <cell/>
               <cell/>
            </row>
            <row xml:id="p231_48">
               <cell/>
               <cell><measure commodity="apples" quantity="2" unit="bushels">2 Blls apples</measure> 7/6</cell>
               <cell><measure commodity="currency" quantity="2" unit="dollars">2</measure></cell>
               <cell><measure commodity="currency" quantity="50" unit="cents">50</measure></cell>
               <cell/>
               <cell/>
            </row>
            <row xml:id="p231_49">
               <cell/>
               <cell/>
               <cell/>
               <cell/>
               <cell/>
               <cell/>
            </row>
            <row xml:id="p231_50">
               <cell>548</cell>
               <cell><name type="person" ref="pers_WCDH118">Wheaton Wheelor</name>
                  <choice rend="align(right)">
                     <abbr>Dr</abbr>
                     <expan>debtor</expan>
                  </choice></cell>
               <cell/>
               <cell/>
               <cell/>
               <cell/>
            </row>
            <row xml:id="p231_51">
               <cell/>
               <cell>To cabbages</cell>
               <cell/>
               <cell><measure commodity="currency" quantity="28" unit="cents">28</measure></cell>
               <cell/>
               <cell/>
            </row>
            <row xml:id="p231_52">
               <cell>544</cell>
               <cell><date when="1851-11-22">22</date></cell>
               <cell/>
               <cell/>
               <cell/>
               <cell/>
            </row>
            <row xml:id="p231_53">
               <cell/>
               <cell><name type="person" ref="pers_WCDH703">Wm H. Wrigley</name>
                  <choice rend="align(right)">
                     <abbr>D</abbr>
                     <expan>debtor</expan>
                  </choice></cell>
               <cell/>
               <cell/>
               <cell/>
               <cell/>
            </row>
            <row xml:id="p231_54">
               <cell/>
               <cell>To paying your order to H. Johnson</cell>
               <cell><measure commodity="currency" quantity="10" unit="dollars">10</measure></cell>
               <cell><measure commodity="currency" quantity="00" unit="cents">00</measure></cell>
               <cell/>
               <cell/>
            </row>
            <row xml:id="p231_55">
               <cell/>
               <cell/>
               <cell/>
               <cell/>
               <cell/>
               <cell/>
            </row>
            <row xml:id="p231_56">
               <cell>Settled</cell>
               <cell><name type="person" ref="pers_WCDH369">Geo L. Hovey</name>
                  <choice rend="align(right)">
                     <abbr>Dr</abbr>
                     <expan>debtor</expan>
                  </choice></cell>
               <cell/>
               <cell/>
               <cell/>
               <cell/>
            </row>
            <row xml:id="p231_57">
               <cell/>
               <cell>To 1 cord Pine Wood</cell>
               <cell><measure commodity="currency" quantity="2" unit="dollars">2</measure></cell>
               <cell><measure commodity="currency" quantity="00" unit="cents">00</measure></cell>
               <cell/>
               <cell/>
            </row>
            <row xml:id="p231_58">
               <cell/>
               <cell>small - -</cell>
               <cell/>
               <cell/>
               <cell/>
               <cell/>
            </row>
            <row xml:id="p231_59">
               <cell/>
               <cell/>
               <cell/>
               <cell/>
               <cell/>
               <cell/>
            </row>
            <row xml:id="p231_60">
               <cell>301</cell>
               <cell><name type="person" ref="pers_WCDH082">Benj. Rounds</name>
                  <choice rend="align(right)">
                     <abbr>D</abbr>
                     <expan>debtor</expan>
                  </choice></cell>
               <cell/>
               <cell/>
               <cell/>
               <cell/>
            </row>
            <row xml:id="p231_61">
               <cell/>
               <cell>To 1 Cord Wood</cell>
               <cell><measure commodity="currency" quantity="3" unit="dollars">3</measure></cell>
               <cell><measure commodity="currency" quantity="50" unit="cents">50</measure></cell>
               <cell/>
               <cell/>
            </row>
            <row xml:id="p231_62">
               <cell/>
               <cell/>
               <cell/>
               <cell/>
               <cell/>
               <cell/>
            </row>
            <row xml:id="p231_63">
               <cell>331</cell>
               <cell><name type="person" ref="pers_WCDH182">Jonathan Bliss</name>
                  <choice rend="align(right)">
                     <abbr>D</abbr>
                     <expan>debtor</expan>
                  </choice></cell>
               <cell/>
               <cell/>
               <cell/>
               <cell/>
            </row>
            <row xml:id="p231_64">
               <cell/>
               <cell>To 1 Cord Pine Wood 18/</cell>
               <cell><measure commodity="currency" quantity="3" unit="dollars">3</measure></cell>
               <cell><measure commodity="currency" quantity="00" unit="cents">00</measure></cell>
               <cell/>
               <cell/>
            </row>
         </table>
         <pb n="232"/>
         <fw type="pageNum">232</fw>
         <table xml:id="p232" cols="6">
            <head>Wednesday <date when="1851-11-25">Nov. 25th 1851</date></head>
            <row xml:id="p232_01">
               <cell/>
               <cell/>
               <cell>$</cell>
               <cell>cts.</cell>
               <cell>$</cell>
               <cell>cts.</cell>
            </row>
            <row xml:id="p232_02">
               <cell>548</cell>
               <cell><name type="person" ref="pers_WCDH118">Wheaton Wheelor</name>
                  <choice rend="align(right)">
                     <abbr>D</abbr>
                     <expan>Debtor</expan>
                  </choice></cell>
               <cell/>
               <cell/>
               <cell/>
               <cell/>
            </row>
            <row xml:id="p232_03">
               <cell/>
               <cell>To 1 Cord pine wood 18/</cell>
               <cell><measure commodity="currency" quantity="3" unit="dollars">3</measure></cell>
               <cell><measure commodity="currency" quantity="00" unit="cents">00</measure></cell>
               <cell/>
               <cell/>
            </row>
            <row xml:id="p232_04">
               <cell/>
               <cell>" <measure commodity="potatoes" quantity="2.5" unit="bushels">2 ½ Bush.Potatoes</measure> 60x</cell>
               <cell><measure commodity="currency" quantity="1" unit="dollars">1</measure></cell>
               <cell><measure commodity="currency" quantity="50" unit="cents">50</measure></cell>
               <cell><measure commodity="currency" quantity="4" unit="dollars">4</measure></cell>
               <cell><measure commodity="currency" quantity="50" unit="cents">50</measure></cell>
            </row>
            <row xml:id="p232_05">
               <cell/>
               <cell/>
               <cell/>
               <cell/>
               <cell/>
               <cell/>
            </row>
            <row xml:id="p232_06">
               <cell>545</cell>
               <cell><name type="person" ref="pers_WCDH697">John Wrigley</name>
                  <choice rend="align(right)">
                     <abbr>Dr</abbr>
                     <expan>Debtor</expan>
                  </choice></cell>
               <cell/>
               <cell/>
               <cell/>
               <cell/>
            </row>
            <row xml:id="p232_07">
               <cell/>
               <cell>By hoe, shovel x rake</cell>
               <cell><measure commodity="currency" quantity="1" unit="dollars">1</measure></cell>
               <cell><measure commodity="currency" quantity="25" unit="cents">25</measure></cell>
               <cell/>
               <cell/>
            </row>
            <row xml:id="p232_08">
               <cell/>
               <cell><date when="1851-12-01">Dec 1</date></cell>
               <cell/>
               <cell/>
               <cell/>
               <cell/>
            </row>
            <row xml:id="p232_09">
               <cell>518</cell>
               <cell><name type="person" ref="pers_WCDH468">Patrick McDaniels</name>
                  <choice rend="align(right)">
                     <abbr>Dr</abbr>
                     <expan>Debtor</expan>
                  </choice></cell>
               <cell/>
               <cell/>
               <cell/>
               <cell/>
            </row>
            <row xml:id="p232_10">
               <cell/>
               <cell>To <name type="account" ref="LMWcash">cash</name> for work to <date when="1851-12-01">Dec 1st</date> 20 ¼ dys</cell>
               <cell><measure commodity="currency" quantity="15" unit="dollars">15</measure></cell>
               <cell><measure commodity="currency" quantity="58" unit="cents">58</measure></cell>
               <cell/>
               <cell/>
            </row>
            <row xml:id="p232_11">
               <cell/>
               <cell>" to rent to <date when="1851-12-01">Dec 1st</date></cell>
               <cell><measure commodity="currency" quantity="2" unit="dollars">2</measure></cell>
               <cell><measure commodity="currency" quantity="25" unit="cents">25</measure></cell>
               <cell><measure commodity="currency" quantity="15" unit="dollars">15</measure></cell>
               <cell><measure commodity="currency" quantity="58" unit="cents">58</measure></cell>
            </row>
            <row xml:id="p232_12">
               <cell/>
               <cell><choice rend="align(right)">
                     <abbr>Cr</abbr>
                     <expan>Credit</expan>
                  </choice></cell>
               <cell/>
               <cell/>
               <cell/>
               <cell/>
            </row>
            <row xml:id="p232_13">
               <cell/>
               <cell>By work 20 ¼ dys</cell>
               <cell><measure commodity="currency" quantity="15" unit="dollars">15</measure></cell>
               <cell><measure commodity="currency" quantity="58" unit="cents">58</measure></cell>
               <cell/>
               <cell/>
            </row>
            <row xml:id="p232_14">
               <cell>544</cell>
               <cell><date when="1851-12-03">3.</date></cell>
               <cell/>
               <cell/>
               <cell/>
               <cell/>
            </row>
            <row xml:id="p232_15">
               <cell/>
               <cell><name type="person" ref="pers_WCDH703">Wm H. Wrigley</name>
                  <choice rend="align(right)">
                     <abbr>Dr</abbr>
                     <expan>Debtor</expan>
                  </choice></cell>
               <cell/>
               <cell/>
               <cell/>
               <cell/>
            </row>
            <row xml:id="p232_16">
               <cell/>
               <cell>The use of Man x Catth x Wagger</cell>
               <cell/>
               <cell/>
               <cell/>
               <cell/>
            </row>
            <row xml:id="p232_17">
               <cell/>
               <cell>to mill     Low mill</cell>
               <cell/>
               <cell><measure commodity="currency" quantity="25" unit="cents">25</measure></cell>
               <cell/>
               <cell/>
            </row>
            <row xml:id="p232_18">
               <cell/>
               <cell/>
               <cell/>
               <cell/>
               <cell/>
               <cell/>
            </row>
            <row xml:id="p232_19">
               <cell>548</cell>
               <cell><name type="person" ref="pers_WCDH118">Wheaton Wheelor</name>
                  <choice rend="align(right)">
                     <abbr>Dr</abbr>
                     <expan>Debtor</expan>
                  </choice></cell>
               <cell/>
               <cell/>
               <cell/>
               <cell/>
            </row>
            <row xml:id="p232_20">
               <cell/>
               <cell>To 125 lbs Beef 5 1/2x</cell>
               <cell><measure commodity="currency" quantity="6" unit="dollars">6</measure></cell>
               <cell><measure commodity="currency" quantity="83" unit="cents">83</measure></cell>
               <cell/>
               <cell/>
            </row>
            <row xml:id="p232_21">
               <cell>331</cell>
               <cell><date when="1851-12-13">13</date></cell>
               <cell/>
               <cell/>
               <cell/>
               <cell/>
            </row>
            <row xml:id="p232_22">
               <cell/>
               <cell><name type="person" ref="pers_WCDH182">Jonathan Bliss</name>
                  <choice rend="align(right)">
                     <abbr>D</abbr>
                     <expan>Debtor</expan>
                  </choice></cell>
               <cell/>
               <cell/>
               <cell/>
               <cell/>
            </row>
            <row xml:id="p232_23">
               <cell/>
               <cell>To <measure commodity="hay" quantity="4.5" unit="tons">4 ½ tons English Hay</measure> 13.00$ pr ton</cell>
               <cell><measure commodity="currency" quantity="58" unit="dollard">58</measure></cell>
               <cell><measure commodity="currency" quantity="50" unit="cents">50</measure></cell>
               <cell/>
               <cell/>
            </row>
            <row xml:id="p232_24">
               <cell>544</cell>
               <cell><date when="1851-12-15">15.</date></cell>
               <cell/>
               <cell/>
               <cell/>
               <cell/>
            </row>
            <row xml:id="p232_25">
               <cell/>
               <cell><name type="person" ref="pers_WCDH703">Wm H. Wrigley</name>
                  <choice rend="align(right)">
                     <abbr>D</abbr>
                     <expan>Debtor</expan>
                  </choice></cell>
               <cell/>
               <cell/>
               <cell/>
               <cell/>
            </row>
            <row xml:id="p232_26">
               <cell/>
               <cell>To <name type="account" ref="LMWcash">cash</name> <measure commodity="currency" quantity="20" unit="dollars">twenty dollars</measure> BH???</cell>
               <cell><measure commodity="currency" quantity="20" unit="dollars">20</measure></cell>
               <cell><measure commodity="currency" quantity="00" unit="cents">00</measure></cell>
               <cell/>
               <cell/>
            </row>
            <row xml:id="p232_27">
               <cell>541</cell>
               <cell><date when="1851-12-18">18</date></cell>
               <cell/>
               <cell/>
               <cell/>
               <cell/>
            </row>
            <row xml:id="p232_28">
               <cell/>
               <cell><name type="person" ref="v">Catharine Knowlen</name>
                  <choice rend="align(right)">
                     <abbr>Dr</abbr>
                     <expan>Debtor</expan>
                  </choice></cell>
               <cell/>
               <cell/>
               <cell/>
               <cell/>
            </row>
            <row xml:id="p232_29">
               <cell/>
               <cell>To <name type="account" ref="LMWcash">cash</name> <measure commodity="currency" quantity="5" unit="dollars">five dollars</measure></cell>
               <cell><measure commodity="currency" quantity="5" unit="dollars">5</measure></cell>
               <cell><measure commodity="currency" quantity="00" unit="cents">00</measure></cell>
               <cell/>
               <cell/>
            </row>
            <row xml:id="p232_30">
               <cell>535</cell>
               <cell><name type="person" ref="pers_WCDH457">Zacheus Macomber</name>
                  <choice rend="align(right)">
                     <abbr>Cr</abbr>
                     <expan>Credit</expan>
                  </choice></cell>
               <cell/>
               <cell/>
               <cell/>
               <cell/>
            </row>
            <row xml:id="p232_31">
               <cell/>
               <cell>By account rendered to <date when="1851-12-18">Dec. 18th</date></cell>
               <cell><measure commodity="currency" quantity="25" unit="dollars">25</measure></cell>
               <cell><measure commodity="currency" quantity="41" unit="cents">41</measure></cell>
               <cell/>
               <cell/>
            </row>
            <row xml:id="p232_32">
               <cell/>
               <cell/>
               <cell/>
               <cell/>
               <cell/>
               <cell/>
            </row>
            <row xml:id="p232_33">
               <cell>535</cell>
               <cell><name type="person" ref="pers_WCDH457">Zacheus Macomber</name>
                  <choice rend="align(right)">
                     <abbr>Dr</abbr>
                     <expan>Debtor</expan>
                  </choice></cell>
               <cell/>
               <cell/>
               <cell/>
               <cell/>
            </row>
            <row xml:id="p232_34">
               <cell/>
               <cell>To rent of shop to date </cell>
               <cell><measure commodity="currency" quantity="18" unit="dollars">18</measure></cell>
               <cell><measure commodity="currency" quantity="00" unit="cents">00</measure></cell>
               <cell/>
               <cell/>
            </row>
            <row xml:id="p232_35">
               <cell/>
               <cell/>
               <cell/>
               <cell/>
               <cell/>
               <cell/>
            </row>
            <row xml:id="p232_36">
               <cell>518</cell>
               <cell><name type="person" ref="pers_WCDH468">Patrick McDaniels</name>
                  <choice rend="align(right)">
                     <abbr>D</abbr>
                     <expan>Debtor</expan>
                  </choice></cell>
               <cell/>
               <cell/>
               <cell/>
               <cell/>
            </row>
            <row xml:id="p232_37">
               <cell/>
               <cell>To Birch x other wood -</cell>
               <cell><measure commodity="currency" quantity="2" unit="dollars">2</measure></cell>
               <cell><measure commodity="currency" quantity="63" unit="cents">63</measure></cell>
               <cell/>
               <cell/>
            </row>
            <row xml:id="p232_38">
               <cell>544</cell>
               <cell><date when="1851-12-22">22</date></cell>
               <cell/>
               <cell/>
               <cell/>
               <cell/>
            </row>
            <row xml:id="p232_39">
               <cell/>
               <cell><name type="person" ref="pers_WCDH703">Wm H. Wrigley</name>
                  <choice rend="align(right)">
                     <abbr>D</abbr>
                     <expan>Debtor</expan>
                  </choice></cell>
               <cell/>
               <cell/>
               <cell/>
               <cell/>
            </row>
            <row xml:id="p232_40">
               <cell/>
               <cell>To note paid Chandler at Bnk.</cell>
               <cell><measure commodity="currency" quantity="70" unit="dollars">70</measure></cell>
               <cell><measure commodity="currency" quantity="55" unit="cents">55</measure></cell>
               <cell/>
               <cell/>
            </row>
            <row xml:id="p232_41">
               <cell/>
               <cell>" " same pr order for James</cell>
               <cell><measure commodity="currency" quantity="58" unit="dollars">58</measure></cell>
               <cell><measure commodity="currency" quantity="00" unit="cents">00</measure></cell>
               <cell><measure commodity="currency" quantity="128" unit="dollars">128</measure></cell>
               <cell><measure commodity="currency" quantity="55" unit="cents">55</measure></cell>
            </row>
            <row xml:id="p232_42">
               <cell/>
               <cell/>
               <cell/>
               <cell/>
               <cell/>
               <cell/>
            </row>
            <row xml:id="p232_43">
               <cell>1105</cell>
               <cell><name type="person" ref="pers_WCDH126">Thompson Tripp</name>
                  <choice rend="align(right)">
                     <abbr>Dr</abbr>
                     <expan>Debtor</expan>
                  </choice></cell>
               <cell/>
               <cell/>
               <cell/>
               <cell/>
            </row>
            <row xml:id="p232_44">
               <cell/>
               <cell>To insurance tax paid by me</cell>
               <cell/>
               <cell><measure commodity="currency" quantity="90" unit="cents">90</measure></cell>
               <cell/>
               <cell/>
            </row>
            <row xml:id="p232_45">
               <cell/>
               <cell/>
               <cell/>
               <cell/>
               <cell/>
               <cell/>
            </row>
            <row xml:id="p232_46">
               <cell>331</cell>
               <cell><name type="person" ref="pers_WCDH182">Jonathan Bliss</name>
                  <choice rend="align(right)">
                     <abbr>D</abbr>
                     <expan>Debtor</expan>
                  </choice></cell>
               <cell/>
               <cell/>
               <cell/>
               <cell/>
            </row>
            <row xml:id="p232_47">
               <cell/>
               <cell>To oxen and waggon half day some time since to draw wood</cell>
               <cell/>
               <cell/>
               <cell/>
               <cell/>
            </row>
            <row xml:id="p232_48">
               <cell/>
               <cell>" same one day 6/</cell>
               <cell><measure commodity="currency" quantity="1" unit="dollars">1</measure></cell>
               <cell><measure commodity="currency" quantity="50" unit="cents">50</measure></cell>
               <cell/>
               <cell/>
            </row>
            <row xml:id="p232_49">
               <cell>244</cell>
               <cell><date when="1851-12-29">29</date></cell>
               <cell/>
               <cell/>
               <cell/>
               <cell/>
            </row>
            <row xml:id="p232_50">
               <cell/>
               <cell><name type="person" ref="pers_WCDH703">Wm H. Wrigley</name>
                  <choice rend="align(right)">
                     <abbr>D</abbr>
                     <expan>Debtor</expan>
                  </choice></cell>
               <cell/>
               <cell/>
               <cell/>
               <cell/>
            </row>
            <row xml:id="p232_51">
               <cell/>
               <cell>To <measure commodity="lumber" quantity="118.16" unit="feet">118 ft. 2 in. Pine Plank</measure> for Kellys Stable 15$</cell>
               <cell><measure commodity="currency" quantity="1" unit="dollars">1</measure></cell>
               <cell><measure commodity="currency" quantity="77" unit="cents">77</measure></cell>
               <cell/>
               <cell/>
            </row>
            <row xml:id="p232_52">
               <cell/>
               <cell/>
               <cell/>
               <cell/>
               <cell/>
               <cell/>
            </row>
            <row xml:id="p232_53">
               <cell>544</cell>
               <cell><name type="person" ref="pers_WCDH703">Wm H. Wrigley</name>
                  <choice rend="align(right)">
                     <abbr>Dr</abbr>
                     <expan>Debtor</expan>
                  </choice></cell>
               <cell/>
               <cell/>
               <cell/>
               <cell/>
            </row>
            <row xml:id="p232_54">
               <cell/>
               <cell>To chesnut Banisters for rack _4x</cell>
               <cell/>
               <cell><measure commodity="currency" quantity="36" unit="cents">36</measure></cell>
               <cell/>
               <cell/>
            </row>
            <row xml:id="p232_55">
               <cell/>
               <cell/>
               <cell/>
               <cell/>
               <cell/>
               <cell/>
            </row>
            <row xml:id="p232_56">
               <cell>544</cell>
               <cell><name type="person" ref="pers_WCDH703">Wm H. Wrigley</name>
                  <choice rend="align(right)">
                     <abbr>D</abbr>
                     <expan>Debtor</expan>
                  </choice></cell>
               <cell/>
               <cell/>
               <cell/>
               <cell/>
            </row>
            <row xml:id="p232_57">
               <cell/>
               <cell>To <measure commodity="lumber" quantity="286" unit="feet">286 ft. Spruce plnk</measure> 13/</cell>
               <cell><measure commodity="currency" quantity="3" unit="dollars">3</measure></cell>
               <cell><measure commodity="currency" quantity="72" unit="cents">72</measure></cell>
               <cell/>
               <cell/>
            </row>
            <row xml:id="p232_58">
               <cell/>
               <cell>" 188ft. Pine 15.$ *struck through</cell>
               <cell><measure commodity="currency" quantity="5" unit="dollars">5</measure></cell>
               <cell><measure commodity="currency" quantity="64" unit="cents">64</measure></cell>
               <cell><measure commodity="currency" quantity="9" unit="dollars">9</measure></cell>
               <cell><measure commodity="currency" quantity="36" unit="cents">36</measure></cell>
            </row>
            <row xml:id="p232_59">
               <cell/>
               <cell>" Carting x laths</cell>
               <cell><measure commodity="currency" quantity="1" unit="dollars">1</measure></cell>
               <cell><measure commodity="currency" quantity="25" unit="cents">25</measure></cell>
               <cell><measure commodity="currency" quantity="4" unit="dollars">4</measure></cell>
               <cell><measure commodity="currency" quantity="97" unit="cents">97</measure></cell>
            </row>
            <row xml:id="p232_60">
               <cell/>
               <cell>" *struck through</cell>
               <cell/>
               <cell/>
               <cell/>
               <cell/>
            </row>
            <row xml:id="p232_61">
               <cell>548</cell>
               <cell><name type="person" ref="pers_WCDH118">Wheaton Wheeler</name>
                  <choice rend="align(right)">
                     <abbr>D</abbr>
                     <expan>Debtor</expan>
                  </choice></cell>
               <cell/>
               <cell/>
               <cell/>
               <cell/>
            </row>
            <row xml:id="p232_62">
               <cell/>
               <cell>To <measure commodity="rye" quantity=".5" unit="pounds">½ Bush. Rye</measure> 3/</cell>
               <cell/>
               <cell><measure commodity="currency" quantity="50" unit="cents">50</measure></cell>
               <cell/>
               <cell/>
            </row>
            <row xml:id="p232_63">
               <cell/>
               <cell/>
               <cell/>
               <cell/>
               <cell/>
               <cell/>
            </row>
         </table>
      </body>
   </text>
</TEI>
