<?xml version="1.0" encoding="UTF-8"?>
<TEI>
   <teiHeader>
      <fileDesc>
         <titleStmt>
            <title type="full">
               <title type="main">Ledger A, 1750 - 1772: pg.27, Page Overview</title>
            </title>
            <author>
               <persName/>
            </author>
         </titleStmt>
         <editionStmt>
            <edition>George Washington Financial Papers Project</edition>
         </editionStmt>
         <publicationStmt>
            <publisher>The Center for Digital Editing in partnership with the Washington Papers</publisher>
         </publicationStmt>
         <sourceDesc>
            <msDesc>
               <msIdentifier>
                  <collection>George Washington Papers: Series 5</collection>
               </msIdentifier>
               <physDesc/>
               <history>
                  <origin>
                     <placeName>Library of Congress</placeName>
                  </origin>
               </history>
            </msDesc>
         </sourceDesc>
      </fileDesc>
   </teiHeader>
   <text>
      <pageoverview>
         <book>General Ledger A, 1750 - 1772 [Washington]</book>
         <pagenumber>027</pagenumber>
         <parties>
            <accountname>Cash</accountname>
            <allpeople>Alton, John; Gladwin, Henry; Mercer, George</allpeople>
         </parties>
         <places>Alexandria, Virginia;  Boston, Massachusetts;  Castle William (Fort Adams; Fort Independence), Massachusetts;  Chester, Pennsylvania;  Philadelphia, Pennsylvania</places>
         <ships/>
         <occupation-title>Maid; Servant; Barber; Tailor; Governor</occupation-title>
         <commodities>
            <agriculture/>
            <food-beverage/>
         </commodities>
         <services/>
         <currency>NY; PA; VA</currency>
         <annotation/>
         <previouspage>Ledger A, 1750 - 1772: pg.26</previouspage>
         <nextpage>Ledger A, 1750 - 1772: pg.28</nextpage>
      </pageoverview>
   </text>
</TEI>
