<TEI xmlns="http://www.tei-c.org/ns/1.0">
   <teiHeader>
      <fileDesc>
         <titleStmt>
            <title>LMW Day Book, pp. 000-000</title>
            <author>L.M. Wheaton</author>
         </titleStmt>
         <publicationStmt>
            <p>Transcribed by Sahilia Ramirez Summer 2016, Wheaton College</p>
         </publicationStmt>
         <sourceDesc>
            <biblFull>
               <titleStmt>
                  <title>Account Books, pp.100-149</title>
                  <author>L.M. Wheaton</author>
                  <respStmt>
                     <resp> TEI-compatible XML markup by <name type="person">Sahilia Ramirez</name>
                        with corrections by <name type="person">Name</name>, <name
                           type="person">Name</name>, and <name type="person">Name</name>.</resp>
                     <name type="person">Name</name>
                  </respStmt>
               </titleStmt>
               <publicationStmt>
                  <p>Transcribed by Sahilia Ramirez Summer 2016, Wheaton College</p>
               </publicationStmt>
               <sourceDesc>
                  <p> From the Marion B. Gebbie Archives and Special Collections at the Madeleine
                     Clark Wallace Library, Wheaton College </p>
               </sourceDesc>
            </biblFull>
         </sourceDesc>
      </fileDesc>
   </teiHeader>
   <text>
      <body>
         <pb n="107"/>
         <fw type="pageNum">107</fw>
         <table xml:id="p107" cols="6">
            <head>Monday <date when="1832-07-30">July 30th 1832</date></head>
            <row xml:id="p107_01">
               <cell>395</cell>
               <cell>
                  <name type="person" ref="pers_WCDH621">Thompson Tripp</name>
                  <choice rend="align(right)">
                     <abbr>Dr</abbr>
                     <expan>Debtor</expan>
                  </choice>
               </cell>
               <cell/>
               <cell/>
               <cell/>
               <cell/>
            </row>
            <row xml:id="p107_02">
               <cell/>
               <cell>Do thin coat hat of Wiegley</cell>
               <cell><measure commodity="currency" quantity="3" unit="dollars">3</measure></cell>
               <cell><measure commodity="currency" quantity="00" unit="cents">00</measure></cell>
               <cell/>
               <cell/>
            </row>
            <row xml:id="p107_03">
               <cell>356</cell>
               <cell><name type="person" ref="pers_WCDH699">Samuel Wrigley</name>
                  <choice rend="align(right)">
                     <abbr>Dr</abbr>
                     <expan>Debtor</expan>
                  </choice></cell>
               <cell></cell>
               <cell/>
               <cell></cell>
               <cell></cell>
            </row>
            <row xml:id="p107_04">
               <cell/>
               <cell>By a thin coat 18/</cell>
               <cell><measure commodity="currency" quantity="3" unit="dollars">3</measure></cell>
               <cell><measure commodity="currency" quantity="00" unit="cents">00</measure></cell>
               <cell/>
               <cell/>
            </row>
            <row xml:id="p107_05">
               <cell>391</cell>
               <cell><name type="person" ref="v">Catharine Pearham</name>
                  <choice rend="align(right)">
                     <abbr>Dr</abbr>
                     <expan>Debtor</expan>
                  </choice></cell>
               <cell/>
               <cell/>
               <cell/>
               <cell/>
            </row>
            <row xml:id="p107_06">
               <cell/>
               <cell>To paying Dort. sweet 4/6</cell>
               <cell></cell>
               <cell></cell>
               <cell/>
               <cell/>
            </row>
            <row xml:id="p107_07">
               <cell/>
               <cell>" do Dort. Adams 6/</cell>
               <cell><measure commodity="currency" quantity="1" unit="dollars">1</measure></cell>
               <cell><measure commodity="currency" quantity="75" unit="cents">75</measure></cell>
               <cell/>
               <cell/>
            </row>
            <row xml:id="p107_08">
               <cell>391</cell>
               <cell>To trunk 15/</cell>
               <cell><measure commodity="currency" quantity="2" unit="dollars">2</measure></cell>
               <cell><measure commodity="currency" quantity="50" unit="cents">50</measure></cell>
               <cell/>
               <cell/>
            </row>
            <row xml:id="p107_09">
               <cell/>
               <cell>Cash</cell>
               <cell><measure commodity="currency" quantity="13" unit="dollars">13</measure></cell>
               <cell><measure commodity="currency" quantity="93" unit="cents">93</measure></cell>
               <cell/>
               <cell/>
            </row>
            <row xml:id="p107_10">
               <cell/>
               <cell><date when="1832-07-31">31</date></cell>
               <cell/>
               <cell/>
               <cell/>
               <cell/>
            </row>
            <row xml:id="p107_11">
               <cell>104</cell>
               <cell><name type="person" ref="pers_WCDH524">Pliny Puffer</name>
                  <choice rend="align(right)">
                     <abbr>Dr</abbr>
                     <expan>Debtor</expan>
                  </choice></cell>
               <cell/>
               <cell/>
               <cell/>
               <cell/>
            </row>
            <row xml:id="p107_12">
               <cell/>
               <cell>Do <measure commodity="potatoes" quantity=".5" unit="bushels">1/2 Bushell potatoes</measure></cell>
               <cell></cell>
               <cell><measure commodity="currency" quantity="17" unit="cents">17</measure></cell>
               <cell/>
               <cell/>
            </row>
         
            <row xml:id="p107_13">
               <cell>396</cell>
               <cell><name type="person" ref="pers_WCDH484">Samuel Morey</name>
                  <choice rend="align(right)">
                     <abbr>Dr</abbr>
                     <expan>Debtor</expan>
                  </choice></cell>
               <cell/>
               <cell/>
               <cell/>
               <cell/>
            </row>
            <row xml:id="p107_14">
               <cell></cell>
               <cell>To cash lent 60/</cell>
               <cell><measure commodity="currency" quantity="10" unit="dollars">10</measure></cell>
               <cell><measure commodity="currency" quantity="00" unit="cents">00</measure></cell>
               <cell/>
               <cell/>
            </row>
            <row xml:id="p107_15">
               <cell/>
               <cell><date when="1832-08-08">8</date></cell>
               <cell></cell>
               <cell></cell>
               <cell/>
               <cell/>
            </row>
            <row xml:id="p107_16">
               <cell>395</cell>
               <cell><name type="person" ref="pers_WCDH621">Thompson Tripp</name>
                  <choice rend="align(right)">
                     <abbr>Dr</abbr>
                     <expan>Debtor</expan>
                  </choice></cell>
               <cell/>
               <cell/>
               <cell/>
               <cell/>
            </row>
            <row xml:id="p107_17">
               <cell></cell>
               <cell>To cash 30/</cell>
               <cell><measure commodity="currency" quantity="5" unit="dollars">5</measure></cell>
               <cell><measure commodity="currency" quantity="00" unit="cents">00</measure></cell>
               <cell/>
               <cell/>
            </row>
            <row xml:id="p107_18">
               <cell>Settled</cell>
               <cell><name type="person" ref="pers_WCDH686">Elkanah Wood Jr</name>
                  <choice rend="align(right)">
                     <abbr>Dr</abbr>
                     <expan>Debtor</expan>
                  </choice></cell>
               <cell/>
               <cell></cell>
               <cell/>
               <cell/>
            </row>
            <row xml:id="p107_19">
               <cell/>
               <cell>To cash 12/</cell>
               <cell><measure commodity="currency" quantity="2" unit="dollars">2</measure></cell>
               <cell><measure commodity="currency" quantity="00" unit="cents">00</measure></cell>
               <cell/>
               <cell></cell>
            </row>
            <row xml:id="p107_20">
               <cell>Settled</cell>
               <cell><name type="person" ref="v">Henry clement</name>
                  <choice rend="align(right)">
                     <abbr>Dr</abbr>
                     <expan>Debtor</expan>
                  </choice></cell>
               <cell/>
               <cell/>
               <cell/>
               <cell/>
            </row>
            <row xml:id="p107_21">
               <cell></cell>
               <cell>To work 6/</cell>
               <cell><measure commodity="currency" quantity="1" unit="dollars">1</measure></cell>
               <cell><measure commodity="currency" quantity="00" unit="cents">00</measure></cell>
               <cell/>
               <cell/>
            </row>
            <row xml:id="p107_22">
               <cell>35</cell>
               <cell><name type="person" ref="pers_WCDH253">Charles L Crosman</name>
                  <choice rend="align(right)">
                     <abbr>Dr</abbr>
                     <expan>Debtor</expan>
                  </choice></cell>
               <cell/>
               <cell></cell>
               <cell/>
               <cell/>
            </row>
            <row xml:id="p107_23">
               <cell/>
               <cell>To new paint brush no.1 3/6</cell>
               <cell/>
               <cell><measure commodity="currency" quantity="58" unit="cents">58</measure></cell>
               <cell/>
               <cell/>
            </row>
            <row xml:id="p107_24">
               <cell>340</cell>
               <cell><name type="person" ref="pers_WCDH450">Edmond Lathrop</name>
                  <choice rend="align(right)">
                     <abbr>Dr</abbr>
                     <expan>Debtor</expan>
                  </choice></cell>
               <cell/>
               <cell/>
               <cell/>
               <cell/>
            </row>
            <row xml:id="p107_25">
               <cell/>
               <cell>To Wheel hubs 1pr 1/ 3/</cell>
               <cell></cell>
               <cell><measure commodity="currency" quantity="50" unit="cents">50</measure></cell>
               <cell/>
               <cell/>
            </row>
            <row xml:id="p107_26">
               <cell/>
               <cell><date when="1832-08-23">23</date></cell>
               <cell/>
               <cell/>
               <cell/>
               <cell/>
            </row>
            <row xml:id="p107_27">
               <cell>Settled</cell>
               <cell><name type="person" ref="v">Henry Clement</name>
                  <choice rend="align(right)">
                     <abbr>Dr</abbr>
                     <expan>Debtor</expan>
                  </choice></cell>
               <cell/>
               <cell/>
               <cell/>
               <cell/>
            </row>
            <row xml:id="p107_28">
               <cell/>
               <cell>To cash sometime since 1/6</cell>
               <cell/>
               <cell></cell>
               <cell/>
               <cell/>
            </row>
            <row xml:id="p107_29">
               <cell/>
               <cell>"cash 6/</cell><cell/>
               <cell><measure commodity="currency" quantity="1" unit="dollars">1</measure></cell>
               <cell><measure commodity="currency" quantity="25" unit="cents">25</measure></cell>
               <cell/>
            </row>
            <row xml:id="p107_30">
               <cell/>
               <cell>cash 2.75</cell>
               <cell><measure commodity="currency" quantity="2" unit="dollars">2</measure></cell>
               <cell><measure commodity="currency" quantity="75" unit="cents">75</measure></cell>
               <cell/>
               <cell/>
            </row>
            <row xml:id="p107_31">
               <cell>399</cell>
               <cell><name type="person" ref="pers_WCDH134">Asa M. Adams</name>
                  <choice rend="align(right)">
                     <abbr>Dr</abbr>
                     <expan>Debtor</expan>
                  </choice></cell>
               <cell/>
               <cell/>
               <cell/>
               <cell/>
            </row>
            <row xml:id="p107_32">
               <cell/>
               <cell>To coat do H.B.Dyer July 1st 1829</cell>
               <cell><measure commodity="currency" quantity="3" unit="dollars">3</measure></cell>
               <cell><measure commodity="currency" quantity="61" unit="cents">61</measure></cell>
               <cell/>
               <cell/>
            </row>
            <row xml:id="p107_33">
               <cell/>
               <cell>" 1. no Gilbert Stacey $107</cell>
               <cell><measure commodity="currency" quantity="1" unit="dollars">1</measure></cell>
               <cell><measure commodity="currency" quantity="07" unit="cents">07</measure></cell>
               <cell><measure commodity="currency" quantity="4" unit="dollars">$4</measure></cell>
               <cell><measure commodity="currency" quantity="68" unit="cents">68</measure></cell>
            </row>
            <row xml:id="p107_34">
               <cell></cell>
               <cell><date when="1832-08-29">29</date></cell>
               <cell/>
               <cell/>
               <cell/>
               <cell/>
            </row>
            <row xml:id="p107_35">
               <cell>395</cell>
               <cell><name type="person" ref="pers_WCDH621">Thompson Tripp</name>
                  <choice rend="align(right)">
                     <abbr>Dr</abbr>
                     <expan>Debtor</expan>
                  </choice></cell>
               <cell></cell>
               <cell></cell>
               <cell/>
               <cell/>
            </row>
            <row xml:id="p107_36">
               <cell></cell>
               <cell>To cash pay M Bonney</cell>
               <cell><measure commodity="currency" quantity="1" unit="dollars">1</measure></cell>
               <cell><measure commodity="currency" quantity="58" unit="cents">58</measure></cell>
               <cell></cell>
               <cell></cell>
            </row>
            <row xml:id="p107_37">
               <cell>Settled</cell>
               <cell><name type="person" ref="pers_WCDH450">Edmond Lathrop</name>
                  <choice rend="align(right)">
                     <abbr>Dr</abbr>
                     <expan>Debtor</expan>
                  </choice></cell>
               <cell></cell>
               <cell></cell>
               <cell/>
               <cell/>
            </row>
            <row xml:id="p107_38">
               <cell/>
               <cell>To cash 30/</cell>
               <cell><measure commodity="currency" quantity="5" unit="dollars">5</measure></cell>
               <cell><measure commodity="currency" quantity="00" unit="cents">00</measure></cell>
               <cell/>
               <cell/>
            </row>
            <row xml:id="p107_39">
               <cell></cell>
               <cell>By <measure commodity="pipe" quantity="14" unit="feet">14 feet lead pipe</measure> 400</cell>
               <cell/>
               <cell/>
               <cell/>
               <cell/>
            </row>
            <row xml:id="p107_40">
               <cell/>
               <cell>" Brining pipe from Boston 12</cell>
               <cell></cell>
               <cell></cell>
               <cell/>
               <cell/>
            </row>
            <row xml:id="p107_41">
               <cell/>
               <cell>Carting from Taunton 3.70</cell>
               <cell><measure commodity="currency" quantity="7" unit="dollars">7</measure></cell>
               <cell><measure commodity="curency" quantity="82" unit="cents">82</measure></cell>
               <cell/>
               <cell/>
            </row>
            <row xml:id="p107_42">
               <cell></cell>
               <cell>To cash pay by Hodges</cell>
               <cell><measure commodity="currency" quantity="2" unit="dollars">2</measure></cell>
               <cell><measure commodity="currency" quantity="82" unit="cents">82</measure></cell>
               <cell/>
               <cell/>
            </row>
              
            <row xml:id="p107_43">
               <cell>395</cell>
               <cell><name type="person" ref="pers_WCDH621">Thompson Tripp</name>
                  <choice rend="align(right)">
                     <abbr>Dr</abbr>
                     <expan>Debtor</expan>
                  </choice></cell>
               <cell></cell>
               <cell></cell>
               <cell/>
               <cell/>
            </row>
            <row xml:id="p107_44">
               <cell/>
               <cell>To cash 30/</cell>
               <cell><measure commodity="currency" quantity="5" unit="dollars">5</measure></cell>
               <cell><measure commodity="currency" quantity="00" unit="cents">00</measure></cell>
               <cell/>
               <cell/>
            </row>
            <row xml:id="p107_45">
               <cell>394</cell>
               <cell><name type="person" ref="pers_WCDH565">John Smith</name>
                  <choice rend="align(right)">
                     <abbr>Dr</abbr>
                     <expan>Debtor</expan>
                  </choice></cell>
               <cell/>
               <cell/>
               <cell/>
               <cell/>
            </row>
            <row xml:id="p107_46">
               <cell/>
               <cell>To <measure commodity="pork" quantity="10" unit="pounds">10lbs</measure> <measure commodity="pork" quantity="5" unit="ounces">5 ounces Pork</measure> 9d</cell>
               <cell><measure commodity="currency" quantity="1" unit="dollars">1</measure></cell>
               <cell><measure commodity="currency" quantity="28" unit="cents">28</measure></cell>
               <cell/>
               <cell/>
            </row>
            <row xml:id="p107_47">
               <cell/>
               <cell></cell>
               <cell/>
               <cell/>
               <cell/>
               <cell/>
            </row>
            <row xml:id="p107_48">
               <cell></cell>
               <cell></cell>
               <cell/>
               <cell/>
               <cell/>
               <cell/>
            </row>
            <row xml:id="p107_49">
               <cell/>
               <cell></cell>
               <cell/>
               <cell></cell>
               <cell/>
               <cell/>
            </row>
            <row xml:id="p107_50">
               <cell/>
               <cell></cell>
               <cell/>
               <cell></cell>
               <cell/>
               <cell></cell>
            </row>
            <row xml:id="p107_51">
               <cell/>
               <cell></cell>
               <cell/>
               <cell/>
               <cell/>
               <cell/>
            </row>
            <row xml:id="p107_52">
               <cell/>
               <cell></cell>
               <cell/>
               <cell/>
               <cell/>
               <cell/>
            </row>
            <row xml:id="p107_53">
               <cell/>
               <cell/>
               <cell/>
               <cell/>
               <cell/>
               <cell/>
            </row>
            <row xml:id="p107_54">
               <cell></cell>
               <cell></cell>
               <cell/>
               <cell/>
               <cell/>
               <cell/>
            </row>
            <row xml:id="p107_55">
               <cell/>
               <cell></cell>
               <cell></cell>
               <cell></cell>
               <cell/>
               <cell/>
            </row>
            <row xml:id="p107_56">
               <cell/>
               <cell/>
               <cell/>
               <cell/>
               <cell/>
               <cell/>
            </row>
            <row xml:id="p107_57">
               <cell></cell>
               <cell></cell>
               <cell/>
               <cell/>
               <cell/>
               <cell/>
            </row>
            <row xml:id="p107_58">
               <cell/>
               <cell></cell>
               <cell></cell>
               <cell></cell>
               <cell/>
               <cell/>
            </row>
            <row xml:id="p107_59">
               <cell/>
               <cell/>
               <cell/>
               <cell/>
               <cell/>
               <cell/>
            </row>
            <row xml:id="p107_60">
               <cell></cell>
               <cell></cell>
               <cell/>
               <cell/>
               <cell/>
               <cell/>
            </row>
            <row xml:id="p107_61">
               <cell/>
               <cell></cell>
               <cell/>
               <cell/>
               <cell/>
               <cell/>
            </row>
            <row xml:id="p107_62">
               <cell/>
               <cell></cell>
               <cell></cell>
               <cell></cell>
               <cell/>
               <cell/>
            </row>
            <row xml:id="p107_63">
               <cell/>
               <cell/>
               <cell/>
               <cell/>
               <cell/>
               <cell/>
            </row>
            <row xml:id="p107_64">
               <cell/>
               <cell/>
               <cell/>
               <cell/>
               <cell/>
               <cell/>
            </row>
         </table>
         <pb n="000"/>
         <fw type="pageNum">000</fw>
         <table xml:id="p000" cols="6">
            <head></head>
            <row xml:id="p000_01">
               <cell></cell>
               <cell> </cell>
               <cell/>
               <cell/>
               <cell/>
               <cell/>
            </row>
            <row xml:id="p000_02">
               <cell/>
               <cell></cell>
               <cell></cell>
               <cell></cell>
               <cell/>
               <cell/>
            </row>
            <row xml:id="p000_03">
               <cell/>
               <cell></cell>
               <cell></cell>
               <cell/>
               <cell></cell>
               <cell></cell>
            </row>
            <row xml:id="p000_04">
               <cell/>
               <cell/>
               <cell/>
               <cell/>
               <cell/>
               <cell/>
            </row>
            <row xml:id="p000_05">
               <cell></cell>
               <cell></cell>
               <cell/>
               <cell/>
               <cell/>
               <cell/>
            </row>
            <row xml:id="p000_06">
               <cell/>
               <cell></cell>
               <cell></cell>
               <cell></cell>
               <cell/>
               <cell/>
            </row>
            <row xml:id="p000_07">
               <cell/>
               <cell></cell>
               <cell/>
               <cell/>
               <cell/>
               <cell/>
            </row>
            <row xml:id="p000_08">
               <cell></cell>
               <cell></cell>
               <cell/>
               <cell/>
               <cell/>
               <cell/>
            </row>
            <row xml:id="p000_09">
               <cell/>
               <cell></cell>
               <cell></cell>
               <cell></cell>
               <cell/>
               <cell/>
            </row>
            <row xml:id="p000_10">
               <cell/>
               <cell/>
               <cell/>
               <cell/>
               <cell/>
               <cell/>
            </row>
            <row xml:id="p000_11">
               <cell></cell>
               <cell></cell>
               <cell/>
               <cell/>
               <cell/>
               <cell/>
            </row>
            <row xml:id="p000_12">
               <cell/>
               <cell></cell>
               <cell></cell>
               <cell></cell>
               <cell/>
               <cell/>
            </row>
            <row xml:id="p000_13">
               <cell/>
               <cell/>
               <cell/>
               <cell/>
               <cell/>
               <cell/>
            </row>
            <row xml:id="p000_14">
               <cell></cell>
               <cell></cell>
               <cell/>
               <cell/>
               <cell/>
               <cell/>
            </row>
            <row xml:id="p000_15">
               <cell/>
               <cell></cell>
               <cell></cell>
               <cell></cell>
               <cell/>
               <cell/>
            </row>
            <row xml:id="p000_16">
               <cell/>
               <cell/>
               <cell/>
               <cell/>
               <cell/>
               <cell/>
            </row>
            <row xml:id="p000_17">
               <cell></cell>
               <cell></cell>
               <cell/>
               <cell/>
               <cell/>
               <cell/>
            </row>
            <row xml:id="p000_18">
               <cell/>
               <cell></cell>
               <cell/>
               <cell>21</cell>
               <cell/>
               <cell/>
            </row>
            <row xml:id="p000_19">
               <cell/>
               <cell></cell>
               <cell/>
               <cell></cell>
               <cell/>
               <cell></cell>
            </row>
            <row xml:id="p000_20">
               <cell/>
               <cell></cell>
               <cell/>
               <cell/>
               <cell/>
               <cell/>
            </row>
            <row xml:id="p000_21">
               <cell></cell>
               <cell></cell>
               <cell/>
               <cell/>
               <cell/>
               <cell/>
            </row>
            <row xml:id="p000_22">
               <cell/>
               <cell></cell>
               <cell/>
               <cell></cell>
               <cell/>
               <cell/>
            </row>
            <row xml:id="p000_23">
               <cell/>
               <cell></cell>
               <cell/>
               <cell/>
               <cell/>
               <cell/>
            </row>
            <row xml:id="p000_24">
               <cell></cell>
               <cell></cell>
               <cell/>
               <cell/>
               <cell/>
               <cell/>
            </row>
            <row xml:id="p000_25">
               <cell/>
               <cell></cell>
               <cell></cell>
               <cell></cell>
               <cell/>
               <cell/>
            </row>
            <row xml:id="p000_26">
               <cell/>
               <cell></cell>
               <cell/>
               <cell/>
               <cell/>
               <cell/>
            </row>
            <row xml:id="p000_27">
               <cell></cell>
               <cell></cell>
               <cell/>
               <cell/>
               <cell/>
               <cell/>
            </row>
            <row xml:id="p000_28">
               <cell/>
               <cell></cell>
               <cell/>
               <cell></cell>
               <cell/>
               <cell/>
            </row>
            <row xml:id="p000_29">
               <cell/>
               <cell></cell><cell/>
               <cell></cell>
               <cell/>
               <cell/>
            </row>
            <row xml:id="p000_30">
               <cell/>
               <cell/>
               <cell/>
               <cell/>
               <cell/>
               <cell/>
            </row>
            <row xml:id="p000_31">
               <cell></cell>
               <cell></cell>
               <cell/>
               <cell/>
               <cell/>
               <cell/>
            </row>
            <row xml:id="p000_32">
               <cell/>
               <cell></cell>
               <cell></cell>
               <cell></cell>
               <cell/>
               <cell/>
            </row>
            <row xml:id="p000_33">
               <cell/>
               <cell></cell>
               <cell/>
               <cell/>
               <cell/>
               <cell/>
            </row>
            <row xml:id="p000_34">
               <cell></cell>
               <cell></cell>
               <cell/>
               <cell/>
               <cell/>
               <cell/>
            </row>
            <row xml:id="p000_35">
               <cell/>
               <cell></cell>
               <cell></cell>
               <cell></cell>
               <cell/>
               <cell/>
            </row>
            <row xml:id="p000_36">
               <cell/>
               <cell></cell>
               <cell></cell>
               <cell></cell>
               <cell></cell>
               <cell></cell>
            </row>
            <row xml:id="p000_37">
               <cell/>
               <cell></cell>
               <cell></cell>
               <cell></cell>
               <cell/>
               <cell/>
            </row>
            <row xml:id="p000_38">
               <cell/>
               <cell></cell>
               <cell/>
               <cell/>
               <cell/>
               <cell/>
            </row>
            <row xml:id="p000_39">
               <cell></cell>
               <cell></cell>
               <cell/>
               <cell/>
               <cell/>
               <cell/>
            </row>
            <row xml:id="p000_40">
               <cell/>
               <cell> To order upon Store 60/ </cell>
               <cell>10</cell>
               <cell>0</cell>
               <cell/>
               <cell/>
            </row>
            <row xml:id="p000_41">
               <cell/>
               <cell></cell>
               <cell/>
               <cell/>
               <cell/>
               <cell/>
            </row>
            <row xml:id="p000_42">
               <cell></cell>
               <cell></cell>
               <cell/>
               <cell/>
               <cell/>
               <cell/>
            </row>
            <row xml:id="p000_43">
               <cell/>
               <cell></cell>
               <cell></cell>
               <cell></cell>
               <cell/>
               <cell/>
            </row>
            <row xml:id="p000_44">
               <cell/>
               <cell></cell>
               <cell/>
               <cell/>
               <cell/>
               <cell/>
            </row>
            <row xml:id="p000_45">
               <cell></cell>
               <cell></cell>
               <cell/>
               <cell/>
               <cell/>
               <cell/>
            </row>
            <row xml:id="p000_46">
               <cell/>
               <cell></cell>
               <cell></cell>
               <cell></cell>
               <cell/>
               <cell/>
            </row>
            <row xml:id="p000_47">
               <cell/>
               <cell></cell>
               <cell/>
               <cell/>
               <cell/>
               <cell/>
            </row>
            <row xml:id="p000_48">
               <cell></cell>
               <cell></cell>
               <cell/>
               <cell/>
               <cell/>
               <cell/>
            </row>
            <row xml:id="p000_49">
               <cell/>
               <cell></cell>
               <cell/>
               <cell></cell>
               <cell/>
               <cell/>
            </row>
            <row xml:id="p000_50">
               <cell/>
               <cell></cell>
               <cell/>
               <cell></cell>
               <cell/>
               <cell></cell>
            </row>
            <row xml:id="p000_51">
               <cell/>
               <cell></cell>
               <cell/>
               <cell/>
               <cell/>
               <cell/>
            </row>
            <row xml:id="p000_52">
               <cell/>
               <cell></cell>
               <cell/>
               <cell/>
               <cell/>
               <cell/>
            </row>
            <row xml:id="p000_53">
               <cell/>
               <cell/>
               <cell/>
               <cell/>
               <cell/>
               <cell/>
            </row>
            <row xml:id="p000_54">
               <cell></cell>
               <cell></cell>
               <cell/>
               <cell/>
               <cell/>
               <cell/>
            </row>
            <row xml:id="p000_55">
               <cell/>
               <cell></cell>
               <cell></cell>
               <cell></cell>
               <cell/>
               <cell/>
            </row>
            <row xml:id="p000_56">
               <cell/>
               <cell/>
               <cell/>
               <cell/>
               <cell/>
               <cell/>
            </row>
            <row xml:id="p000_57">
               <cell></cell>
               <cell></cell>
               <cell/>
               <cell/>
               <cell/>
               <cell/>
            </row>
            <row xml:id="p000_58">
               <cell/>
               <cell></cell>
               <cell></cell>
               <cell></cell>
               <cell/>
               <cell/>
            </row>
            <row xml:id="p000_59">
               <cell/>
               <cell/>
               <cell/>
               <cell/>
               <cell/>
               <cell/>
            </row>
            <row xml:id="p000_60">
               <cell></cell>
               <cell></cell>
               <cell/>
               <cell/>
               <cell/>
               <cell/>
            </row>
            <row xml:id="p000_61">
               <cell/>
               <cell></cell>
               <cell/>
               <cell/>
               <cell/>
               <cell/>
            </row>
            <row xml:id="p000_62">
               <cell/>
               <cell></cell>
               <cell></cell>
               <cell></cell>
               <cell/>
               <cell/>
            </row>
            <row xml:id="p000_63">
               <cell/>
               <cell/>
               <cell/>
               <cell/>
               <cell/>
               <cell/>
            </row>
            <row xml:id="p000_64">
               <cell/>
               <cell/>
               <cell/>
               <cell/>
               <cell/>
               <cell/>
            </row>
         </table>
       </body>
   </text>
</TEI>
