<?xml version="1.0" encoding="UTF-8"?>
<?xml-model href="http://www.tei-c.org/release/xml/tei/custom/schema/relaxng/tei_all.rng" type="application/xml" schematypens="http://relaxng.org/ns/structure/1.0"?>
<?xml-model href="http://www.tei-c.org/release/xml/tei/custom/schema/relaxng/tei_all.rng" type="application/xml"
	schematypens="http://purl.oclc.org/dsdl/schematron"?>
<TEI xmlns="http://www.tei-c.org/ns/1.0">
   <teiHeader>
      <fileDesc>
         <titleStmt>
            <title>LMW Day Book, pp. 221-222</title>
            <author>L.M. Wheaton</author>
         </titleStmt>
         <publicationStmt>
            <p>Indication of work done and date, Wheaton College</p>
         </publicationStmt>
         <sourceDesc>
            <biblFull>
               <titleStmt>
                  <title>Account Books, pp.221-222</title>
                  <author>L.M. Wheaton</author>
                  <respStmt>
                     <resp> TEI-compatible XML markup by <name type="person">Tyana Craig</name> with
                        corrections by <name type="person">Name</name>, <name type="person"
                           >Name</name>, and <name type="person">Name</name>.</resp>
                     <name type="person">Name</name>
                  </respStmt>
               </titleStmt>
               <publicationStmt>
                  <p>Indication of work done and date 04/04/16, Wheaton College</p>
               </publicationStmt>
               <sourceDesc>
                  <p> From the Marion B. Gebbie Archives and Special Collections at the Madeleine
                     Clark Wallace Library, Wheaton College </p>
               </sourceDesc>
            </biblFull>
         </sourceDesc>
      </fileDesc>
   </teiHeader>
   <text>
      <body>
         <pb n="221"/>
         <fw type="pageNum">221</fw>
         <table xml:id="p221" cols="6">
            <head>Friday <date when="1850-01-11">January 11th 1850</date></head>
            <row xml:id="p221_01">
               <cell/>
               <cell/>
               <cell/>
               <cell/>
               <cell/>
               <cell/>
            </row>
            <row xml:id="p221_02">
               <cell>537</cell>
               <cell><name type="person" ref="pers_WCDH637">Wm A. West</name>
                  <choice rend="align(right)">
                     <abbr>Dr</abbr>
                     <expan>debtor</expan>
                  </choice></cell>
               <cell/>
               <cell/>
               <cell/>
               <cell/>
            </row>
            <row xml:id="p221_03">
               <cell/>
               <cell>To <measure commodity="metal" quantity="21">21 1/9 Lead pipe</measure>
               </cell>
               <cell/>
               <cell/>
               <cell/>
               <cell/>
            </row>
            <row xml:id="p221_04">
               <cell>528</cell>
               <cell><name type="person" ref="pers_WCDH601">Wm J Sweet</name>
                  <choice rend="align(right)">
                     <abbr>D</abbr>
                     <expan>debtor</expan>
                  </choice></cell>
               <cell/>
               <cell/>
               <cell/>
               <cell/>
            </row>
            <row xml:id="p221_05">
               <cell/>
               <cell>To paying your county and town tax</cell>
               <cell><measure commodity="currency" quantity="1" unit="dollars">1</measure></cell>
               <cell><measure commodity="currency" quantity="65" unit="cents">65</measure></cell>
               <cell/>
               <cell/>
            </row>
            <row xml:id="p221_06">
               <cell>See bill</cell>
               <cell><name type="person" ref="pers_WCDH373">Linus Howard</name>
                  <choice rend="align(right)">
                     <abbr>D</abbr>
                     <expan>debtor</expan>
                  </choice></cell>
               <cell/>
               <cell/>
               <cell/>
               <cell/>
            </row>
            <row xml:id="p221_07">
               <cell/>
               <cell>To paying your county and town tax</cell>
               <cell><measure commodity="currency" quantity="4" unit="dollars">4</measure></cell>
               <cell><measure commodity="currency" quantity="95" unit="cents">95</measure></cell>
               <cell/>
               <cell/>
            </row>
            <row xml:id="p221_08">
               <cell>Settled</cell>
               <cell><name type="person" ref="pers_WCDH355">Earl Hodges</name>
                  <choice rend="align(right)">
                     <abbr>D</abbr>
                     <expan>debtor</expan>
                  </choice></cell>
               <cell/>
               <cell/>
               <cell/>
               <cell/>
            </row>
            <row xml:id="p221_09">
               <cell/>
               <cell>To paying your county and town tax on store</cell>
               <cell><measure commodity="currency" quantity="1" unit="dollars">1</measure></cell>
               <cell><measure commodity="currency" quantity="32" unit="cents">32</measure></cell>
               <cell/>
               <cell/>
            </row>
            <row xml:id="p221_10">
               <cell>See Bill</cell>
               <cell><date when="1850-01-21">21</date></cell>
               <cell/>
               <cell/>
               <cell/>
               <cell/>
            </row>
            <row xml:id="p221_11">
               <cell/>
               <cell><name type="person" ref="pers_WCDH032">S. A. Chapin</name>
                  <choice rend="align(right)">
                     <abbr>D</abbr>
                     <expan>debtor</expan>
                  </choice></cell>
               <cell/>
               <cell/>
               <cell/>
               <cell/>
            </row>
            <row xml:id="p221_12">
               <cell/>
               <cell>To <measure commodity="tickets" quantity="2">two Tickets for E. 38 1/2</measure></cell>
               <cell/>
               <cell><measure commodity="currency" quantity="77" unit="cents">77</measure></cell>
               <cell/>
               <cell/>
            </row>
            <row xml:id="p221_13">
               <cell/>
               <cell/>
               <cell/>
               <cell/>
               <cell/>
               <cell/>
            </row>
            <row xml:id="p221_14">
               <cell>Settled</cell>
               <cell><name type="person" ref="pers_WCDH468">Patrick McDaniels</name>
                  <choice rend="align(right)">
                     <abbr>D</abbr>
                     <expan>debtor</expan>
                  </choice></cell>
               <cell/>
               <cell/>
               <cell/>
               <cell/>
            </row>
            <row xml:id="p221_15">
               <cell/>
               <cell>To <measure commodity="lumber" quantity=".5">½ cord green wood</measure>
               </cell>
               <cell/>
               <cell/>
               <cell/>
               <cell/>
            </row>
            <row xml:id="p221_16">
               <cell>Overlooked in parting</cell>
               <cell><date when="1850-01-26">26</date></cell>
               <cell/>
               <cell/>
               <cell/>
               <cell/>
            </row>
            <row xml:id="p221_17">
               <cell/>
               <cell><name type="person" ref="pers_WCDH601">Wm J. Sweet</name>
                  <choice rend="align(right)">
                     <abbr>Dr</abbr>
                     <expan>debtor</expan>
                  </choice></cell>
               <cell/>
               <cell/>
               <cell/>
               <cell/>
            </row>
            <row xml:id="p221_18">
               <cell/>
               <cell>To <measure commodity="beans" quantity=".5" unit="bushels">½ bushel white
                     beans</measure>
               </cell>
               <cell/>
               <cell/>
               <cell/>
               <cell/>
            </row>
            <row xml:id="p221_19">
               <cell/>
               <cell/>
               <cell/>
               <cell/>
               <cell/>
               <cell/>
            </row>
            <row xml:id="p221_20">
               <cell>541</cell>
               <cell><name type="person" ref="pers_WCDH488">Caty Nolen</name>
                  <choice rend="align(right)">
                     <abbr>D</abbr>
                     <expan>debtor</expan>
                  </choice></cell>
               <cell/>
               <cell/>
               <cell/>
               <cell/>
            </row>
            <row xml:id="p221_21">
               <cell/>
               <cell>To <name type="account" ref="LMWcash">cash</name> <measure commodity="currency" quantity="3" unit="dollars">three dollars</measure></cell>
               <cell><measure commodity="currency" quantity="3" unit="dollars">3</measure></cell>
               <cell><measure commodity="currency" quantity="00" unit="cents">00</measure></cell>
               <cell/>
               <cell/>
            </row>
            <row>
               <cell>513</cell>
               <cell><date when="1850-07-07">July 7th</date></cell>
               <cell/>
               <cell/>
               <cell/>
               <cell/>
            </row>
            <row xml:id="p221_22">
               <cell/>
               <cell><name type="person" ref="pers_WCDH180">Otis Blandin</name><choice rend="align(right)">
                     <abbr>D</abbr>
                     <expan>debtor</expan>
                  </choice></cell>
               <cell/>
               <cell/>
               <cell/>
               <cell/>
            </row>
            <row xml:id="p221_23">
               <cell/>
               <cell>To account from center mills just received</cell>
               <cell/>
               <cell/>
               <cell/>
               <cell/>
            </row>
            <row xml:id="p221_24">
               <cell/>
               <cell/>
               <cell/>
               <cell/>
               <cell/>
               <cell/>
            </row>
            <row xml:id="p221_25">
               <cell>530</cell>
               <cell><name type="person" ref="pers_WCDH474">Walter Mc. Naughton</name>
                  <choice rend="align(right)">
                     <abbr>D</abbr>
                     <expan>debtor</expan>
                  </choice></cell>
               <cell/>
               <cell/>
               <cell/>
               <cell/>
            </row>
            <row xml:id="p221_26">
               <cell/>
               <cell>To <name type="account" ref="LMWcash">cash</name>
                  <measure commodity="currency" quantity="7" unit="dollars">seven
                  dollars</measure></cell>
               <cell><measure commodity="currency" quantity="7" unit="dollars">7</measure></cell>
               <cell><measure commodity="currency" quantity="00" unit="cents">00</measure></cell>
               <cell/>
               <cell/>
            </row>
            <row xml:id="p221_27">
               <cell/>
               <cell/>
               <cell/>
               <cell/>
               <cell/>
               <cell/>
            </row>
            <row xml:id="p221_28">
               <cell/>
               <cell/>
               <cell/>
               <cell/>
               <cell/>
               <cell/>
            </row>
            <row xml:id="p221_29">
               <cell>538</cell>
               <cell><name type="person" ref="pers_WCDH649">Wheaton Wheeler</name>
                  <choice rend="align(right)">
                     <abbr>D</abbr>
                     <expan>debtor</expan>
                  </choice></cell>
               <cell/>
               <cell/>
               <cell/>
               <cell/>
            </row>
            <row xml:id="p221_30">
               <cell/>
               <cell>To <measure commodity="meat" quantity="3.94" unit="pounds">3lbs 15ozs. Sausage Meat</measure> 12</cell>
               <cell/>
               <cell><measure commodity="currency" quantity="46" unit="cents">46</measure></cell>
               <cell/>
               <cell/>
            </row>
            <row xml:id="p221_31">
               <cell>538</cell>
               <cell><date when="1850-02-09">9</date></cell>
               <cell/>
               <cell/>
               <cell/>
               <cell/>
            </row>
            <row xml:id="p221_32">
               <cell/>
               <cell><name type="person" ref="pers_WCDH649">Wheaton Wheeler</name>
                  <choice rend="align(right)">
                     <abbr>D</abbr>
                     <expan>debtor</expan>
                  </choice></cell>
               <cell/>
               <cell/>
               <cell/>
               <cell/>
            </row>
            <row xml:id="p221_33">
               <cell/>
               <cell>To <name type="account" ref="LMWcash">cash</name> <measure commodity="currency" quantity="15" unit="dollars">fifteen dollars</measure></cell>
               <cell><measure commodity="currency" quantity="15" unit="dollars">15</measure></cell>
               <cell><measure commodity="currency" quantity="00" unit="cents">00</measure></cell>
               <cell/>
               <cell/>
            </row>
            <row xml:id="p221_34">
               <cell>Settled</cell>
               <cell><date when="1850-02-11">11</date></cell>
               <cell/>
               <cell/>
               <cell/>
               <cell/>
            </row>
            <row xml:id="p221_35">
               <cell/>
               <cell><name type="person" ref="pers_WCDH657">Geo. White</name>
                  <choice rend="align(right)">
                     <abbr>D</abbr>
                     <expan>debtor</expan>
                  </choice></cell>
               <cell/>
               <cell/>
               <cell/>
               <cell/>
            </row>
            <row xml:id="p221_36">
               <cell/>
               <cell>To 11 plank</cell>
               <cell/>
               <cell/>
               <cell/>
               <cell/>
            </row>
            <row xml:id="p221_37">
               <cell>Settled</cell>
               <cell><date when="1850-03-13">March 13</date></cell>
               <cell/>
               <cell/>
               <cell/>
               <cell/>
            </row>
            <row xml:id="p221_38">
               <cell/>
               <cell><name type="person" ref="pers_WCDH415">C. H O Lane</name>
                  <choice rend="align(right)">
                     <abbr>Dr</abbr>
                     <expan>debtor</expan>
                  </choice></cell>
               <cell/>
               <cell/>
               <cell/>
               <cell/>
            </row>
            <row xml:id="p221_39">
               <cell/>
               <cell>To calf 5.75</cell>
               <cell><measure commodity="currency" quantity="5" unit="dollars">5</measure></cell>
               <cell><measure commodity="currency" quantity="75" unit="cents">75</measure></cell>
               <cell/>
               <cell/>
            </row>
            <row xml:id="p221_40">
               <cell>540</cell>
               <cell><date when="1850-02-18">18</date></cell>
               <cell/>
               <cell/>
               <cell/>
               <cell/>
            </row>
            <row xml:id="p221_41">
               <cell/>
               <cell><name type="person" ref="pers_WCDH156">Stephen Bailey</name>
                  <choice rend="align(right)">
                     <abbr>D</abbr>
                     <expan>debtor</expan>
                  </choice></cell>
               <cell/>
               <cell/>
               <cell/>
               <cell/>
            </row>
            <row xml:id="p221_42">
               <cell/>
               <cell>To <measure commodity="pork" quantity="13" unit="pounds">13lbs Salt Pork</measure> 10x</cell>
               <cell><measure commodity="currency" quantity="1" unit="dollars">1</measure></cell>
               <cell><measure commodity="currency" quantity="30" unit="cents">30</measure></cell>
               <cell/>
               <cell/>
            </row>
            <row xml:id="p221_43">
               <cell>538</cell>
               <cell><date when="1850-02-26">26</date></cell>
               <cell/>
               <cell/>
               <cell/>
               <cell/>
            </row>
            <row xml:id="p221_44">
               <cell/>
               <cell><name type="person" ref="pers_WCDH649">Wheaton Wheeler</name>
                  <choice rend="align(right)">
                     <abbr>D</abbr>
                     <expan>debtor</expan>
                  </choice></cell>
               <cell/>
               <cell/>
               <cell/>
               <cell/>
            </row>
            <row xml:id="p221_45">
               <cell/>
               <cell>To <measure commodity="pork" quantity="4.5" unit="pounds">4 ½ lbs. pork</measure> 9x 40</cell>
               <cell/>
               <cell/>
               <cell/>
               <cell/>
            </row>
            <row xml:id="p221_46">
               <cell/>
               <cell> <measure commodity="ribs" quantity="7" unit="pounds">" 7 " Spare rib</measure> 7x 49</cell>
               <cell/>
               <cell><measure commodity="currency" quantity="89" unit="cents">89</measure></cell>
               <cell/>
               <cell/>
            </row>
            <row xml:id="p221_47">
               <cell>538</cell>
               <cell><name type="person" ref="pers_WCDH649">Wheaton Wheeler</name>
                  <choice rend="align(right)">
                     <abbr>Cr</abbr>
                     <expan>Credit</expan>
                  </choice></cell>
               <cell/>
               <cell/>
               <cell/>
               <cell/>
            </row>
            <row xml:id="p221_48">
               <cell/>
               <cell>By <measure commodity="butter" quantity="1">1 Butter tub</measure> 2/</cell>
               <cell/>
               <cell><measure commodity="currency" quantity="33" unit="cents">33</measure></cell>
               <cell/>
               <cell/>
            </row>
            <row xml:id="p221_49">
               <cell>405</cell>
               <cell><date when="1850-02-27">27</date></cell>
               <cell/>
               <cell/>
               <cell/>
               <cell/>
            </row>
            <row xml:id="p221_50">
               <cell/>
               <cell><name type="person" ref="pers_WCDH409">Wm. Knowles</name>
                  <choice rend="align(right)">
                     <abbr>Dr</abbr>
                     <expan>debtor</expan>
                  </choice></cell>
               <cell/>
               <cell/>
               <cell/>
               <cell/>
            </row>
            <row xml:id="p221_51">
               <cell/>
               <cell>To <measure commodity="ribs" quantity="6" unit="pounds">6lbs spare ribs</measure> 74</cell>
               <cell/>
               <cell><measure commodity="currency" quantity="42" unit="cents">42</measure></cell>
               <cell/>
               <cell/>
            </row>
            <row xml:id="p221_52">
               <cell/>
               <cell/>
               <cell/>
               <cell/>
               <cell/>
               <cell/>
            </row>
            <row xml:id="p221_53">
               <cell>536</cell>
               <cell><name type="name" ref="pers_WCDH703">Wm. H. Wrigley</name><choice
                     rend="align(right)">
                     <abbr>D</abbr>
                     <expan>debtor</expan>
                  </choice></cell>
               <cell/>
               <cell/>
               <cell/>
               <cell/>
            </row>
            <row xml:id="p221_54">
               <cell/>
               <cell>To renewal of life insurance</cell>
               <cell><measure commodity="currency" quantity="40" unit="dollars">40</measure></cell>
               <cell><measure commodity="currency" quantity="90" unit="cents">90</measure></cell>
               <cell/>
               <cell/>
            </row>
            <row xml:id="p221_55">
               <cell/>
               <cell>" Wife some time since for order</cell>
               <cell><measure commodity="currency" quantity="16" unit="dollars">16</measure></cell>
               <cell><measure commodity="currency" quantity="00" unit="cents">00</measure></cell>
               <cell><measure commodity="currency" quantity="56" unit="dollars">56</measure></cell>
               <cell><measure commodity="currency" quantity="90" unit="cents">90</measure></cell>
            </row>
            <row xml:id="p221_56">
               <cell/>
               <cell>" <name type="person" ref="pers_WCDH475">Jas O. Messenger</name> for
                  order</cell>
               <cell><measure commodity="currency" quantity="4" unit="dollars">4</measure></cell>
               <cell><measure commodity="currency" quantity="53" unit="cents">53</measure></cell>
               <cell><measure commodity="currency" quantity="4" unit="dollars">4</measure></cell>
               <cell><measure commodity="currency" quantity="53" unit="cents">53</measure></cell>
            </row>
            <row>
               <cell>541</cell>
               <cell><date when="1850-04-03">April 3</date></cell>
               <cell/>
               <cell/>
               <cell/>
               <cell/>
            </row>
            <row xml:id="p221_57">
               <cell/>
               <cell><name type="person" ref="pers_WCDH488">Caty Nolen</name>
                  <choice rend="align(right)">
                     <abbr>D</abbr>
                     <expan>debtor</expan>
                  </choice></cell>
               <cell/>
               <cell/>
               <cell/>
               <cell/>
            </row>
            <row xml:id="p221_58">
               <cell/>
               <cell>To <measure commodity="slippers" quantity="1">1 pr. slippers</measure>
                  3/</cell>
               <cell/>
               <cell><measure commodity="currency" quantity="50" unit="dollars">50</measure></cell>
               <cell/>
               <cell/>
            </row>
         </table>
         <pb n="222"/>
         <fw type="pageNum">222</fw>
         <table xml:id="p222" cols="6">
            <head>Saturday <date when="1850-04-06">April 6th 1850</date></head>
            <row xml:id="p222_01">
               <cell/>
               <cell/>
               <cell>$</cell>
               <cell>cts.</cell>
               <cell>$</cell>
               <cell>cts.</cell>
            </row>
            <row xml:id="p222_02">
               <cell>540</cell>
               <cell><name type="person" ref="pers_WCDH156">Stephen Bailey</name>
                  <choice rend="align(right)">
                     <abbr>D</abbr>
                     <expan>Debtor</expan>
                  </choice></cell>
               <cell/>
               <cell/>
               <cell/>
               <cell/>
            </row>
            <row xml:id="p222_03">
               <cell/>
               <cell>To <measure commodity="milk" quantity="5" unit="quarts">5qts. Milk</measure>  to <date when="1850-03-31">March 31st</date></cell>
               <cell/>
               <cell><measure commodity="currency" quantity="20" unit="cents">20</measure></cell>
               <cell/>
               <cell/>
            </row>
            <row xml:id="p222_04">
               <cell/>
               <cell/>
               <cell/>
               <cell/>
               <cell/>
               <cell/>
            </row>
            <row xml:id="p222_05">
               <cell>538</cell>
               <cell><name type="person" ref="pers_WCDH649">Wheaton Wheeler</name>
                  <choice rend="align(right)">
                     <abbr>D</abbr>
                     <expan>Debtor</expan>
                  </choice></cell>
               <cell/>
               <cell/>
               <cell/>
               <cell/>
            </row>
            <row xml:id="p222_06">
               <cell/>
               <cell><measure commodity="milk" quantity="14" unit="quarts">Milk to <date when="1850-03-31">31st March</date> 14qts.</measure> 1p of 4x</cell>
               <cell/>
               <cell><measure commodity="currency" quantity="58" unit="cents">58</measure></cell>
               <cell/>
               <cell/>
            </row>
            <row xml:id="p222_07">
               <cell>538</cell>
               <cell><choice rend="align(right)">
                     <abbr>Cr</abbr>
                     <expan>Credit</expan>
                  </choice></cell>
               <cell/>
               <cell/>
               <cell/>
               <cell/>
            </row>
            <row xml:id="p222_08">
               <cell/>
               <cell>By postage paid</cell>
               <cell><measure commodity="currency" quantity="1" unit="dollars">1</measure></cell>
               <cell><measure commodity="currency" quantity="92" unit="cents">92</measure></cell>
               <cell/>
               <cell/>
            </row>
            <row xml:id="p222_09">
               <cell/>
               <cell>" paying <name type="person" ref="pers_WCDH217">D. Carpenter </name>for hoofing</cell>
               <cell/>
               <cell><measure commodity="currency" quantity="25" unit="cents">25</measure></cell>
               <cell><measure commodity="currency" quantity="2" unit="dollars">2</measure></cell>
               <cell><measure commodity="currency" quantity="17" unit="cents">17</measure></cell>
            </row>
            <row xml:id="p222_10">
               <cell>538</cell>
               <cell>
                  <choice rend="align(right)">
                     <abbr>Dr</abbr>
                     <expan>Debtor</expan>
                  </choice></cell>
               <cell/>
               <cell/>
               <cell/>
               <cell/>
            </row>
            <row xml:id="p222_11">
               <cell/>
               <cell>To 4 ½ days lost time 60x before <date when="1850-04-01"> April 1st</date></cell>
               <cell><measure commodity="currency" quantity="2" unit="dollars">2</measure></cell>
               <cell><measure commodity="currency" quantity="40" unit="cents">40</measure></cell>
               <cell/>
               <cell/>
            </row>
            <row xml:id="p222_12">
               <cell/>
               <cell/>
               <cell/>
               <cell/>
               <cell/>
               <cell/>
            </row>
            <row xml:id="p222_13">
               <cell>538</cell>
               <cell>By house rent to <date when="1850-03-31">March 31st 1850</date></cell>
               <cell><measure commodity="currency" quantity="6" unit="dollars">6</measure></cell>
               <cell><measure commodity="currecny" quantity="25" unit="cents">25</measure></cell>
               <cell/>
               <cell/>
            </row>
            <row xml:id="p222_14">
               <cell/>
               <cell/>
               <cell/>
               <cell/>
               <cell/>
               <cell/>
            </row>
            <row xml:id="p222_15">
               <cell>538</cell>
               <cell><choice rend="align(right)">
                     <abbr>D</abbr>
                     <expan>Debtor</expan>
                  </choice></cell>
               <cell/>
               <cell/>
               <cell/>
               <cell/>
            </row>
            <row xml:id="p222_16">
               <cell/>
               <cell>To <name type="account" ref="LMWcash">cash</name>
                  <measure commodity="currency" quantity="34" unit="dollars">thirty four
                     dollars</measure>
                  <measure commodity="currency" quantity="86" unit="cents">86x</measure></cell>
               <cell><measure commodity="currency" quantity="34" unit="dollars">34</measure></cell>
               <cell><measure commodity="currency" quantity="86" unit="cents">86</measure></cell>
               <cell/>
               <cell/>
            </row>
            <row xml:id="p222_17">
               <cell/>
               <cell/>
               <cell/>
               <cell/>
               <cell/>
               <cell/>
            </row>
            <row xml:id="p222_18">
               <cell>536</cell>
               <cell><name type="person" ref="pers_WCDH703">Wm. H Wrigley</name>
                  <choice rend="align(right)">
                     <abbr>D</abbr>
                     <expan>Debtor</expan>
                  </choice></cell>
               <cell/>
               <cell/>
               <cell/>
               <cell/>
            </row>
            <row xml:id="p222_19">
               <cell/>
               <cell>To paying Annis A Lincoln</cell>
               <cell><measure commodity="currency" quantity="4" unit="dollars">4</measure></cell>
               <cell><measure commodity="currency" quantity="25" unit="cents">25</measure></cell>
               <cell/>
               <cell/>
            </row>
            <row xml:id="p222_20">
               <cell/>
               <cell/>
               <cell/>
               <cell/>
               <cell/>
               <cell/>
            </row>
            <row xml:id="p222_21">
               <cell>546</cell>
               <cell><name type="person" ref="pers_WCDH373">Linus Howard</name>
                  <choice rend="align(right)">
                     <abbr>Dr</abbr>
                     <expan>Debtor</expan>
                  </choice></cell>
               <cell/>
               <cell/>
               <cell/>
               <cell/>
            </row>
            <row xml:id="p222_22">
               <cell/>
               <cell>To paying <name type="person" ref="pers_WCDH457"></name>Z. Macomber for shoring</cell>
               <cell><measure commodity="currency" quantity="9" unit="dollars">9</measure></cell>
               <cell><measure commodity="curency" quantity="37" unit="cents">37</measure></cell>
               <cell/>
               <cell/>
            </row>
            <row xml:id="p222_23">
               <cell/>
               <cell><date when="1850-04-09">9</date></cell>
               <cell/>
               <cell/>
               <cell/>
               <cell/>
            </row>
            <row xml:id="p222_24">
               <cell/>
               <cell><name type="person" ref="pers_WCDH703">Wm. H. Wrigley</name>
                  <choice rend="align(right)">
                     <abbr>Dr</abbr>
                     <expan>Debtor</expan>
                  </choice></cell>
               <cell/>
               <cell/>
               <cell/>
               <cell/>
            </row>
            <row xml:id="p222_25">
               <cell/>
               <cell>To load gravel</cell>
               <cell/>
               <cell/>
               <cell/>
               <cell/>
            </row>
            <row xml:id="p222_26">
               <cell>538</cell>
               <cell><date when="1850-04-10">10</date></cell>
               <cell/>
               <cell/>
               <cell/>
               <cell/>
            </row>
            <row xml:id="p222_27">
               <cell/>
               <cell><name type="person" ref="pers_WCDH118">Wheaton Wheeler</name>
                  <choice rend="align(right)">
                     <abbr>Dr</abbr>
                     <expan>Debtor</expan>
                  </choice></cell>
               <cell/>
               <cell/>
               <cell/>
               <cell/>
            </row>
            <row xml:id="p222_28">
               <cell/>
               <cell>To <measure commodity="bacon" quantity="22" unit="pounds">22lbs. Bacon</measure> 11x</cell>
               <cell><measure commodity="currency" quantity="2" unit="dollars">2</measure></cell>
               <cell><measure commodity="currency" quantity="42" unit="cents">42</measure></cell>
               <cell/>
               <cell/>
            </row>
            <row xml:id="p222_29">
               <cell>Settled but received nothing</cell>
               <cell><name type="person" ref="pers_WCDH156">Stephen Bailey</name>
                  <choice rend="align(right)">
                     <abbr>D</abbr>
                     <expan>Debtor</expan>
                  </choice></cell>
               <cell/>
               <cell/>
               <cell/>
               <cell/>
            </row>
            <row xml:id="p222_30">
               <cell/>
               <cell>To absence to Taunton</cell>
               <cell/>
               <cell/>
               <cell/>
               <cell/>
            </row>
            <row xml:id="p222_31">
               <cell/>
               <cell><date when="1850-04-11">11</date></cell>
               <cell/>
               <cell/>
               <cell/>
               <cell/>
            </row>
            <row xml:id="p222_32">
               <cell/>
               <cell>To absence on last day</cell>
               <cell><measure commodity="currency" quantity="1" unit="dollars">1</measure></cell>
               <cell><measure commodity="currency" quantity="00" unit="cents">00</measure></cell>
               <cell/>
               <cell/>
            </row>
            <row xml:id="p222_33">
               <cell/>
               <cell><date when="1850-04-19">19</date></cell>
               <cell/>
               <cell/>
               <cell/>
               <cell/>
            </row>
            <row xml:id="p222_34">
               <cell>538</cell>
               <cell><name type="person" ref="pers_WCDH118">Wheaton Wheeler</name>
                  <choice rend="align(right)">
                     <abbr>D</abbr>
                     <expan>Debtor</expan>
                  </choice></cell>
               <cell/>
               <cell/>
               <cell/>
               <cell/>
            </row>
            <row xml:id="p222_35">
               <cell/>
               <cell>To on cord wood $4.00 seasoned</cell>
               <cell><measure commodity="currency" quantity="4" unit="dollars">4</measure></cell>
               <cell><measure commodity="currency" quantity="00" unit="cents">00</measure></cell>
               <cell/>
               <cell/>
            </row>
            <row xml:id="p222_36">
               <cell/>
               <cell>11 a load of oak x  haches 2.25</cell>
               <cell><measure commodity="currency" quantity="2" unit="dollars">2</measure></cell>
               <cell><measure commodity="currency" quantity="25" unit="cents">25</measure></cell>
               <cell><measure commodity="currency" quantity="6" unit="dollars">6</measure></cell>
               <cell><measure commodity="currency" quantity="25" unit="cents">25</measure></cell>
            </row>
            <row>
               <cell>74</cell>
               <cell><date when="1850-04-24">24</date></cell>
               <cell/>
               <cell/>
               <cell/>
               <cell/>
            </row>
            <row xml:id="p222_37">
               <cell/>
               <cell><name type="person" ref="pers_WCDH694">Jas Wrigley</name>
                  <choice rend="align(right)">
                     <abbr>D</abbr>
                     <expan>Debtor</expan>
                  </choice></cell>
               <cell/>
               <cell/>
               <cell/>
               <cell/>
            </row>
            <row xml:id="p222_38">
               <cell/>
               <cell>To paying <name type="person" ref="pers_WCDH032">S. A. Chapin</name></cell>
               <cell><measure commodity="currency" quantity="2" unit="dollars">2</measure></cell>
               <cell><measure commodity="currency" quantity="46" unit="cents">46</measure></cell>
               <cell/>
               <cell/>
            </row>
            <row xml:id="p222_39">
               <cell>Did to ballance</cell>
               <cell><date when="1850-04-25">25</date></cell>
               <cell/>
               <cell/>
               <cell/>
               <cell/>
            </row>
            <row xml:id="p222_40">
               <cell/>
               <cell><name type="person" ref="pers_WCDH293">Thomas Elms</name>
                  <choice rend="align(right)">
                     <abbr>Dr</abbr>
                     <expan>Debtor</expan>
                  </choice></cell>
               <cell/>
               <cell/>
               <cell/>
               <cell/>
            </row>
            <row xml:id="p222_41">
               <cell/>
               <cell>To <measure commodity="potatoes" quantity="5" unit="bushels">5 bush. Potatoes</measure> 40x</cell>
               <cell><measure commodity="currency" quantity="2" unit="dollars">2</measure></cell>
               <cell><measure commodity="currency" quantity="00" unit="cents">00</measure></cell>
               <cell/>
               <cell/>
            </row>
            <row xml:id="p222_42">
               <cell>538</cell>
               <cell><date when="1850-04-26">26</date></cell>
               <cell/>
               <cell/>
               <cell/>
               <cell/>
            </row>
            <row xml:id="p222_43">
               <cell/>
               <cell><name type="person" ref="pers_WCDH118">Wheaton Wheeler</name>
                  <choice rend="align(right)">
                     <abbr>D</abbr>
                     <expan>Debtor</expan>
                  </choice></cell>
               <cell/>
               <cell/>
               <cell/>
               <cell/>
            </row>
            <row xml:id="p222_44">
               <cell/>
               <cell>To <measure commodity="meat" quantity="9.5" unit="pounds">9 ½ lb sausage meat</measure></cell>
               <cell/>
               <cell><measure commodity="currency" quantity="95" unit="cents">95</measure></cell>
               <cell/>
               <cell/>
            </row>
            <row xml:id="p222_45">
               <cell/>
               <cell/>
               <cell/>
               <cell/>
               <cell/>
               <cell/>
            </row>
            <row xml:id="p222_46">
               <cell>Did to ballance</cell>
               <cell><name type="person" ref="pers_WCDH293">Thomas Elms</name>
                  <choice rend="align(right)">
                     <abbr>D</abbr>
                     <expan>Debtor</expan>
                  </choice></cell>
               <cell/>
               <cell/>
               <cell/>
               <cell/>
            </row>
            <row xml:id="p222_47">
               <cell/>
               <cell>To <measure commodity="parsnips" quantity=".5" unit="bushels">½ bush.
                     parsnips</measure>  4/</cell>
               <cell/>
               <cell><measure commodity="currency" quantity="33" unit="cents">33</measure></cell>
               <cell/>
               <cell/>
            </row>
            <row xml:id="p222_48">
               <cell/>
               <cell><date when="1850-04-27">27</date></cell>
               <cell/>
               <cell/>
               <cell/>
               <cell/>
            </row>
            <row xml:id="p222_49">
               <cell>74</cell>
               <cell><name type="person" ref="pers_WCDH694">James Wrigley</name>
                  <choice rend="align(right)">
                     <abbr>Dr</abbr>
                     <expan>Debtor</expan>
                  </choice></cell>
               <cell/>
               <cell/>
               <cell/>
               <cell/>
            </row>
            <row xml:id="p222_50">
               <cell/>
               <cell>To <name type="account" ref="LMWcash">cash</name> lent</cell>
               <cell><measure commodity="currency" quantity="20" unit="dollars">20</measure></cell>
               <cell><measure commodity="curreny" quantity="00" unit="cents">00</measure></cell>
               <cell/>
               <cell/>
            </row>
            <row xml:id="p222_51">
               <cell>74</cell>
               <cell><date when="1850-04-29">29</date></cell>
               <cell/>
               <cell/>
               <cell/>
               <cell/>
            </row>
            <row xml:id="p222_52">
               <cell/>
               <cell><name type="person" ref="pers_WCDH694">James Wrigley</name>
                  <choice rend="align(right)">
                     <abbr>D</abbr>
                     <expan>Debtor</expan>
                  </choice></cell>
               <cell/>
               <cell/>
               <cell/>
               <cell/>
            </row>
            <row xml:id="p222_53">
               <cell/>
               <cell>To <measure commodity="ham" quantity="13" unit="pounds">13lbs Ham shoulders</measure> x8</cell>
               <cell><measure commodity="currency" quantity="1" unit="dollars">1</measure></cell>
               <cell><measure commodity="currency" quantity="04" unit="cents">04</measure></cell>
               <cell/>
               <cell/>
            </row>
            <row xml:id="p222_54">
               <cell>528</cell>
               <cell><name type="person" ref="pers_WCDH601">Wm. J. Sweet</name><choice rend="align(right)">
                     <abbr>D</abbr>
                     <expan>Debtor</expan>
                  </choice></cell>
               <cell/>
               <cell/>
               <cell/>
               <cell/>
            </row>
            <row xml:id="p222_55">
               <cell/>
               <cell>To <measure commodity="ham" quantity="17.25" unit="pounds">17 ¼ lbs
                     Ham</measure> 10x</cell>
               <cell>1</cell>
               <cell>72</cell>
               <cell/>
               <cell/>
            </row>
            <row xml:id="p222_56">
               <cell/>
               <cell/>
               <cell/>
               <cell/>
               <cell/>
               <cell/>
            </row>
            <row xml:id="p222_57">
               <cell>76</cell>
               <cell>
                  <name type="person" ref="pers_WCDH475">James O. Messenger</name>
                  <choice rend="align(right)">
                     <abbr>D</abbr>
                     <expan>Debtor</expan>
                  </choice></cell>
               <cell/>
               <cell/>
               <cell/>
               <cell/>
            </row>
            <row xml:id="p222_58">
               <cell/>
               <cell>To <measure commodity="ham" quantity="14" unit="pounds">14lbs shoulder</measure> 8</cell>
               <cell><measure commodity="currency" quantity="1" unit="dollars">1</measure></cell>
               <cell><measure commodity="currency" quantity="12" unit="cents">12</measure></cell>
               <cell/>
               <cell/>
            </row>
            <row xml:id="p222_59">
               <cell/>
               <cell/>
               <cell/>
               <cell/>
               <cell/>
               <cell/>
            </row>
            <row xml:id="p222_60">
               <cell>538</cell>
               <cell><name type="person" ref="pers_WCDH118">Wheaton Wheeler</name>
                  <choice rend="align(right)">
                     <abbr>D</abbr>
                     <expan>Debtor</expan>
                  </choice></cell>
               <cell/>
               <cell/>
               <cell/>
               <cell/>
            </row>
            <row xml:id="p222_61">
               <cell/>
               <cell>To chop 36 x 14/ Shoulder 8 _ 1.16</cell>
               <cell><measure commodity="currency" quantity="1" unit="dollars">1</measure></cell>
               <cell><measure commodity="currency" quantity="52" unit="cents">52</measure></cell>
               <cell/>
               <cell/>
            </row>
         </table>
      </body>
   </text>
</TEI>
