<?xml version="1.0" encoding="UTF-8"?>
<?xml-model href="http://www.tei-c.org/release/xml/tei/custom/schema/relaxng/tei_all.rng" type="application/xml" schematypens="http://relaxng.org/ns/structure/1.0"?>
<?xml-model href="http://www.tei-c.org/release/xml/tei/custom/schema/relaxng/tei_all.rng" type="application/xml"
	schematypens="http://purl.oclc.org/dsdl/schematron"?>
<TEI xmlns="http://www.tei-c.org/ns/1.0">
   <teiHeader>
      <fileDesc>
         <titleStmt>
            <title>LMW Day Book, pp. 211-212</title>
            <author>L.M. Wheaton</author>
         </titleStmt>
         <publicationStmt>
            <p>Indication of work done and date, Wheaton College</p>
         </publicationStmt>
         <sourceDesc>
            <biblFull>
               <titleStmt>
                  <title>Account Books, pp.211-212</title>
                  <author>L.M. Wheaton</author>
                  <respStmt>
                     <resp> TEI-compatible XML markup by <name type="person">Tyana Craig</name>
                        with corrections by <name type="person">Name</name>, <name
                           type="person">Name</name>, and <name type="person">Name</name>.</resp>
                     <name type="person">Name</name>
                  </respStmt>
               </titleStmt>
               <publicationStmt>
                  <p>Indication of work done and date 03/09/16, Wheaton College</p>
               </publicationStmt>
               <sourceDesc>
                  <p> From the Marion B. Gebbie Archives and Special Collections at the Madeleine
                     Clark Wallace Library, Wheaton College </p>
               </sourceDesc>
            </biblFull>
         </sourceDesc>
      </fileDesc>
   </teiHeader>
   <text>
      <body>
         <pb n="211"/>
         <fw type="pageNum">211</fw>
         <table xml:id="p205" cols="6">
            <head>Friday <date when="1847-12-15">December 15th 1848</date></head>
            <row xml:id="p211_01">
               <cell/>
               <cell/>
               <cell/>
               <cell/>
               <cell/>
               <cell/>
            </row>
            <row xml:id="p211_02">
               <cell>534</cell>
               <cell><name type="person" ref="pers_WCDH156">Stephen Bailey</name>
                  <choice rend="align(right)">
                     <expan>D</expan>
                     <expan>debtor</expan>
                  </choice></cell>
               <cell/>
               <cell/>
               <cell/>
               <cell/>
            </row>
            <row xml:id="p211_03">
               <cell/>
               <cell>To<measure commodity="beef" quantity="51" unit="pounds">51 1/2 lb. Beef</measure></cell>
               <cell><measure commodity="currency" quantity="3" unit="dollars">3</measure></cell>
               <cell><measure commodity="currency" quantity="09" unit="cents">09</measure></cell>
               <cell/>
               <cell/>
            </row>
            <row xml:id="p211_04">
               <cell>Settled</cell>
               <cell><date when="1848-12-27">27</date></cell>
               <cell/>
               <cell/>
               <cell/>
               <cell/>
            </row>
            <row xml:id="p211_05">
               <cell/>
               <cell><name type="person" ref="pers_WCDH205">Westley Brown</name>
                  <choice rend="align(right)">
                     <abbr>D</abbr>
                     <expan>debtor</expan>
                  </choice></cell>
               <cell/>
               <cell/>
               <cell/>
               <cell/>
            </row>
            <row xml:id="p211_06">
               <cell/>
               <cell>To <measure commodity="beef" quantity="1">1 Beef Rye of 6/</measure>
               </cell>
               <cell><measure commodity="currency" quantity="1" unit="dollars">1</measure></cell>
               <cell/>
               <cell/>
               <cell/>
            </row>
            <row xml:id="p211_07">
               <cell/>
               <cell><date when="1849-01-06">6th</date></cell>
               <cell/>
               <cell/>
               <cell/>
               <cell/>
            </row>
            <row xml:id="p211_08">
               <cell/>
               <cell>"By cash 1/6</cell>
               <cell/>
               <cell><measure commodity="currency" quantity="25" unit="cents">25</measure></cell>
               <cell/>
               <cell/>
            </row>
            <row xml:id="p211_09">
               <cell>536</cell>
               <cell><name type="person" ref="pers_WCDH702">Wm Wrigley</name>
                  <choice rend="align(right)">
                     <abbr>D</abbr>
                     <expan>debtor</expan>
                  </choice></cell>
               <cell/>
               <cell/>
               <cell/>
               <cell/>
            </row>
            <row xml:id="p211_10">
               <cell/>
               <cell>To <measure commodity="lumber" quantity="33" unit="feet">33 ft. hard
                  pine</measure></cell>
               <cell/>
               <cell><measure commodity="currency" quantity="99" unit="cents">99</measure></cell>
               <cell/>
               <cell/>
            </row>
            <row xml:id="p211_11">
               <cell/>
               <cell><measure commodity="lumber" quantity="125" unit="clapboards">"125
                     plained<!--?--> claboards 3 <!--cent sign--></measure>
               </cell>
               <cell><measure commodity="currency" quantity="3" unit="dollars">3</measure></cell>
               <cell><measure commodity="currency" quantity="75" unit="cents">75</measure></cell>
               <cell/>
               <cell/>
            </row>
            <row xml:id="p211_12">
               <cell/>
               <cell><measure commodity="cement" quantity="1/2" unit="pounds">"½ lb. cement
                  6/9</measure></cell>
               <cell><measure commodity="currency" quantity="1" unit="dollars">1</measure></cell>
               <cell><measure commodity="currency" quantity="13" unit="cents">13</measure></cell>
               <cell><measure commodity="currency" quantity="5" unit="dollars">5</measure></cell>
               <cell><measure commodity="currency" quantity="87" unit="cents">87</measure></cell>
            </row>
            <row xml:id="p211_13">
               <cell/>
               <cell/>
               <cell/>
               <cell/>
               <cell/>
               <cell/>
            </row>
            <row xml:id="p211_14">
               <cell>535</cell>
               <cell><name type="person" ref="pers_WCDH703">Wm H Wrigley</name>
                  <choice rend="align(right)">
                     <abbr>D</abbr>
                     <expan>debtor</expan>
                  </choice></cell>
               <cell/>
               <cell/>
               <cell/>
               <cell/>
            </row>
            <row xml:id="p211_15">
               <cell/>
               <cell>To paying of Williams</cell>
               <cell><measure commodity="currency" quantity="51" unit="dollars">51</measure></cell>
               <cell><measure commodity="currency" quantity="09" unit="cents">09</measure></cell>
               <cell/>
               <cell/>
            </row>
            <row xml:id="p211_16">
               <cell/>
               <cell/>
               <cell/>
               <cell/>
               <cell/>
               <cell/>
            </row>
            <row xml:id="p211_17">
               <cell>535</cell>
               <cell><name type="person" ref="pers_WCDH703">Wm H Wrigley</name>
                  <choice rend="align(right)">
                     <abbr>D</abbr>
                     <expan>debtor</expan>
                  </choice></cell>
               <cell/>
               <cell/>
               <cell/>
               <cell/>
            </row>
            <row xml:id="p211_18">
               <cell/>
               <cell>To store bill x</cell>
               <cell><measure commodity="currency" quantity="33" unit="dollars">33</measure></cell>
               <cell><measure commodity="currency" quantity="56" unit="cents">56</measure></cell>
               <cell/>
               <cell/>
            </row>
            <row xml:id="p211_19">
               <cell/>
               <cell/>
               <cell/>
               <cell/>
               <cell/>
               <cell/>
            </row>
            <row xml:id="p211_20">
               <cell>535</cell>
               <cell><name type="person" ref="pers_WCDH457">Zacheus Macomber</name>
                  <choice rend="align(right)">
                     <expan>D</expan>
                     <expan>debtor</expan>
                  </choice></cell>
               <cell/>
               <cell/>
               <cell/>
               <cell/>
            </row>
            <row xml:id="p211_21">
               <cell/>
               <cell>To old leather for belt</cell>
               <cell/>
               <cell><measure commodity="currency" quantity="58" unit="cents">58</measure></cell>
               <cell/>
               <cell/>
            </row>
            <row xml:id="p211_22">
               <cell>Settled</cell>
               <cell><name type="person" ref="pers_WCDH650">Wheaton Wheeler</name>
                  <choice rend="align(right)">
                     <abbr>C</abbr>
                     <expan>credit</expan>
                  </choice></cell>
               <cell/>
               <cell/>
               <cell/>
               <cell/>
            </row>
            <row xml:id="p211_23">
               <cell/>
               <cell>By<measure commodity="parts" unit="ounces"> 5-10 ozs. Parts</measure></cell>
               <cell/>
               <cell/>
               <cell/>
               <cell/>
            </row>
            <row xml:id="p211_24">
               <cell/>
               <cell/>
               <cell/>
               <cell/>
               <cell/>
               <cell/>
            </row>
            <row xml:id="p211_25">
               <cell>Settled</cell>
               <cell><name type="person" ref="v">Sarah Putnam?</name>
                  <choice rend="align(right)">
                     <abbr>Cr</abbr>
                     <expan>credit</expan>
                  </choice></cell>
               <cell/>
               <cell/>
               <cell/>
               <cell/>
            </row>
            <row xml:id="p211_26">
               <cell/>
               <cell>By<measure commodity="butter" quantity="2.5" unit="pounds">2 ½ lb
                     butter</measure>
               </cell>
               <cell/>
               <cell/>
               <cell/>
               <cell/>
            </row>
            <row xml:id="p211_27">
               <cell>301</cell>
               <cell><date when="1849-01-03">Jan. 3 1849</date></cell>
               <cell/>
               <cell/>
               <cell/>
               <cell/>
            </row>
            <row xml:id="p211_28">
               <cell/>
               <cell><name type="person" ref="pers_WCDH082">Benjamin Rounds</name><choice rend="align(right)">
                     <abbr>D</abbr>
                     <expan>debtor</expan>
                  </choice></cell>
               <cell/>
               <cell/>
               <cell/>
               <cell/>
            </row>
            <row xml:id="p211_29">
               <cell/>
               <cell>To Buffalo skin</cell>
               <cell><measure commodity="currency" quantity="5" unit="dollars">5</measure></cell>
               <cell/>
               <cell/>
               <cell/>
            </row>
            <row xml:id="p211_30">
               <cell>535</cell>
               <cell><date when="1849-01-05">5</date></cell>
               <cell/>
               <cell/>
               <cell/>
               <cell/>
            </row>
            <row xml:id="p211_31">
               <cell/>
               <cell><name type="person" ref="pers_WCDH703">William H Wrigley</name>
                  <choice rend="align(right)">
                     <abbr>D</abbr>
                     <expan>debtor</expan>
                  </choice></cell>
               <cell/>
               <cell/>
               <cell/>
               <cell/>
            </row>
            <row xml:id="p211_32">
               <cell/>
               <cell>To paying for MC. antonys bia</cell>
               <cell/>
               <cell><measure commodity="currency" quantity="58" unit="cents">58</measure></cell>
               <cell/>
               <cell/>
            </row>
            <row xml:id="p211_33">
               <cell>Settled</cell>
               <cell><date when="1849-01-09">9</date></cell>
               <cell/>
               <cell/>
               <cell/>
               <cell/>
            </row>
            <row xml:id="p211_34">
               <cell/>
               <cell><name type="person" ref="pers_WCDH205">Westly Brown</name>
                  <choice rend="align(right)">
                     <abbr>D</abbr>
                     <expan>debtor</expan>
                  </choice></cell>
               <cell/>
               <cell/>
               <cell/>
               <cell/>
            </row>
            <row xml:id="p211_35">
               <cell/>
               <cell>To<name type="account" ref="LMWcash">cash</name><measure commodity="currency"
                     quantity="4" unit="dollars">four Dollars</measure></cell>
               <cell><measure commodity="currency" quantity="4" unit="dollars">4</measure></cell>
               <cell/>
               <cell/>
               <cell/>
            </row>
            <row xml:id="p211_36">
               <cell>51</cell>
               <cell><date when="1849-01-11">11</date></cell>
               <cell/>
               <cell/>
               <cell/>
               <cell/>
            </row>
            <row xml:id="p211_37">
               <cell/>
               <cell><name type="person" ref="pers_WCDH584">Dwight Stone</name>
                  <choice rend="align(right)">
                     <abbr>D</abbr>
                     <expan>debtor</expan>
                  </choice></cell>
               <cell/>
               <cell/>
               <cell/>
               <cell/>
            </row>
            <row xml:id="p211_38">
               <cell/>
               <cell>Delivered w/ the key to house</cell>
               <cell/>
               <cell/>
               <cell/>
               <cell/>
            </row>
            <row xml:id="p211_39">
               <cell/>
               <cell>this day </cell>
               <cell/>
               <cell/>
               <cell/>
               <cell/>
            </row>
            <row xml:id="p211_40">
               <cell>535</cell>
               <cell><name type="person" ref="pers_WCDH703">Wm H. Wrigly</name>
                  <choice rend="align(right)">
                     <abbr>D</abbr>
                     <expan>debtor</expan>
                  </choice></cell>
               <cell/>
               <cell/>
               <cell/>
               <cell/>
            </row>
            <row xml:id="p211_41">
               <cell/>
               <cell>To paying Zach H. Anthony</cell>
               <cell><measure commodity="currency" quantity="34" unit="dollars">34</measure></cell>
               <cell><measure commodity="currency" quantity="97" unit="cents">97</measure></cell>
               <cell/>
               <cell/>
            </row>
            <row xml:id="p211_42">
               <cell/>
               <cell/>
               <cell/>
               <cell/>
               <cell/>
               <cell/>
            </row>
            <row xml:id="p211_43">
               <cell>535</cell>
               <cell><name type="person" ref="pers_WCDH703">Wm H. Wrigley</name>
                  <choice rend="align(right)">
                     <abbr>D</abbr>
                     <expan>debtor</expan>
                  </choice></cell>
               <cell/>
               <cell/>
               <cell/>
               <cell/>
            </row>
            <row xml:id="p211_44">
               <cell/>
               <cell>To <measure commodity="currency" quantity="25" unit="dollars">twenty five dollar</measure></cell>
               <cell><measure commodity="currency" quantity="25" unit="dollars">25</measure></cell>
               <cell><measure commodity="currency" quantity="00" unit="cents">00</measure></cell>
               <cell/>
               <cell/>
            </row>
            <row xml:id="p211_45">
               <cell/>
               <cell/>
               <cell/>
               <cell/>
               <cell/>
               <cell/>
            </row>
            <row xml:id="p211_46">
               <cell>534</cell>
               <cell><name type="person" ref="pers_WCDH156">Stephen Bailey</name>
                  <choice rend="align(right)">
                     <abbr>D</abbr>
                     <expan>debtor</expan>
                  </choice></cell>
               <cell/>
               <cell/>
               <cell/>
               <cell/>
            </row>
            <row xml:id="p211_47">
               <cell/>
               <cell>To<measure commodity="beef" quantity=".5" unit="pounds">½ Beef, Potatoes
                     3/$4.00</measure>
               </cell>
               <cell/>
               <cell><measure commodity="currency" quantity="25" unit="cents">25</measure></cell>
               <cell/>
               <cell/>
            </row>
            <row xml:id="p211_48">
               <cell/>
               <cell><measure commodity="lumber" quantity="23.75" unit="feet">"23 ¼ ft wood
                  </measure></cell>
               <cell><measure commodity="currency" quantity="2" unit="dollars">2</measure></cell>
               <cell><measure commodity="currency" quantity="00" unit="cents">00</measure></cell>
               <cell/>
               <cell/>
            </row>
            <row xml:id="p211_49">
               <cell/>
               <cell>"<name type="account" ref="LMWcash">cash</name><measure commodity="currency"
                     quantity="70" unit="dollars">seventy dollars</measure></cell>
               <cell><measure commodity="currency" quantity="70" unit="dollars">70</measure></cell>
               <cell><measure commodity="currency" quantity="00" unit="cents">00</measure></cell>
               <cell><measure commodity="currency" quantity="72" unit="dollars">72</measure></cell>
               <cell><measure commodity="currency" quantity="25" unit="cents">25</measure></cell>
            </row>
            <row xml:id="p211_50">
               <cell>355</cell>
               <cell><date when="1849-01-16">16.</date></cell>
               <cell/>
               <cell/>
               <cell/>
               <cell/>
            </row>
            <row xml:id="p211_51">
               <cell/>
               <cell><name type="person" ref="pers_WCDH118">Wheaton Wheelor</name>
                  <choice rend="align(right)">
                     <abbr>D</abbr>
                     <expan>debtor</expan>
                  </choice></cell>
               <cell/>
               <cell/>
               <cell/>
               <cell/>
            </row>
            <row xml:id="p211_52">
               <cell/>
               <cell>To<measure commodity="potatoes" quantity=".5" unit="bushels"> ½ buss. Potatoes
                  </measure></cell>
               <cell/>
               <cell/>
               <cell/>
               <cell/>
            </row>
            <row xml:id="p211_53">
               <cell/>
               <cell/>
               <cell/>
               <cell/>
               <cell/>
               <cell/>
            </row>
            <row xml:id="p211_54">
               <cell>534</cell>
               <cell><name type="person" ref="pers_WCDH156">Stephen Bailey</name>
                  <choice rend="align(right)">
                     <abbr>D</abbr>
                     <expan>debtor</expan>
                  </choice></cell>
               <cell/>
               <cell/>
               <cell/>
               <cell/>
            </row>
            <row xml:id="p211_55">
               <cell/>
               <cell>To<measure commodity="potatoes" quantity=".5" unit="bushels">½ Buss Potatoes
                     3/</measure>
               </cell>
               <cell/>
               <cell><measure commodity="currency" quantity="25" unit="cents">25</measure></cell>
               <cell/>
               <cell/>
            </row>
            <row xml:id="p211_56">
               <cell>511</cell>
               <cell><date when="1849-01-18">18</date></cell>
               <cell/>
               <cell/>
               <cell/>
               <cell/>
            </row>
            <row xml:id="p211_57">
               <cell/>
               <cell><name type="person" ref="pers_WCDH180">Otis Blandin</name>
                  <choice rend="align(right)">
                     <abbr>D</abbr>
                     <expan>debtor</expan>
                  </choice></cell>
               <cell/>
               <cell/>
               <cell/>
               <cell/>
            </row>
            <row xml:id="p211_58">
               <cell/>
               <cell>By work at Center Mills</cell>
               <cell><measure commodity="currency" quantity="7" unit="dollars">7</measure></cell>
               <cell><measure commodity="currency" quantity="23" unit="cents">23</measure></cell>
               <cell/>
               <cell/>
            </row>
            <row xml:id="p211_59">
               <cell/>
               <cell/>
               <cell/>
               <cell/>
               <cell/>
               <cell/>
            </row>
            <row xml:id="p211_60">
               <cell> 76</cell>
               <cell><name type="person" ref="pers_WCDH478">? O. Mefsinger</name>
                  <choice rend="align(right)">
                     <abbr>D</abbr>
                     <expan>debtor</expan>
                  </choice></cell>
               <cell/>
               <cell/>
               <cell/>
               <cell/>
            </row>
            <row xml:id="p211_61">
               <cell/>
               <cell>To due from Center Mills</cell>
               <cell><measure commodity="currency" quantity="19" unit="dollars">19</measure></cell>
               <cell><measure commodity="currency" quantity="01" unit="cents">01</measure></cell>
               <cell/>
               <cell/>
            </row>
            <row xml:id="p211_62">
               <cell/>
               <cell/>
               <cell/>
               <cell/>
               <cell/>
               <cell/>
            </row>
         </table>
         <pb n="212"/>
         <fw type="pageNum">212</fw>
         <table xml:id="p212" cols="6">
            <head>Monday <date when="1849-01-21">Janry 21 st 1849</date></head>
            <row xml:id="p212_01">
               <cell/>
               <cell/>
               <cell>$</cell>
               <cell>cts.</cell>
               <cell>$</cell>
               <cell>cts.</cell>
            </row>
            <row xml:id="p212_02">
               <cell>355</cell>
               <cell><name type="person" ref="pers_WCDH118">Wheaton Wheeler</name>
                  <choice rend="align(right)">
                     <abbr>D</abbr>
                     <expan>Debtor</expan>
                  </choice></cell>
               <cell/>
               <cell/>
               <cell/>
               <cell/>
            </row>
            <row xml:id="p212_03">
               <cell/>
               <cell>To account at Center Mills</cell>
               <cell><measure commodity="currency" quantity="10" unit="dollars">10</measure></cell>
               <cell><measure commodity="currency" quantity="20" unit="cents">20</measure></cell>
               <cell/>
               <cell/>
            </row>
            <row xml:id="p212_04">
               <cell/>
               <cell/>
               <cell/>
               <cell/>
               <cell/>
               <cell/>
            </row>
            <row xml:id="p212_05">
               <cell>534</cell>
               <cell><name type="person" ref="pers_WCDH156">Stephen Bailey</name>
                  <choice rend="align(right)">
                     <abbr>D</abbr>
                     <expan>Debtor</expan>
                  </choice></cell>
               <cell/>
               <cell/>
               <cell/>
               <cell/>
            </row>
            <row xml:id="p212_06">
               <cell/>
               <cell/>
               <cell><measure commodity="currency" quantity="1" unit="dollars">1</measure></cell>
               <cell><measure commodity="currency" quantity="38" unit="cents">38</measure></cell>
               <cell/>
               <cell/>
            </row>
            <row xml:id="p212_07">
               <cell>Settled</cell>
               <cell><name type="person" ref="v">George R. Leonard?</name>
                  <choice rend="align(right)">
                     <abbr>Dr</abbr>
                     <expan>Debtor</expan>
                  </choice></cell>
               <cell/>
               <cell/>
               <cell/>
               <cell/>
            </row>
            <row xml:id="p212_08">
               <cell/>
               <cell>To account at Center Mills</cell>
               <cell/>
               <cell/>
               <cell/>
               <cell/>
            </row>
            <row xml:id="p212_09">
               <cell/>
               <cell> cr at 10x</cell>
               <cell/>
               <cell><measure commodity="currency" quantity="72" unit="cents">72</measure></cell>
               <cell/>
               <cell/>
            </row>
            <row xml:id="p212_10">
               <cell/>
               <cell>By carting 68 baley to Prov. 208 cash 14 144lbs</cell>
               <cell><measure commodity="currency" quantity="14" unit="dollars">14</measure></cell>
               <cell><measure commodity="currency" quantity="14" unit="cents">14</measure></cell>
               <cell/>
               <cell/>
            </row>
            <row xml:id="p212_11">
               <cell/>
               <cell/>
               <cell/>
               <cell/>
               <cell/>
               <cell/>
            </row>
            <row xml:id="p212_12">
               <cell>536</cell>
               <cell><name type="person" ref="pers_WCDH703">Wm H. Wrigley</name>
                  <choice rend="align(right)">
                     <abbr>D</abbr>
                     <expan>Debtor</expan>
                  </choice></cell>
               <cell/>
               <cell/>
               <cell/>
               <cell/>
            </row>
            <row xml:id="p212_13">
               <cell/>
               <cell>To paying Wm G. Sweet</cell>
               <cell><measure commodity="currency" quantity="27" unit="dollars">27</measure></cell>
               <cell><measure commodity="currency" quantity="87" unit="cents">87</measure></cell>
               <cell/>
               <cell/>
            </row>
            <row xml:id="p212_14">
               <cell/>
               <cell>" " R.W. Hodgy</cell>
               <cell/>
               <cell><measure commodity="currency" quantity="75" unit="cents">75</measure></cell>
               <cell/>
               <cell/>
            </row>
            <row xml:id="p212_15">
               <cell/>
               <cell>" " Mason Yozerman</cell>
               <cell><measure commodity="currency" quantity="11" unit="dollars">11</measure></cell>
               <cell><measure commodity="currency" quantity="50" unit="cents">50</measure></cell>
               <cell><measure commodity="currency" quantity="40" unit="dollars">40</measure></cell>
               <cell><measure commodity="currency" quantity="12" unit="cents">12</measure></cell>
            </row>
            <row xml:id="p212_16">
               <cell>536</cell>
               <cell><name type="person" ref="v">R.W. Hodgy over  ?? Wrigly</name>
                  <choice rend="align(right)">
                     <abbr>Cr</abbr>
                     <expan>Credit</expan>
                  </choice></cell>
               <cell/>
               <cell><measure commodity="currency" quantity="75" unit="cents">75</measure></cell>
               <cell/>
               <cell/>
            </row>
            <row xml:id="p212_21">
               <cell>355</cell>
               <cell><name type="person" ref="pers_WCDH650">Wheaton Wheeler</name>
                  <choice rend="align(right)">
                     <abbr>D</abbr>
                     <expan>Debtor</expan>
                  </choice></cell>
               <cell/>
               <cell/>
               <cell/>
               <cell/>
            </row>
            <row xml:id="p212_22">
               <cell/>
               <cell>To<measure commodity="lumber" quantity="4.5" unit="feet"> 4 ½ ft. hard wood
                     4.00</measure></cell>
               <cell/>
               <cell/>
               <cell/>
               <cell/>
            </row>
            <row xml:id="p212_23">
               <cell/>
               <cell>"<measure commodity="lumber" quantity="4" unit="feet">4ft. 20.</measure>
               </cell>
               <cell><measure commodity="currency" quantity="4" unit="dollars">4</measure></cell>
               <cell><measure commodity="currency" quantity="25" unit="cents">25</measure></cell>
               <cell/>
               <cell/>
            </row>
            <row xml:id="p212_24">
               <cell>534</cell>
               <cell><name type="person" ref="pers_WCDH156">Stephen Bailey</name>
                  <choice rend="align(right)">
                     <abbr>D</abbr>
                     <expan>Debtor</expan>
                  </choice></cell>
               <cell/>
               <cell/>
               <cell/>
               <cell/>
            </row>
            <row xml:id="p212_25">
               <cell/>
               <cell>To<measure commodity="lumber" quantity="7.75" unit="feet">two cards 7 ¼ ft.
                     hard wood 400</measure>
               </cell>
               <cell><measure commodity="currency" quantity="11" unit="dollars">11</measure></cell>
               <cell><measure commodity="currencyy" quantity="50" unit="cents">50</measure></cell>
               <cell/>
               <cell/>
            </row>
            <row xml:id="p212_26">
               <cell>76</cell>
               <cell><date when="1849-01-31">31</date></cell>
               <cell/>
               <cell/>
               <cell/>
               <cell/>
            </row>
            <row xml:id="p212_27">
               <cell/>
               <cell><name type="person" ref="pers_WCDH478">? O. Mefsinger</name>
                  <choice rend="align(right)">
                     <abbr>D</abbr>
                     <expan>Debtor</expan>
                  </choice></cell>
               <cell/>
               <cell/>
               <cell/>
               <cell/>
            </row>
            <row xml:id="p212_28">
               <cell/>
               <cell>To chk. on Attleboro. bank</cell>
               <cell><measure commodity="currency" quantity="50" unit="dollars">50</measure></cell>
               <cell><measure commodity="currency" quantity="00" unit="cents">00</measure></cell>
               <cell/>
               <cell/>
            </row>
            <row xml:id="p212_29">
               <cell/>
               <cell/>
               <cell/>
               <cell/>
               <cell/>
               <cell/>
            </row>
            <row xml:id="p212_30">
               <cell>355</cell>
               <cell><name type="person" ref="pers_WCDH650">Wheaton Wheeler</name>
                  <choice rend="align(right)">
                     <abbr>D</abbr>
                     <expan>Debtor</expan>
                  </choice></cell>
               <cell/>
               <cell/>
               <cell/>
               <cell/>
            </row>
            <row xml:id="p212_31">
               <cell/>
               <cell>To<measure commodity="rye" quantity=".5" unit="bushels">½ Buss. Rye meal
                     6/</measure>
               </cell>
               <cell/>
               <cell><measure commodity="currency" quantity="50" unit="cents">50</measure></cell>
               <cell/>
               <cell/>
            </row>
            <row xml:id="p212_32">
               <cell>settled</cell>
               <cell><date when="1849-05-02">May. 2</date></cell>
               <cell/>
               <cell/>
               <cell/>
               <cell/>
            </row>
            <row xml:id="p212_34">
               <cell/>
               <cell><name type="person" ref="pers_WCDH032">Westley Brows</name>
                  <choice rend="align(right)">
                     <abbr>D</abbr>
                     <expan>Debtor</expan>
                  </choice></cell>
               <cell/>
               <cell/>
               <cell/>
               <cell/>
            </row>
            <row xml:id="p212_35">
               <cell/>
               <cell>To <name type="account" ref="LMWcash">cash</name> 6/7</cell>
               <cell><measure commodity="currency" quantity="1" unit="dollars">1</measure></cell>
               <cell><measure commodity="currency" quantity="00" unit="cents">00</measure></cell>
               <cell/>
               <cell/>
            </row>
            <row xml:id="p212_36">
               <cell/>
               <cell/>
               <cell/>
               <cell/>
               <cell/>
               <cell/>
            </row>
            <row xml:id="p212_37">
               <cell>534</cell>
               <cell><name type="person" ref="pers_WCDH156">Stephen Bailey</name>
                  <choice rend="align(right)">
                     <abbr>D</abbr>
                     <expan>Debtor</expan>
                  </choice></cell>
               <cell/>
               <cell/>
               <cell/>
               <cell/>
            </row>
            <row xml:id="p212_38">
               <cell/>
               <cell>To<measure commodity="potatoes" quantity="1" unit="bushels">1 Bushel potatoes
                     4/</measure>
               </cell>
               <cell/>
               <cell><measure commodity="currency" quantity="33" unit="cents">33</measure></cell>
               <cell/>
               <cell/>
            </row>
            <row xml:id="p212_39">
               <cell/>
               <cell/>
               <cell/>
               <cell/>
               <cell/>
               <cell/>
            </row>
            <row xml:id="p212_40">
               <cell>Settled</cell>
               <cell><name type="person" ref="v">Sam Athahm??</name>
                  <choice rend="align(right)">
                     <abbr>D</abbr>
                     <expan>Debtor</expan>
                  </choice></cell>
               <cell/>
               <cell/>
               <cell/>
               <cell/>
            </row>
            <row xml:id="p212_41">
               <cell/>
               <cell>To paying his ?? bill attorney</cell>
               <cell><measure commodity="currency" quantity="2" unit="dollars">2</measure></cell>
               <cell><measure commodity="currency" quantity="22" unit="cents">22</measure></cell>
               <cell/>
               <cell/>
            </row>
            <row xml:id="p212_42">
               <cell>355</cell>
               <cell><date when="1849-02-10">10</date></cell>
               <cell/>
               <cell/>
               <cell/>
               <cell/>
            </row>
            <row xml:id="p212_43">
               <cell/>
               <cell><name type="person" ref="pers_WCDH650">Wheaton Wheeler</name>
                  <choice rend="align(right)">
                     <abbr>Dr</abbr>
                     <expan>Debtor</expan>
                  </choice></cell>
               <cell/>
               <cell/>
               <cell/>
               <cell/>
            </row>
            <row xml:id="p212_44">
               <cell/>
               <cell>To <name type="account" ref="LMWcash">cash</name><measure commodity="currency" quantity="10" unit="dollars">ten dollars</measure></cell>
               <cell><measure commodity="currency" quantity="10" unit="dollars">10</measure></cell>
               <cell><measure commodity="currency" quantity="00" unit="cents">00</measure></cell>
               <cell/>
               <cell/>
            </row>
            <row xml:id="p212_45">
               <cell/>
               <cell>"<measure commodity="potatoes" quantity=".5" unit="bushels">½ buss
                     potatoes</measure>
               </cell>
               <cell/>
               <cell><measure commodity="currency" quantity="30" unit="cents">30</measure></cell>
               <cell/>
               <cell/>
            </row>
            <row xml:id="p212_46">
               <cell>Settled</cell>
               <cell><name type="person" ref="pers_WCDH373">Linus Howard</name>
                  <choice rend="align(right)">
                     <abbr>D</abbr>
                     <expan>Debtor</expan>
                  </choice></cell>
               <cell/>
               <cell/>
               <cell/>
               <cell/>
            </row>
            <row xml:id="p212_47">
               <cell/>
               <cell>To<measure commodity="lumber" quantity="5" unit="feet">5 ft. hard wood
                     425</measure>
               </cell>
               <cell><measure commodity="currency" quantity="2" unit="dollars">2</measure></cell>
               <cell><measure commodity="currency" quantity="65" unit="cents">65</measure></cell>
               <cell/>
               <cell/>
            </row>
            <row xml:id="p212_48">
               <cell/>
               <cell><date when="1849-03-04">March 4</date></cell>
               <cell/>
               <cell/>
               <cell/>
               <cell/>
            </row>
            <row xml:id="p212_49">
               <cell>Settled</cell>
               <cell><name type="person" ref="pers_WCDH032">S. A. Chapin</name>
                  <choice rend="align(right)">
                     <abbr>D</abbr>
                     <expan>Debtor</expan>
                  </choice></cell>
               <cell/>
               <cell/>
               <cell/>
               <cell/>
            </row>
            <row xml:id="p212_50">
               <cell/>
               <cell>To<measure commodity="milk" quantity="66.5" unit="quartz"> 66 ½ qts milk
                     4</measure></cell>
               <cell><measure commodity="currency" quantity="2" unit="dollars">2</measure></cell>
               <cell><measure commodity="currency" quantity="66" unit="cents">66</measure></cell>
               <cell/>
               <cell/>
            </row>
            <row xml:id="p212_51">
               <cell>530</cell>
               <cell><date when="1849-02-26">26</date></cell>
               <cell/>
               <cell/>
               <cell/>
               <cell/>
            </row>
            <row xml:id="p212_52">
               <cell/>
               <cell><name type="person" ref="pers_WCDH474">Walter Mc.Saughton</name>
                  <choice rend="align(right)">
                     <abbr>Dr</abbr>
                     <expan>Debtor</expan>
                  </choice></cell>
               <cell/>
               <cell/>
               <cell/>
               <cell/>
            </row>
            <row xml:id="p212_53">
               <cell/>
               <cell>To <name type="account" ref="LMWcash">cash</name><measure commodity="currency"
                     quantity="30" unit="dollars">thirty dollars</measure></cell>
               <cell><measure commodity="currency" quantity="30" unit="dollars">30</measure></cell>
               <cell><measure commodity="currency" quantity="00" unit="cents">00</measure></cell>
               <cell/>
               <cell/>
            </row>
            <row xml:id="p212_55">
               <cell>536</cell>
               <cell><name type="person" ref="pers_WCDH703">Wm. The Wrigley</name>
                  <choice rend="align(right)">
                     <abbr>D</abbr>
                     <expan>Debtor</expan>
                  </choice></cell>
               <cell/>
               <cell/>
               <cell/>
               <cell/>
            </row>
            <row xml:id="p212_56">
               <cell/>
               <cell>To paying Henry Hunters horder</cell>
               <cell><measure commodity="currency" quantity="26" unit="dollars">26</measure></cell>
               <cell><measure commodity="currency" quantity="10" unit="cents">10</measure></cell>
               <cell/>
               <cell/>
            </row>
            <row xml:id="p212_58">
               <cell>settled</cell>
               <cell><name type="person" ref="pers_WCDH032">Samuel A. Chapin</name>
                  <choice rend="align(right)">
                     <abbr>D</abbr>
                     <expan>Debtor</expan>
                  </choice></cell>
               <cell/>
               <cell/>
               <cell/>
               <cell/>
            </row>
            <row xml:id="p212_59">
               <cell/>
               <cell>To<measure commodity="potatoes" quantity="1" unit="bushels">1 buss. snow
                     potatoes</measure>
               </cell>
               <cell><measure commodity="currency" quantity="1" unit="dollars">1</measure></cell>
               <cell><measure commodity="currency" quantity="00" unit="cents">00</measure></cell>
               <cell/>
               <cell/>
            </row>
            <row xml:id="p212_60">
               <cell>settled</cell>
               <cell><date when="1849-03-03">March 3</date></cell>
               <cell/>
               <cell/>
               <cell/>
               <cell/>
            </row>
            <row xml:id="p212_61">
               <cell/>
               <cell><name type="person" ref="pers_WCDH032">Westley Brown</name>
                  <choice rend="align(right)">
                     <abbr>D</abbr>
                     <expan>Debtor</expan>
                  </choice></cell>
               <cell/>
               <cell/>
               <cell/>
               <cell/>
            </row>
            <row xml:id="p212_62">
               <cell/>
               <cell>To<date when="1849-03-18">march 18/</date>
               </cell>
               <cell><measure commodity="currency" quantity="3" unit="dollars">3</measure></cell>
               <cell><measure commodity="currency" quantity="00" unit="cents">00</measure></cell>
               <cell/>
               <cell/>
            </row>
            <row xml:id="p212_63">
               <cell/>
               <cell><measure commodity="rye" quantity=".5" unit="bushels">½ buss. rye</measure>
                  <date when="1849-07-20">july 20th 6</date></cell>
               <cell/>
               <cell><measure commodity="currency" quantity="50" unit="cents">50</measure></cell>
               <cell/>
               <cell/>
            </row>
         </table>
      </body>
   </text>
</TEI>