<?xml version="1.0" encoding="UTF-8"?>
<?oxygen RNGSchema="http://www.tei-c.org/release/xml/tei/custom/schema/relaxng/tei_all.rng" type="xml"?>
<TEI xmlns="http://www.tei-c.org/ns/1.0">
 <teiHeader>
  <fileDesc>
   <titleStmt>
                <title>LMW Day Book, pp. 002-003</title>
                <author>L.M. Wheaton</author>
            </titleStmt>
   <publicationStmt>
    <p>Indication of work done and date, Wheaton College</p>
   </publicationStmt>
   <sourceDesc>
    <biblFull>
     <titleStmt>
                        <title>Account Books, pp.002-003</title>
                        <author>L.M. Wheaton</author>
                        <respStmt>
                            <resp> TEI-compatible XML markup by <name type="person">Bill Funk</name>
                                with corrections by <name type="person">Name</name>, <name
                                    type="person">Name</name>, and <name type="person"
                                >Name</name>.</resp>
                            <name type="person">Name</name>
                        </respStmt>
                    </titleStmt>
     <publicationStmt>
      <p>First Transcription and 3/8/2016, Wheaton College</p>
     </publicationStmt>
     <sourceDesc>
      <p> From the Marion B. Gebbie Archives and Special Collections at the Madeleine Clark Wallace
       Library, Wheaton College </p>
     </sourceDesc>
    </biblFull>
   </sourceDesc>
  </fileDesc>
 </teiHeader>
 <text>
  <body>
            <pb n="002"/>
            <fw type="pageNum">002</fw>
            <table xml:id="p001" cols="6">
                <head>Wednesday<date when="1828-10-29">Oct. 29th 1828</date></head>
                <row xml:id="p000_01">
                    <cell/>
                    <cell>
                        <name type="person" ref="name"/>
                        <choice rend="align(right)">
                            <abbr/>
                            <expan/>
                        </choice>
                    </cell>
                    <cell>$</cell>
                    <cell>cents</cell>
                    <cell>Sum $</cell>
                    <cell>Cts</cell>
                </row>
                <row xml:id="p000_02">
                    <cell>Settled</cell>
                    <cell><name type="person" ref="pers_WCDH629">James Walker</name></cell>
                    <cell/>
                    <cell/>
                    <cell/>
                    <cell/>
                </row>
                <row xml:id="p000_03">
                    <cell/>
                    <cell>By work from this day at $13.00 pr month</cell>
                    <cell/>
                    <cell/>
                    <cell/>
                    <cell/>
                </row>
                <row xml:id="p000_04">
                    <cell/>
                    <cell><date when="1828-10-30">30</date></cell>
                    <cell/>
                    <cell/>
                    <cell/>
                    <cell/>
                </row>
                <row xml:id="p000_05">
                    <cell>Settled</cell>
                    <cell>Amos Wilber</cell>
                    <cell/>
                    <cell/>
                    <cell/>
                    <cell/>
                </row>
                <row>
                    <cell/>
                    <cell>To<measure quantity="1" unit="bushel" commodity="potatoes">1 Buss. Potatoes 2/6</measure></cell>
                    <cell/>
                    <cell/>
                    <cell/>
                    <cell/>
                </row>
                <row>
                    <cell/>
                    <cell>" cash 6/</cell>
                    <cell><measure commodity="currency" quantity="1" unit="Dollars">1</measure></cell>
                    <cell><measure commodity="currency" quantity="42" unit="cents">42</measure></cell>
                    <cell/>
                    <cell/>
                </row>
                <row>
                    <cell/>
                    <cell><date when="1828-11-01">Nov. 1st 1828</date></cell>
                    <cell/>
                    <cell/>
                    <cell/>
                    <cell/>
                </row>
                <row>
                    <cell>Settled</cell>
                    <cell><name type="person" ref="pers_WCDH629">James Walker</name> left off work at noon</cell>
                    <cell/>
                    <cell/>
                    <cell/>
                    <cell/>
                </row>
                <row>
                    <cell>Settled</cell>
                    <cell>Amos Wilber </cell>
                    <cell/>
                    <cell/>
                    <cell/>
                    <cell/>
                </row>
                <row>
                    <cell/>
                    <cell>To an order upon <name type="person" ref="pers_WCDH167">D. Bates</name> for 6/</cell>
                    <cell><measure commodity="currency" quantity="1" unit="Dollars">1</measure></cell>
                    <cell><measure commodity="currency" quantity="00" unit="cents">00</measure></cell>
                    <cell/>
                    <cell/>
                </row>
                <row>
                    <cell>368</cell>
                    <cell><name type="person" ref="pers_WCDH574">Timothy Smith</name></cell>
                    <cell/>
                    <cell/>
                    <cell/>
                    <cell/>
                </row>
                <row>
                    <cell/>
                    <cell>To<measure quantity="1" unit="count" commodity="Ink Stand">1 ink Stand Iron returned</measure></cell>
                    <cell/>
                    <cell/>
                    <cell/>
                    <cell/>
                </row>
                <row>
                    <cell/>
                    <cell>" <measure quantity="1" unit="count" commodity="Day Book">1 Day Book</measure> 10/6</cell>
                    <cell><measure commodity="currency" quantity="1" unit="Dollars">1</measure></cell>
                    <cell><measure commodity="currency" quantity="75" unit="cents">75</measure></cell>
                    <cell/>
                    <cell/>
                </row>
                <row>
                    <cell>Settled</cell>
                    <cell>Amos Wilbur</cell>
                    <cell/>
                    <cell/>
                    <cell/>
                    <cell/>
                </row>
                <row>
                    <cell/>
                    <cell>To<measure quantity="3" unit="pecks" commodity="Rye">three pecks Rye 90t</measure></cell>
                    <cell/>
                    <cell><measure commodity="currency" quantity="68" unit="cents">68</measure></cell>
                    <cell/>
                    <cell/>
                </row>
                <row>
                    <cell/>
                    <cell><date when="1828-11-02">2</date></cell>
                    <cell/>
                    <cell/>
                    <cell/>
                    <cell/>
                </row>
                <row>
                    <cell>348</cell>
                    <cell><name type="person" ref="pers_WCDH251">Samuely Crocker</name></cell>
                    <cell/>
                    <cell/>
                    <cell/>
                    <cell/>
                </row>
                <row>
                    <cell/>
                    <cell>To sulkey to Tauton T pr ml.<!-- ? --></cell>
                    <cell/>
                    <cell><measure commodity="currency" quantity="67" unit="cents">67</measure></cell>
                    <cell/>
                    <cell/>
                </row>
                <row>
                    <cell>368</cell>
                    <cell><name type="person" ref="pers_WCDH574">Timothy Smith</name></cell>
                    <cell/>
                    <cell/>
                    <cell/>
                    <cell/>
                </row>
                <row>
                    <cell/>
                    <cell>To twenty three Dollars for [borthetion] my colt and his cow horse</cell>
                    <cell><measure commodity="currency" quantity="23" unit="dollars">23</measure></cell>
                    <cell><measure commodity="currency" quantity="00" unit="cents">00</measure></cell>
                    <cell/>
                    <cell/>
                </row>
                <row>
                    <cell>settled</cell>
                    <cell>Amos Wilbur</cell>
                    <cell/>
                    <cell/>
                    <cell/>
                    <cell/>
                </row>
                <row>
                    <cell/>
                    <cell>To order upon <name type="person" ref="pers_WCDH574">T Smith</name> 3/</cell>
                    <cell/>
                    <cell><measure commodity="currency" quantity="50" unit="cents">50</measure></cell>
                    <cell/>
                    <cell/>
                </row>
                <row>
                    <cell/>
                    <cell><date when="1828-11-06">6</date></cell>
                    <cell/>
                    <cell/>
                    <cell/>
                    <cell/>
                </row>
                <row>
                    <cell>139</cell>
                    <cell><name type="person" ref="pers_WCDH264">John Deane</name></cell>
                    <cell/>
                    <cell/>
                    <cell/>
                    <cell/>
                </row>
                <row>
                    <cell/>
                    <cell>To cash lent 6/</cell>
                    <cell><measure commodity="currency" quantity="1" unit="Dollars">1</measure></cell>
                    <cell><measure commodity="currency" quantity="00" unit="cents">00</measure></cell>
                    <cell/>
                    <cell/>
                </row>
                <row>
                    <cell/>
                    <cell><date when="1828-11-08">8</date></cell>
                    <cell/>
                    <cell/>
                    <cell/>
                    <cell/>
                </row>
                <row>
                    <cell>340</cell>
                    <cell><name type="person" ref="pers_WCDH450">Edmond Lothrop</name></cell>
                    <cell/>
                    <cell/>
                    <cell/>
                    <cell/>
                </row>
                <row>
                    <cell/>
                    <cell>To cash 60/</cell>
                    <cell><measure commodity="currency" quantity="10" unit="dollars">10</measure></cell>
                    <cell><measure commodity="currency" quantity="00" unit="cents">00</measure></cell>
                    <cell/>
                    <cell/>
                </row>
                <row>
                    <cell>settled</cell>
                    <cell>Amos Wilber</cell>
                    <cell/>
                    <cell/>
                    <cell/>
                    <cell/>
                </row>
                <row>
                    <cell/>
                    <cell>To cash 6/</cell>
                    <cell><measure commodity="currency" quantity="1" unit="Dollars">1</measure></cell>
                    <cell><measure commodity="currency" quantity="00" unit="cents">00</measure></cell>
                    <cell/>
                    <cell/>
                </row>
                <row>
                    <cell/>
                    <cell><date when="1828-11-10">Nov 10 - 1828</date></cell>
                    <cell/>
                    <cell/>
                    <cell/>
                    <cell/>
                </row>
                <row>
                    <cell>126</cell>
                    <cell><name type="person" ref="pers_WCDH509">Mrs Fanny Perry</name></cell>
                    <cell/>
                    <cell/>
                    <cell/>
                    <cell/>
                </row>
                <row>
                    <cell/>
                    <cell>To <measure quantity="6.5" unit="pounds" commodity="Nails">6 ½ lbs 6 Nails 10t</measure></cell>
                    <cell/>
                    <cell><measure commodity="currency" quantity="65" unit="cents">65</measure></cell>
                    <cell/>
                    <cell/>
                </row>
                <row>
                    <cell/>
                    <cell><date when="1828-11-12">12</date></cell>
                    <cell/>
                    <cell/>
                    <cell/>
                    <cell/>
                </row>
                <row>
                    <cell>Settled</cell>
                    <cell>Amos Wilbur</cell>
                    <cell/>
                    <cell/>
                    <cell/>
                    <cell/>
                </row>
                <row>
                    <cell/>
                    <cell>To an order upon <name type="person" ref="pers_WCDH167">D. Bates</name> 3/</cell>
                    <cell/>
                    <cell><measure commodity="currency" quantity="50" unit="cents">50</measure></cell>
                    <cell/>
                    <cell/>
                </row>
                <row>
                    <cell>25</cell>
                    <cell><name type="person" ref="pers_WCDH260">Thomas Danforth 2d</name></cell>
                    <cell/>
                    <cell/>
                    <cell/>
                    <cell/>
                </row>
                <row>
                    <cell/>
                    <cell>To<measure quantity="1" unit="bushel" commodity="rye">1 Buss. Rye 100t</measure></cell>
                    <cell><measure commodity="currency" quantity="1" unit="Dollars">1</measure></cell>
                    <cell><measure commodity="currency" quantity="00" unit="cents">00</measure></cell>
                    <cell/>
                    <cell/>
                </row>
                <row>
                    <cell/>
                    <cell><date when="1828-11-13">13</date></cell>
                    <cell/>
                    <cell/>
                    <cell/>
                    <cell/>
                </row>
                <row>
                    <cell>367</cell>
                    <cell><name type="person" ref="pers_WCDH540">Holmes Richmond</name></cell>
                    <cell/>
                    <cell/>
                    <cell/>
                    <cell/>
                </row>
                <row>
                    <cell/>
                    <cell>To<measure quantity="1" unit="bushel" commodity="rye">1 Buss. Rye 6/</measure></cell>
                    <cell><measure commodity="currency" quantity="1" unit="Dollars">1</measure></cell>
                    <cell><measure commodity="currency" quantity="00" unit="cents">00</measure></cell>
                    <cell/>
                    <cell/>
                </row>
                <row>
                    <cell/>
                    <cell><date when="1828-11-15">15</date></cell>
                    <cell/>
                    <cell/>
                    <cell/>
                    <cell/>
                </row>
                <row>
                    <cell>Settled</cell>
                    <cell>Amos Wilbur</cell>
                    <cell/>
                    <cell/>
                    <cell/>
                    <cell/>
                </row>
                <row>
                    <cell/>
                    <cell>To order upon <name type="person" ref="pers_WCDH167">D. Bates</name> for two Dollars</cell>
                    <cell><measure commodity="currency" quantity="2" unit="dollars">2</measure></cell>
                    <cell><measure commodity="currency" quantity="00" unit="cents">00</measure></cell>
                    <cell/>
                    <cell/>
                </row>
                <row>
                    <cell>361</cell>
                    <cell><name type="person" ref="pers_WCDH576">Charles Stacey</name></cell>
                    <cell/>
                    <cell/>
                    <cell/>
                    <cell/>
                </row>
                <row>
                    <cell/>
                    <cell>To order upon <name type="person" ref="pers_WCDH574">T. Smith</name></cell>
                    <cell/>
                    <cell><measure commodity="currency" quantity="50" unit="cents">50</measure></cell>
                    <cell/>
                    <cell/>
                </row>
                <row>
                    <cell>368</cell>
                    <cell><name type="person" ref="pers_WCDH574">Timothy Smith</name></cell>
                    <cell/>
                    <cell/>
                    <cell/>
                    <cell/>
                </row>
                <row>
                    <cell/>
                    <cell>By order paid <name type="person" ref="pers_WCDH576"> Stacey</name> 3/</cell>
                    <cell/>
                    <cell><measure commodity="currency" quantity="50" unit="cents">50</measure></cell>
                    <cell/>
                    <cell/>
                </row>
                <row>
                    <cell> </cell>
                    <cell><date when="1828-11-21">21</date></cell>
                    <cell> </cell>
                    <cell> </cell>
                    <cell> </cell>
                    <cell> </cell>
                </row>
                <row>
                    <cell>Settled </cell>
                    <cell> Amos Wilbur</cell>
                    <cell> </cell>
                    <cell> </cell>
                    <cell> </cell>
                    <cell> </cell>
                </row>
                <row>
                    <cell> </cell>
                    <cell> To an order upon <name type="person" ref="pers_WCDH167">D. Bates</name> 3/</cell>
                    <cell> </cell>
                    <cell><measure commodity="currency" quantity="50" unit="cents">50</measure></cell>
                    <cell> </cell>
                    <cell> </cell>
                </row>
            </table>
            <pb n="002"/>
            <fw type="pageNum">003</fw>
            <table xml:id="p003" cols="6">
                <head>Saturday<date when="1828-11-22">Nov. 22nd 1828</date></head>
                <row xml:id="p000_06">
                    <cell/>
                    <cell>
                        <name type="person" ref="name"/>
                        <choice rend="align(right)">
                            <abbr/>
                            <expan/>
                        </choice>
                    </cell>
                    <cell>$</cell>
                    <cell>cents</cell>
                    <cell>Sum $</cell>
                    <cell>Cts</cell>
                </row>
                <row xml:id="p000_07">
                    <cell>364</cell>
                    <cell><name type="person" ref="pers_WCDH596">Oliver Sweet</name></cell>
                    <cell/>
                    <cell/>
                    <cell/>
                    <cell/>
                </row>
                <row xml:id="p000_08">
                    <cell/>
                    <cell>By<measure quantity="2" unit="days" commodity="work">two Days work 2/6</measure></cell>
                    <cell/>
                    <cell><measure commodity="currency" quantity="84" unit="cents">84</measure></cell>
                    <cell/>
                    <cell/>
                </row>
                <row xml:id="p000_09">
                    <cell>364</cell>
                    <cell>To an order upon <name type="person" ref="pers_WCDH167">D. Bates</name> for 3/</cell>
                    <cell/>
                    <cell><measure commodity="currency" quantity="50" unit="cents">50</measure></cell>
                    <cell/>
                    <cell/>
                </row>
                <row xml:id="p000_10">
                    <cell/>
                    <cell><date when="1828-11-24">24</date></cell>
                    <cell/>
                    <cell/>
                    <cell/>
                    <cell/>
                </row>
                <row>
                    <cell>364</cell>
                    <cell><name type="person" ref="pers_WCDH596">Oliver Sweet</name></cell>
                    <cell/>
                    <cell/>
                    <cell/>
                    <cell/>
                </row>
                <row>
                    <cell/>
                    <cell>By work begun at 10 Oclock 2/3 of a Day</cell>
                    <cell/>
                    <cell><measure commodity="currency" quantity="28" unit="cents">28</measure></cell>
                    <cell/>
                    <cell/>
                </row>
                <row>
                    <cell/>
                    <cell><date when="1828-11-25">25</date>2 &amp;<date when="1828-11-26">26</date></cell>
                    <cell/>
                    <cell/>
                    <cell/>
                    <cell/>
                </row>
                <row>
                    <cell>364</cell>
                    <cell><name type="person" ref="pers_WCDH596">Oliver Sweet</name></cell>
                    <cell/>
                    <cell/>
                    <cell/>
                    <cell/>
                </row>
                <row>
                    <cell/>
                    <cell>By<measure quantity="1.5" unit="Days" commodity="work">1 ½ Days Work 2/6 </measure></cell>
                    <cell/>
                    <cell><measure commodity="currency" quantity="63" unit="cents">63</measure></cell>
                    <cell/>
                    <cell/>
                </row>
                <row>
                    <cell>364</cell>
                    <cell>To order upon <name type="person" ref="pers_WCDH574">T. Smith</name> for 57</cell>
                    <cell/>
                    <cell/>
                    <cell/>
                    <cell/>
                </row>
                <row>
                    <cell/>
                    <cell>"<measure quantity="5" unit="pounds" commodity="T lound">5 lbs. T lound</measure> dlvd by Alice 40</cell>
                    <cell/>
                    <cell><measure commodity="currency" quantity="97" unit="cents">97</measure></cell>
                    <cell/>
                    <cell/>
                </row>
                <row>
                    <cell/>
                    <cell>"Cash lent 1/</cell>
                    <cell/>
                    <cell><measure commodity="currency" quantity="18" unit="cents">18</measure></cell>
                    <cell><measure commodity="currency" quantity="1" unit="Dollars">1</measure></cell>
                    <cell><measure commodity="currency" quantity="15" unit="cents">15</measure></cell>
                </row>
                <row>
                    <cell>141</cell>
                    <cell><name type="person" ref="pers_WCDH354">Adaniram Hodges</name></cell>
                    <cell/>
                    <cell/>
                    <cell/>
                    <cell/>
                </row>
                <row>
                    <cell/>
                    <cell>To cash three Dollars</cell>
                    <cell><measure commodity="currency" quantity="3" unit="dollars">3</measure></cell>
                    <cell><measure commodity="currency" quantity="00" unit="cents">00</measure></cell>
                    <cell/>
                    <cell/>
                </row>
                <row>
                    <cell>361</cell>
                    <cell><name type="person" ref="pers_WCDH576">Charles C Stacey</name></cell>
                    <cell/>
                    <cell/>
                    <cell/>
                    <cell/>
                </row>
                <row>
                    <cell/>
                    <cell>To<measure quantity=".5" unit="bushel" commodity="rye">½ Buss. Rye 50t</measure></cell>
                    <cell> </cell>
                    <cell><measure commodity="currency" quantity="50" unit="cents">50</measure></cell>
                    <cell/>
                    <cell/>
                </row>
                <row>
                    <cell/>
                    <cell><date when="1828-12-08">Dec. 8th 1828</date></cell>
                    <cell/>
                    <cell/>
                    <cell/>
                    <cell/>
                </row>
                <row>
                    <cell>364</cell>
                    <cell><name type="person" ref="pers_WCDH596">Oliver Sweet</name></cell>
                    <cell/>
                    <cell/>
                    <cell/>
                    <cell/>
                </row>
                <row>
                    <cell/>
                    <cell>By<measure quantity="4" unit="days" commodity="work">four Days work</measure> last week</cell>
                    <cell/>
                    <cell/>
                    <cell/>
                    <cell/>
                </row>
                <row>
                    <cell/>
                    <cell>"<measure quantity="1" unit="day" commodity="work">1 Day do.</measure> <!-- bracket connecting two with 2/6 following -->2/6</cell>
                    <cell><measure commodity="currency" quantity="2" unit="dollars">2</measure></cell>
                    <cell><measure commodity="currency" quantity="10" unit="cents">10</measure></cell>
                    <cell/>
                    <cell/>
                </row>
                <row>
                    <cell>Paid to ballance</cell>
                    <cell>Nathaniel W Lincoln</cell>
                    <cell/>
                    <cell/>
                    <cell/>
                    <cell/>
                </row>
                <row>
                    <cell/>
                    <cell>To<measure quantity=".5" unit="bushel" commodity="rye">½ Buss. Rye 6/ </measure></cell>
                    <cell/>
                    <cell><measure commodity="currency" quantity="50" unit="cents">50</measure></cell>
                    <cell/>
                    <cell/>
                </row>
                <row>
                    <cell>361</cell>
                    <cell><name type="person" ref="pers_WCDH576">Charles C Stacey</name></cell>
                    <cell/>
                    <cell/>
                    <cell/>
                    <cell/>
                </row>
                <row>
                    <cell/>
                    <cell>To order upon <name type="person" ref="pers_WCDH574">T Smith</name> for 48t</cell>
                    <cell/>
                    <cell><measure commodity="currency" quantity="48" unit="cents">48</measure></cell>
                    <cell/>
                    <cell/>
                </row>
                <row>
                    <cell>364</cell>
                    <cell><name type="person" ref="pers_WCDH596">Oliver Sweet</name></cell>
                    <cell/>
                    <cell/>
                    <cell/>
                    <cell/>
                </row>
                <row>
                    <cell/>
                    <cell>By<measure quantity="2" unit="days" commodity="work">two Days work 2/6</measure></cell>
                    <cell/>
                    <cell><measure commodity="currency" quantity="84" unit="cents">84</measure></cell>
                    <cell/>
                    <cell/>
                </row>
                <row>
                    <cell>364</cell>
                    <cell><name type="person" ref="pers_WCDH596">Oliver Sweet</name></cell>
                    <cell/>
                    <cell/>
                    <cell/>
                    <cell/>
                </row>
                <row>
                    <cell/>
                    <cell>To order upon <name type="person" ref="pers_WCDH574">T. Smith</name> for three Dollars &amp; 4cts</cell>
                    <cell><measure commodity="currency" quantity="3" unit="dollars">3</measure></cell>
                    <cell><measure commodity="currency" quantity="04" unit="cents">04</measure></cell>
                    <cell/>
                    <cell/>
                </row>
                <row>
                    <cell/>
                    <cell><date when="1828-12-11">1.1.</date></cell>
                    <cell/>
                    <cell/>
                    <cell/>
                    <cell/>
                </row>
                <row>
                    <cell>335</cell>
                    <cell><name type="person" ref="pers_WCDH565">John Smith</name></cell>
                    <cell/>
                    <cell/>
                    <cell/>
                    <cell/>
                </row>
                <row>
                    <cell/>
                    <cell>To <measure quantity="16" unit="pounds" commodity="veal">16 lbs veal</measure> 74 lb</cell>
                    <cell><measure commodity="currency" quantity="1" unit="Dollars">1</measure></cell>
                    <cell><measure commodity="currency" quantity="12" unit="cents">12</measure></cell>
                    <cell/>
                    <cell/>
                </row>
                <row>
                    <cell>367</cell>
                    <cell><name type="person" ref="pers_WCDH540">Holmes Richmond</name></cell>
                    <cell/>
                    <cell/>
                    <cell/>
                    <cell/>
                </row>
                <row>
                    <cell/>
                    <cell>To<measure quantity="16.25" unit="pounds" commodity="veal">16 ¼ lb. veal 8t</measure></cell>
                    <cell><measure commodity="currency" quantity="1" unit="Dollars">1</measure></cell>
                    <cell><measure commodity="currency" quantity="30" unit="cents">30</measure></cell>
                    <cell/>
                    <cell/>
                </row>
                <row>
                    <cell>Paid to ballance</cell>
                    <cell>Nathaniel Lincoln</cell>
                    <cell/>
                    <cell/>
                    <cell/>
                    <cell/>
                </row>
                <row>
                    <cell/>
                    <cell>To<measure quantity="14" unit="pounds" commodity="veal">14 lbs veal 8t </measure></cell>
                    <cell><measure commodity="currency" quantity="1" unit="Dollars">1</measure></cell>
                    <cell><measure commodity="currency" quantity="12" unit="cents">12</measure></cell>
                    <cell/>
                    <cell/>
                </row>
                <row>
                    <cell/>
                    <cell><date when="1828-12-13">13</date></cell>
                    <cell/>
                    <cell/>
                    <cell/>
                    <cell/>
                </row>
                <row>
                    <cell>141</cell>
                    <cell>Taylor Mocelton</cell>
                    <cell/>
                    <cell/>
                    <cell/>
                    <cell/>
                </row>
                <row>
                    <cell/>
                    <cell>To<measure quantity="1" unit="bushel" commodity="rye">1 Bush Rye</measure></cell>
                    <cell><measure commodity="currency" quantity="1" unit="Dollars">1</measure></cell>
                    <cell><measure commodity="currency" quantity="00" unit="cents">00</measure></cell>
                    <cell/>
                    <cell/>
                </row>
                <row>
                    <cell>364</cell>
                    <cell><name type="person" ref="pers_WCDH596">Oliver Sweet</name></cell>
                    <cell/>
                    <cell/>
                    <cell/>
                    <cell/>
                </row>
                <row>
                    <cell/>
                    <cell>To an order an <name type="person" ref="pers_WCDH574">T Smith</name> for </cell>
                    <cell><measure commodity="currency" quantity="1" unit="Dollars">1</measure></cell>
                    <cell><measure commodity="currency" quantity="00" unit="cents">00</measure></cell>
                    <cell/>
                    <cell/>
                </row>
                <row>
                    <cell/>
                    <cell><date when="1828-12-16">16</date></cell>
                    <cell/>
                    <cell/>
                    <cell/>
                    <cell/>
                </row>
                <row>
                    <cell>367</cell>
                    <cell><name type="person" ref="pers_WCDH540">Holmes Richmond</name></cell>
                    <cell/>
                    <cell/>
                    <cell/>
                    <cell/>
                </row>
                <row>
                    <cell/>
                    <cell>To cash when he went to Tauton</cell>
                    <cell><measure commodity="currency" quantity="1" unit="Dollars">1</measure></cell>
                    <cell><measure commodity="currency" quantity="63" unit="cents">63</measure></cell>
                    <cell/>
                    <cell/>
                </row>
                <row>
                    <cell/>
                    <cell><date when="1828-12-17">17</date></cell>
                    <cell/>
                    <cell/>
                    <cell/>
                    <cell/>
                </row>
                <row>
                    <cell>Paid to ballance</cell>
                    <cell>Nathaniel Lincoln</cell>
                    <cell/>
                    <cell/>
                    <cell/>
                    <cell/>
                </row>
                <row>
                    <cell/>
                    <cell>To<measure quantity="5.5" unit="feet" commodity="pine boards">5 ½ ft. Mereht. Pine Boards</measure></cell>
                    <cell/>
                    <cell/>
                    <cell/>
                    <cell/>
                </row>
                <row>
                    <cell>364</cell>
                    <cell><name type="person" ref="pers_WCDH596">Oliver Sweet</name></cell>
                    <cell/>
                    <cell/>
                    <cell/>
                    <cell/>
                </row>
                <row>
                    <cell/>
                    <cell>By<measure quantity="1.5" unit="days" commodity="work">1 ½ Days work  2/6</measure></cell>
                    <cell/>
                    <cell><measure commodity="currency" quantity="63" unit="cents">63</measure></cell>
                    <cell/>
                    <cell/>
                </row>
            </table>
        </body>
 </text>
</TEI>
