<?xml version="1.0" encoding="UTF-8"?>
<?oxygen RNGSchema="http://www.tei-c.org/release/xml/tei/custom/schema/relaxng/tei_all.rng" type="xml"?>
<TEI xmlns="http://www.tei-c.org/ns/1.0">
    <teiHeader>
        <fileDesc>
            <titleStmt>
                <title>LMW Day Book, pp. 000-001</title>
                <author>L.M. Wheaton</author>
            </titleStmt>
            <publicationStmt>
                <p>Indication of work done and date, Wheaton College</p>
            </publicationStmt>
            <sourceDesc>
                <biblFull>
                    <titleStmt>
                        <title>Account Books, pp.000-001</title>
                        <author>L.M. Wheaton</author>
                        <respStmt>
                            <resp> TEI-compatible XML markup by <name type="person">Bill Funk</name>
                                with corrections by <name type="person">Name</name>, <name
                                    type="person">Name</name>, and <name type="person"
                                >Name</name>.</resp>
                            <name type="person">Name</name>
                        </respStmt>
                    </titleStmt>
                    <publicationStmt>
                        <p>First Transcription and 3/8/2016, Wheaton College</p>
                    </publicationStmt>
                    <sourceDesc>
                        <p> From the Marion B. Gebbie Archives and Special Collections at the
                            Madeleine Clark Wallace Library, Wheaton College </p>
                    </sourceDesc>
                </biblFull>
            </sourceDesc>
        </fileDesc>
    </teiHeader>
    <text>
        <body>
            <pb n="000"/>
            <fw type="pageNum">008</fw>
            <table xml:id="p000" cols="6">
                <head>Friday<date>04-24-1829</date></head>
                <row xml:id="p000_01">
                    <cell/>
                    <cell>
                        <name type="person" ref="name"/>
                        <choice rend="align(right)">
                            <abbr/>
                            <expan/>
                        </choice>
                    </cell>
                    <cell>$</cell>
                    <cell>cents</cell>
                    <cell>Credit/Debit</cell>
                    <cell/>
                </row>
                <row xml:id="p000_02">
                    <cell>367</cell>
                    <cell><name type="person" ref="pers_WCDH540">Holmes Richmond</name> To<measure quantity="1" unit="Pints" commodity="Gin"> 1 pt Gin</measure></cell>
                    <cell/>
                    <cell><measure commodity="currency" quantity="6" unit="cents">6</measure></cell>
                    <cell>Debit</cell>
                    <cell/>
                    <cell/>
                </row>
                <row>
                    <cell>370</cell>
                    <cell>Peter Leihman To<measure quantity="2" unit="dozen" commodity="Eggs"> 2 doz Eggs</measure></cell>
                    <cell/>
                    <cell><measure commodity="currency" quantity="20" unit="cents">20</measure></cell>
                    <cell>Debit</cell>
                </row>
                <row>
                    <cell>375</cell>
                    <cell><name type="person" ref="pers_WCDH647">Laban Wheaton</name> To<measure quantity="1" unit="quart" commodity="New England Rum"> 1 qt N E Rum</measure></cell>
                    <cell/>
                    <cell><measure commodity="currency" quantity="11" unit="cents">11</measure></cell>
                    <cell>Debt</cell>
                </row>
                <row>
                    <cell>372</cell>
                    <cell><name type="person" ref="pers_WCDH579">Amos Starkey</name> To<measure quantity="1" unit="pint" commodity="New England Rum"> 1 pt N E Rum</measure></cell>
                    <cell/>
                    <cell><measure commodity="currency" quantity="5" unit="cents">5</measure></cell>
                    <cell>Debit</cell>
                </row>
                <row>
                    <cell>370</cell>
                    <cell>Peter Leihman To<measure quantity="1" unit="quart" commodity="Gin"> 1 qt Gin</measure></cell>
                    <cell/>
                    <cell><measure commodity="currency" quantity="12" unit="cents">12</measure></cell>
                    <cell>Debit</cell>
                </row>
                <row>
                    <cell>367</cell>
                    <cell><name type="person" ref="pers_WCDH540">Holmes Richmond</name> To<measure quantity="1" unit="count" commodity="pipe"> 1 pipe</measure></cell>
                    <cell/>
                    <cell><measure commodity="currency" quantity="1" unit="cents">1</measure></cell>
                    <cell>Debit</cell>
                </row>
                <row>
                    <cell>25</cell>
                    <cell><name type="person" ref="pers_WCDH259">Capt Thomas Danforth</name> To<measure quantity="1/4" unit="pounds" commodity="Tea">1/4 lb Tea</measure></cell>
                    <cell/>
                    <cell><measure commodity="currency" quantity="17" unit="cents">17</measure></cell>
                    <cell>Debit</cell>
                </row>
                <row>
                    <cell/>
                    <cell>"<measure quantity="1" unit="gallon" commodity="molasses"> 1 Gall Molasses</measure></cell>
                    <cell/>
                    <cell><measure commodity="currency" quantity="38" unit="cents">38</measure></cell>
                    <cell>Debit</cell>
                </row>
                <row>
                    <cell>372</cell>
                    <cell><name type="person" ref="pers_WCDH579">Amos Starkey</name> To<measure quantity="1" unit="quart" commodity="New England Rum"> 1 qt N E Rum</measure></cell>
                    <cell/>
                    <cell><measure commodity="currency" quantity="5" unit="cents">5</measure></cell>
                    <cell>Debit</cell>
                </row>
                <row>
                    <cell>25</cell>
                    <cell><name type="person" ref="pers_WCDH259">Thomas Danforth</name> To<measure quantity="1" unit="pounds" commodity="Coffee"> 1 lb Coffee</measure></cell>
                    <cell/>
                    <cell><measure commodity="currency" quantity="10" unit="cents">10</measure></cell>
                    <cell>Debit</cell>
                </row>
                <row>
                    <cell>338</cell>
                    <cell>Alanson Bruce To<measure quantity="1" unit="quart" commodity="New England Rum"> 1 qt N E Rum</measure></cell>
                    <cell/>
                    <cell><measure commodity="currency" quantity="11" unit="cents">11</measure></cell>
                    <cell>Debit</cell>
                </row>
                <row>
                    <cell>313</cell>
                    <cell><name type="person" ref="pers_WCDH134">Asa M Adams</name> To<measure quantity="1" unit="pair" commodity="Boots">1 pair Boots</measure></cell>
                    <cell><measure commodity="currency" quantity="3" unit="dollars">3</measure></cell>
                    <cell><measure commodity="currency" quantity="00" unit="cents">00</measure></cell>
                    <cell>Debit</cell>
                </row>
            </table>
            <pb n="000"/>
            <fw type="pageNum">008_009</fw>
            <table xml:id="Date">
                <head><date>04-25-1829</date></head>
                <row xml:id="p000_001">
                    <cell/>
                    <cell>
                        <name type="person" ref="Name"/>
                        <choice rend="align(right)">
                            <abbr/>
                            <expan/>
                        </choice>
                    </cell>
                    <cell>$</cell>
                    <cell>Cents</cell>
                    <cell>Credit/Debit</cell>
                    <cell/>
                </row>
                <row xml:id="p000_002">
                    <cell>367</cell>
                    <cell><name type="person" ref="pers_WCDH540">Holmes Richmond</name> To<measure quantity="1" unit="Pints" commodity="Gin"> 1 pt Gin</measure></cell>
                    <cell/>
                    <cell><measure commodity="currency" quantity="6" unit="cents">6</measure></cell>
                    <cell>Debit</cell>
                    <cell/>
                </row>
                <row xml:id="p000_003">
                    <cell>82</cell>
                    <cell><name type="person" ref="pers_WCDH638">Elias Witherell</name> To<measure quantity="3/4" unit="yards" commodity="Rodding"> ¾  yrds Rodding</measure></cell>
                    <cell/>
                    <cell><measure commodity="currency" quantity="50" unit="cents">50</measure></cell>
                    <cell>Debit</cell>
                </row>
                <row>
                    <cell/>
                    <cell>"<measure quantity="3/4" unit="yards" commodity="Canvens"> ¾ yrds Canvens</measure></cell>
                    <cell/>
                    <cell><measure commodity="currency" quantity="29" unit="cents">29</measure></cell>
                    <cell>Debit</cell>
                </row>
                <row>
                    <cell/>
                    <cell>"<measure quantity="5" unit="skains" commodity="silk"> 5 Skains Silk</measure></cell>
                    <cell/>
                    <cell><measure commodity="currency" quantity="30" unit="cents">30</measure></cell>
                    <cell>Debit</cell>
                </row>
                <row>
                    <cell/>
                    <cell>"<measure quantity="1" unit="stick" commodity="Twist"> 1 stick Twist</measure></cell>
                    <cell/>
                    <cell><measure commodity="currency" quantity="6" unit="cents">6</measure></cell>
                    <cell>Debit</cell>
                </row>
                <row>
                    <cell>372</cell>
                    <cell><name type="person" ref="pers_WCDH579">Amos Starkey</name> To<measure quantity="1" unit="pint" commodity="New England Rum"> 1 pt N E Rum</measure></cell>
                    <cell/>
                    <cell><measure commodity="currency" quantity="5" unit="cents">5</measure></cell>
                    <cell>Debit</cell>
                </row>
                <row>
                    <cell>On Bill</cell>
                    <cell>Robert Bangs To<measure quantity="1" unit="Pints" commodity="Gin"> 1 pt Gin</measure></cell>
                    <cell/>
                    <cell><measure commodity="currency" quantity="6" unit="cents">6</measure></cell>
                    <cell>Debit</cell>
                </row>
                <row>
                    <cell>83</cell>
                    <cell>Stephen Leonard To<measure quantity="1" unit="pair" commodity="shoes"> 1 pr Shoes</measure></cell>
                    <cell><measure commodity="currency" quantity="1" unit="dollars">1</measure></cell>
                    <cell><measure commodity="currency" quantity="25" unit="cents">25</measure></cell>
                    <cell>Debit</cell>
                </row>
                <row>
                    <cell>372</cell>
                    <cell><name type="person" ref="pers_WCDH579">Amos Starkey</name> To <measure quantity="1.5" unit="pint" commodity="New England Rum">1 ½ pt N E Rum</measure></cell>
                    <cell/>
                    <cell><measure commodity="currency" quantity="8" unit="cents">8</measure></cell>
                    <cell>Debit</cell>
                </row>
                <row>
                    <cell>82</cell>
                    <cell><name type="person" ref="pers_WCDH272">Simeon Derry</name> To in part for [h/s gus cabeu]</cell>
                    <cell/>
                    <cell><measure commodity="currency" quantity="21" unit="cents">21</measure></cell>
                    <cell>Debit</cell>
                </row>
                <row>
                    <cell>372</cell>
                    <cell><name type="person" ref="pers_WCDH579">Amos Starkey</name> To<measure quantity="7" unit="yards" commodity="Shirting"> 7 yd Shirting</measure></cell>
                    <cell/>
                    <cell><measure commodity="currency" quantity="88" unit="cents">88</measure></cell>
                    <cell>Debit</cell>
                </row>
                <row>
                    <cell>367</cell>
                    <cell><name type="person" ref="pers_WCDH540">Holmes Richmond</name>To<measure quantity="27" unit="pounds" commodity="codfish"> 27 lb Codfish</measure></cell>
                    <cell/>
                    <cell><measure commodity="currency" quantity="10" unit="cents">10</measure></cell>
                    <cell>Debit</cell>
                </row>
                <row>
                    <cell>367</cell>
                    <cell><name type="person" ref="pers_WCDH540">Holmes Richmond</name> To<measure quantity="1.5" unit="pints" commodity="Gin"> 1 ½ pt Gin</measure></cell>
                    <cell/>
                    <cell><measure commodity="currency" quantity="9" unit="cents">9</measure></cell>
                    <cell>Debit</cell>
                </row>
                <row>
                    <cell>370</cell>
                    <cell>Peter Leihman To<measure quantity="1" unit="quart" commodity="Gin"> 1 qt Gin</measure></cell>
                    <cell/>
                    <cell><measure commodity="currency" quantity="12" unit="cents">12</measure></cell>
                    <cell>Debit</cell>
                </row>
                <row>
                    <cell/>
                    <cell>"<measure quantity="1/4" unit="pounds" commodity="Starch"> ¼ lb Starch</measure></cell>
                    <cell/>
                    <cell><measure commodity="currency" quantity="4" unit="cents">4</measure></cell>
                    <cell>Debit</cell>
                </row>
                <row>
                    <cell>375</cell>
                    <cell><name type="person" ref="pers_WCDH647">Laban Wheaton</name>To<measure quantity="1" unit="quart" commodity="[bort] Rum"> 1 qt [bort] Rum</measure></cell>
                    <cell/>
                    <cell><measure commodity="currency" quantity="25" unit="cents">25</measure></cell>
                    <cell>Debit</cell>
                </row>
                <row>
                    <cell>367</cell>
                    <cell><name type="person" ref="pers_WCDH540">Holmes Richmond</name> To<measure quantity="1" unit="pound" commodity="Sugar"> 1 lb Sugar</measure></cell>
                    <cell/>
                    <cell><measure commodity="currency" quantity="13" unit="cents">13</measure></cell>
                    <cell>Debit</cell>
                </row>
                <row>
                    <cell/>
                    <cell>"<measure quantity="1" unit="pounds" commodity="Coffee"> 1 lb Coffee</measure></cell>
                    <cell/>
                    <cell><measure commodity="currency" quantity="20" unit="cents">20</measure></cell>
                    <cell>Debit</cell>
                </row>
                <row>
                    <cell/>
                    <cell>"<measure quantity="2" unit="count" commodity="Mackerell"> 2 Mackerell</measure></cell>
                    <cell/>
                    <cell><measure commodity="currency" quantity="13" unit="cents">13</measure></cell>
                    <cell>Debit</cell>
                </row>
                <row>
                    <cell>On Bill</cell>
                    <cell>Robert Bangs To<measure quantity="1" unit="pint" commodity="New England Rum"> 1 pt N E Rum</measure></cell>
                    <cell/>
                    <cell><measure commodity="currency" quantity="5" unit="cents">5</measure></cell>
                    <cell>Debit</cell>
                </row>
                <row>
                    <cell>376</cell>
                    <cell><name type="person" ref="pers_WCDH565">John Smith</name><measure quantity="1" unit="pair" commodity="Boys Booteas"> 1 pr Boys Booteas</measure></cell>
                    <cell><measure commodity="currency" quantity="1" unit="dollars">1</measure></cell>
                    <cell><measure commodity="currency" quantity="25" unit="cents">25</measure></cell>
                    <cell>Debit</cell>
                </row>
            </table>
            <pb n="000"/>
            <fw type="pageNum">009</fw>
            <table xml:id="y3j_h12_gv">
                <head>
                    <date>04-27-1829</date></head>
                <row xml:id="p000_000">
                    <cell/>
                    <cell>
                        <name type="person" ref="Name"/>
                        <choice rend="align(right)">
                            <abbr/>
                            <expan/>
                        </choice>
                    </cell>
                    <cell>$</cell>
                    <cell>Cents</cell>
                    <cell>Credit/Debit</cell>
                    <cell/>
                </row>
                <row xml:id="wmy_h12_gv">
                    <cell>367</cell>
                    <cell><name type="person" ref="pers_WCDH540">Holmes Richmond</name>  To<measure quantity="1" unit="Pints" commodity="Gin"> 1 pt Gin</measure></cell>
                    <cell/>
                    <cell><measure commodity="currency" quantity="6" unit="cents">6</measure></cell>
                    <cell>Debit</cell>
                </row>
                <row>
                    <cell>370</cell>
                    <cell>Peter Leirhmund To<measure quantity="1" unit="Jug" commodity="Blacking"> 1 Jug Blacking</measure></cell>
                    <cell/>
                    <cell><measure commodity="currency" quantity="33" unit="cents">33</measure></cell>
                    <cell>Debit</cell>
                </row>
                <row>
                    <cell>359</cell>
                    <cell><name type="person" ref="pers_WCDH427">Charles Leonard</name> To<measure quantity="1" unit="pound" commodity="Tobacco"> 1 lb Tobacco</measure></cell>
                    <cell/>
                    <cell><measure commodity="currency" quantity="3" unit="cents">3</measure></cell>
                    <cell>Debit</cell>
                </row>
                <row>
                    <cell>On Bill </cell>
                    <cell>Robert Bangs To<measure quantity="1" unit="pint" commodity="New England Rum"> 1 pt N E Rum</measure></cell>
                    <cell/>
                    <cell><measure commodity="currency" quantity="5" unit="cents">5</measure></cell>
                    <cell>Debit</cell>
                </row>
                <row>
                    <cell>375</cell>
                    <cell><name type="person" ref="pers_WCDH647">Laban Wheaton</name> To<measure quantity="1" unit="quart" commodity="Brandy"> 1 qt Brandy</measure></cell>
                    <cell/>
                    <cell><measure commodity="currency" quantity="38" unit="cents">38</measure></cell>
                    <cell>Debit</cell>
                </row>
                <row>
                    <cell/>
                    <cell>"<measure quantity="1" unit="quart" commodity="wine"> 1 qt Wine</measure></cell>
                    <cell/>
                    <cell><measure commodity="currency" quantity="37" unit="cents">37</measure></cell>
                    <cell>Debit</cell>
                </row>
                <row>
                    <cell/>
                    <cell>"<measure quantity="1/2" unit="pound" commodity="soug Tea"> ½ lb soug Tea</measure></cell>
                    <cell/>
                    <cell><measure commodity="currency" quantity="33" unit="cents">33</measure></cell>
                    <cell>Debit</cell>
                </row>
                <row>
                    <cell/>
                    <cell>" sett Calfs to Seasany</cell>
                    <cell/>
                    <cell><measure commodity="currency" quantity="17" unit="cents">17</measure></cell>
                    <cell>Debit</cell>
                </row>
                <row>
                    <cell/>
                    <cell>"<measure quantity="1" unit="quart" commodity="H Gin">1 qt H Gin</measure></cell>
                    <cell/>
                    <cell><measure commodity="currency" quantity="28" unit="cents">28</measure></cell>
                    <cell>Debit</cell>
                </row>
                <row>
                    <cell/>
                    <cell>"<measure quantity="4.25" unit="pounds" commodity="Loaf Sugar">4 ¼ lb L Sugar</measure></cell>
                    <cell/>
                    <cell><measure commodity="currency" quantity="85" unit="cents">85</measure></cell>
                    <cell>Debit</cell>
                </row>
                <row>
                    <cell>200</cell>
                    <cell><name type="person" ref="pers_WCDH484">Samuel Morey</name> To<measure quantity="1" unit="Gallon" commodity="New England Rum">1 Gall N E Rum</measure></cell>
                    <cell/>
                    <cell><measure commodity="currency" quantity="40" unit="cents">40</measure></cell>
                    <cell>Debit</cell>
                </row>
                <row>
                    <cell>367</cell>
                    <cell><name type="person" ref="pers_WCDH540">Holmes Richmond</name> To<measure quantity="1" unit="Pints" commodity="Gin"> 1 pt Gin</measure></cell>
                    <cell/>
                    <cell><measure commodity="currency" quantity="6" unit="cents">6</measure></cell>
                    <cell>Debit</cell>
                </row>
                <row>
                    <cell>372</cell>
                    <cell><name type="person" ref="pers_WCDH579">Amos Starkey</name> To<measure quantity="1" unit="Pints" commodity="Gin"> 1 pt Gin</measure></cell>
                    <cell/>
                    <cell><measure commodity="currency" quantity="6" unit="cents">6</measure></cell>
                    <cell>Debit</cell>
                </row>
                <row>
                    <cell>Settled</cell>
                    <cell><name type="person" ref="pers_WCDH390">Walter Keith</name> To<measure quantity="1" unit="pair" commodity="shoes"> 1 pr Shoes</measure></cell>
                    <cell><measure commodity="currency" quantity="1" unit="dollars">1</measure></cell>
                    <cell><measure commodity="currency" quantity="25" unit="cents">25</measure></cell>
                    <cell>Debit</cell>
                </row>
            </table>
            <pb n="000"/>
            <fw type="pageNum">009</fw>
            <table xml:id="kmy_312_gv">
                <head>
                    <date>04-28-1829</date></head>
                <row xml:id="cbk_gc2_gv">
                    <cell/>
                    <cell>
                        <name type="person" ref="Name"/>
                        <choice rend="align(right)">
                            <abbr/>
                            <expan/>
                        </choice>
                    </cell>
                    <cell>$</cell>
                    <cell>Cents</cell>
                    <cell>Credit/Debit</cell>
                    <cell/>
                </row>
                <row>
                    <cell>367</cell>
                    <cell><name type="person" ref="pers_WCDH540">Holmes Richmond</name>  To<measure quantity="1" unit="pint" commodity="New England Rum"> 1 pt N E Rum</measure></cell>
                    <cell/>
                    <cell><measure commodity="currency" quantity="6" unit="cents">6</measure></cell>
                    <cell>Debit</cell>
                </row>
                <row>
                    <cell>372</cell>
                    <cell><name type="person" ref="pers_WCDH579">Amos Starkey</name> To<measure quantity="1" unit="pint" commodity="New England Rum"> 1 pt N E Rum</measure></cell>
                    <cell/>
                    <cell><measure commodity="currency" quantity="5" unit="cents">5</measure></cell>
                    <cell>Debit</cell>
                </row>
                <row>
                    <cell>25</cell>
                    <cell><name type="person" ref="pers_WCDH261">Thomas Danforth Esquire</name> To<measure quantity="2" unit="count" commodity="dog Crackers">2 dog Crackers</measure></cell>
                    <cell/>
                    <cell><measure commodity="currency" quantity="16" unit="cents">16</measure></cell>
                    <cell>Debit</cell>
                </row>
            </table>
            <pb n="000"/>
            <pb n="000"/>
        </body>
    </text>
</TEI>