<?xml version="1.0" encoding="UTF-8"?>
<?oxygen RNGSchema="http://www.tei-c.org/release/xml/tei/custom/schema/relaxng/tei_all.rng" type="xml"?>
<TEI xmlns="http://www.tei-c.org/ns/1.0">
    <teiHeader>
        <fileDesc>
            <titleStmt>
                <title>LMW Day Book, pp. 008-009</title>
                <author>L.M. Wheaton</author>
            </titleStmt>
            <publicationStmt>
                <p>Indication of work done and date, Wheaton College</p>
            </publicationStmt>
            <sourceDesc>
                <biblFull>
                    <titleStmt>
                        <title>Account Books, pp.008-009</title>
                        <author>L.M. Wheaton</author>
                        <respStmt>
                            <resp> TEI-compatible XML markup by <name type="person">Bill Funk</name>
                                with corrections by <name type="person">Name</name>, <name
                                    type="person">Name</name>, and <name type="person"
                                >Name</name>.</resp>
                            <name type="person">Name</name>
                        </respStmt>
                    </titleStmt>
                    <publicationStmt>
                        <p>First Transcription and 3/8/2016, Wheaton College</p>
                    </publicationStmt>
                    <sourceDesc>
                        <p> From the Marion B. Gebbie Archives and Special Collections at the
                            Madeleine Clark Wallace Library, Wheaton College </p>
                    </sourceDesc>
                </biblFull>
            </sourceDesc>
        </fileDesc>
    </teiHeader>
    <text>
        <body>
            <pb n="002"/>
            <fw type="pageNum">008</fw>
            <table xml:id="p001" cols="6">
                <head>Norton Friday <date when="1829-04-24">April 24 1829</date></head>
                <row xml:id="p000_01">
                    <cell/>
                    <cell>
                        <name type="person" ref="name"/>
                        <choice rend="align(right)">
                            <abbr/>
                            <expan/>
                        </choice>
                    </cell>
                    <cell>$</cell>
                    <cell>cents</cell>
                    <cell>Sum $</cell>
                    <cell>Cts</cell>
                </row>
                <row xml:id="p000_02">
                    <cell>367</cell>
                    <cell><name type="person" ref="pers_WCDH540">Holmes Richmond</name></cell>
                    <cell/>
                    <cell/>
                    <cell/>
                    <cell/>
                </row>
                <row xml:id="p000_03">
                    <cell/>
                    <cell>To<measure quantity="1" unit="pint" commodity="Gin">1 pt Gin</measure></cell>
                    <cell/>
                    <cell><measure commodity="currency" quantity="6" unit="cents">6</measure></cell>
                    <cell/>
                    <cell/>
                </row>
                <row xml:id="p000_04">
                    <cell>370</cell>
                    <cell>Peter Leirhman</cell>
                    <cell/>
                    <cell/>
                    <cell/>
                    <cell/>
                </row>
                <row xml:id="p000_05">
                    <cell/>
                    <cell>To<measure quantity="2" unit="dozen" commodity="eggs">2 doz Eggs</measure></cell>
                    <cell/>
                    <cell><measure commodity="currency" quantity="20" unit="cents">20</measure></cell>
                    <cell/>
                    <cell/>
                </row>
                <row>
                    <cell>375</cell>
                    <cell><name type="person" ref="pers_WCDH647">Laban Wheaton</name></cell>
                    <cell/>
                    <cell/>
                    <cell/>
                    <cell/>
                </row>
                <row>
                    <cell/>
                    <cell>To<measure quantity="1" unit="quart" commodity="N E Rum">1 qt N E Rum</measure></cell>
                    <cell/>
                    <cell><measure commodity="currency" quantity="11" unit="cents">11</measure></cell>
                    <cell/>
                    <cell/>
                </row>
                <row>
                    <cell>372</cell>
                    <cell><name type="person" ref="pers_WCDH579">Amos Starkey</name></cell>
                    <cell/>
                    <cell/>
                    <cell/>
                    <cell/>
                </row>
                <row>
                    <cell/>
                    <cell>To<measure quantity="1" unit="pint" commodity="N E Rum">1 pt N E Rum</measure></cell>
                    <cell/>
                    <cell><measure commodity="currency" quantity="5" unit="cents">5</measure></cell>
                    <cell/>
                    <cell/>
                </row>
                <row>
                    <cell>370</cell>
                    <cell>Peter Leirhman</cell>
                    <cell/>
                    <cell/>
                    <cell/>
                    <cell/>
                </row>
                <row>
                    <cell/>
                    <cell>To<measure quantity="1" unit="quart" commodity="Gin">1 qt Gin</measure></cell>
                    <cell/>
                    <cell><measure commodity="currency" quantity="12" unit="cents">12</measure></cell>
                    <cell/>
                    <cell/>
                </row>
                <row>
                    <cell>367</cell>
                    <cell><name type="person" ref="pers_WCDH540">Holmes Richmond</name></cell>
                    <cell/>
                    <cell/>
                    <cell/>
                    <cell/>
                </row>
                <row>
                    <cell/>
                    <cell>To <measure quantity="1" unit="count" commodity="pipe">1 pipe</measure></cell>
                    <cell/>
                    <cell><measure commodity="currency" quantity="1" unit="cents">1</measure></cell>
                    <cell/>
                    <cell/>
                </row>
                <row>
                    <cell>25</cell>
                    <cell><name type="person" ref="pers_WCDH259">Capt Thomas Danforth</name></cell>
                    <cell/>
                    <cell/>
                    <cell/>
                    <cell/>
                </row>
                <row>
                    <cell/>
                    <cell>To <measure quantity="1/4" unit="pound" commodity="tea">¼ lb Tea</measure>          17</cell>
                    <cell/>
                    <cell/>
                    <cell/>
                    <cell/>
                </row>
                <row>
                    <cell/>
                    <cell>"<measure quantity="1" unit="gallon" commodity="molassses">1 Gall Molasses</measure>           38</cell>
                    <cell/>
                    <cell><measure commodity="currency" quantity="55" unit="cents">55</measure></cell>
                    <cell/>
                    <cell><measure commodity="currency" quantity="55" unit="cents">55</measure></cell>
                </row>
                <row>
                    <cell>372</cell>
                    <cell><name type="person" ref="pers_WCDH579">Amos Starkey</name></cell>
                    <cell/>
                    <cell/>
                    <cell/>
                    <cell/>
                </row>
                <row>
                    <cell/>
                    <cell>To<measure quantity="1" unit="pint" commodity="N E Rum">1 pt N E Rum</measure></cell>
                    <cell/>
                    <cell><measure commodity="currency" quantity="5" unit="cents">5</measure></cell>
                    <cell/>
                    <cell/>
                </row>
                <row>
                    <cell>25</cell>
                    <cell><name type="person" ref="pers_WCDH259">Thomas Danforth</name></cell>
                    <cell/>
                    <cell/>
                    <cell/>
                    <cell/>
                </row>
                <row>
                    <cell/>
                    <cell>To<measure quantity="1" unit="pound" commodity="coffee">1 lb Coffee</measure></cell>
                    <cell/>
                    <cell><measure commodity="currency" quantity="18" unit="cents">18</measure></cell>
                    <cell/>
                    <cell/>
                </row>
                <row>
                    <cell>338</cell>
                    <cell><name type="person" ref="pers_WCDH206">Alanson Bruce</name></cell>
                    <cell/>
                    <cell/>
                    <cell/>
                    <cell/>
                </row>
                <row>
                    <cell/>
                    <cell>To <measure quantity="1" unit="quart" commodity="N E Rum">1 qt N E Rum</measure></cell>
                    <cell/>
                    <cell><measure commodity="currency" quantity="11" unit="cents">11</measure></cell>
                    <cell/>
                    <cell/>
                </row>
                <row>
                    <cell>313</cell>
                    <cell><name type="person" ref="pers_WCDH134">Asa M Adams</name> </cell>
                    <cell/>
                    <cell/>
                    <cell/>
                    <cell/>
                </row>
                <row>
                    <cell/>
                    <cell>To<measure quantity="1" unit="pair" commodity="boots">1 pr Boots</measure></cell>
                    <cell><measure commodity="currency" quantity="3" unit="dollars">3</measure></cell>
                    <cell><measure commodity="currency" quantity="00" unit="cents">00</measure></cell>
                    <cell/>
                    <cell/>
                </row>
                <row>
                    <cell/>
                    <cell><date when="1829-04-25">25</date></cell>
                    <cell/>
                    <cell/>
                    <cell/>
                    <cell/>
                </row>
                <row>
                    <cell>367</cell>
                    <cell><name type="person" ref="pers_WCDH540">Holmes Richmond</name></cell>
                    <cell/>
                    <cell/>
                    <cell/>
                    <cell/>
                </row>
                <row>
                    <cell/>
                    <cell>To<measure quantity="1" unit="pint" commodity="Gin">1 pt Gin</measure></cell>
                    <cell/>
                    <cell><measure commodity="currency" quantity="6" unit="cents">6</measure></cell>
                    <cell/>
                    <cell/>
                </row>
                <row>
                    <cell>82</cell>
                    <cell><name type="person" ref="pers_WCDH638">Elias Witherell</name></cell>
                    <cell/>
                    <cell/>
                    <cell/>
                    <cell/>
                </row>
                <row>
                    <cell/>
                    <cell>To <measure quantity="3/4" unit="yards" commodity="padding">¾ yds Padding</measure></cell>
                    <cell/>
                    <cell><measure commodity="currency" quantity="50" unit="cents">50</measure></cell>
                    <cell/>
                    <cell/>
                </row>
                <row>
                    <cell/>
                    <cell>" <measure quantity="3/4" unit="yards" commodity="canvas">¾ " Canveas</measure></cell>
                    <cell/>
                    <cell><measure commodity="currency" quantity="29" unit="cents">29</measure></cell>
                    <cell/>
                    <cell/>
                </row>
                <row>
                    <cell/>
                    <cell>" <measure quantity="5" unit="skains" commodity="silk">5 Skains Silk</measure></cell>
                    <cell/>
                    <cell><measure commodity="currency" quantity="30" unit="cents">30</measure></cell>
                    <cell/>
                    <cell/>
                </row>
                <row>
                    <cell/>
                    <cell>" <measure quantity="1" unit="stick" commodity="twist">1 Stick Twist</measure></cell>
                    <cell/>
                    <cell><measure commodity="currency" quantity="6" unit="cents">6</measure></cell>
                    <cell><measure commodity="currency" quantity="1" unit="dollar">1</measure></cell>
                    <cell><measure commodity="currency" quantity="15" unit="cents">15</measure></cell>
                </row>
                <row>
                    <cell>372</cell>
                    <cell><name type="person" ref="pers_WCDH579">Amos Starkey</name></cell>
                    <cell/>
                    <cell/>
                    <cell/>
                    <cell/>
                </row>
                <row>
                    <cell/>
                    <cell>To<measure quantity="1" unit="pint" commodity="N E Rum">1 pt N E Rum</measure></cell>
                    <cell/>
                    <cell><measure commodity="currency" quantity="5" unit="cents">5</measure></cell>
                    <cell/>
                    <cell/>
                </row>
                <row>
                    <cell>On Bill</cell>
                    <cell>Robert Bangs</cell>
                    <cell/>
                    <cell/>
                    <cell/>
                    <cell/>
                </row>
                <row>
                    <cell/>
                    <cell>To<measure quantity="1" unit="pint" commodity="gin">1 pt Gin</measure></cell>
                    <cell/>
                    <cell><measure commodity="currency" quantity="6" unit="cents">6</measure></cell>
                    <cell/>
                    <cell/>
                </row>
                <row>
                    <cell>83</cell>
                    <cell><name type="person" ref="pers_WCDH435">Stephen Leonard</name></cell>
                    <cell/>
                    <cell/>
                    <cell/>
                    <cell/>
                </row>
                <row>
                    <cell/>
                    <cell>To <measure quantity="1" unit="pair" commodity="shoes">1 pr Shoes</measure></cell>
                    <cell><measure commodity="currency" quantity="1" unit="dollars">1</measure></cell>
                    <cell><measure commodity="currency" quantity="25" unit="cents">25</measure></cell>
                    <cell/>
                    <cell/>
                </row>
                <row>
                    <cell>372</cell>
                    <cell><name type="person" ref="pers_WCDH579">Amos Starkey</name></cell>
                    <cell/>
                    <cell/>
                    <cell/>
                    <cell/>
                </row>
                <row>
                    <cell/>
                    <cell>To<measure quantity="1.5" unit="pints" commodity="N E Rum">1 ½ pt N E Rum</measure></cell>
                    <cell/>
                    <cell><measure commodity="currency" quantity="8" unit="cents">8</measure></cell>
                    <cell/>
                    <cell/>
                </row>
                <row>
                    <cell>82</cell>
                    <cell><name type="person" ref="pers_WCDH272">Simeon Derry</name></cell>
                    <cell/>
                    <cell/>
                    <cell/>
                    <cell/>
                </row>
                <row>
                    <cell/>
                    <cell>To in part for<measure quantity="7.125" unit="yards" commodity="Calica" >7 1/8 yds Calica</measure></cell>
                    <cell/>
                    <cell><measure commodity="currency" quantity="21" unit="cents">21</measure></cell>
                    <cell/>
                    <cell/>
                </row>
                <row>
                    <cell>372</cell>
                    <cell><name type="person" ref="pers_WCDH579">Amos Starkey</name></cell>
                    <cell/>
                    <cell/>
                    <cell/>
                    <cell/>
                </row>
                <row>
                    <cell/>
                    <cell>To <measure quantity="7" unit="yards" commodity="shirting">7 yrs Shirting</measure></cell>
                    <cell/>
                    <cell><measure commodity="currency" quantity="88" unit="cents">88</measure></cell>
                    <cell/>
                    <cell/>
                </row>
                <row>
                    <cell>367</cell>
                    <cell><name type="person" ref="pers_WCDH540">Holmes Richmond</name></cell>
                    <cell/>
                    <cell/>
                    <cell/>
                    <cell/>
                </row>
                <row>
                    <cell/>
                    <cell>To<measure quantity="2.5" unit="pounds" commodity="codfish">2 ½ lb Codfish</measure></cell>
                    <cell/>
                    <cell><measure commodity="10" quantity="10" unit="cents">10</measure></cell>
                    <cell/>
                    <cell/>
                </row>
            </table>
            <pb n="002"/>
            <fw type="pageNum">009</fw>
            <table xml:id="p003" cols="6">
                <head>Norton Saturday<date when="1829-04-25">April-25- 1829</date></head>
                <row xml:id="p000_06">
                    <cell/>
                    <cell>
                        <name type="person" ref="name"/>
                        <choice rend="align(right)">
                            <abbr/>
                            <expan/>
                        </choice>
                    </cell>
                    <cell>$</cell>
                    <cell>cents</cell>
                    <cell>Sum $</cell>
                    <cell>Cts</cell>
                </row>
                <row xml:id="p000_07">
                    <cell>367</cell>
                    <cell><name type="person" ref="pers_WCDH540">Holmes Richmond</name></cell>
                    <cell/>
                    <cell/>
                    <cell/>
                    <cell/>
                </row>
                <row xml:id="p000_08">
                    <cell/>
                    <cell>To<measure quantity="1.5" unit="pint" commodity="gin"> 1 ½ pt Gin</measure></cell>
                    <cell/>
                    <cell><measure commodity="currency" quantity="9" unit="cents">9</measure></cell>
                    <cell/>
                    <cell/>
                </row>
                <row xml:id="p000_09">
                    <cell>370</cell>
                    <cell>Peter Leirhman</cell>
                    <cell/>
                    <cell/>
                    <cell/>
                    <cell/>
                </row>
                <row xml:id="p000_10">
                    <cell/>
                    <cell>To <measure quantity="1" unit="quart" commodity="Gin">1 qt Gin</measure></cell>
                    <cell/>
                    <cell><measure commodity="currency" quantity="12" unit="cents">12</measure></cell>
                    <cell/>
                    <cell/>
                </row>
                <row>
                    <cell/>
                    <cell>"<measure quantity=".25" unit="pounds" commodity="Starch">¼ lb Starch</measure></cell>
                    <cell/>
                    <cell><measure commodity="currency" quantity="4" unit="cents">4</measure></cell>
                    <cell/>
                    <cell><measure commodity="currency" quantity="16" unit="cents">16</measure></cell>
                </row>
                <row>
                    <cell>375</cell>
                    <cell><name type="person" ref="pers_WCDH647">Laban Wheaton</name></cell>
                    <cell/>
                    <cell/>
                    <cell/>
                    <cell/>
                </row>
                <row>
                    <cell/>
                    <cell>To <measure quantity="1" unit="quarts" commodity="rum">1 qts best Rum</measure></cell>
                    <cell/>
                    <cell><measure commodity="currency" quantity="25" unit="cents">25</measure></cell>
                    <cell/>
                    <cell/>
                </row>
                <row>
                    <cell>367</cell>
                    <cell><name type="person" ref="pers_WCDH540">Holmes Richmond</name></cell>
                    <cell/>
                    <cell/>
                    <cell/>
                    <cell/>
                </row>
                <row>
                    <cell/>
                    <cell>To<measure quantity="1" unit="pound" commodity="sugar">1 lb Sugar</measure></cell>
                    <cell/>
                    <cell><measure commodity="currency" quantity="13" unit="cents">13</measure></cell>
                    <cell/>
                    <cell/>
                </row>
                <row>
                    <cell/>
                    <cell>"<measure quantity="1" unit="pound" commodity="coffee">1 lb Coffee</measure></cell>
                    <cell/>
                    <cell><measure commodity="currency" quantity="20" unit="cents">20</measure></cell>
                    <cell/>
                    <cell/>
                </row>
                <row>
                    <cell/>
                    <cell>" <measure quantity="2" unit="count" commodity="Mackerell">2 Mackerell</measure></cell>
                    <cell/>
                    <cell><measure commodity="currency" quantity="13" unit="cents">13</measure></cell>
                    <cell/>
                    <cell><measure commodity="currency" quantity="46" unit="cents">46</measure></cell>
                </row>
                <row>
                    <cell>On Bill </cell>
                    <cell>Robert Bangs</cell>
                    <cell/>
                    <cell/>
                    <cell/>
                    <cell/>
                </row>
                <row>
                    <cell/>
                    <cell>To <measure quantity="1" unit="pint" commodity="N E Rum">1 pt N E Rum</measure></cell>
                    <cell/>
                    <cell><measure commodity="currency" quantity="5" unit="cents">5</measure></cell>
                    <cell/>
                    <cell/>
                </row>
                <row>
                    <cell>376</cell>
                    <cell><name type="person" ref="pers_WCDH565">John Smith</name></cell>
                    <cell/>
                    <cell/>
                    <cell/>
                    <cell/>
                </row>
                <row>
                    <cell/>
                    <cell>To<measure quantity="1" unit="pair" commodity="Booteas">1 pr Boys Booteas</measure></cell>
                    <cell><measure commodity="currency" quantity="1" unit="dollar">1</measure></cell>
                    <cell><measure commodity="currency" quantity="25" unit="cents">25</measure></cell>
                    <cell/>
                    <cell/>
                </row>
                <row>
                    <cell/>
                    <cell><date when="1829-04-27">27</date></cell>
                    <cell/>
                    <cell/>
                    <cell/>
                    <cell/>
                </row>
                <row>
                    <cell>367</cell>
                    <cell><name type="person" ref="pers_WCDH540">Holmes Richmond</name></cell>
                    <cell/>
                    <cell/>
                    <cell/>
                    <cell/>
                </row>
                <row>
                    <cell/>
                    <cell>To<measure quantity="1" commodity="pint" unit="Gin">1 pt Gin</measure></cell>
                    <cell/>
                    <cell><measure commodity="currency" quantity="6" unit="cents">6</measure></cell>
                    <cell/>
                    <cell/>
                </row>
                <row>
                    <cell>370</cell>
                    <cell>Peter Leirhmand</cell>
                    <cell/>
                    <cell/>
                    <cell/>
                    <cell/>
                </row>
                <row>
                    <cell/>
                    <cell>To<measure quantity="1" commodity="Jug" unit="Blacking">1 Jug Blacking</measure></cell>
                    <cell>"</cell>
                    <cell><measure commodity="currency" quantity="33" unit="cents">33</measure></cell>
                    <cell/>
                    <cell/>
                </row>
                <row>
                    <cell>359</cell>
                    <cell><name type="person" ref="pers_WCDH427">Charles Leonard</name></cell>
                    <cell/>
                    <cell/>
                    <cell/>
                    <cell/>
                </row>
                <row>
                    <cell/>
                    <cell>To <measure quantity="1" unit="hand" commodity="tobacco">1 H Tobacco</measure></cell>
                    <cell/>
                    <cell><measure commodity="currency" quantity="3" unit="cents">3</measure></cell>
                    <cell/>
                    <cell/>
                </row>
                <row>
                    <cell>On Bill</cell>
                    <cell>Robert Bangs</cell>
                    <cell/>
                    <cell/>
                    <cell/>
                    <cell/>
                </row>
                <row>
                    <cell/>
                    <cell>To<measure quantity="1" unit="pint" commodity="N E Rum">1 pt N E  Rum</measure></cell>
                    <cell/>
                    <cell><measure commodity="currency" quantity="5" unit="cents">5</measure></cell>
                    <cell/>
                    <cell/>
                </row>
                <row>
                    <cell>375</cell>
                    <cell><name type="person" ref="pers_WCDH647">Laban Wheaton</name></cell>
                    <cell/>
                    <cell/>
                    <cell/>
                    <cell/>
                </row>
                <row>
                    <cell/>
                    <cell>To<measure quantity="1" unit="quarts" commodity="Brandy">1 qts Brandy</measure></cell>
                    <cell/>
                    <cell><measure commodity="currency" quantity="38" unit="cents">38</measure></cell>
                    <cell/>
                    <cell/>
                </row>
                <row>
                    <cell/>
                    <cell>"<measure quantity="1" unit="quarts" commodity="wine">1 qts Wine</measure></cell>
                    <cell/>
                    <cell><measure commodity="currency" quantity="37" unit="cents">37</measure></cell>
                    <cell/>
                    <cell/>
                </row>
                <row>
                    <cell/>
                    <cell>"<measure quantity=".5" unit="pounds" commodity="Soug Tea"> ½ lb Soug Tea</measure></cell>
                    <cell/>
                    <cell><measure commodity="currency" quantity="33" unit="cents">33</measure></cell>
                    <cell/>
                    <cell/>
                </row>
                <row>
                    <cell/>
                    <cell>" <measure quantity=".5" unit="salt" commodity="Cass and Seasaus">½ salt Cass &amp; Seasaus<!-- ? --></measure></cell>
                    <cell/>
                    <cell><measure commodity="currency" quantity="17" unit="cents">17</measure></cell>
                    <cell/>
                    <cell/>
                </row>
                <row>
                    <cell/>
                    <cell>" <measure quantity="1" unit="quart" commodity="H Gin">1 qt H Gin</measure></cell>
                    <cell/>
                    <cell><measure commodity="currency" quantity="28" unit="cents">28</measure></cell>
                    <cell/>
                    <cell/>
                </row>
                <row>
                    <cell/>
                    <cell>" <measure quantity="4.25" unit="pounds" commodity="loaf sugar">4 1/4lb L Sugar</measure></cell>
                    <cell/>
                    <cell><measure commodity="currency" quantity="85" unit="cents">85</measure></cell>
                    <cell><measure commodity="currency" quantity="2" unit="dollars">2</measure></cell>
                    <cell><measure commodity="currency" quantity="38" unit="cents">38</measure></cell>
                </row>
                <row>
                    <cell>200</cell>
                    <cell><name type="person" ref="pers_WCDH483">Samuel Morey</name></cell>
                    <cell/>
                    <cell/>
                    <cell/>
                    <cell/>
                </row>
                <row>
                    <cell/>
                    <cell>To<measure quantity="1" unit="Gallons" commodity="N E Rum">1 Gall N E Rum</measure></cell>
                    <cell/>
                    <cell><measure commodity="currency" quantity="40" unit="cents">40</measure></cell>
                    <cell/>
                    <cell/>
                </row>
                <row>
                    <cell>367</cell>
                    <cell><name type="person" ref="pers_WCDH540">Holmes Richmond</name></cell>
                    <cell/>
                    <cell/>
                    <cell/>
                    <cell/>
                </row>
                <row>
                    <cell/>
                    <cell>To<measure quantity="1" unit="pint" commodity="Gin">1 pt Gin</measure></cell>
                    <cell/>
                    <cell><measure commodity="currency" quantity="6" unit="cents">6</measure></cell>
                    <cell/>
                    <cell/>
                </row>
                <row>
                    <cell>372</cell>
                    <cell><name type="person" ref="pers_WCDH579">Amos Starkey</name></cell>
                    <cell/>
                    <cell/>
                    <cell/>
                    <cell/>
                </row>
                <row>
                    <cell/>
                    <cell>To<measure quantity="1" unit="pint" commodity="Gin">1 pt Gin</measure></cell>
                    <cell/>
                    <cell><measure commodity="currency" quantity="6" unit="cents">6</measure></cell>
                    <cell/>
                    <cell/>
                </row>
                <row>
                    <cell>settled</cell>
                    <cell><name type="person" ref="pers_WCDH390">Walter Keith</name></cell>
                    <cell/>
                    <cell/>
                    <cell/>
                    <cell/>
                </row>
                <row>
                    <cell/>
                    <cell>To<measure quantity="1" unit="pair" commodity="shoes">1 pr Shoes</measure></cell>
                    <cell><measure commodity="currency" quantity="1" unit="dollars">1</measure></cell>
                    <cell><measure commodity="currency" quantity="25" unit="cents">25</measure></cell>
                    <cell/>
                    <cell/>
                </row>
                <row>
                    <cell/>
                    <cell><date when="1829-04-28">28</date></cell>
                    <cell/>
                    <cell/>
                    <cell/>
                    <cell/>
                </row>
                <row>
                    <cell>367</cell>
                    <cell><name type="person" ref="pers_WCDH540">Holmes Richmond</name></cell>
                    <cell/>
                    <cell/>
                    <cell/>
                    <cell/>
                </row>
                <row>
                    <cell/>
                    <cell>To <measure quantity="1" unit="pint" commodity="N E Rum">1 pt N E Rum</measure></cell>
                    <cell/>
                    <cell><measure commodity="currency" quantity="6" unit="cents">6</measure></cell>
                    <cell/>
                    <cell/>
                </row>
                <row>
                    <cell>372</cell>
                    <cell><name type="person" ref="pers_WCDH579">Amos Starkey</name></cell>
                    <cell/>
                    <cell/>
                    <cell/>
                    <cell/>
                </row>
                <row>
                    <cell/>
                    <cell><measure quantity="1" unit="pint" commodity="N E Rum">To 1 pt N E Rum</measure></cell>
                    <cell/>
                    <cell><measure commodity="currency" quantity="5" unit="cents">5</measure></cell>
                    <cell/>
                    <cell/>
                </row>
                <row>
                    <cell>25</cell>
                    <cell><name type="name" ref="pers_WCDH261">Thomas Danforth Esq</name></cell>
                    <cell/>
                    <cell/>
                    <cell/>
                    <cell/>
                </row>
                <row>
                    <cell/>
                    <cell>To <measure quantity="2" unit="dozen" commodity="crackers">2 doz Crackers</measure></cell>
                    <cell/>
                    <cell><measure commodity="currency" quantity="16" unit="cents">16</measure></cell>
                    <cell/>
                    <cell/>
                </row>
            </table>
        </body>
    </text>
</TEI>