<TEI xmlns="http://www.tei-c.org/ns/1.0">
   <teiHeader>
      <fileDesc>
         <titleStmt>
            <title>LMW Day Book, pp. 000-000</title>
            <author>L.M. Wheaton</author>
         </titleStmt>
         <publicationStmt>
            <p>Transcribed by Sahilia Ramirez, Summer 2016, Wheaton College</p>
         </publicationStmt>
         <sourceDesc>
            <biblFull>
               <titleStmt>
                  <title>Account Books, pp.100-149</title>
                  <author>L.M. Wheaton</author>
                  <respStmt>
                     <resp> TEI-compatible XML markup by <name type="person">Sahilia Ramirez</name>
                        with corrections by <name type="person">Name</name>, <name
                           type="person">Name</name>, and <name type="person">Name</name>.</resp>
                     <name type="person">Name</name>
                  </respStmt>
               </titleStmt>
               <publicationStmt>
                  <p>Transcribed by Sahilia Ramirez,Summer 2016, Wheaton College</p>
               </publicationStmt>
               <sourceDesc>
                  <p> From the Marion B. Gebbie Archives and Special Collections at the Madeleine
                     Clark Wallace Library, Wheaton College </p>
               </sourceDesc>
            </biblFull>
         </sourceDesc>
      </fileDesc>
   </teiHeader>
   <text>
      <body>
         <pb n="104"/>
         <fw type="pageNum">104</fw>
         <table>
            <head>Monday <date ana="#bk_when" when="1832-04-16">April 16th 1832.</date></head>
            <row>
               <cell>395</cell>
               <cell>
                  <name ana="#bk_to" type="person" ref="pers_WCDH62">Thompson Tripp</name>
                  <choice rend="align(right)">
                     <abbr>DR</abbr>
                     <expan>Debtor</expan>
                  </choice><lb/>
               </cell>
               <cell/>
               <cell/>
               <cell/>
               <cell/>
            </row>
            <row>
               <cell/>
               <cell>To cash 36/</cell>
               <cell><measure  quantity="6" unit="dollars">6</measure></cell>
               <cell>00</cell>
               <cell/>
               <cell/>
            </row>
            <row>
               <cell/>
               <cell>By paying cash</cell>
               <cell><measure  ana="#bk_money #bk_to"  quantity="1" unit="dollars">1</measure></cell>
               <cell><measure  ana="#bk_money #bk_to"  quantity="68" unit="cents">68</measure></cell>
               <cell></cell>
               <cell></cell>
            </row>
            <row>
               <cell/>
               <cell><date ana="#bk_when" when="1832-04-23">23</date></cell>
               <cell/>
               <cell/>
               <cell/>
               <cell/>
            </row>
            <row>
               <cell>368</cell>
               <cell><name ana="#bk_to" type="person" ref="pers_WCDH574">Timothy Smith</name>
                  <choice rend="align(right)">
                     <abbr>DR</abbr>
                     <expan>Debtor</expan>
                  </choice><lb/></cell>
               <cell/>
               <cell/>
               <cell/>
               <cell/>
            </row>
            <row>
               <cell/>
               <cell>To <measure quantity="1" unit="bushels">1 Bus Potatoes</measure> 2/3</cell>
               <cell></cell>
               <cell><measure  ana="#bk_money #bk_to"  quantity="38" unit="cents">38</measure></cell>
               <cell/>
               <cell/>
            </row>
            <row>
               <cell/>
               <cell><date ana="#bk_when" when="1832-04-24">24</date></cell>
               <cell/>
               <cell/>
               <cell/>
               <cell/>
            </row>
            <row>
               <cell>117</cell>
               <cell><name ana="#bk_to" type="person" ref="pers_WCDH276">Darius Drake</name>
                  <choice rend="align(right)">
                     <abbr>DR</abbr>
                     <expan>Debtor</expan>
                  </choice><lb/></cell>
               <cell/>
               <cell/>
               <cell/>
               <cell/>
            </row>
            <row>
               <cell/>
               <cell>To oven for H. Hodges 6/</cell>
               <cell><measure  ana="#bk_money #bk_to"  quantity="1" unit="dollars">1</measure></cell>
               <cell><measure  ana="#bk_money #bk_to"  quantity="0" unit="cents">00</measure></cell>
               <cell/>
               <cell/>
            </row>
            <row>
               <cell/>
               <cell><date ana="#bk_when" when="1832-04-25">25</date></cell>
               <cell/>
               <cell/>
               <cell/>
               <cell/>
            </row>
            <row>
               <cell></cell>
               <cell>Nathan Anderson</cell>
               <cell/>
               <cell/>
               <cell/>
               <cell/>
            </row>
            <row>
               <cell/>
               <cell>To cash 28x</cell>
               <cell></cell>
               <cell><measure  ana="#bk_money #bk_to"  quantity="28" unit="cents">28</measure></cell>
               <cell/>
               <cell/>
            </row>
            <row>
               <cell>Settled</cell>
               <cell><name ana="#bk_to" type="person" ref="v">Henry Clement</name>
                  <choice rend="align(right)">
                     <abbr>DR</abbr>
                     <expan>Debtor</expan>
                  </choice><lb/></cell>
               <cell/>
               <cell/>
               <cell/>
               <cell/>
            </row>
            <row>
               <cell></cell>
               <cell>To cash 1/6</cell>
               <cell/>
               <cell><measure  ana="#bk_money #bk_to"  quantity="0.5" unit="cents">25</measure></cell>
               <cell/>
               <cell/>
            </row>
            <row>
               <cell/>
               <cell><date ana="#bk_when" when="1832-04-29">29</date></cell>
               <cell></cell>
               <cell></cell>
               <cell/>
               <cell/>
            </row>
            <row>
               <cell>396</cell>
               <cell><name ana="#bk_to" type="person" ref="pers_WCDH484">Samuel Morey</name>
                  <choice rend="align(right)">
                     <abbr>DR</abbr>
                     <expan>Debtor</expan>
                  </choice><lb/></cell>
               <cell/>
               <cell/>
               <cell/>
               <cell/>
            </row>
            <row>
               <cell></cell>
               <cell>To cash <measure  ana="#bk_money #bk_to"  quantity="30" unit="dollars">thirty dollars</measure></cell>
               <cell><measure  ana="#bk_money #bk_to"  quantity="30" unit="cents">30</measure></cell>
               <cell><measure  ana="#bk_money #bk_to"  quantity="0" unit="cents">00</measure></cell>
               <cell/>
               <cell/>
            </row>
            <row>
               <cell>Settled</cell>
               <cell><name ana="#bk_to" type="person" ref="pers_WCDH140">Oliver Allen</name>
                  <choice rend="align(right)">
                     <abbr>DR</abbr>
                     <expan>Debtor</expan>
                  </choice><lb/></cell>
               <cell/>
               <cell></cell>
               <cell/>
               <cell/>
            </row>
            <row>
               <cell/>
               <cell>By six days work 4/6</cell>
               <cell><measure  ana="#bk_money #bk_to"  quantity="4" unit="dollars">4</measure></cell>
               <cell><measure  ana="#bk_money #bk_to"  quantity="50" unit="cents">50</measure></cell>
               <cell/>
               <cell></cell>
            </row>
            <row>
               <cell/>
               <cell>To cash 12/</cell>
               <cell><measure  ana="#bk_money #bk_to"  quantity="2" unit="dollars">2</measure></cell>
               <cell><measure  ana="#bk_money #bk_to"  quantity="0" unit="cents">00</measure></cell>
               <cell/>
               <cell/>
            </row>
            <row>
               <cell>Settled</cell>
               <cell><name ana="#bk_to" type="person" ref="pers_WCDH495">Alva Packard</name>
                  <choice rend="align(right)">
                     <abbr>DR</abbr>
                     <expan>Debtor</expan>
                  </choice><lb/></cell>
               <cell/>
               <cell/>
               <cell/>
               <cell/>
            </row>
            <row>
               <cell/>
               <cell>By days work</cell>
               <cell/>
               <cell></cell>
               <cell/>
               <cell/>
            </row>
            <row>
               <cell/>
               <cell>To work 3/</cell>
               <cell/>
               <cell><measure  ana="#bk_money #bk_to"  quantity="50" unit="cents">50</measure></cell>
               <cell/>
               <cell/>
            </row>
            <row>
               <cell>391</cell>
               <cell><name ana="#bk_to" type="person" ref="v">Catharine Perham</name>
                  <choice rend="align(right)">
                     <abbr>DR</abbr>
                     <expan>Debtor</expan>
                  </choice><lb/></cell>
               <cell/>
               <cell/>
               <cell/>
               <cell/>
            </row>
            <row>
               <cell/>
               <cell>To postage of letters</cell>
               <cell></cell>
               <cell><measure quantity="10" unit="cents">10</measure></cell>
               <cell/>
               <cell/>
            </row>
            <row>
               <cell>392</cell>
               <cell><name ana="#bk_to" type="person" ref="pers_WCDH359">Hiram Hodges</name>
                  <choice rend="align(right)">
                     <abbr>DR</abbr>
                     <expan>Debtor</expan>
                  </choice><lb/></cell>
               <cell/>
               <cell/>
               <cell/>
               <cell/>
            </row>
            <row>
               <cell></cell>
               <cell>To <measure quantity="1" unit="bushels">1 Bus potatoes</measure> 2/0</cell>
               <cell/>
               <cell><measure  ana="#bk_money #bk_to"  quantity="38" unit="cents">38</measure></cell>
               <cell/>
               <cell/>
            </row>
            <row>
               <cell/>
               <cell><date ana="#bk_when" when="1832-05-03">May 3</date></cell>
               <cell/>
               <cell></cell>
               <cell/>
               <cell/>
            </row>
            <row>
               <cell>396</cell>
               <cell><name ana="#bk_to" type="person" ref="pers_WCDH484">Pact Samuel Morey</name>
                  <choice rend="align(right)">
                     <abbr>DR</abbr>
                     <expan>Debtor</expan>
                  </choice><lb/></cell><cell/>
               <cell></cell>
               <cell/>
               <cell/>
            </row>
            <row>
               <cell/>
               <cell>To <measure quantity="5" unit="bushels">5 Bushell Potatoes</measure> 2/3</cell>
               <cell><measure  ana="#bk_money #bk_to"  quantity="2" unit="dollars">2</measure></cell>
               <cell><measure  ana="#bk_money #bk_to"  quantity="08" unit="cents">08</measure></cell>
               <cell/>
               <cell/>
            </row>
            <row>
               <cell>Settled</cell>
               <cell><name ana="#bk_to" type="person" ref="v">Henry Clement</name>
                  <choice rend="align(right)">
                     <abbr>DR</abbr>
                     <expan>Debtor</expan>
                  </choice><lb/></cell>
               <cell/>
               <cell/>
               <cell/>
               <cell/>
            </row>
            <row>
               <cell/>
               <cell>To <measure  ana="#bk_money #bk_to"  quantity="1" unit="bushels">1 Bus potatoes </measure>2/3</cell>
               <cell></cell>
               <cell></cell>
               <cell/>
               <cell/>
            </row>
            <row>
               <cell/>
               <cell>" cash 3/</cell>
               <cell/>
               <cell><measure  ana="#bk_money #bk_to"  quantity="88" unit="censt">88</measure></cell>
               <cell/>
               <cell/>
            </row>
            <row>
               <cell>392</cell>
               <cell><name ana="#bk_to" type="person" ref="pers_WCDH359">Hiram Hodges</name>
                  <choice rend="align(right)">
                     <abbr>CR</abbr>
                     <expan>credit</expan>
                  </choice><lb/></cell>
               <cell/>
               <cell/>
               <cell/>
               <cell/>
            </row>
            <row>
               <cell/>
               <cell>By 1/2 bll. 4/6</cell>
               <cell></cell>
               <cell><measure  ana="#bk_money #bk_to"  quantity="0.5" unit="cents">75</measure></cell>
               <cell/>
               <cell/>
            </row>
            <row>
               <cell/>
               <cell><date ana="#bk_when" when="1832-05-05">5</date></cell>
               <cell></cell>
               <cell></cell>
               <cell></cell>
               <cell></cell>
            </row>
            <row>
               <cell>392</cell>
               <cell><name ana="#bk_to" type="person" ref="pers_WCDH359">Hiram Hodges</name>
                  <choice rend="align(right)">
                     <abbr>DR</abbr>
                     <expan>Debtor</expan>
                  </choice><lb/></cell>
               <cell></cell>
               <cell></cell>
               <cell/>
               <cell/>
            </row>
            <row>
               <cell/>
               <cell>To <measure quantity="0.5" unit="bushels">1/2 Buss Rye</measure> 6/ pr Bush</cell>
               <cell/>
               <cell><measure  ana="#bk_money #bk_to"  quantity="50" unit="cents">50</measure></cell>
               <cell/>
               <cell/>
            </row>
            <row>
               <cell>392</cell>
               <cell>By <measure quantity="5.5" unit="pounds">5 1/2 lbs. Lump Sugar</measure> 1/</cell>
               <cell/>
               <cell><measure ana="#bk_money #bk_to"  quantity="83" unit="cents">83</measure></cell>
               <cell/>
               <cell/>
            </row>
            <row>
               <cell></cell>
               <cell><date ana="#bk_when" when="1832-05-05">5</date></cell>
               <cell></cell>
               <cell></cell>
               <cell/>
               <cell/>
            </row>
            <row>
               <cell>391</cell>
               <cell><name ana="#bk_to" type="person" ref="v">Catharine A Perham</name>
                  <choice rend="align(right)">
                     <abbr>DR</abbr>
                     <expan>Debtor</expan>
                  </choice><lb/></cell>
               <cell/>
               <cell/>
               <cell/>
               <cell/>
            </row>
            <row>
               <cell></cell>
               <cell>To a froch</cell>
               <cell/>
               <cell/>
               <cell/>
               <cell/>
            </row>
            <row>
               <cell/>
               <cell>16/</cell>
               <cell><measure  ana="#bk_money #bk_to"  quantity="3" unit="dollars">3</measure></cell>
               <cell><measure  ana="#bk_money #bk_to"  quantity="0" unit="cents">00</measure></cell>
               <cell/>
               <cell/>
            </row>
            <row>
               <cell>393</cell>
               <cell><name ana="#bk_to" type="person" ref="pers_WCDH118">Wheaton Wheeler</name>
                  <choice rend="align(right)">
                     <abbr>DR</abbr>
                     <expan>Debtor</expan>
                  </choice><lb/></cell>
               <cell/>
               <cell/>
               <cell/>
               <cell/>
            </row>
            <row>
               <cell></cell>
               <cell>By cash recevied of county Treasurer</cell>
               <cell><measure  ana="#bk_money #bk_to"  quantity="13" unit="dollars">13</measure></cell>
               <cell><measure  ana="#bk_money #bk_to"  quantity="56" unit="cents">56</measure></cell>
               <cell/>
               <cell/>
            </row>
            <row>
               <cell/>
               <cell><date ana="#bk_when" when="1832-05-11">11</date></cell>
               <cell></cell>
               <cell></cell>
               <cell/>
               <cell/>
            </row>
            <row>
               <cell>368</cell>
               <cell><name ana="#bk_to" type="person" ref="pers_WCDH574">Timothy Smith</name>
                  <choice rend="align(right)">
                     <abbr>DR</abbr>
                     <expan>Debtor</expan>
                  </choice><lb/></cell>
               <cell/>
               <cell/>
               <cell/>
               <cell/>
            </row>
            <row>
               <cell></cell>
               <cell>To <measure quantity="1" unit="bushels">1 Bus potatoes</measure> 2/3</cell>
               <cell/>
               <cell><measure  ana="#bk_money #bk_to"  quantity="38" unit="cents">38</measure></cell>
               <cell/>
               <cell/>
            </row>
            <row>
               <cell>391</cell>
               <cell><name ana="#bk_to" type="person" ref="v">Catharine Perham</name>
                  <choice rend="align(right)">
                     <abbr>DR</abbr>
                     <expan>Debtor</expan>
                  </choice><lb/></cell>
               <cell/>
               <cell></cell>
               <cell/>
               <cell/>
            </row>
            <row>
               <cell/>
               <cell>To total cash 8x</cell>
               <cell/>
               <cell><measure  ana="#bk_money #bk_to"  quantity="8" unit="cents">8</measure></cell>
               <cell/>
               <cell></cell>
            </row>
         </table>
       </body>
   </text>
</TEI>
