<?xml version="1.0" encoding="UTF-8"?>
<?oxygen RNGSchema="http://www.tei-c.org/release/xml/tei/custom/schema/relaxng/tei_all.rng" type="xml"?>
<TEI xmlns="http://www.tei-c.org/ns/1.0">
   <teiHeader>
      <fileDesc>
         <titleStmt>
            <title>LMW Day Book, pp. 100-139</title>
            <author>L.M. Wheaton</author>
         </titleStmt>
         <publicationStmt>
            <p>Transcribed by Sahilia Ramire Summer 2016, Wheaton College</p>
         </publicationStmt>
         <sourceDesc>
            <biblFull>
               <titleStmt>
                  <title>Account Books, pp.100-139</title>
                  <author>L.M. Wheaton</author>
                  <respStmt>
                     <resp> TEI-compatible XML markup by <name type="person">Sahilia Ramirez</name>
                        with corrections by <name type="person">Name</name>, <name
                           type="person">Name</name>, and <name type="person">Name</name>.</resp>
                     <name type="person">Name</name>
                  </respStmt>
               </titleStmt>
               <publicationStmt>
                  <p>Transcribed by Sahilia Ramirez Summer 2016, Wheaton College</p>
               </publicationStmt>
               <sourceDesc>
                  <p> From the Marion B. Gebbie Archives and Special Collections at the Madeleine
                     Clark Wallace Library, Wheaton College </p>
               </sourceDesc>
            </biblFull>
         </sourceDesc>
      </fileDesc>
   </teiHeader>
   <text>
      <body>
         <pb n="130"/>
         <fw type="pageNum">130</fw>
         <table>
            <head>Saturday<date ana="#bk_when" when="1834-11-22">text</date></head>
            <row ana="#bk_entry">
<cell ana="#bk_status" corresp="#Settled">Settled</cell>
               <cell>
                  <name ana="#bk_to" type="person" ref="?">George Leonard</name>
                  <choice rend="align(right)">
                     <abbr>DR</abbr>
                     <expan>Debtor</expan>
                  </choice><lb/>
               </cell>
               <cell/>
               <cell/>
               <cell/>
               <cell/>
            </row>
            <row>
               <cell/>
               <cell>To <name type="account" ref="LMWcash">cash</name> towards shingles <measure ana="#bk_money #bk_to" quantity="10" unit="dollars">ten dollars</measure></cell>
               <cell><measure ana="#bk_money #bk_to" quantity="10" unit="dollars">10</measure></cell>
               <cell>0</cell>
               <cell/>
               <cell/>
            </row>
            <span type="subheading"><date ana="#bk_when" when="1834-11-25">25</date></span>
            <row ana="#bk_entry">
<cell ana="#bk_status" corresp="#310">310</cell>
               <cell><name ana="#bk_to" type="person" ref="pers_WCDH375">Horace Hulet</name>
                  <choice rend="align(right)">
                     <abbr>DR</abbr>
                     <expan>Debtor</expan>
                  </choice><lb/></cell>
               <cell/>
               <cell/>
               <cell/>
               <cell/>
            </row>
            <row>
               <cell></cell>
               <cell>To <measure quantity="0.5" unit="bushels">cron 1/2 Buls.</measure>6/</cell>
               <cell/>
               <cell><measure ana="#bk_money #bk_to" quantity="50" unit="dollars">50</measure></cell>
               <cell/>
               <cell/>
            </row>
            <row ana="#bk_entry">
<cell ana="#bk_status" corresp="#Settled">Settled</cell>
               <cell><name ana="#bk_to" type="person" ref="?">Mores Hunt</name>
                  <choice rend="align(right)">
                     <abbr>DR</abbr>
                     <expan>Debtor</expan>
                  </choice><lb/></cell>
               <cell></cell>
               <cell></cell>
               <cell/>
               <cell/>
            </row>
            <row>
               <cell/>
               <cell>To <name type="account" ref="LMWcash">cash</name> lent</cell>
               <cell/>
               <cell><measure ana="#bk_money #bk_to" quantity="88" unit="dollars">88</measure></cell>
               <cell/>
               <cell/>
            </row>
         </table>
            <pb n="130"/>
            <fw type="pageNum">130</fw>
            <table>
               <head><date ana="#bk_when" when="1834-12-02">text</date></head>
            <row ana="#bk_entry">
<cell ana="#bk_status" corresp="#402">402</cell>
               <cell><name ana="#bk_to" type="person" ref="pers_WCDH397">Elijah H. King</name>
                  <choice rend="align(right)">
                     <abbr>DR</abbr>
                     <expan>Debtor</expan>
                  </choice><lb/></cell>
               <cell/>
               <cell/>
               <cell/>
               <cell/>
            </row>
            <row>
               <cell/>
               <cell>To paying your tax</cell>
               <cell><measure ana="#bk_money #bk_to" quantity="7" unit="dollars">7</measure></cell>
               <cell><measure ana="#bk_money #bk_to" quantity="20" unit="dollars">20</measure></cell>
               <cell/>
               <cell/>
            </row>
            <row ana="#bk_entry">
<cell ana="#bk_status" corresp="#400">400</cell>
               <cell><name ana="#bk_to" type="person" ref="?">Betsey A. Chase</name>
                  <choice rend="align(right)">
                     <abbr>DR</abbr>
                     <expan>Debtor</expan>
                  </choice><lb/></cell>
               <cell/>
               <cell/>
               <cell/>
               <cell/>
            </row>
            <row>
               <cell></cell>
               <cell>To <name type="account" ref="LMWcash">cash</name> 22 x 25 x</cell>
               <cell/>
               <cell><measure ana="#bk_money #bk_to" quantity="47" unit="dollars">47</measure></cell>
               <cell/>
               <cell/>
            </row>
            <row ana="#bk_entry">
<cell ana="#bk_status" corresp="#Paid">Paid</cell>
               <cell><name ana="#bk_to" type="person" ref="pers_WCDH650">Wheaton Wheeler</name>
                  <choice rend="align(right)">
                     <abbr>DR</abbr>
                     <expan>Debtor</expan>
                  </choice><lb/></cell>
               <cell></cell>
               <cell></cell>
               <cell/>
               <cell/>
            </row>
            <row>
               <cell/>
               <cell>By <measure quantity="1" unit="day">one Days work</measure>2/6</cell>
               <cell/>
               <cell><measure ana="#bk_money #bk_to" quantity="42" unit="dollars">42</measure></cell>
               <cell/>
               <cell/>
            </row>
            <span type="subheading"><date ana="#bk_when" when="1834-12-03">3</date></span>
            <row ana="#bk_entry">
<cell ana="#bk_status" corresp="#400">400</cell>
               <cell><name ana="#bk_to" type="person" ref="?">Betsey A. Chase</name>
                  <choice rend="align(right)">
                     <abbr>DR</abbr>
                     <expan>Debtor</expan>
                  </choice><lb/></cell>
               <cell></cell>
               <cell></cell>
               <cell/>
               <cell/>
            </row>
            <row>
               <cell/>
               <cell>To <measure ana="#bk_commodity #bk_from" commodity="flannel">paying for flannel</measure>at L. Perrys <!--?--></cell>
               <cell/>
               <cell><measure ana="#bk_money #bk_to" quantity="38" unit="dollars">38</measure></cell>
               <cell/>
               <cell/>
            </row>
            <span type="subheading"><date ana="#bk_when" when="1834-12-12">12</date></span>
            <row ana="#bk_entry">
<cell ana="#bk_status" corresp="#Paid">Paid</cell>
               <cell><name ana="#bk_to" type="person" ref="pers_WCDH375">Horace Hulet</name>
                  <choice rend="align(right)">
                     <abbr>DR</abbr>
                     <expan>Debtor</expan>
                  </choice><lb/></cell>
               <cell/>
               <cell></cell>
               <cell/>
               <cell/>
            </row>
            <row>
               <cell/>
               <cell>To <name type="account" ref="LMWcash">cash</name>lent to send the Boston <measure ana="#bk_money #bk_to" quantity="11" unit="dollars">eleven Dollars</measure></cell>
               <cell><measure ana="#bk_money #bk_to" quantity="11" unit="dollars">11</measure></cell>
               <cell>0</cell>
               <cell/>
               <cell></cell>
            </row>
            <span type="subheading"><date ana="#bk_when" when="1834-12-15">15</date></span>
            <row ana="#bk_entry">
<cell ana="#bk_status" corresp="#109">109</cell>
               <cell><name ana="#bk_to" type="person" ref="pers_WCDH524">Pliney Puffer</name>
                  <choice rend="align(right)">
                     <abbr>DR</abbr>
                     <expan>Debtor</expan>
                  </choice><lb/></cell>
               <cell/>
               <cell/>
               <cell/>
               <cell/>
            </row>
            <row>
               <cell/>
               <cell>To <measure commodity="Pine Boards" quantity="99" unit="feet">99 feet. Pine boards</measure>2 1/2 lbs. per feet.</cell>
               <cell><measure ana="#bk_money #bk_to" quantity="2" unit="dollars">2</measure></cell>
               <cell><measure ana="#bk_money #bk_to" quantity="48" unit="dollars">48</measure></cell>
               <cell/>
               <cell/>
            </row>
            <row ana="#bk_entry">
<cell ana="#bk_status" corresp="#399">399</cell>
               <cell><name ana="#bk_to" type="person" ref="pers_WCDH134">Dort. Asa M. Adams</name>
                  <choice rend="align(right)">
                     <abbr>DR</abbr>
                     <expan>Debtor</expan>
                  </choice><lb/></cell>
               <cell/>
               <cell/>
               <cell/>
               <cell/>
            </row>
            <row>
               <cell></cell>
               <cell>To <measure quantity="1" unit="bushels">1 Buls. Potatoes</measure>2/</cell>
               <cell/>
               <cell><measure ana="#bk_money #bk_to" quantity="33" unit="dollars">33</measure></cell>
               <cell/>
               <cell/>
            </row>
            <row>
               <cell>Settled by note</cell>
               <cell><name ana="#bk_to" type="person" ref="?">Benjamin L. Hall</name>
                  <choice rend="align(right)">
                     <abbr>DR</abbr>
                     <expan>Debtor</expan>
                  </choice><lb/></cell>
               <cell></cell>
               <cell></cell>
               <cell/>
               <cell/>
            </row>
            <row>
               <cell/>
               <cell>To old house for agreement</cell>
               <cell><measure ana="#bk_money #bk_to" quantity="16" unit="dollars">16</measure></cell>
               <cell>0</cell>
               <cell/>
               <cell/>
            </row>
            <span type="subheading"><date ana="#bk_when" when="1834-12-24">24</date></span>
            <row ana="#bk_entry">
<cell ana="#bk_status" corresp="#Paid">Paid</cell>
               <cell><name ana="#bk_to" type="person" ref="pers_WCDH549">Mrs. H. Shackleford</name>
                  <choice rend="align(right)">
                     <abbr>DR</abbr>
                     <expan>Debtor</expan>
                  </choice><lb/></cell>
               <cell/>
               <cell></cell>
               <cell/>
               <cell/>
            </row>
            <row>
               <cell/>
               <cell>To <measure ana="#bk_commodity #bk_from" commodity="butter">short pay for butter</measure></cell><cell/>
               <cell></cell>
               <cell><measure ana="#bk_money #bk_to" quantity="42" unit="dollars">42</measure></cell>
               <cell/>
            </row>
            <span type="subheading"><date ana="#bk_when" when="1834-12-25">25</date></span>
            <row ana="#bk_entry">
<cell ana="#bk_status" corresp="#328">328</cell>
               <cell><name ana="#bk_to" type="person" ref="?">Sehayler Freeman</name>
                  <choice rend="align(right)">
                     <abbr>DR</abbr>
                     <expan>Debtor</expan>
                  </choice><lb/></cell>
               <cell/>
               <cell/>
               <cell/>
               <cell/>
            </row>
            <row>
               <cell/>
               <cell>To <measure quantity="0.5" unit="bushels">1/2 Buls Morten</measure></cell>
               <cell></cell>
               <cell></cell>
               <cell/>
               <cell/>
            </row>
            <span type="subheading"><date ana="#bk_when" when="1834-12-26">26</date></span>
            <row ana="#bk_entry">
<cell ana="#bk_status" corresp="#404">404</cell>
               <cell><name ana="#bk_to" type="person" ref="pers_WCDH621">Thompson Tripp</name>
                  <choice rend="align(right)">
                     <abbr>DR</abbr>
                     <expan>Debtor</expan>
                  </choice><lb/></cell>
               <cell/>
               <cell/>
               <cell/>
               <cell/>
            </row>
            <row>
               <cell/>
               <cell>To <name type="account" ref="LMWcash">cash</name> <measure ana="#bk_money #bk_to" quantity="5" unit="dollars">five dollars</measure>30/</cell>
               <cell><measure ana="#bk_money #bk_to" quantity="5" unit="dollars">5</measure></cell>
               <cell>0</cell>
               <cell/>
               <cell/>
            </row>
            <span type="subheading"><date ana="#bk_when" when="1834-12-29">29</date></span>
            <row ana="#bk_entry">
<cell ana="#bk_status" corresp="#404">404</cell>
               <cell><name ana="#bk_to" type="person" ref="pers_WCDH621">Thompson Tripp</name>
                  <choice rend="align(right)">
                     <abbr>DR</abbr>
                     <expan>Debtor</expan>
                  </choice><lb/></cell>
               <cell></cell>
               <cell></cell>
               <cell/>
               <cell/>
            </row>
            <row>
               <cell/>
               <cell>To rent of <!--?--></cell>
               <cell><measure ana="#bk_money #bk_to" quantity="3" unit="dollars">3</measure></cell>
               <cell><measure ana="#bk_money #bk_to" quantity="12" unit="dollars">12</measure></cell>
               <cell/>
               <cell/>
            </row>
            <row>
               <cell>Settled with Shipard</cell>
               <cell><name ana="#bk_to" type="person" ref="pers_WCDH397">Elijah H. King</name>
                  <choice rend="align(right)">
                     <abbr>DR</abbr>
                     <expan>Debtor</expan>
                  </choice><lb/></cell>
               <cell/>
               <cell/>
               <cell/>
               <cell/>
            </row>
            <row>
               <cell/>
               <cell> To rent of <!--?--></cell>
               <cell><measure ana="#bk_money #bk_to" quantity="4" unit="dollars">4</measure></cell>
               <cell><measure ana="#bk_money #bk_to" quantity="80" unit="dollars">80</measure></cell>
               <cell/>
               <cell/>
            </row>
            <row>
               <cell>Settled with Shipard</cell>
               <cell><name ana="#bk_to" type="person" ref="pers_WCDH375">Horace Hulet</name>
                  <choice rend="align(right)">
                     <abbr>DR</abbr>
                     <expan>Debtor</expan>
                  </choice><lb/></cell>
               <cell/>
               <cell/>
               <cell/>
               <cell/>
            </row>
            <row>
               <cell></cell>
               <cell>To <!--?--> rent</cell>
               <cell><measure ana="#bk_money #bk_to" quantity="2" unit="dollars">2</measure></cell>
               <cell><measure ana="#bk_money #bk_to" quantity="10" unit="dollars">10</measure></cell>
               <cell/>
               <cell/>
            </row>
            <row ana="#bk_entry">
<cell ana="#bk_status" corresp="#Settled">Settled</cell>
               <cell><name ana="#bk_to" type="person" ref="?">George Leonard</name>
                  <choice rend="align(right)">
                     <abbr>DR</abbr>
                     <expan>Debtor</expan>
                  </choice><lb/></cell>
               <cell></cell>
               <cell></cell>
               <cell/>
               <cell/>
            </row>
            <row>
               <cell/>
               <cell>To <measure commodity="Pine wood">Pine wood</measure></cell>
               <cell/>
               <cell/>
               <cell/>
               <cell/>
            </row>
            <span type="subheading"><date ana="#bk_when" when="1834-12-31">31</date></span>
            <row ana="#bk_entry">
<cell ana="#bk_status" corresp="#400">400</cell>
               <cell><name ana="#bk_to" type="person" ref="?">Betsey A Chase</name>
                  <choice rend="align(right)">
                     <abbr>DR</abbr>
                     <expan>Debtor</expan>
                  </choice><lb/></cell>
               <cell></cell>
               <cell></cell>
               <cell/>
               <cell/>
            </row>
            <row>
               <cell/>
               <cell>To <name type="account" ref="LMWcash">cash</name>12/</cell>
               <cell><measure ana="#bk_money #bk_to" quantity="2" unit="dollars">2</measure></cell>
               <cell>0</cell>
               <cell/>
               <cell/>
            </row>
            <row ana="#bk_entry">
<cell ana="#bk_status" corresp="#163">163</cell>
               <cell><name ana="#bk_to" type="person" ref="pers_WCDH194">Thomas Braman F.</name>
                  <choice rend="align(right)">
                     <abbr>DR</abbr>
                     <expan>Debtor</expan>
                  </choice><lb/></cell>
               <cell/>
               <cell/>
               <cell/>
               <cell/>
            </row>
            <row>
               <cell/>
               <cell>To <measure commodity="Pine Boards" quantity="455" unit="feet">455 feet. Pine boards</measure>at <measure ana="#bk_money #bk_to" quantity="14" unit="dollars">$14. 00</measure></cell>
               <cell><measure ana="#bk_money #bk_to" quantity="6" unit="dollars">6</measure></cell>
               <cell><measure ana="#bk_money #bk_to" quantity="37" unit="dollars">37</measure></cell>
               <cell/>
               <cell/>
            </row>
            </table>
               <pb n="130"/>
               <fw type="pageNum">130</fw>
               <table>
                  <head><date ana="#bk_when" when="1835-01-20">text</date></head>
            <row ana="#bk_entry">
<cell ana="#bk_status" corresp="#163">163</cell>
               <cell><name ana="#bk_to" type="person" ref="pers_WCDH194">Thomas Braman F.</name>
                  <choice rend="align(right)">
                     <abbr>DR</abbr>
                     <expan>Debtor</expan>
                  </choice><lb/></cell>
               <cell/>
               <cell></cell>
               <cell/>
               <cell></cell>
            </row>
            <row>
               <cell/>
               <cell>To <name type="account" ref="LMWcash">cash</name> as for recieved</cell>
               <cell><measure ana="#bk_money #bk_to" quantity="50" unit="dollars">50</measure></cell>
               <cell>0</cell>
               <cell/>
               <cell/>
            </row>
         </table>
         <pb n="131"/>
         <fw type="pageNum">131</fw>
         <table>
            <head>Tuesday <date ana="#bk_when" when="1835-01-27">text</date></head>
            <row ana="#bk_entry">
<cell ana="#bk_status" corresp="#506">506</cell>
               <cell>
                  <name ana="#bk_to" type="person" ref="pers_WCDH484">Samuel Morey</name>
                  <choice rend="align(right)">
                     <abbr>DR</abbr>
                     <expan>Debtor</expan>
                  </choice><lb/>
               </cell>
               <cell/>
               <cell/>
               <cell/>
               <cell/>
            </row>
            <row>
               <cell/>
               <cell>To <measure quantity="1" unit="bushels">1 Buls. Rye</measure><!--?--> Daniel 6/</cell>
               <cell></cell>
               <cell></cell>
               <cell/>
               <cell/>
            </row>
            <row>
               <cell/>
               <cell><measure quantity="3" unit="gallons">3 gallons. cider</measure>10x</cell>
               <cell><measure ana="#bk_money #bk_to" quantity="1" unit="dollars">1</measure></cell>
               <cell><measure ana="#bk_money #bk_to" quantity="30" unit="dollars">30</measure></cell>
               <cell></cell>
               <cell></cell>
            </row>
            <span type="subheading"><date ana="#bk_when" when="1835-01-29">29</date></span>
            <row ana="#bk_entry">
<cell ana="#bk_status" corresp="#404">404</cell>
               <cell><name ana="#bk_to" type="person" ref="pers_WCDH621">Thompson Tripp</name>
                  <choice rend="align(right)">
                     <abbr>DR</abbr>
                     <expan>Debtor</expan>
                  </choice><lb/></cell>
               <cell/>
               <cell/>
               <cell/>
               <cell/>
            </row>
            <row>
               <cell/>
               <cell>To <name type="account" ref="LMWcash">cash</name>for <!--?--> in part 2/</cell>
               <cell></cell>
               <cell><measure ana="#bk_money #bk_to" quantity="33" unit="dollars">33</measure></cell>
               <cell/>
               <cell/>
            </row>
            <span type="subheading"><date ana="#bk_when" when="1835-01-31">31</date></span>
            <row ana="#bk_entry">
<cell ana="#bk_status" corresp="#Paid">Paid</cell>
               <cell><name ana="#bk_to" type="person" ref="pers_WCDH134">Asa M Adams</name>
                  <choice rend="align(right)">
                     <abbr>DR</abbr>
                     <expan>Debtor</expan>
                  </choice><lb/></cell>
               <cell/>
               <cell/>
               <cell/>
               <cell/>
            </row>
            <row>
               <cell/>
               <cell>To <measure quantity="1" unit="bushels">1 Buls. Potatoes</measure>2/</cell>
               <cell></cell>
               <cell></cell>
               <cell/>
               <cell/>
            </row>
         </table>
            <pb n="131"/>
            <fw type="pageNum">131</fw>
            <table>
               <head><date ana="#bk_when" when="1835-02-03">text</date></head>
            <row ana="#bk_entry">
<cell ana="#bk_status" corresp="#404">404</cell>
               <cell><name ana="#bk_to" type="person" ref="pers_WCDH621">Tompson Tripp</name>
                  <choice rend="align(right)">
                     <abbr>DR</abbr>
                     <expan>Debtor</expan>
                  </choice><lb/></cell>
               <cell/>
               <cell/>
               <cell/>
               <cell/>
            </row>
            <row>
               <cell></cell>
               <cell>To <name type="account" ref="LMWcash">cash</name> 30/</cell>
               <cell><measure ana="#bk_money #bk_to" quantity="5" unit="dollars">5</measure></cell>
               <cell>0</cell>
               <cell/>
               <cell/>
            </row>
            <row ana="#bk_entry">
<cell ana="#bk_status" corresp="#83">83</cell>
               <cell><name ana="#bk_to" type="person" ref="?">George Leonard</name>
                  <choice rend="align(right)">
                     <abbr>DR</abbr>
                     <expan>Debtor</expan>
                  </choice><lb/></cell>
               <cell></cell>
               <cell></cell>
               <cell/>
               <cell/>
            </row>
            <row>
               <cell/>
               <cell>To <name type="account" ref="LMWcash">cash</name> towards carting</cell>
               <cell><measure ana="#bk_money #bk_to" quantity="10" unit="dollars">10</measure></cell>
               <cell>0</cell>
               <cell/>
               <cell/>
            </row>
            <row ana="#bk_entry">
<cell ana="#bk_status" corresp="#400">400</cell>
               <cell><name ana="#bk_to" type="person" ref="?">Betsey A Chase</name>
                  <choice rend="align(right)">
                     <abbr>DR</abbr>
                     <expan>Debtor</expan>
                  </choice><lb/></cell>
               <cell/>
               <cell/>
               <cell/>
               <cell/>
            </row>
            <row>
               <cell/>
               <cell>To <measure ana="#bk_money #bk_to" quantity="3" unit="dollars">three dollars</measure> 4/6</cell>
               <cell></cell>
               <cell><measure ana="#bk_money #bk_to" quantity="0.5" unit="dollars">75</measure></cell>
               <cell/>
               <cell/>
            </row>
            <row ana="#bk_entry">
<cell ana="#bk_status" corresp="#343">343</cell>
               <cell><name ana="#bk_to" type="person" ref="pers_WCDH221">Thomas Carpenter</name>
                  <choice rend="align(right)">
                     <abbr>DR</abbr>
                     <expan>Debtor</expan>
                  </choice><lb/></cell>
               <cell/>
               <cell/>
               <cell/>
               <cell/>
            </row>
            <row>
               <cell></cell>
               <cell>To <measure ana="#bk_service #bk_from" commodity="lending">oxen and waggon one to draw wood</measure></cell>
               <cell/>
               <cell/>
               <cell/>
               <cell/>
            </row>
            <span type="subheading"><date ana="#bk_when" when="1835-02-21">21</date></span>
            <row ana="#bk_entry">
<cell ana="#bk_status" corresp="#404">404</cell>
               <cell><name ana="#bk_to" type="person" ref="pers_WCDH621">Thompson Tripp</name>
                  <choice rend="align(right)">
                     <abbr>DR</abbr>
                     <expan>Debtor</expan>
                  </choice><lb/></cell>
               <cell/>
               <cell></cell>
               <cell/>
               <cell></cell>
            </row>
            <row>
               <cell/>
               <cell>To <name type="account" ref="LMWcash">cash</name> <measure ana="#bk_money #bk_to" quantity="3" unit="dollars">three dollars</measure>18/</cell>
               <cell><measure ana="#bk_money #bk_to" quantity="3" unit="dollars">3</measure></cell>
               <cell>0</cell>
               <cell/>
               <cell/>
            </row>
            <row ana="#bk_entry">
<cell ana="#bk_status" corresp="#Settled">Settled</cell>
               <cell><name ana="#bk_to" type="person" ref="pers_WCDH194">Thomas Braman F</name>
                  <choice rend="align(right)">
                     <abbr>DR</abbr>
                     <expan>Debtor</expan>
                  </choice><lb/></cell>
               <cell/>
               <cell/>
               <cell/>
               <cell/>
            </row>
            <row>
               <cell/>
               <cell>To <!--?--> 104 lbs. paid by L. Perry <!--?--></cell>
               <cell/>
               <cell></cell>
               <cell/>
               <cell/>
            </row>
            <row ana="#bk_entry">
<cell ana="#bk_status" corresp="#Settled">Settled</cell>
               <cell><name ana="#bk_to" type="person" ref="pers_WCDH194">Thomas Braman F.</name>
                  <choice rend="align(right)">
                     <abbr>DR</abbr>
                     <expan>Debtor</expan>
                  </choice><lb/></cell>
               <cell/>
               <cell/>
               <cell/>
               <cell/>
            </row>
            <row>
               <cell></cell>
               <cell>By making twenty one <!--?--></cell>
               <cell/>
               <cell/>
               <cell/>
               <cell/>
            </row>
            <span type="subheading"><date ana="#bk_when" when="1835-02-27">27</date></span>
            <row ana="#bk_entry">
<cell ana="#bk_status" corresp="#400">400</cell>
               <cell><name ana="#bk_to" type="person" ref="?">Betsey A Chase</name>
                  <choice rend="align(right)">
                     <abbr>DR</abbr>
                     <expan>Debtor</expan>
                  </choice><lb/></cell>
               <cell/>
               <cell/>
               <cell/>
               <cell/>
            </row>
            <row>
               <cell></cell>
               <cell>To <name type="account" ref="LMWcash">cash</name> 1/6</cell>
               <cell/>
               <cell><measure ana="#bk_money #bk_to" quantity="0.5" unit="dollars">25</measure></cell>
               <cell/>
               <cell/>
            </row>
            </table>
               <pb n="131"/>
               <fw type="pageNum">131</fw>
               <table>
                  <head><date ana="#bk_when" when="1835-03-02">text</date></head>
            <row ana="#bk_entry">
<cell ana="#bk_status" corresp="#400">400</cell>
               <cell><name ana="#bk_to" type="person" ref="?">Betsey A Chase</name>
                  <choice rend="align(right)">
                     <abbr>DR</abbr>
                     <expan>Debtor</expan>
                  </choice><lb/></cell>
               <cell/>
               <cell></cell>
               <cell/>
               <cell/>
            </row>
            <row>
               <cell/>
               <cell>To paying for <!--?--> school <!--?--></cell><cell/>
               <cell></cell>
               <cell><measure ana="#bk_money #bk_to" quantity="50" unit="dollars">50</measure></cell>
               <cell/>
            </row>
            <span type="subheading"><date ana="#bk_when" when="1835-03-06">6</date></span>
            <row ana="#bk_entry">
<cell ana="#bk_status" corresp="#83">83</cell>
               <cell><name ana="#bk_to" type="person" ref="?">George Leonard</name>
                  <choice rend="align(right)">
                     <abbr>DR</abbr>
                     <expan>Debtor</expan>
                  </choice><lb/></cell>
               <cell/>
               <cell/>
               <cell/>
               <cell/>
            </row>
            <row>
               <cell/>
               <cell>To <name type="account" ref="LMWcash">cash</name> <measure ana="#bk_money #bk_to" quantity="5" unit="dollars">Five dollars</measure></cell>
               <cell><measure ana="#bk_money #bk_to" quantity="5" unit="dollars">5</measure></cell>
               <cell>0</cell>
               <cell/>
               <cell/>
            </row>
            <span type="subheading"><date ana="#bk_when" when="1835-03-09">9</date></span>
            <row ana="#bk_entry">
<cell ana="#bk_status" corresp="#506">506</cell>
               <cell><name ana="#bk_to" type="person" ref="pers_WCDH484">Samuel Morey</name>
                  <choice rend="align(right)">
                     <abbr>DR</abbr>
                     <expan>Debtor</expan>
                  </choice><lb/></cell>
               <cell/>
               <cell/>
               <cell/>
               <cell/>
            </row>
            <row>
               <cell/>
               <cell>To <name type="account" ref="LMWcash">cash</name> paid David</cell>
               <cell><measure ana="#bk_money #bk_to" quantity="7" unit="dollars">7</measure></cell>
               <cell>0</cell>
               <cell/>
               <cell/>
            </row>
            <row ana="#bk_entry">
<cell ana="#bk_status" corresp="#389">389</cell>
               <cell><name ana="#bk_to" type="person" ref="pers_WCDH230">Oliver Clapp</name>
                  <choice rend="align(right)">
                     <abbr>DR</abbr>
                     <expan>Debtor</expan>
                  </choice><lb/></cell>
               <cell></cell>
               <cell></cell>
               <cell></cell>
               <cell></cell>
            </row>
            <row>
               <cell/>
               <cell>To <measure quantity="1" unit="bushels">one Buls. Potatoes</measure>2/6</cell>
               <cell></cell>
               <cell><measure ana="#bk_money #bk_to" quantity="42" unit="dollars">42</measure></cell>
               <cell/>
               <cell/>
            </row>
            <row ana="#bk_entry">
<cell ana="#bk_status" corresp="#Settled">Settled</cell>
               <cell><name ana="#bk_to" type="person" ref="?">Earl Hodges</name>
                  <choice rend="align(right)">
                     <abbr>DR</abbr>
                     <expan>Debtor</expan>
                  </choice><lb/></cell>
               <cell/>
               <cell/>
               <cell/>
               <cell/>
            </row>
            <row>
               <cell></cell>
               <cell>To<measure commodity="oxen rental" quantity="1" unit="day">oxen</measure>and <measure commodity="waggon rental" quantity="1" unit="day">waggon half day</measure></cell>
               <cell/>
               <cell/>
               <cell/>
               <cell/>
            </row>
            <span type="subheading"><date ana="#bk_when" when="1835-03-10">10</date></span>
            <row ana="#bk_entry">
<cell ana="#bk_status" corresp="#398">398</cell>
               <cell><name ana="#bk_to" type="person" ref="pers_WCDH549">William H. Shackleford</name>
                  <choice rend="align(right)">
                     <abbr>DR</abbr>
                     <expan>Debtor</expan>
                  </choice><lb/></cell>
               <cell/>
               <cell/>
               <cell/>
               <cell/>
            </row>
            <row>
               <cell></cell>
               <cell>To <measure quantity="1" unit="bushels">1 Buls. Potatoes</measure>2/6</cell>
               <cell/>
               <cell><measure ana="#bk_money #bk_to" quantity="42" unit="dollars">42</measure></cell>
               <cell/>
               <cell/>
            </row>
            <span type="subheading"><date ana="#bk_when" when="1835-03-11">11</date></span>
            <row ana="#bk_entry">
<cell ana="#bk_status" corresp="#506">506</cell>
               <cell><name ana="#bk_to" type="person" ref="pers_WCDH484">Samuel Morey</name>
                  <choice rend="align(right)">
                     <abbr>DR</abbr>
                     <expan>Debtor</expan>
                  </choice><lb/></cell>
               <cell/>
               <cell/>
               <cell/>
               <cell/>
            </row>
            <row>
               <cell></cell>
               <cell>To <name type="account" ref="LMWcash">cash</name> paid L. Perry <!--?--> for order</cell>
               <cell><measure ana="#bk_money #bk_to" quantity="72" unit="dollars">72</measure></cell>
               <cell><measure ana="#bk_money #bk_to" quantity="02" unit="dollars">02</measure></cell>
               <cell/>
               <cell/>
            </row>
            <span type="subheading"><date ana="#bk_when" when="1835-03-17">17</date></span>
            <row ana="#bk_entry">
<cell ana="#bk_status" corresp="#506">506</cell>
               <cell><name ana="#bk_to" type="person" ref="pers_WCDH484">Samuel Morey</name>
                  <choice rend="align(right)">
                     <abbr>DR</abbr>
                     <expan>Debtor</expan>
                  </choice><lb/></cell>
               <cell/>
               <cell/>
               <cell/>
               <cell/>
            </row>
            <row>
               <cell></cell>
               <cell>To <name type="account" ref="LMWcash">cash</name> paid <!--?--> for order</cell>
               <cell><measure ana="#bk_money #bk_to" quantity="0.5" unit="dollars">35</measure></cell>
               <cell>0</cell>
               <cell/>
               <cell/>
            </row>
            <span type="subheading"><date ana="#bk_when" when="1835-03-27">27</date></span>
            <row ana="#bk_entry">
<cell ana="#bk_status" corresp="#Settled">Settled</cell>
               <cell><name ana="#bk_to" type="person" ref="pers_WCDH579">Amos Starkey</name>
                  <choice rend="align(right)">
                     <abbr>DR</abbr>
                     <expan>Debtor</expan>
                  </choice><lb/></cell>
               <cell/>
               <cell></cell>
               <cell/>
               <cell></cell>
            </row>
            <row>
               <cell/>
               <cell>To <name type="account" ref="LMWcash">cash</name>as for <!--?--></cell>
               <cell><measure ana="#bk_money #bk_to" quantity="50" unit="dollars">50</measure></cell>
               <cell>0</cell>
               <cell/>
               <cell/>
            </row>
            <row ana="#bk_entry">
<cell ana="#bk_status" corresp="#506">506</cell>
               <cell><name ana="#bk_to" type="person" ref="pers_WCDH484">Samuel Morey</name>
                  <choice rend="align(right)">
                     <abbr>DR</abbr>
                     <expan>Debtor</expan>
                  </choice><lb/></cell>
               <cell/>
               <cell/>
               <cell/>
               <cell/>
            </row>
            <row>
               <cell/>
               <cell>To <name type="account" ref="LMWcash">cash</name> <measure ana="#bk_money #bk_to" quantity="80" unit="dollars">eighty dollars</measure></cell>
               <cell><measure ana="#bk_money #bk_to" quantity="80" unit="dollars">80</measure></cell>
               <cell>0</cell>
               <cell/>
               <cell/>
            </row>
               </table>
      </body>
   </text>
</TEI>