<?xml version="1.0" encoding="UTF-8"?>
<?oxygen RNGSchema="http://www.tei-c.org/release/xml/tei/custom/schema/relaxng/tei_all.rng" type="xml"?>
<TEI xmlns="http://www.tei-c.org/ns/1.0">
   <teiHeader>
      <fileDesc>
         <titleStmt>
            <title>LMW Day Book, pp. 100-149</title>
            <author>L.M. Wheaton</author>
         </titleStmt>
         <publicationStmt>
            <p>Transcribed by Sahilia Ramirez Summer 2016, Wheaton College</p>
         </publicationStmt>
         <sourceDesc>
            <biblFull>
               <titleStmt>
                  <title>Account Books, pp.100-149</title>
                  <author>L.M. Wheaton</author>
                  <respStmt>
                     <resp> TEI-compatible XML markup by <name type="person">Sahilia Ramirez</name>
                        with corrections by <name type="person">Name</name>, <name
                           type="person">Name</name>, and <name type="person">Name</name>.</resp>
                     <name type="person">Name</name>
                  </respStmt>
               </titleStmt>
               <publicationStmt>
                  <p>Transcribed by Sahilia Ramirez Summer 2016, Wheaton College</p>
               </publicationStmt>
               <sourceDesc>
                  <p> From the Marion B. Gebbie Archives and Special Collections at the Madeleine
                     Clark Wallace Library, Wheaton College </p>
               </sourceDesc>
            </biblFull>
         </sourceDesc>
      </fileDesc>
   </teiHeader>
   <text>
      <body>
         <pb n="112"/>
         <fw type="pageNum">112</fw>
         <table>
            <head>Saturday<date ana="#bk_when" when="1833-02-16">text</date></head>
            <row ana="#bk_entry">
<cell ana="#bk_status" corresp="#393">393</cell>
               <cell>
                  <name ana="#bk_to" type="person" ref="pers_WCDH650">Wheaton Wheeler</name>
                  <choice rend="align(right)">
                     <abbr>Dr</abbr>
                     <expan>Debtor</expan>
                  </choice><lb/>
               </cell>
               <cell/>
               <cell/>
               <cell/>
               <cell/>
            </row>
            <row>
               <cell/>
               <cell>By <measure quantity="1.5" unit="day">1 1/2 days work this week</measure>2/6</cell>
               <cell></cell>
               <cell><measure ana="#bk_money #bk_to" quantity="6.2" unit="dollars">6.2</measure></cell>
               <cell/>
               <cell/>
            </row>
            <row>
               <cell/>
               <cell><name type="account" ref="LMWcash">cash</name>1/6</cell>
               <cell></cell>
               <cell><measure ana="#bk_money #bk_to" quantity="0.5" unit="dollars">25</measure></cell>
               <cell></cell>
               <cell></cell>
            </row>
            <row>
               <cell/>
               <cell><name type="account" ref="LMWcash">cash</name>1/6</cell>
               <cell/>
               <cell><measure ana="#bk_money #bk_to" quantity=".25" unit="cents">.25</measure></cell>
               <cell><measure ana="#bk_money #bk_to" quantity="1" unit="dollars">1</measure></cell>
               <cell><measure ana="#bk_money #bk_to" quantity="12" unit="dollars">12</measure></cell>
            </row>
            <span type="subheading"><date ana="#bk_when" when="1833-02-28">28</date></span>
            <row ana="#bk_entry">
<cell ana="#bk_status" corresp="#393">393</cell>
               <cell><name ana="#bk_to" type="person" ref="pers_WCDH650">Wheaton Wheeler</name>
                  <choice rend="align(right)">
                     <abbr>Dr</abbr>
                     <expan>Debtor</expan>
                  </choice><lb/></cell>
               <cell></cell>
               <cell></cell>
               <cell/>
               <cell/>
            </row>
            <row>
               <cell/>
               <cell>By<measure quantity="3" unit="day">3 days work this week</measure>2/6</cell>
               <cell><measure ana="#bk_money #bk_to" quantity="1" unit="dollars">1</measure></cell>
               <cell><measure ana="#bk_money #bk_to" quantity="0.5" unit="dollars">25</measure></cell>
               <cell/>
               <cell/>
            </row>
            <pb n="112"/>
            <fw type="pageNum">112</fw>
         </table>
            <table>
               <head><date ana="#bk_when" when="1833-03-01">text</date></head>
            <row ana="#bk_entry">
<cell ana="#bk_status" corresp="#389">389</cell>
               <cell><name ana="#bk_to" type="person" ref="pers_WCDH230">Oliver Clapp</name>
                  <choice rend="align(right)">
                     <abbr>Dr</abbr>
                     <expan>Debtor</expan>
                  </choice><lb/></cell>
               <cell/>
               <cell/>
               <cell/>
               <cell/>
            </row>
            <row>
               <cell/>
               <cell>To <name type="account" ref="LMWcash">cash</name> paid recieved <measure ana="#bk_money #bk_to" quantity="40" unit="dollars">$40.00</measure></cell>
               <cell></cell>
               <cell></cell>
               <cell/>
               <cell/>
            </row>
            <row>
               <cell/>
               <cell> <measure quantity="4" unit="bushels">4 Bushel grain</measure><measure ana="#bk_money #bk_to" quantity="4" unit="dollars">4.00</measure></cell>
               <cell><measure ana="#bk_money #bk_to" quantity="44" unit="dollars">44</measure></cell>
               <cell>0</cell>
               <cell/>
               <cell/>
            </row>
            <span type="subheading"><date ana="#bk_when" when="1833-03-04">4</date></span>
            <row ana="#bk_entry">
<cell ana="#bk_status" corresp="#393">393</cell>
               <cell><name ana="#bk_to" type="person" ref="pers_WCDH650">Wheaton Wheeler</name>
                  <choice rend="align(right)">
                     <abbr>Dr</abbr>
                     <expan>Debtor</expan>
                  </choice><lb/></cell>
               <cell></cell>
               <cell></cell>
               <cell/>
               <cell/>
            </row>
            <row>
               <cell/>
               <cell>To <measure quantity="0.5" unit="bushels">1/2 bushel grain</measure>6/</cell>
               <cell/>
               <cell><measure ana="#bk_money #bk_to" quantity="50" unit="dollars">50</measure></cell>
               <cell/>
               <cell/>
            </row>
            <span type="subheading"><date ana="#bk_when" when="1833-03-07">7</date></span>
            <row ana="#bk_entry">
<cell ana="#bk_status" corresp="#393">393</cell>
               <cell><name ana="#bk_to" type="person" ref="pers_WCDH650">Wheaton Wheeler</name>
                  <choice rend="align(right)">
                     <abbr>Dr</abbr>
                     <expan>Debtor</expan>
                  </choice><lb/></cell>
               <cell></cell>
               <cell></cell>
               <cell/>
               <cell/>
            </row>
            <row>
               <cell/>
               <cell>To<measure commodity="salt beef" quantity="11.5" unit="lbs.">11 1/2 lbs. salt beef</measure>8</cell>
               <cell/>
               <cell><measure ana="#bk_money #bk_to" quantity="92" unit="dollars">92</measure></cell>
               <cell/>
               <cell/>
            </row>
            <span type="subheading"><date ana="#bk_when" when="1833-03-09">9</date></span>
            <row ana="#bk_entry">
<cell ana="#bk_status" corresp="#393">393</cell>
               <cell><name ana="#bk_to" type="person" ref="pers_WCDH650">Wheaton Wheeler</name>
                  <choice rend="align(right)">
                     <abbr>Dr</abbr>
                     <expan>Debtor</expan>
                  </choice><lb/></cell>
               <cell/>
               <cell></cell>
               <cell/>
               <cell/>
            </row>
            <row>
               <cell/>
               <cell>By<measure quantity="4" unit="day">4 days work this week</measure>2/6</cell>
               <cell><measure ana="#bk_money #bk_to" quantity="1" unit="dollars">1</measure></cell>
               <cell><measure ana="#bk_money #bk_to" quantity="67" unit="dollars">67</measure></cell>
               <cell/>
               <cell></cell>
            </row>
            <row>
               <cell/>
               <cell><name type="account" ref="LMWcash">cash</name>1/6 paid by father</cell>
               <cell/>
               <cell><measure ana="#bk_money #bk_to" quantity="0.5" unit="dollars">25</measure></cell>
               <cell><measure ana="#bk_money #bk_to" quantity="1" unit="dollars">1</measure></cell>
               <cell><measure ana="#bk_money #bk_to" quantity="92" unit="dollars">92</measure></cell>
            </row>
            <row ana="#bk_entry">
<cell ana="#bk_status" corresp="#396">396</cell>
               <cell><name ana="#bk_to" type="person" ref="pers_WCDH484">Samuel Morey</name>
                  <choice rend="align(right)">
                     <abbr>Dr</abbr>
                     <expan>Debtor</expan>
                  </choice><lb/></cell>
               <cell/>
               <cell/>
               <cell/>
               <cell/>
            </row>
            <row>
               <cell/>
               <cell>To <measure quantity="1" unit="cord">1 cord wood</measure>paid by P. King</cell>
               <cell/>
               <cell></cell>
               <cell/>
               <cell/>
            </row>
            <row ana="#bk_entry">
<cell ana="#bk_status" corresp="#393">393</cell>
               <cell><name ana="#bk_to" type="person" ref="pers_WCDH650">Wheaton Wheeler</name>
                  <choice rend="align(right)">
                     <abbr>Dr</abbr>
                     <expan>Debtor</expan>
                  </choice><lb/></cell>
               <cell/>
               <cell/>
               <cell/>
               <cell/>
            </row>
            <row>
               <cell></cell>
               <cell>To <measure quantity="1" unit="peak">1 peak corn 1</measure>/6</cell>
               <cell/>
               <cell><measure ana="#bk_money #bk_to" quantity="0.5" unit="dollars">25</measure></cell>
               <cell/>
               <cell/>
            </row>
            <row ana="#bk_entry">
<cell ana="#bk_status" corresp="#340">340</cell>
               <cell><name ana="#bk_to" type="person" ref="pers_WCDH450">Edmond Lathrop</name>
                  <choice rend="align(right)">
                     <abbr>Dr</abbr>
                     <expan>Debtor</expan>
                  </choice><lb/></cell>
               <cell></cell>
               <cell></cell>
               <cell/>
               <cell/>
            </row>
            <span type="subheading"><date ana="#bk_when" when="1833-02-16">Feb. 16</date><measure ana="#bk_money #bk_to" quantity="38.12" unit="dollars">38.12</measure></span>
            <row>
               <cell></cell>
               <cell> March paid <measure ana="#bk_money #bk_to" quantity="30.47" unit="dollars">30.47</measure></cell>
               <cell/>
               <cell/>
               <cell/>
               <cell/>
            </row>
            <row>
               <cell/>
               <cell>6/ paid thousand 9th <measure ana="#bk_money #bk_to" quantity="40.83" unit="dollars">40.83</measure></cell>
               <cell><measure ana="#bk_money #bk_to" quantity="5" unit="dollars">5</measure></cell>
               <cell><measure ana="#bk_money #bk_to" quantity="47" unit="dollars">47</measure></cell>
               <cell/>
               <cell/>
            </row>
            <row ana="#bk_entry">
<cell ana="#bk_status" corresp="#Settled">Settled</cell>
               <cell><name ana="#bk_to" type="person" ref="pers_WCDH331">Francis Guellow</name>
                  <choice rend="align(right)">
                     <abbr>Dr</abbr>
                     <expan>Debtor</expan>
                  </choice><lb/></cell><cell/>
               <cell></cell>
               <cell/>
               <cell/>
            </row>
            <row>
               <cell/>
               <cell>By carting from Taunton <measure ana="#bk_money #bk_to" quantity="32.50" unit="dollars">32.50</measure></cell>
               <cell/>
               <cell/>
               <cell/>
               <cell/>
            </row>
            <row>
               <cell></cell>
               <cell>At 6/ paid thousand</cell>
               <cell/>
               <cell/>
               <cell/>
               <cell/>
            </row>
            <row ana="#bk_entry">
<cell ana="#bk_status" corresp="#393">393</cell>
               <cell><name ana="#bk_to" type="person" ref="pers_WCDH650">Wheaton Wheeler</name>
                  <choice rend="align(right)">
                     <abbr>Dr</abbr>
                     <expan>Debtor</expan>
                  </choice><lb/></cell>
               <cell></cell>
               <cell></cell>
               <cell/>
               <cell/>
            </row>
            <row>
               <cell/>
               <cell>To <measure commodity="salt beef" quantity="5.75" ana="lbs.">5 3/4 lbs. salt beef</measure></cell>
               <cell/>
               <cell><measure ana="#bk_money #bk_to" quantity="46" unit="dollars">46</measure></cell>
               <cell/>
               <cell/>
            </row>
            <span type="subheading"><date ana="#bk_when" when="1833-03-16">16</date></span>
            <row ana="#bk_entry">
<cell ana="#bk_status" corresp="#395">395</cell>
               <cell><name ana="#bk_to" type="person" ref="pers_WCDH621">Thompson Tripp</name>
                  <choice rend="align(right)">
                     <abbr>Dr</abbr>
                     <expan>Debtor</expan>
                  </choice><lb/></cell>
               <cell></cell>
               <cell></cell>
               <cell/>
               <cell/>
            </row>
            <row>
               <cell/>
               <cell>To <name type="account" ref="LMWcash">cash</name> <measure ana="#bk_money #bk_to" quantity="10" unit="dollars">ten dollars</measure></cell>
               <cell><measure ana="#bk_money #bk_to" quantity="10" unit="dollars">10</measure></cell>
               <cell><measure ana="#bk_money #bk_to" quantity="0" unit="dollars">002</measure></cell>
               <cell></cell>
               <cell></cell>
            </row>
            <row ana="#bk_entry">
<cell ana="#bk_status" corresp="#393">393</cell>
               <cell><name ana="#bk_to" type="person" ref="pers_WCDH650">Wheaton Wheeler</name>
                  <choice rend="align(right)">
                     <abbr>Dr</abbr>
                     <expan>Debtor</expan>
                  </choice><lb/></cell>
               <cell></cell>
               <cell></cell>
               <cell/>
               <cell/>
            </row>
            <row>
               <cell/>
               <cell>By <measure quantity="3.5" unit="day">3 1/2 days work</measure>this week</cell>
               <cell><measure ana="#bk_money #bk_to" quantity="1" unit="dollars">1</measure></cell>
               <cell><measure ana="#bk_money #bk_to" quantity="47" unit="dollars">47</measure></cell>
               <cell/>
               <cell/>
            </row>
            <row ana="#bk_entry">
<cell ana="#bk_status" corresp="#15">15</cell>
               <cell><name ana="#bk_to" type="person" ref="pers_WCDH361">Josiah Hodges</name>
                  <choice rend="align(right)">
                     <abbr>Dr</abbr>
                     <expan>Debtor</expan>
                  </choice><lb/></cell>
               <cell/>
               <cell/>
               <cell/>
               <cell/>
            </row>
            <row>
               <cell/>
               <cell> To <measure quantity="1.50" unit="lbs.">1 1/2 lbs. paint</measure>20x </cell>
               <cell><measure ana="#bk_money #bk_to" quantity="30" unit="dollars">30</measure></cell>
               <cell></cell>
               <cell/>
               <cell/>
            </row>
            <row>
               <cell/>
               <cell> <measure quantity="14" unit="ounces">14 ounces</measure>do 20x</cell>
               <cell><measure ana="#bk_money #bk_to" quantity="18" unit="dollars">18</measure></cell>
               <cell/>
               <cell/>
               <cell><measure ana="#bk_money #bk_to" quantity="48" unit="dollars">48</measure></cell>
            </row>
            <span type="subheading"><date ana="#bk_when" when="1833-03-23">23</date></span>
            <row ana="#bk_entry">
<cell ana="#bk_status" corresp="#393">393</cell>
               <cell><name ana="#bk_to" type="person" ref="pers_WCDH650">Wheaton Wheeler</name>
                  <choice rend="align(right)">
                     <abbr>Dr</abbr>
                     <expan>Debtor</expan>
                  </choice><lb/></cell>
               <cell></cell>
               <cell></cell>
               <cell/>
               <cell/>
            </row>
            <row>
               <cell/>
               <cell>To <measure quantity="0.5" unit="bushels">1/2 Bushel grain</measure> 6/</cell>
               <cell/>
               <cell><measure ana="#bk_money #bk_to" quantity="60" unit="dollars">60</measure></cell>
               <cell/>
               <cell/>
            </row>
            <row>
               <cell></cell>
               <cell>By <measure quantity="1.5" unit="day">one x 1/2 days work</measure>this week 2/6</cell>
               <cell/>
               <cell><measure ana="#bk_money #bk_to" quantity="63" unit="dollars">63</measure></cell>
               <cell/>
               <cell/>
            </row>
            <row ana="#bk_entry">
<cell ana="#bk_status" corresp="#15">15</cell>
               <cell><name ana="#bk_to" type="person" ref="pers_WCDH361">Josiah Hodges</name>
                  <choice rend="align(right)">
                     <abbr>Dr</abbr>
                     <expan>Debtor</expan>
                  </choice><lb/></cell>
               <cell></cell>
               <cell></cell>
               <cell/>
               <cell/>
            </row>
            <row>
               <cell/>
               <cell>To <measure commodity="fresh pine" quantity="23" unit="feet">23 ft. 1 1/2 fresh pine boards</measure> 3x</cell>
               <cell/>
               <cell><measure ana="#bk_money #bk_to" quantity="64" unit="dollars">64</measure></cell>
               <cell/>
               <cell/>
            </row>
            <row>
               <cell></cell>
               <cell>" 17 <!--?--> do 1 3/4 <!--?--> 3x</cell>
               <cell/>
               <cell><measure ana="#bk_money #bk_to" quantity="52" unit="dollars">52</measure></cell>
               <cell><measure ana="#bk_money #bk_to" quantity="1" unit="dollars">1</measure></cell>
               <cell><measure ana="#bk_money #bk_to" quantity="21" unit="dollars">21</measure></cell>
            </row>
            <row ana="#bk_entry">
<cell ana="#bk_status" corresp="#393">393</cell>
               <cell><name ana="#bk_to" type="person" ref="pers_WCDH650">Wheaton Wheeler</name>
                  <choice rend="align(right)">
                     <abbr>Dr</abbr>
                     <expan>Debtor</expan>
                  </choice><lb/></cell>
               <cell/>
               <cell></cell>
               <cell/>
               <cell/>
            </row>
            <row>
               <cell/>
               <cell>By <measure quantity="2.5" unit="day">2 1/2 days this week</measure>2/6</cell>
               <cell><measure ana="#bk_money #bk_to" quantity="1" unit="dollars">1</measure></cell>
               <cell><measure ana="#bk_money #bk_to" quantity="0.5" unit="dollars">25</measure></cell>
               <cell><measure ana="#bk_money #bk_to" quantity="1" unit="dollars">1</measure></cell>
               <cell><measure ana="#bk_money #bk_to" quantity="0.5" unit="dollars">05</measure></cell>
            </row>
         </table>
         <pb n="113"/>
         <fw type="pageNum">113</fw>
         <table>
            <head>Monday<date ana="#bk_when" when="1833-04-01">text</date></head>
            <row ana="#bk_entry">
<cell ana="#bk_status" corresp="#365">365</cell>
               <cell>
                  <name ana="#bk_to" type="person" ref="pers_WCDH699">Samuel Wrigley</name>
                  <choice rend="align(right)">
                     <abbr></abbr>
                     <expan></expan>
                  </choice><lb/>
               </cell>
               <cell/>
               <cell/>
               <cell/>
               <cell/>
            </row>
            <row>
               <cell/>
               <cell>To<measure commodity="salt beef" quantity="12.5" unit="lbs.">12 1/2lbs. Beef Salt</measure> 8x</cell>
               <cell><measure ana="#bk_money #bk_to" quantity="1" unit="dollars">1</measure></cell>
               <cell>0</cell>
               <cell/>
               <cell/>
            </row>
            <row>
               <cell>96 Paid</cell>
               <cell><name ana="#bk_to" type="person" ref="pers_WCDH302">Phillis Frazier</name>
                  <choice rend="align(right)">
                     <abbr>Dr</abbr>
                     <expan>Debtor</expan>
                  </choice><lb/></cell>
               <cell></cell>
               <cell/>
               <cell></cell>
               <cell></cell>
            </row>
            <row>
               <cell/>
               <cell>To <measure quantity="4.5" unit="yards">4 1/2 yards calico</measure>paid</cell>
               <cell/>
               <cell><measure ana="#bk_money #bk_to" quantity="56" unit="dollars">56</measure></cell>
               <cell/>
               <cell/>
            </row>
            <span type="subheading"><date ana="#bk_when" when="1833-04-05">5</date></span>
            <row ana="#bk_entry">
<cell ana="#bk_status" corresp="#365">365</cell>
               <cell><name ana="#bk_to" type="person" ref="pers_WCDH699">Samuel Wrigley</name>
                  <choice rend="align(right)">
                     <abbr>Dr</abbr>
                     <expan>Debtor</expan>
                  </choice><lb/></cell>
               <cell></cell>
               <cell></cell>
               <cell/>
               <cell/>
            </row>
            <row>
               <cell/>
               <cell>To <measure quantity="1" unit="bushels">1 Bushel corn</measure><measure quantity="1" unit="bushels">1 do Rye</measure></cell>
               <cell><measure ana="#bk_money #bk_to" quantity="2" unit="dollars">2</measure></cell>
               <cell>0</cell>
               <cell/>
               <cell/>
            </row>
            <span type="subheading"><date ana="#bk_when" when="1833-04-06">6</date></span>
            <row ana="#bk_entry">
<cell ana="#bk_status" corresp="#393">393</cell>
               <cell><name ana="#bk_to" type="person" ref="pers_WCDH650">Wheaton Wheeler</name>
                  <choice rend="align(right)">
                     <abbr>Dr</abbr>
                     <expan>Debtor</expan>
                  </choice><lb/></cell>
               <cell></cell>
               <cell></cell>
               <cell/>
               <cell/>
            </row>
            <row>
               <cell/>
               <cell>by <measure quantity="2" unit="day">two Days work</measure>42x</cell>
               <cell/>
               <cell><measure ana="#bk_money #bk_to" quantity="84" unit="dollars">84</measure></cell>
               <cell/>
               <cell/>
            </row>
            <row ana="#bk_entry">
<cell ana="#bk_status" corresp="#393">393</cell>
               <cell>To <measure commodity="salt beef" quantity="5.75" unit="lbs.">5 3/4lbs. salt beef</measure>84</cell>
               <cell/>
               <cell><measure ana="#bk_money #bk_to" quantity="42" unit="dollars">42</measure></cell>
               <cell/>
               <cell/>
            </row>
            <span type="subheading"><date ana="#bk_when" when="1833-04-10">10</date></span>
            <row ana="#bk_entry">
<cell ana="#bk_status" corresp="#309">309</cell>
               <cell><name ana="#bk_to" type="person" ref="pers_WCDH341">Silas Hall</name>
                  <choice rend="align(right)">
                     <abbr>Dr</abbr>
                     <expan>Debtor</expan>
                  </choice><lb/></cell>
               <cell/>
               <cell/>
               <cell/>
               <cell/>
            </row>
            <row>
               <cell></cell>
               <cell>To <measure quantity="3.5" unit="bushels">3 1/2 Bushel summer Rye</measure> 6/</cell>
               <cell><measure ana="#bk_money #bk_to" quantity="3" unit="dollars">3</measure></cell>
               <cell><measure ana="#bk_money #bk_to" quantity="50" unit="dollars">50</measure></cell>
               <cell/>
               <cell/>
            </row>
            <span type="subheading"><date ana="#bk_when" when="1833-04-11">11</date></span>
            <row ana="#bk_entry">
<cell ana="#bk_status" corresp="#395">395</cell>
               <cell><name ana="#bk_to" type="person" ref="pers_WCDH621">Thompson Tripp</name>
                  <choice rend="align(right)">
                     <abbr>Dr</abbr>
                     <expan>Debtor</expan>
                  </choice><lb/></cell>
               <cell/>
               <cell/>
               <cell/>
               <cell/>
            </row>
            <row>
               <cell></cell>
               <cell>To paying Noah Mason</cell>
               <cell><measure ana="#bk_money #bk_to" quantity="5" unit="dollars">5</measure></cell>
               <cell><measure ana="#bk_money #bk_to" quantity="49" unit="dollars">49</measure></cell>
               <cell/>
               <cell/>
            </row>
            <row ana="#bk_entry">
<cell ana="#bk_status" corresp="#305">305</cell>
               <cell><name ana="#bk_to" type="person" ref="pers_WCDH699">Samuel Wrigley</name>
                  <choice rend="align(right)">
                     <abbr>Dr</abbr>
                     <expan>Debtor</expan>
                  </choice><lb/></cell>
               <cell/>
               <cell></cell>
               <cell/>
               <cell/>
            </row>
            <row>
               <cell/>
               <cell>To <measure quantity="3.75" unit="lbs.">9 3/4lbs. Beef</measure>84</cell>
               <cell/>
               <cell><measure ana="#bk_money #bk_to" quantity="78" unit="dollars">78</measure></cell>
               <cell/>
               <cell></cell>
            </row>
            <span type="subheading"><date ana="#bk_when" when="1833-04-13">13</date></span>
            <row ana="#bk_entry">
<cell ana="#bk_status" corresp="#393">393</cell>
               <cell><name ana="#bk_to" type="person" ref="pers_WCDH650">Wheaton Wheeler</name>
                  <choice rend="align(right)">
                     <abbr>Dr</abbr>
                     <expan>Debtor</expan>
                  </choice><lb/></cell>
               <cell/>
               <cell/>
               <cell/>
               <cell/>
            </row>
            <row>
               <cell/>
               <cell>By <measure quantity="2.5" unit="day">two x half days work</measure>2/6</cell>
               <cell><measure ana="#bk_money #bk_to" quantity="1" unit="dollars">1</measure></cell>
               <cell><measure ana="#bk_money #bk_to" quantity="0.5" unit="dollars">05</measure></cell>
               <cell/>
               <cell/>
            </row>
            <span type="subheading"><date ana="#bk_when" when="1833-04-15">15</date></span>
            <row ana="#bk_entry">
<cell ana="#bk_status" corresp="#113">113</cell>
               <cell><name ana="#bk_to" type="person" ref="pers_WCDH572">Seth Smith</name>
                  <choice rend="align(right)">
                     <abbr>Dr</abbr>
                     <expan>Debtor</expan>
                  </choice><lb/></cell>
               <cell/>
               <cell/>
               <cell/>
               <cell/>
            </row>
            <row>
               <cell/>
               <cell>To <measure quantity="2.5" unit="day">two x half days work</measure>18/</cell>
               <cell><measure ana="#bk_money #bk_to" quantity="4" unit="dollars">4</measure></cell>
               <cell><measure ana="#bk_money #bk_to" quantity="50" unit="dollars">50</measure></cell>
               <cell/>
               <cell/>
            </row>
            <row ana="#bk_entry">
<cell ana="#bk_status" corresp="#389">389</cell>
               <cell><name ana="#bk_to" type="person" ref="pers_WCDH230">oliver Clapp</name>
                  <choice rend="align(right)">
                     <abbr>Dr</abbr>
                     <expan>Debtor</expan>
                  </choice><lb/></cell>
               <cell/>
               <cell/>
               <cell/>
               <cell/>
            </row>
            <row>
               <cell></cell>
               <cell>To <name type="account" ref="LMWcash">cash</name> as per received eighty dollars</cell>
               <cell><measure ana="#bk_money #bk_to" quantity="80" unit="dollars">80</measure></cell>
               <cell>0</cell>
               <cell/>
               <cell/>
            </row>
            <span type="subheading"><date ana="#bk_when" when="1833-04-16">16</date></span>
            <row ana="#bk_entry">
<cell ana="#bk_status" corresp="#389">389</cell>
               <cell><name ana="#bk_to" type="person" ref="pers_WCDH230">Oliver Clapp</name>
                  <choice rend="align(right)">
                     <abbr>Dr</abbr>
                     <expan>Debtor</expan>
                  </choice><lb/></cell><cell/>
               <cell></cell>
               <cell/>
               <cell/>
            </row>
            <row>
               <cell/>
               <cell>To a two years old heiffer <measure ana="#bk_money #bk_to" quantity="16" unit="dollars">$16.00</measure></cell>
               <cell><measure ana="#bk_money #bk_to" quantity="16" unit="dollars">16</measure></cell>
               <cell>0</cell>
               <cell/>
               <cell/>
            </row>
            <row ana="#bk_entry">
<cell ana="#bk_status" corresp="#96">96</cell>
               <cell><name ana="#bk_to" type="person" ref="pers_WCDH302">Phillis Frazier</name>
                  <choice rend="align(right)">
                     <abbr>Dr</abbr>
                     <expan>Debtor</expan>
                  </choice><lb/></cell>
               <cell/>
               <cell/>
               <cell/>
               <cell/>
            </row>
            <row>
               <cell/>
               <cell>To cash to <measure commodity="mending shoes">pay for mending shoes</measure>1/</cell>
               <cell></cell>
               <cell><measure ana="#bk_money #bk_to" quantity="17" unit="dollars">17</measure></cell>
               <cell/>
               <cell/>
            </row>
            <row ana="#bk_entry">
<cell ana="#bk_status" corresp="#Settled">Settled</cell>
               <cell><name ana="#bk_to" type="person" ref="pers_WCDH230">Oliver Clapp</name>
                  <choice rend="align(right)">
                     <abbr>Dr</abbr>
                     <expan>Debtor</expan>
                  </choice><lb/></cell>
               <cell/>
               <cell/>
               <cell/>
               <cell/>
            </row>
            <row>
               <cell></cell> 
               <cell>To a hieffer, <measure ana="#bk_money #bk_to" quantity="14" unit="dollars">fourteen dollars</measure></cell>
               <cell><measure ana="#bk_money #bk_to" quantity="14" unit="dollars">14</measure></cell>
               <cell>0</cell>
               <cell/>
               <cell/>
            </row>
            <span type="subheading"><date ana="#bk_when" when="1833-04-19">19</date></span>
            <row ana="#bk_entry">
<cell ana="#bk_status" corresp="#393">393</cell>
               <cell><name ana="#bk_to" type="person" ref="pers_WCDH650">Wheaton Wheeler</name>
                  <choice rend="align(right)">
                     <abbr>Dr</abbr>
                     <expan>Debtor</expan>
                  </choice><lb/></cell>
               <cell></cell>
               <cell></cell>
               <cell></cell>
               <cell></cell>
            </row>
            <row>
               <cell/>
               <cell>By <measure quantity="2" unit="day">two days work</measure>2/6</cell>
               <cell></cell>
               <cell><measure ana="#bk_money #bk_to" quantity="84" unit="dollars">84</measure></cell>
               <cell/>
               <cell/>
            </row>
            <span type="subheading"><date ana="#bk_when" when="1833-04-21">21</date></span>
            <row>
               <cell></cell>
               <cell>To <measure quantity="0.5" unit="bushels">1/2 bushel grain</measure></cell>
               <cell/>
               <cell><measure ana="#bk_money #bk_to" quantity="50" unit="dollars">50</measure></cell>
               <cell/>
               <cell/>
            </row>
            <row>
               <cell>settled <!--?--> </cell>
               <cell><name ana="#bk_to" type="person" ref="?">Samuel Wrigley</name>
                  <choice rend="align(right)">
                     <abbr>Dr</abbr>
                     <expan>Debtor</expan>
                  </choice><lb/></cell>
               <cell></cell>
               <cell></cell>
               <cell/>
               <cell/>
            </row>
            <row>
               <cell/>
               <cell>To <measure commodity="spring rye" quantity="0.5" unit="bushels">1/2 bushel spring Rye</measure>6/6</cell>
               <cell/>
               <cell><measure ana="#bk_money #bk_to" quantity="53" unit="dollars">53</measure></cell>
               <cell/>
               <cell/>
            </row>
            <row ana="#bk_entry">
<cell ana="#bk_status" corresp="#203">203</cell>
               <cell><name ana="#bk_to" type="person" ref="pers_WCDH375">Horace Hulet</name>
                  <choice rend="align(right)">
                     <abbr>Dr</abbr>
                     <expan>Debtor</expan>
                  </choice><lb/></cell>
               <cell/>
               <cell/>
               <cell/>
               <cell/>
            </row>
            <row>
               <cell/>
               <cell>To cash out of the post office</cell>
               <cell><measure ana="#bk_money #bk_to" quantity="1" unit="dollars">1</measure></cell>
               <cell><measure ana="#bk_money #bk_to" quantity="12" unit="dollars">12</measure></cell>
               <cell/>
               <cell/>
            </row>
            <row>
               <cell/>
               <cell><name type="account" ref="LMWcash">cash</name> paid lent</cell>
               <cell/>
               <cell><measure ana="#bk_money #bk_to" quantity="13" unit="dollars">13</measure></cell>
               <cell/>
               <cell/>
            </row>
            <row>
               <cell></cell>
               <cell><measure quantity="2" unit="lbs">2 lbs. butter</measure>4</cell>
               <cell/>
               <cell><measure ana="#bk_money #bk_to" quantity="33" unit="dollars">33</measure></cell>
               <cell><measure ana="#bk_money #bk_to" quantity="1" unit="dollars">1</measure></cell>
               <cell><measure ana="#bk_money #bk_to" quantity="58" unit="dollars">58</measure></cell>
            </row>
            <row ana="#bk_entry">
<cell ana="#bk_status" corresp="#Settled">Settled</cell>
               <cell><name ana="#bk_to" type="person" ref="pers_WCDH450">Edmond Lathrop</name>
                  <choice rend="align(right)">
                     <abbr>Dr</abbr>
                     <expan>Debtor</expan>
                  </choice><lb/></cell>
               <cell></cell>
               <cell></cell>
               <cell/>
               <cell/>
            </row>
            <row>
               <cell/>
               <cell>To <measure quantity="0.5" unit="day">hammer half day</measure>1/</cell>
               <cell/>
               <cell><measure ana="#bk_money #bk_to" quantity="17" unit="dollars">17</measure></cell>
               <cell/>
               <cell/>
            </row>
            <span type="subheading"><date ana="#bk_when" when="1833-04-27">27</date></span>
            <row ana="#bk_entry">
<cell ana="#bk_status" corresp="#389">389</cell>
               <cell><name ana="#bk_to" type="person" ref="pers_WCDH230">Oliver Clapp</name>
                  <choice rend="align(right)">
                     <abbr>Dr</abbr>
                     <expan>Debtor</expan>
                  </choice><lb/></cell>
               <cell/>
               <cell></cell>
               <cell/>
               <cell/>
            </row>
            <row>
               <cell/>
               <cell>To <measure commodity="salt pork" quantity="20" unit="lbs">20lbs. salt pork</measure>10</cell>
               <cell><measure ana="#bk_money #bk_to" quantity="2" unit="dollars">2</measure></cell>
               <cell>0</cell>
               <cell/>
               <cell></cell>
            </row>
            <row ana="#bk_entry">
<cell ana="#bk_status" corresp="#309">309</cell>
               <cell><name ana="#bk_to" type="person" ref="pers_WCDH341">Silas Hall</name>
                  <choice rend="align(right)">
                     <abbr>Dr</abbr>
                     <expan>Debtor</expan>
                  </choice><lb/></cell>
               <cell/>
               <cell/>
               <cell/>
               <cell/>
            </row>
            <row>
               <cell/>
               <cell>To <measure commodity="clover seeds" quantity="10" unit="lbs">10 lbs. clover seed</measure>1/</cell>
               <cell><measure ana="#bk_money #bk_to" quantity="1" unit="dollars">1</measure></cell>
               <cell><measure ana="#bk_money #bk_to" quantity="64" unit="dollars">64</measure></cell>
               <cell/>
               <cell/>
            </row>
         </table>
      </body>
   </text>
</TEI>            