<?xml version="1.0" encoding="UTF-8"?>
<?oxygen RNGSchema="http://www.tei-c.org/release/xml/tei/custom/schema/relaxng/tei_all.rng" type="xml"?>
<TEI xmlns="http://www.tei-c.org/ns/1.0">
   <teiHeader>
      <fileDesc>
         <titleStmt>
            <title>LMW Day Book, pp. 100-139</title>
            <author>L.M. Wheaton</author>
         </titleStmt>
         <publicationStmt>
            <p>Transcribed by Sahilia Ramirez Summer 2016, Wheaton College</p>
         </publicationStmt>
         <sourceDesc>
            <biblFull>
               <titleStmt>
                  <title>Account Books, pp.100-139</title>
                  <author>L.M. Wheaton</author>
                  <respStmt>
                     <resp> TEI-compatible XML markup by <name type="person">Sahilia Ramirez</name>
                        with corrections by <name type="person">Name</name>, <name
                           type="person">Name</name>, and <name type="person">Name</name>.</resp>
                     <name type="person">Name</name>
                  </respStmt>
               </titleStmt>
               <publicationStmt>
                  <p>Transcribed by Sahilia Ramirez Summer 2016, Wheaton College</p>
               </publicationStmt>
               <sourceDesc>
                  <p> From the Marion B. Gebbie Archives and Special Collections at the Madeleine
                     Clark Wallace Library, Wheaton College </p>
               </sourceDesc>
            </biblFull>
         </sourceDesc>
      </fileDesc>
   </teiHeader>
   <text>
      <body>
         <pb n="132"/>
         <fw type="pageNum">132</fw>
         <table>
            <head>Saturday <date ana="#bk_when" when="1835-03-28">text</date></head>
            <row ana="#bk_entry">
<cell ana="#bk_status" corresp="#163">163</cell>
               <cell>
                  <name ana="#bk_to" type="person" ref="pers_WCDH194">Thomas Braman</name>
                  <choice rend="align(right)">
                     <abbr>DR</abbr>
                     <expan>Debtor</expan>
                  </choice><lb/>
               </cell>
               <cell/>
               <cell/>
               <cell/>
               <cell/>
            </row>
            <row>
               <cell/>
               <cell>To 3 Meter <!--?--> 10x</cell>
               <cell></cell>
               <cell><measure ana="#bk_money #bk_to" quantity="30" unit="dollars">30</measure></cell>
               <cell/>
               <cell/>
            </row>
            <row ana="#bk_entry">
<cell ana="#bk_status" corresp="#400">400</cell>
               <cell><name ana="#bk_to" type="person" ref="pers_WCDH225">Betsey A. Chase</name>
                  <choice rend="align(right)">
                     <abbr>DR</abbr>
                     <expan>Debtor</expan>
                  </choice><lb/></cell>
               <cell></cell>
               <cell/>
               <cell></cell>
               <cell></cell>
            </row>
            <row>
               <cell/>
               <cell>To <measure commodity="Psalm Book" quantity="1" unit="count">Psalm Book</measure></cell>
               <cell/>
               <cell><measure ana="#bk_money #bk_to" quantity="0.5" unit="dollars">55</measure></cell>
               <cell/>
               <cell/>
            </row>
            <row ana="#bk_entry">
<cell ana="#bk_status" corresp="#403">403</cell>
               <cell><name ana="#bk_to" type="person" ref="pers_WCDH498">Henry M Paine</name>
                  <choice rend="align(right)">
                     <abbr>DR</abbr>
                     <expan>Debtor</expan>
                  </choice><lb/></cell>
               <cell/>
               <cell/>
               <cell/>
               <cell/>
            </row>
            <row>
               <cell/>
               <cell>By <name type="account" ref="LMWcash">cash</name> <measure ana="#bk_money #bk_to" quantity="5" unit="dollars">five dollars</measure></cell>
               <cell><measure ana="#bk_money #bk_to" quantity="5" unit="dollars">$5</measure></cell>
               <cell>0</cell>
               <cell/>
               <cell/>
            </row>
         </table>
            <pb n="132"/>
            <fw type="pageNum">132</fw>
            <table>
               <head><date ana="#bk_when" when="1835-04-01">text</date></head>
            <span type="subheading"><date ana="#bk_when" when="1833">the year eighteen hundred and thirty three</date></span>
            <row>
               <cell></cell>
               <cell>To paying Braman for tools</cell>
               <cell/>
               <cell/>
               <cell/>
               <cell/>
            </row>
            <row>
               <cell/>
               <cell>To <measure commodity="cow rental" quantity="1" unit="day">cow one year</measure></cell>
               <cell><measure ana="#bk_money #bk_to" quantity="34" unit="dollars">34</measure></cell>
               <cell>0</cell>
               <cell/>
               <cell/>
            </row>
            <row ana="#bk_entry">
<cell ana="#bk_status" corresp="#56">56</cell>
               <cell><name ana="#bk_to" type="person" ref="pers_WCDH504">Adin Pattin</name>
                  <choice rend="align(right)">
                     <abbr>DR</abbr>
                     <expan>Debtor</expan>
                  </choice><lb/></cell>
               <cell/>
               <cell/>
               <cell/>
               <cell/>
            </row>
            <row>
               <cell></cell>
               <cell>To <name type="account" ref="LMWcash">cash</name> lent 6/ towards oxen</cell>
               <cell><measure ana="#bk_money #bk_to" quantity="1" unit="dollars">1</measure></cell>
               <cell>0</cell>
               <cell/>
               <cell/>
            </row>
            <span type="subheading"><date ana="#bk_when" when="1835-04-09">9</date></span>
            <row ana="#bk_entry">
<cell ana="#bk_status" corresp="#365">365</cell>
               <cell><name ana="#bk_to" type="person" ref="pers_WCDH699">Samuel Wrigley</name>
                  <choice rend="align(right)">
                     <abbr>DR</abbr>
                     <expan>Debtor</expan>
                  </choice><lb/></cell>
               <cell/>
               <cell/>
               <cell/>
               <cell/>
            </row>
            <row>
               <cell></cell>
               <cell>To <name type="account" ref="LMWcash">cash</name> 3/</cell>
               <cell/>
               <cell><measure ana="#bk_money #bk_to" quantity="50" unit="dollars">50</measure></cell>
               <cell/>
               <cell/>
            </row>
            <row ana="#bk_entry">
<cell ana="#bk_status" corresp="#349">349</cell>
               <cell><name ana="#bk_to" type="person" ref="pers_WCDH134">Asa M. Adams</name>
                  <choice rend="align(right)">
                     <abbr>DR</abbr>
                     <expan>Debtor</expan>
                  </choice><lb/></cell>
               <cell></cell>
               <cell></cell>
               <cell/>
               <cell/>
            </row>
            <row>
               <cell/>
               <cell>To <measure quantity="1" unit="bushels">1 Buls. Potatoes</measure>2/6</cell>
               <cell/>
               <cell><measure ana="#bk_money #bk_to" quantity="42" unit="dollars">42</measure></cell>
               <cell/>
               <cell/>
            </row>
            <row ana="#bk_entry">
<cell ana="#bk_status" corresp="#Settled">Settled</cell>
               <cell><name ana="#bk_to" type="person" ref="pers_WCDH579">Amos Starkey</name>
                  <choice rend="align(right)">
                     <abbr>DR</abbr>
                     <expan>Debtor</expan>
                  </choice><lb/></cell>
               <cell/>
               <cell/>
               <cell/>
               <cell/>
            </row>
            <row>
               <cell/>
               <cell>To paid <!--?--> H. Shackleford</cell>
               <cell><measure ana="#bk_money #bk_to" quantity="4" unit="dollars">4</measure></cell>
               <cell><measure ana="#bk_money #bk_to" quantity="31" unit="dollars">31</measure></cell>
               <cell/>
               <cell/>
            </row>
            <span type="subheading"><date ana="#bk_when" when="1835-04-11">11</date></span>
            <row ana="#bk_entry">
<cell ana="#bk_status" corresp="#404">404</cell>
               <cell><name ana="#bk_to" type="person" ref="pers_WCDH621">Thompson Tripp</name>
                  <choice rend="align(right)">
                     <abbr>DR</abbr>
                     <expan>Debtor</expan>
                  </choice><lb/></cell>
               <cell/>
               <cell/>
               <cell/>
               <cell/>
            </row>
            <row>
               <cell></cell>
               <cell>To <name type="account" ref="LMWcash">cash</name> <measure ana="#bk_money #bk_to" quantity="33" unit="dollars">thirty dollars</measure></cell>
               <cell><measure ana="#bk_money #bk_to" quantity="30" unit="dollars">30</measure></cell>
               <cell>0</cell>
               <cell/>
               <cell/>
            </row>
            <row ana="#bk_entry">
<cell ana="#bk_status" corresp="#506">506</cell>
               <cell><name ana="#bk_to" type="person" ref="pers_WCDH484">Samuel Morey</name>
                  <choice rend="align(right)">
                     <abbr>DR</abbr>
                     <expan>Debtor</expan>
                  </choice><lb/></cell>
               <cell/>
               <cell></cell>
               <cell/>
               <cell/>
            </row>
            <row>
               <cell/>
               <cell>To <name type="account" ref="LMWcash">cash</name> paid Daniel <measure ana="#bk_money #bk_to" quantity="20" unit="dollars">twenty dollars</measure></cell>
               <cell><measure ana="#bk_money #bk_to" quantity="20" unit="dollars">20</measure></cell>
               <cell>0</cell>
               <cell/>
               <cell/>
            </row>
            <span type="subheading"><date ana="#bk_when" when="1835-04-15">15</date></span>
            <row ana="#bk_entry">
<cell ana="#bk_status" corresp="#506">506</cell>
               <cell><name ana="#bk_to" type="person" ref="pers_WCDH484">Samuel Morey</name>
                  <choice rend="align(right)">
                     <abbr>DR</abbr>
                     <expan>Debtor</expan>
                  </choice><lb/></cell>
               <cell></cell>
               <cell></cell>
               <cell/>
               <cell/>
            </row>
            <row>
               <cell/>
               <cell>To <measure commodity="Print hat" quantity="6" unit="yards">6 yards. Print hat.</measure>at Boston 3/6</cell>
               <cell><measure ana="#bk_money #bk_to" quantity="3" unit="dollars">3</measure></cell>
               <cell><measure ana="#bk_money #bk_to" quantity="50" unit="dollars">50</measure></cell>
               <cell/>
               <cell/>
            </row>
            <row>
               <cell></cell>
               <cell> <measure quantity="2.5" unit="pints">2 1/2 pints. Peas</measure>8x</cell>
               <cell/>
               <cell><measure ana="#bk_money #bk_to" quantity="16" unit="dollars">16</measure></cell>
               <cell/>
               <cell/>
            </row>
            <row>
               <cell/>
               <cell></cell>
               <cell/>
               <cell></cell>
               <cell><measure ana="#bk_money #bk_to" quantity="3" unit="dollars">3</measure></cell>
               <cell><measure ana="#bk_money #bk_to" quantity="66" unit="dollars">66</measure></cell>
            </row>
            <row ana="#bk_entry">
<cell ana="#bk_status" corresp="#506">506</cell>
               <cell><name ana="#bk_to" type="person" ref="pers_WCDH484">Samuel Morey</name>
                  <choice rend="align(right)">
                     <abbr>DR</abbr>
                     <expan>Debtor</expan>
                  </choice><lb/></cell><cell/>
               <cell></cell>
               <cell/>
               <cell/>
            </row>
            <row>
               <cell/>
               <cell>By <name type="account" ref="LMWcash">cash</name> received for pension</cell>
               <cell><measure ana="#bk_money #bk_to" quantity="240" unit="dollars">240</measure></cell>
               <cell>0</cell>
               <cell/>
               <cell/>
            </row>
            <row ana="#bk_entry">
<cell ana="#bk_status" corresp="#506">506</cell>
               <cell>To paid for <!--?--> xc. 3/</cell>
               <cell/>
               <cell/>
               <cell/>
               <cell/>
            </row>
            <row>
               <cell/>
               <cell><!--?--> 6/</cell>
               <cell><measure ana="#bk_money #bk_to" quantity="1" unit="dollars">1</measure></cell>
               <cell><measure ana="#bk_money #bk_to" quantity="50" unit="dollars">50</measure></cell>
               <cell/>
               <cell/>
            </row>
            <span type="subheading"><date ana="#bk_when" when="1835-04-22">22</date></span>
            <row ana="#bk_entry">
<cell ana="#bk_status" corresp="#312">312</cell>
               <cell><name ana="#bk_to" type="person" ref="pers_WCDH375">Horace Hulet</name>
                  <choice rend="align(right)">
                     <abbr>DR</abbr>
                     <expan>Debtor</expan>
                  </choice><lb/></cell>
               <cell/>
               <cell/>
               <cell/>
               <cell/>
            </row>
            <row>
               <cell/>
               <cell>To <measure quantity="1" unit="bushels">1 Buls. Potatoes</measure>2/6</cell>
               <cell></cell>
               <cell><measure ana="#bk_money #bk_to" quantity="42" unit="dollars">42</measure></cell>
               <cell/>
               <cell/>
            </row>
            <row ana="#bk_entry">
<cell ana="#bk_status" corresp="#506">506</cell>
               <cell><name ana="#bk_to" type="person" ref="pers_WCDH484">Samuel Morey</name>
                  <choice rend="align(right)">
                     <abbr>DR</abbr>
                     <expan>Debtor</expan>
                  </choice><lb/></cell>
               <cell></cell>
               <cell></cell>
               <cell></cell>
               <cell></cell>
            </row>
            <row>
               <cell/>
               <cell>To <name type="account" ref="LMWcash">cash</name> paid self <measure ana="#bk_money #bk_to" quantity="1" unit="dollars">one hundred dollars</measure></cell>
               <cell><measure ana="#bk_money #bk_to" quantity="100" unit="dollars">100</measure></cell>
               <cell>0</cell>
               <cell/>
               <cell/>
            </row>
            <span type="subheading"><date ana="#bk_when" when="1834">year 1834</date></span>
            <span type="subheading"><date ana="#bk_when" when="1835-04-25">25</date></span>
            <row ana="#bk_entry">
<cell ana="#bk_status" corresp="#Settled">Settled</cell>
               <cell><name ana="#bk_to" type="person" ref="pers_WCDH579">Amos Starkey</name>
                  <choice rend="align(right)">
                     <abbr>DR</abbr>
                     <expan>Debtor</expan>
                  </choice><lb/></cell>
               <cell></cell>
               <cell></cell>
               <cell/>
               <cell/>
            </row>
            <row>
               <cell/>
               <cell>To <name type="account" ref="LMWcash">cash</name> as for received</cell>
               <cell><measure ana="#bk_money #bk_to" quantity="0.5" unit="dollars">15</measure></cell>
               <cell>0</cell>
               <cell/>
               <cell/>
            </row>
            </table>
               <pb n="132"/>
               <fw type="pageNum">132</fw>
               <table>
                  <head><date ana="#bk_when" when="1835-05-04">text</date></head>
            <row ana="#bk_entry">
<cell ana="#bk_status" corresp="#Bill">Bill</cell>
               <cell><name ana="#bk_to" type="person" ref="?">Paul West</name>
                  <choice rend="align(right)">
                     <abbr>DR</abbr>
                     <expan>Debtor</expan>
                  </choice><lb/></cell>
               <cell/>
               <cell/>
               <cell/>
               <cell/>
            </row>
            <row>
               <cell/>
               <cell>To <name type="account" ref="LMWcash">cash</name> Paid for daughters tuition 30/</cell>
               <cell><measure ana="#bk_money #bk_to" quantity="5" unit="dollars">5</measure></cell>
               <cell>0</cell>
               <cell/>
               <cell/>
            </row>
            <span type="subheading"><date ana="#bk_when" when="1835-05-08">8</date></span>
            <row>
               <cell></cell>
               <cell>To <measure ana="#bk_commodity #bk_from" commodity="button">button</measure>10x do. 12 1/2</cell>
               <cell/>
               <cell><measure ana="#bk_money #bk_to" quantity="23" unit="dollars">23</measure></cell>
               <cell/>
               <cell/>
            </row>
            <span type="subheading"><date ana="#bk_when" when="1835-05-11">11</date></span>
            <row ana="#bk_entry">
<cell ana="#bk_status" corresp="#506">506</cell>
               <cell><name ana="#bk_to" type="person" ref="pers_WCDH484">Samuel Morey</name>
                  <choice rend="align(right)">
                     <abbr>DR</abbr>
                     <expan>Debtor</expan>
                  </choice><lb/></cell>
               <cell/>
               <cell/>
               <cell/>
               <cell/>
            </row>
            <row>
               <cell></cell>
               <cell>To <name type="account" ref="LMWcash">cash</name> paid self <measure ana="#bk_money #bk_to" quantity="50" unit="dollars">Fifty Dollars</measure></cell>
               <cell><measure ana="#bk_money #bk_to" quantity="50" unit="dollars">50</measure></cell>
               <cell>0</cell>
               <cell/>
               <cell/>
            </row>
            <row ana="#bk_entry">
<cell ana="#bk_status" corresp="#Settled">Settled</cell>
               <cell><name ana="#bk_to" type="person" ref="?"><!--?--></name>
                  <choice rend="align(right)">
                     <abbr>DR</abbr>
                     <expan>Debtor</expan>
                  </choice><lb/></cell>
               <cell/>
               <cell></cell>
               <cell/>
               <cell/>
            </row>
            <row>
               <cell/>
               <cell>To <measure ana="#bk_service #bk_from" commodity="Geography">Geography for daughter</measure> 6/</cell>
               <cell><measure ana="#bk_money #bk_to" quantity="1" unit="dollars">1</measure></cell>
               <cell>0</cell>
               <cell/>
               <cell></cell>
            </row>
         </table>
         <pb n="133"/>
         <fw type="pageNum">133</fw>
         <table>
            <head>Thursday<date ana="#bk_when" when="1835-05-14">text</date></head>
            <row ana="#bk_entry">
<cell ana="#bk_status" corresp="#Paid">Paid</cell>
               <cell>
                  <name ana="#bk_to" type="person" ref="?">David Bringham</name>
                  <choice rend="align(right)">
                     <abbr>DR</abbr>
                     <expan>Debtor</expan>
                  </choice><lb/>
               </cell>
               <cell/>
               <cell/>
               <cell/>
               <cell/>
            </row>
            <row>
               <cell/>
               <cell>To <measure ana="#bk_commodity #bk_from" commodity="latinreader">Latin Reader for daughter</measure>4/6</cell>
               <cell></cell>
               <cell><measure ana="#bk_money #bk_to" quantity="0.5" unit="dollars">75</measure></cell>
               <cell/>
               <cell/>
            </row>
            <row ana="#bk_entry">
<cell ana="#bk_status" corresp="#506">506</cell>
               <cell><name ana="#bk_to" type="person" ref="pers_WCDH484">Samuel Morey</name>
                  <choice rend="align(right)">
                     <abbr>DR</abbr>
                     <expan>Debtor</expan>
                  </choice><lb/></cell>
               <cell></cell>
               <cell/>
               <cell></cell>
               <cell></cell>
            </row>
            <row>
               <cell/>
               <cell>To <name type="account" ref="LMWcash">cash</name> paid Horaee Withernell</cell>
               <cell><measure ana="#bk_money #bk_to" quantity="41" unit="dollars">41</measure></cell>
               <cell><measure ana="#bk_money #bk_to" quantity="72" unit="dollars">72</measure></cell>
               <cell/>
               <cell/>
            </row>
            <row ana="#bk_entry">
<cell ana="#bk_status" corresp="#401">401</cell>
               <cell><name ana="#bk_to" type="person" ref="pers_WCDH640">Horace Wetherell</name>
                  <choice rend="align(right)">
                     <abbr>DR</abbr>
                     <expan>Debtor</expan>
                  </choice><lb/></cell>
               <cell/>
               <cell/>
               <cell/>
               <cell/>
            </row>
            <row>
               <cell/>
               <cell>To <!--?--> one day</cell>
               <cell></cell>
               <cell></cell>
               <cell/>
               <cell/>
            </row>
            <row ana="#bk_entry">
<cell ana="#bk_status" corresp="#506">506</cell>
               <cell><name ana="#bk_to" type="person" ref="pers_WCDH484">Samuel Morey</name>
                  <choice rend="align(right)">
                     <abbr>DR</abbr>
                     <expan>Debtor</expan>
                  </choice><lb/></cell>
               <cell/>
               <cell/>
               <cell/>
               <cell/>
            </row>
            <row>
               <cell></cell>
               <cell>To <name type="account" ref="LMWcash">cash</name> paid David when moving there</cell>
               <cell><measure ana="#bk_money #bk_to" quantity="2" unit="dollars">2</measure></cell>
               <cell><measure ana="#bk_money #bk_to" quantity="50" unit="dollars">50</measure></cell>
               <cell/>
               <cell/>
            </row>
            <span type="subheading"><date ana="#bk_when" when="1835-05-15">15</date></span>
            <row ana="#bk_entry">
<cell ana="#bk_status" corresp="#Settled">Settled</cell>
               <cell><name ana="#bk_to" type="person" ref="?">Daniel D. Sweet</name>
                  <choice rend="align(right)">
                     <abbr>DR</abbr>
                     <expan>Debtor</expan>
                  </choice><lb/></cell>
               <cell/>
               <cell/>
               <cell/>
               <cell/>
            </row>
            <row>
               <cell></cell>
               <cell>To <measure quantity="28" unit="quarts">twenty eight quarts milk</measure>3x</cell>
               <cell/>
               <cell><measure ana="#bk_money #bk_to" quantity="84" unit="dollars">84</measure></cell>
               <cell/>
               <cell/>
            </row>
            <row ana="#bk_entry">
<cell ana="#bk_status" corresp="#settled">settled</cell>
               <cell><name ana="#bk_to" type="person" ref="pers_WCDH579">Amos starkey</name>
                  <choice rend="align(right)">
                     <abbr>DR</abbr>
                     <expan>Debtor</expan>
                  </choice><lb/></cell>
               <cell></cell>
               <cell></cell>
               <cell/>
               <cell/>
            </row>
            <row>
               <cell/>
               <cell>To <measure quantity="1" unit="bushels">one BU. cider</measure>15/</cell>
               <cell><measure ana="#bk_money #bk_to" quantity="2" unit="dollars">2</measure></cell>
               <cell><measure ana="#bk_money #bk_to" quantity="50" unit="dollars">50</measure></cell>
               <cell/>
               <cell/>
            </row>
            <row ana="#bk_entry">
<cell ana="#bk_status" corresp="#344">344</cell>
               <cell><name ana="#bk_to" type="person" ref="pers_WCDH221">Thomas Carpenter</name>
                  <choice rend="align(right)">
                     <abbr>DR</abbr>
                     <expan>Debtor</expan>
                  </choice><lb/></cell>
               <cell/>
               <cell/>
               <cell/>
               <cell/>
            </row>
            <row>
               <cell/>
               <cell>To <name type="account" ref="LMWcash">cash</name> <measure ana="#bk_money #bk_to" quantity="4" unit="dollars">four dollars</measure></cell>
               <cell><measure ana="#bk_money #bk_to" quantity="4" unit="dollars">4</measure></cell>
               <cell>0</cell>
               <cell/>
               <cell/>
            </row>
            <span type="subheading"><date ana="#bk_when" when="1835-05-20">20</date></span>
            <row ana="#bk_entry">
<cell ana="#bk_status" corresp="#312">312</cell>
               <cell><name ana="#bk_to" type="person" ref="pers_WCDH375">Horace Hulet </name>
                  <choice rend="align(right)">
                     <abbr>DR</abbr>
                     <expan>Debtor</expan>
                  </choice><lb/></cell>
               <cell/>
               <cell/>
               <cell/>
               <cell/>
            </row>
            <row>
               <cell/>
               <cell>To <measure quantity="0.5" unit="bushels">1/2 Buls. Potatoes</measure> 2/6</cell>
               <cell/>
               <cell><measure ana="#bk_money #bk_to" quantity="21" unit="dollars">21</measure></cell>
               <cell/>
               <cell/>
            </row>
            <row ana="#bk_entry">
<cell ana="#bk_status" corresp="#Settled">Settled</cell>
               <cell><name ana="#bk_to" type="person" ref="pers_WCDH579">Amos Starkey</name>
                  <choice rend="align(right)">
                     <abbr>DR</abbr>
                     <expan>Debtor</expan>
                  </choice><lb/></cell>
               <cell/>
               <cell></cell>
               <cell/>
               <cell></cell>
            </row>
            <row>
               <cell/>
               <cell>To <name type="account" ref="LMWcash">cash</name>for father</cell>
               <cell><measure ana="#bk_money #bk_to" quantity="13" unit="dollars">13</measure></cell>
               <cell>0</cell>
               <cell/>
               <cell/>
            </row>
            <span type="subheading"><date ana="#bk_when" when="1835-05-22">22</date></span>
            <row ana="#bk_entry">
<cell ana="#bk_status" corresp="#506">506</cell>
               <cell><name ana="#bk_to" type="person" ref="pers_WCDH484">Samuel Morey</name>
                  <choice rend="align(right)">
                     <abbr>DR</abbr>
                     <expan>Debtor</expan>
                  </choice><lb/></cell>
               <cell/>
               <cell></cell>
               <cell/>
               <cell/>
            </row>
            <row>
               <cell/>
               <cell>To <name type="account" ref="LMWcash">cash</name> <measure ana="#bk_money #bk_to" quantity="44.88" unit="dollars">forty four dollars 88 cents</measure></cell>
               <cell><measure ana="#bk_money #bk_to" quantity="44" unit="dollars">44</measure></cell>
               <cell><measure ana="#bk_money #bk_to" quantity="88" unit="dollars">88</measure></cell>
               <cell/>
               <cell/>
            </row>
            <row ana="#bk_entry">
<cell ana="#bk_status" corresp="#344">344</cell>
               <cell><name ana="#bk_to" type="person" ref="pers_WCDH221">Thomas Carpenter</name>
                  <choice rend="align(right)">
                     <abbr>DR</abbr>
                     <expan>Debtor</expan>
                  </choice><lb/></cell>
               <cell/>
               <cell/>
               <cell/>
               <cell/>
            </row>
            <row>
               <cell/>
               <cell>To <measure quantity="0.5" unit="bushels">1/2 Buls. Potatoes</measure>2/6</cell>
               <cell></cell>
               <cell><measure ana="#bk_money #bk_to" quantity="21" unit="dollars">21</measure></cell>
               <cell/>
               <cell/>
            </row>
         </table>
            <pb n="133"/>
            <fw type="pageNum">133</fw>
            <table>
               <head><date ana="#bk_when" when="1835-06-06">text</date></head>
            <row ana="#bk_entry">
<cell ana="#bk_status" corresp="#Bill">Bill</cell>
               <cell><name ana="#bk_to" type="person" ref="?">Paul West</name>
                  <choice rend="align(right)">
                     <abbr>DR</abbr>
                     <expan>Debtor</expan>
                  </choice><lb/></cell>
               <cell/>
               <cell/>
               <cell/>
               <cell/>
            </row>
            <row>
               <cell></cell>
               <cell>To <name type="account" ref="LMWcash">cash</name> paid <measure quantity="1" unit="count">for bible for daughter</measure></cell>
               <cell/>
               <cell/>
               <cell/>
               <cell/>
            </row>
            <row ana="#bk_entry">
<cell ana="#bk_status" corresp="#400">400</cell>
               <cell><name ana="#bk_to" type="person" ref="pers_WCDH225">Betsey A. Chase</name>
                  <choice rend="align(right)">
                     <abbr>DR</abbr>
                     <expan>Debtor</expan>
                  </choice><lb/></cell>
               <cell/>
               <cell></cell>
               <cell/>
               <cell/>
            </row>
            <row>
               <cell/>
               <cell>To <measure ana="#bk_commodity #bk_from" commodity="geography">geography x atlas</measure>6/</cell><cell/>
               <cell></cell>
               <cell/>
               <cell/>
            </row>
            <row>
               <cell/>
               <cell><name type="account" ref="LMWcash">cash</name>for subscription 6/ S.S.L.</cell>
               <cell><measure ana="#bk_money #bk_to" quantity="2" unit="dollars">2</measure></cell>
               <cell>0</cell>
               <cell/>
               <cell/>
            </row>
            <row>
               <cell>Nothing paid</cell>
               <cell><name ana="#bk_to" type="person" ref="pers_WCDH498">Henry M. Paine</name>
                  <choice rend="align(right)">
                     <abbr>DR</abbr>
                     <expan>Debtor</expan>
                  </choice><lb/></cell>
               <cell/>
               <cell/>
               <cell/>
               <cell/>
            </row>
            <row>
               <cell/>
               <cell>To <measure quantity="0.5" unit="quarts">1/2 quarts of lunes to plant</measure>, nothing</cell>
               <cell></cell>
               <cell></cell>
               <cell/>
               <cell/>
            </row>
            </table>
               <pb n="133"/>
               <fw type="pageNum">133</fw>
               <table>
                  <head><date ana="#bk_when" when="1835-06-01">text</date></head>
            <row ana="#bk_entry">
<cell ana="#bk_status" corresp="#Bill">Bill</cell>
               <cell><name ana="#bk_to" type="person" ref="?">Paul West</name>
                  <choice rend="align(right)">
                     <abbr>DR</abbr>
                     <expan>Debtor</expan>
                  </choice><lb/></cell>
               <cell/>
               <cell/>
               <cell/>
               <cell/>
            </row>
            <row>
               <cell></cell>
               <cell>To <measure commodity="postage of letter">postage of letter</measure>12 1/2</cell>
               <cell/>
               <cell>12 1/2</cell>
               <cell/>
               <cell/>
            </row>
            <row ana="#bk_entry">
<cell ana="#bk_status" corresp="#400">400</cell>
               <cell><name ana="#bk_to" type="person" ref="pers_WCDH225">Betsey A Chase</name>
                  <choice rend="align(right)">
                     <abbr>DR</abbr>
                     <expan>Debtor</expan>
                  </choice><lb/></cell>
               <cell></cell>
               <cell></cell>
               <cell/>
               <cell/>
            </row>
            <row>
               <cell/>
               <cell>To goods bought 139x</cell>
               <cell><measure ana="#bk_money #bk_to" quantity="1" unit="dollars">1</measure></cell>
               <cell><measure ana="#bk_money #bk_to" quantity="39" unit="dollars">39</measure></cell>
               <cell></cell>
               <cell></cell>
            </row>
            <row ana="#bk_entry">
<cell ana="#bk_status" corresp="#Settled">Settled</cell>
               <cell><name ana="#bk_to" type="person" ref="?">Daniel D Sweet</name>
                  <choice rend="align(right)">
                     <abbr>DR</abbr>
                     <expan>Debtor</expan>
                  </choice><lb/></cell>
               <cell></cell>
               <cell></cell>
               <cell/>
               <cell/>
            </row>
            <row>
               <cell/>
               <cell>To <!--?--> coal 1/6</cell>
               <cell><measure ana="#bk_money #bk_to" quantity="3" unit="dollars">3</measure></cell>
               <cell>0</cell>
               <cell/>
               <cell/>
            </row>
            <span type="subheading"><date ana="#bk_when" when="1835-06-05">5</date></span>
            <row ana="#bk_entry">
<cell ana="#bk_status" corresp="#400">400</cell>
               <cell><name ana="#bk_to" type="person" ref="pers_WCDH225">Betsey A Chase</name>
                  <choice rend="align(right)">
                     <abbr>DR</abbr>
                     <expan>Debtor</expan>
                  </choice><lb/></cell>
               <cell></cell>
               <cell></cell>
               <cell/>
               <cell/>
            </row>
            <row>
               <cell/>
               <cell>To <name type="account" ref="LMWcash">cash</name>6/ for shoes to Hulet</cell>
               <cell><measure ana="#bk_money #bk_to" quantity="1" unit="dollars">1</measure></cell>
               <cell>0</cell>
               <cell/>
               <cell/>
            </row>
            <row ana="#bk_entry">
<cell ana="#bk_status" corresp="#105">105</cell>
               <cell><name ana="#bk_to" type="person" ref="pers_WCDH217">Daniel Carpenter</name>
                  <choice rend="align(right)">
                     <abbr>DR</abbr>
                     <expan>Debtor</expan>
                  </choice><lb/></cell>
               <cell/>
               <cell/>
               <cell/>
               <cell/>
            </row>
            <row>
               <cell/>
               <cell>To <measure quantity="0.5" unit="bushels">1/2 Buls. Rye</measure>7/6</cell>
               <cell></cell>
               <cell><measure ana="#bk_money #bk_to" quantity="63" unit="dollars">63</measure></cell>
               <cell/>
               <cell/>
            </row>
            <row ana="#bk_entry">
<cell ana="#bk_status" corresp="#Settled">Settled</cell>
               <cell><name ana="#bk_to" type="person" ref="pers_WCDH657">Geo. White F</name>
                  <choice rend="align(right)">
                     <abbr>DR</abbr>
                     <expan>Debtor</expan>
                  </choice><lb/></cell>
               <cell/>
               <cell/>
               <cell/>
               <cell/>
            </row>
            <row>
               <cell></cell>
               <cell>To <name type="account" ref="LMWcash">cash</name> <measure ana="#bk_money #bk_to" quantity="20" unit="dollars">twenty dollars</measure></cell>
               <cell><measure ana="#bk_money #bk_to" quantity="20" unit="dollars">20</measure></cell>
               <cell>0</cell>
               <cell/>
               <cell/>
            </row>
            <span type="subheading"><date ana="#bk_when" when="1835-06-10">10</date></span>
            <row ana="#bk_entry">
<cell ana="#bk_status" corresp="#400">400</cell>
               <cell><name ana="#bk_to" type="person" ref="pers_WCDH225">Betsey A Chase</name>
                  <choice rend="align(right)">
                     <abbr>DR</abbr>
                     <expan>Debtor</expan>
                  </choice><lb/></cell>
               <cell/>
               <cell/>
               <cell/>
               <cell/>
            </row>
            <row>
               <cell></cell>
               <cell>To one <!--?--> 4/6</cell>
               <cell/>
               <cell><measure ana="#bk_money #bk_to" quantity="0.5" unit="dollars">75</measure></cell>
               <cell/>
               <cell/>
            </row>
               </table>
      </body>
   </text>
</TEI>