<?xml version="1.0" encoding="UTF-8"?>
<?xml-model href="http://www.tei-c.org/release/xml/tei/custom/schema/relaxng/tei_all.rng" type="application/xml" schematypens="http://relaxng.org/ns/structure/1.0"?>
<?xml-model href="http://www.tei-c.org/release/xml/tei/custom/schema/relaxng/tei_all.rng" type="application/xml"
	schematypens="http://purl.oclc.org/dsdl/schematron"?>
<TEI xmlns="http://www.tei-c.org/ns/1.0">
   <teiHeader>
      <fileDesc>
         <titleStmt>
            <title>LMW Day Book, pp. 211-212</title>
            <author>L.M. Wheaton</author>
         </titleStmt>
         <publicationStmt>
            <p>Indication of work done and date, Wheaton College</p>
         </publicationStmt>
         <sourceDesc>
            <biblFull>
               <titleStmt>
                  <title>Account Books, pp.211-212</title>
                  <author>L.M. Wheaton</author>
                  <respStmt>
                     <resp> TEI-compatible XML markup by <name type="person">Tyana Craig</name>
                        with corrections by <name type="person">Name</name>, <name
                           type="person">Name</name>, and <name type="person">Name</name>.</resp>
                     <name type="person">Name</name>
                  </respStmt>
               </titleStmt>
               <publicationStmt>
                  <p>Indication of work done and date 03/09/16, Wheaton College</p>
               </publicationStmt>
               <sourceDesc>
                  <p> From the Marion B. Gebbie Archives and Special Collections at the Madeleine
                     Clark Wallace Library, Wheaton College </p>
               </sourceDesc>
            </biblFull>
         </sourceDesc>
      </fileDesc>
   </teiHeader>
   <text>
      <body>
         <pb n="211"/>
         <fw type="pageNum">211</fw>
         <table>
            <head>Friday <date ana="#bk_when" when="1847-12-15">December 15th 1848</date></head>
            <row>
               <cell/>
               <cell/>
               <cell/>
               <cell/>
               <cell/>
               <cell/>
            </row>
            <row>
               <cell>534</cell>
               <cell><name ana="#bk_to" type="person" ref="pers_WCDH156">Stephen Bailey</name>
                  <choice rend="align(right)">
                     <expan>D</expan>
                     <expan>debtor</expan>
                  </choice><lb/></cell>
               <cell/>
               <cell/>
               <cell/>
               <cell/>
            </row>
            <row>
               <cell/>
               <cell>To<measure ana="#bk_commodity #bk_from" commodity="beef" quantity="51" unit="pounds">51 1/2 lb. Beef</measure></cell>
               <cell><measure ana="#bk_money #bk_to" quantity="3" unit="dollars">3</measure></cell>
               <cell><measure ana="#bk_money #bk_to" quantity="09" unit="cents">09</measure></cell>
               <cell/>
               <cell/>
            </row>
            <row>
               <cell>Settled</cell>
               <cell><date ana="#bk_when" when="1848-12-27">27</date></cell>
               <cell/>
               <cell/>
               <cell/>
               <cell/>
            </row>
            <row>
               <cell/>
               <cell><name ana="#bk_to" type="person" ref="pers_WCDH205">Westley Brown</name>
                  <choice rend="align(right)">
                     <abbr>D</abbr>
                     <expan>debtor</expan>
                  </choice><lb/></cell>
               <cell/>
               <cell/>
               <cell/>
               <cell/>
            </row>
            <row>
               <cell/>
               <cell>To <measure ana="#bk_commodity #bk_from" commodity="beef rye" quantity="1">1 Beef Rye of 6/</measure>
               </cell>
               <cell><measure ana="#bk_money #bk_to" quantity="1" unit="dollars">1</measure></cell>
               <cell/>
               <cell/>
               <cell/>
            </row>
            <row>
               <cell/>
               <cell><date ana="#bk_when" when="1849-01-06">6th</date></cell>
               <cell/>
               <cell/>
               <cell/>
               <cell/>
            </row>
            <row>
               <cell/>
               <cell>"By cash 1/6</cell>
               <cell/>
               <cell><measure ana="#bk_money #bk_to" quantity="25" unit="cents">25</measure></cell>
               <cell/>
               <cell/>
            </row>
            <row>
               <cell>536</cell>
               <cell><name ana="#bk_to" type="person" ref="pers_WCDH702">Wm Wrigley</name>
                  <choice rend="align(right)">
                     <abbr>D</abbr>
                     <expan>debtor</expan>
                  </choice><lb/></cell>
               <cell/>
               <cell/>
               <cell/>
               <cell/>
            </row>
            <row>
               <cell/>
               <cell>To <measure ana="#bk_commodity #bk_from" commodity="hard pine" quantity="33" unit="feet">33 ft. hard
                  pine</measure></cell>
               <cell/>
               <cell><measure ana="#bk_money #bk_to" quantity="99" unit="cents">99</measure></cell>
               <cell/>
               <cell/>
            </row>
            <row>
               <cell/>
               <cell><measure ana="#bk_commodity #bk_from" commodity="?" quantity="125" unit="clapboards">"125
                     plained<!--?--> claboards 3 <!--cent sign--></measure>
               </cell>
               <cell><measure ana="#bk_money #bk_to" quantity="3" unit="dollars">3</measure></cell>
               <cell><measure ana="#bk_money #bk_to" quantity="75" unit="cents">75</measure></cell>
               <cell/>
               <cell/>
            </row>
            <row>
               <cell/>
               <cell><measure ana="#bk_commodity #bk_from" commodity="cement" quantity="0.5" unit="pounds">"½ lb. cement
                  6/9</measure></cell>
               <cell><measure ana="#bk_money #bk_to" quantity="1" unit="dollars">1</measure></cell>
               <cell><measure ana="#bk_money #bk_to" quantity="13" unit="cents">13</measure></cell>
               <cell><measure ana="#bk_money #bk_to" quantity="5" unit="dollars">5</measure></cell>
               <cell><measure ana="#bk_money #bk_to" quantity="87" unit="cents">87</measure></cell>
            </row>
            <row>
               <cell/>
               <cell/>
               <cell/>
               <cell/>
               <cell/>
               <cell/>
            </row>
            <row>
               <cell>535</cell>
               <cell><name ana="#bk_to" type="person" ref="pers_WCDH703">Wm H Wrigley</name>
                  <choice rend="align(right)">
                     <abbr>D</abbr>
                     <expan>debtor</expan>
                  </choice><lb/></cell>
               <cell/>
               <cell/>
               <cell/>
               <cell/>
            </row>
            <row>
               <cell/>
               <cell>To paying of Williams</cell>
               <cell><measure ana="#bk_money #bk_to" quantity="51" unit="dollars">51</measure></cell>
               <cell><measure ana="#bk_money #bk_to" quantity="09" unit="cents">09</measure></cell>
               <cell/>
               <cell/>
            </row>
            <row>
               <cell/>
               <cell/>
               <cell/>
               <cell/>
               <cell/>
               <cell/>
            </row>
            <row>
               <cell>535</cell>
               <cell><name ana="#bk_to" type="person" ref="pers_WCDH703">Wm H Wrigley</name>
                  <choice rend="align(right)">
                     <abbr>D</abbr>
                     <expan>debtor</expan>
                  </choice><lb/></cell>
               <cell/>
               <cell/>
               <cell/>
               <cell/>
            </row>
            <row>
               <cell/>
               <cell>To store bill x</cell>
               <cell><measure ana="#bk_money #bk_to" quantity="33" unit="dollars">33</measure></cell>
               <cell><measure ana="#bk_money #bk_to" quantity="56" unit="cents">56</measure></cell>
               <cell/>
               <cell/>
            </row>
            <row>
               <cell/>
               <cell/>
               <cell/>
               <cell/>
               <cell/>
               <cell/>
            </row>
            <row>
               <cell>535</cell>
               <cell><name ana="#bk_to" type="person" ref="pers_WCDH457">Zacheus Macomber</name>
                  <choice rend="align(right)">
                     <expan>D</expan>
                     <expan>debtor</expan>
                  </choice><lb/></cell>
               <cell/>
               <cell/>
               <cell/>
               <cell/>
            </row>
            <row>
               <cell/>
               <cell>To old leather for belt</cell>
               <cell/>
               <cell><measure ana="#bk_money #bk_to" quantity="58" unit="cents">58</measure></cell>
               <cell/>
               <cell/>
            </row>
            <row>
               <cell>Settled</cell>
               <cell><name ana="#bk_to" type="person" ref="pers_WCDH650">Wheaton Wheeler</name>
                  <choice rend="align(right)">
                     <abbr>C</abbr>
                     <expan>credit</expan>
                  </choice><lb/></cell>
               <cell/>
               <cell/>
               <cell/>
               <cell/>
            </row>
            <row>
               <cell/>
               <cell>By<measure ana="#bk_commodity #bk_from" commodity="?" unit="ounces"> 5-10 ozs. Parts</measure></cell>
               <cell/>
               <cell/>
               <cell/>
               <cell/>
            </row>
            <row>
               <cell/>
               <cell/>
               <cell/>
               <cell/>
               <cell/>
               <cell/>
            </row>
            <row>
               <cell>Settled</cell>
               <cell><name ana="#bk_to" type="person" ref="v">Sarah Putnam?</name>
                  <choice rend="align(right)">
                     <abbr>Cr</abbr>
                     <expan>credit</expan>
                  </choice><lb/></cell>
               <cell/>
               <cell/>
               <cell/>
               <cell/>
            </row>
            <row>
               <cell/>
               <cell>By<measure ana="#bk_commodity #bk_from" commodity="butter" quantity="2.5" unit="pounds">2 ½ lb
                     butter</measure>
               </cell>
               <cell/>
               <cell/>
               <cell/>
               <cell/>
            </row>
            <row>
               <cell>301</cell>
               <cell><date ana="#bk_when" when="1849-01-03">Jan. 3 1849</date></cell>
               <cell/>
               <cell/>
               <cell/>
               <cell/>
            </row>
            <row>
               <cell/>
               <cell><name ana="#bk_to" type="person" ref="pers_WCDH082">Benjamin Rounds</name><choice rend="align(right)">
                     <abbr>D</abbr>
                     <expan>debtor</expan>
                  </choice><lb/></cell>
               <cell/>
               <cell/>
               <cell/>
               <cell/>
            </row>
            <row>
               <cell/>
               <cell>To Buffalo skin</cell>
               <cell><measure ana="#bk_money #bk_to" quantity="5" unit="dollars">5</measure></cell>
               <cell/>
               <cell/>
               <cell/>
            </row>
            <row>
               <cell>535</cell>
               <cell><date ana="#bk_when" when="1849-01-05">5</date></cell>
               <cell/>
               <cell/>
               <cell/>
               <cell/>
            </row>
            <row>
               <cell/>
               <cell><name ana="#bk_to" type="person" ref="pers_WCDH703">William H Wrigley</name>
                  <choice rend="align(right)">
                     <abbr>D</abbr>
                     <expan>debtor</expan>
                  </choice><lb/></cell>
               <cell/>
               <cell/>
               <cell/>
               <cell/>
            </row>
            <row>
               <cell/>
               <cell>To paying for MC. antonys bia</cell>
               <cell/>
               <cell><measure ana="#bk_money #bk_to" quantity="58" unit="cents">58</measure></cell>
               <cell/>
               <cell/>
            </row>
            <row>
               <cell>Settled</cell>
               <cell><date ana="#bk_when" when="1849-01-09">9</date></cell>
               <cell/>
               <cell/>
               <cell/>
               <cell/>
            </row>
            <row>
               <cell/>
               <cell><name ana="#bk_to" type="person" ref="pers_WCDH205">Westly Brown</name>
                  <choice rend="align(right)">
                     <abbr>D</abbr>
                     <expan>debtor</expan>
                  </choice><lb/></cell>
               <cell/>
               <cell/>
               <cell/>
               <cell/>
            </row>
            <row>
               <cell/>
               <cell>To<name type="account" ref="LMWcash">cash</name><measure ana="#bk_money #bk_to"
                     quantity="4" unit="dollars">four Dollars</measure></cell>
               <cell><measure ana="#bk_money #bk_to" quantity="4" unit="dollars">4</measure></cell>
               <cell/>
               <cell/>
               <cell/>
            </row>
            <row>
               <cell>51</cell>
               <cell><date ana="#bk_when" when="1849-01-11">11</date></cell>
               <cell/>
               <cell/>
               <cell/>
               <cell/>
            </row>
            <row>
               <cell/>
               <cell><name ana="#bk_to" type="person" ref="pers_WCDH584">Dwight Stone</name>
                  <choice rend="align(right)">
                     <abbr>D</abbr>
                     <expan>debtor</expan>
                  </choice><lb/></cell>
               <cell/>
               <cell/>
               <cell/>
               <cell/>
            </row>
            <row>
               <cell/>
               <cell>Delivered w/ the key to house</cell>
               <cell/>
               <cell/>
               <cell/>
               <cell/>
            </row>
            <row>
               <cell/>
               <cell>this day </cell>
               <cell/>
               <cell/>
               <cell/>
               <cell/>
            </row>
            <row>
               <cell>535</cell>
               <cell><name ana="#bk_to" type="person" ref="pers_WCDH703">Wm H. Wrigly</name>
                  <choice rend="align(right)">
                     <abbr>D</abbr>
                     <expan>debtor</expan>
                  </choice><lb/></cell>
               <cell/>
               <cell/>
               <cell/>
               <cell/>
            </row>
            <row>
               <cell/>
               <cell>To paying Zach H. Anthony</cell>
               <cell><measure ana="#bk_money #bk_to" quantity="34" unit="dollars">34</measure></cell>
               <cell><measure ana="#bk_money #bk_to" quantity="97" unit="cents">97</measure></cell>
               <cell/>
               <cell/>
            </row>
            <row>
               <cell/>
               <cell/>
               <cell/>
               <cell/>
               <cell/>
               <cell/>
            </row>
            <row>
               <cell>535</cell>
               <cell><name ana="#bk_to" type="person" ref="pers_WCDH703">Wm H. Wrigley</name>
                  <choice rend="align(right)">
                     <abbr>D</abbr>
                     <expan>debtor</expan>
                  </choice><lb/></cell>
               <cell/>
               <cell/>
               <cell/>
               <cell/>
            </row>
            <row>
               <cell/>
               <cell>To <measure ana="#bk_money #bk_to" quantity="25" unit="dollars">twenty five dollar</measure></cell>
               <cell><measure ana="#bk_money #bk_to" quantity="25" unit="dollars">25</measure></cell>
               <cell><measure ana="#bk_money #bk_to" quantity="0" unit="cents">00</measure></cell>
               <cell/>
               <cell/>
            </row>
            <row>
               <cell/>
               <cell/>
               <cell/>
               <cell/>
               <cell/>
               <cell/>
            </row>
            <row>
               <cell>534</cell>
               <cell><name ana="#bk_to" type="person" ref="pers_WCDH156">Stephen Bailey</name>
                  <choice rend="align(right)">
                     <abbr>D</abbr>
                     <expan>debtor</expan>
                  </choice><lb/></cell>
               <cell/>
               <cell/>
               <cell/>
               <cell/>
            </row>
            <row>
               <cell/>
               <cell>To<measure ana="#bk_commodity #bk_from" commodity="beef" quantity="0.5" unit="pounds">½ Beef</measure>, Potatoes
                     3/$4.00</measure>
               </cell>
               <cell/>
               <cell><measure ana="#bk_money #bk_to" quantity="25" unit="cents">25</measure></cell>
               <cell/>
               <cell/>
            </row>
            <row>
               <cell/>
               <cell><measure quantity="23.75" unit="feet">"23 ¼ ft wood
                  </measure></cell>
               <cell><measure ana="#bk_money #bk_to" quantity="2" unit="dollars">2</measure></cell>
               <cell><measure ana="#bk_money #bk_to" quantity="0" unit="cents">00</measure></cell>
               <cell/>
               <cell/>
            </row>
            <row>
               <cell/>
               <cell>"<name type="account" ref="LMWcash">cash</name><measure ana="#bk_money #bk_to"
                     quantity="70" unit="dollars">seventy dollars</measure></cell>
               <cell><measure ana="#bk_money #bk_to" quantity="70" unit="dollars">70</measure></cell>
               <cell><measure ana="#bk_money #bk_to" quantity="0" unit="cents">00</measure></cell>
               <cell><measure ana="#bk_money #bk_to" quantity="72" unit="dollars">72</measure></cell>
               <cell><measure ana="#bk_money #bk_to" quantity="25" unit="cents">25</measure></cell>
            </row>
            <row>
               <cell>355</cell>
               <cell><date ana="#bk_when" when="1849-01-16">16.</date></cell>
               <cell/>
               <cell/>
               <cell/>
               <cell/>
            </row>
            <row>
               <cell/>
               <cell><name ana="#bk_to" type="person" ref="pers_WCDH118">Wheaton Wheelor</name>
                  <choice rend="align(right)">
                     <abbr>D</abbr>
                     <expan>debtor</expan>
                  </choice><lb/></cell>
               <cell/>
               <cell/>
               <cell/>
               <cell/>
            </row>
            <row>
               <cell/>
               <cell>To<measure quantity="0.5" unit="bushels"> ½ buss. Potatoes
                  </measure></cell>
               <cell/>
               <cell/>
               <cell/>
               <cell/>
            </row>
            <row>
               <cell/>
               <cell/>
               <cell/>
               <cell/>
               <cell/>
               <cell/>
            </row>
            <row>
               <cell>534</cell>
               <cell><name ana="#bk_to" type="person" ref="pers_WCDH156">Stephen Bailey</name>
                  <choice rend="align(right)">
                     <abbr>D</abbr>
                     <expan>debtor</expan>
                  </choice><lb/></cell>
               <cell/>
               <cell/>
               <cell/>
               <cell/>
            </row>
            <row>
               <cell/>
               <cell>To<measure quantity="0.5" unit="bushels">½ Buss Potatoes
                     3/</measure>
               </cell>
               <cell/>
               <cell><measure ana="#bk_money #bk_to" quantity="25" unit="cents">25</measure></cell>
               <cell/>
               <cell/>
            </row>
            <row>
               <cell>511</cell>
               <cell><date ana="#bk_when" when="1849-01-18">18</date></cell>
               <cell/>
               <cell/>
               <cell/>
               <cell/>
            </row>
            <row>
               <cell/>
               <cell><name ana="#bk_to" type="person" ref="pers_WCDH180">Otis Blandin</name>
                  <choice rend="align(right)">
                     <abbr>D</abbr>
                     <expan>debtor</expan>
                  </choice><lb/></cell>
               <cell/>
               <cell/>
               <cell/>
               <cell/>
            </row>
            <row>
               <cell/>
               <cell>By work at Center Mills</cell>
               <cell><measure ana="#bk_money #bk_to" quantity="7" unit="dollars">7</measure></cell>
               <cell><measure ana="#bk_money #bk_to" quantity="23" unit="cents">23</measure></cell>
               <cell/>
               <cell/>
            </row>
            <row>
               <cell/>
               <cell/>
               <cell/>
               <cell/>
               <cell/>
               <cell/>
            </row>
            <row>
               <cell> 76</cell>
               <cell><name ana="#bk_to" type="person" ref="pers_WCDH478">? O. Mefsinger</name>
                  <choice rend="align(right)">
                     <abbr>D</abbr>
                     <expan>debtor</expan>
                  </choice><lb/></cell>
               <cell/>
               <cell/>
               <cell/>
               <cell/>
            </row>
            <row>
               <cell/>
               <cell>To due from Center Mills</cell>
               <cell><measure ana="#bk_money #bk_to" quantity="19" unit="dollars">19</measure></cell>
               <cell><measure ana="#bk_money #bk_to" quantity="01" unit="cents">01</measure></cell>
               <cell/>
               <cell/>
            </row>
            <row>
               <cell/>
               <cell/>
               <cell/>
               <cell/>
               <cell/>
               <cell/>
            </row>
         </table>
         <pb n="212"/>
         <fw type="pageNum">212</fw>
         <table>
            <head>Monday <date ana="#bk_when" when="1849-01-21">Janry 21 st 1849</date></head>
            <row>
               <cell/>
               <cell/>
               <cell>$</cell>
               <cell>cts.</cell>
               <cell>$</cell>
               <cell>cts.</cell>
            </row>
            <row>
               <cell>355</cell>
               <cell><name ana="#bk_to" type="person" ref="pers_WCDH118">Wheaton Wheeler</name>
                  <choice rend="align(right)">
                     <abbr>D</abbr>
                     <expan>Debtor</expan>
                  </choice><lb/></cell>
               <cell/>
               <cell/>
               <cell/>
               <cell/>
            </row>
            <row>
               <cell/>
               <cell>To account at Center Mills</cell>
               <cell><measure ana="#bk_money #bk_to" quantity="10" unit="dollars">10</measure></cell>
               <cell><measure ana="#bk_money #bk_to" quantity="20" unit="cents">20</measure></cell>
               <cell/>
               <cell/>
            </row>
            <row>
               <cell/>
               <cell/>
               <cell/>
               <cell/>
               <cell/>
               <cell/>
            </row>
            <row>
               <cell>534</cell>
               <cell><name ana="#bk_to" type="person" ref="pers_WCDH156">Stephen Bailey</name>
                  <choice rend="align(right)">
                     <abbr>D</abbr>
                     <expan>Debtor</expan>
                  </choice><lb/></cell>
               <cell/>
               <cell/>
               <cell/>
               <cell/>
            </row>
            <row>
               <cell/>
               <cell/>
               <cell><measure ana="#bk_money #bk_to" quantity="1" unit="dollars">1</measure></cell>
               <cell><measure ana="#bk_money #bk_to" quantity="38" unit="cents">38</measure></cell>
               <cell/>
               <cell/>
            </row>
            <row>
               <cell>Settled</cell>
               <cell><name ana="#bk_to" type="person" ref="v">George R. Leonard?</name>
                  <choice rend="align(right)">
                     <abbr>Dr</abbr>
                     <expan>Debtor</expan>
                  </choice><lb/></cell>
               <cell/>
               <cell/>
               <cell/>
               <cell/>
            </row>
            <row>
               <cell/>
               <cell>To account at Center Mills</cell>
               <cell/>
               <cell/>
               <cell/>
               <cell/>
            </row>
            <row>
               <cell/>
               <cell> cr at 10x</cell>
               <cell/>
               <cell><measure ana="#bk_money #bk_to" quantity="72" unit="cents">72</measure></cell>
               <cell/>
               <cell/>
            </row>
            <row>
               <cell/>
               <cell>By carting 68 baley to Prov. 208 cash 14 144lbs</cell>
               <cell><measure ana="#bk_money #bk_to" quantity="14" unit="dollars">14</measure></cell>
               <cell><measure ana="#bk_money #bk_to" quantity="14" unit="cents">14</measure></cell>
               <cell/>
               <cell/>
            </row>
            <row>
               <cell/>
               <cell/>
               <cell/>
               <cell/>
               <cell/>
               <cell/>
            </row>
            <row>
               <cell>536</cell>
               <cell><name ana="#bk_to" type="person" ref="pers_WCDH703">Wm H. Wrigley</name>
                  <choice rend="align(right)">
                     <abbr>D</abbr>
                     <expan>Debtor</expan>
                  </choice><lb/></cell>
               <cell/>
               <cell/>
               <cell/>
               <cell/>
            </row>
            <row>
               <cell/>
               <cell>To paying Wm G. Sweet</cell>
               <cell><measure ana="#bk_money #bk_to" quantity="27" unit="dollars">27</measure></cell>
               <cell><measure ana="#bk_money #bk_to" quantity="87" unit="cents">87</measure></cell>
               <cell/>
               <cell/>
            </row>
            <row>
               <cell/>
               <cell>" " R.W. Hodgy</cell>
               <cell/>
               <cell><measure ana="#bk_money #bk_to" quantity="75" unit="cents">75</measure></cell>
               <cell/>
               <cell/>
            </row>
            <row>
               <cell/>
               <cell>" " Mason Yozerman</cell>
               <cell><measure ana="#bk_money #bk_to" quantity="11" unit="dollars">11</measure></cell>
               <cell><measure ana="#bk_money #bk_to" quantity="50" unit="cents">50</measure></cell>
               <cell><measure ana="#bk_money #bk_to" quantity="40" unit="dollars">40</measure></cell>
               <cell><measure ana="#bk_money #bk_to" quantity="12" unit="cents">12</measure></cell>
            </row>
            <row>
               <cell>536</cell>
               <cell><name ana="#bk_to" type="person" ref="v">R.W. Hodgy over  ?? Wrigly</name>
                  <choice rend="align(right)">
                     <abbr>Cr</abbr>
                     <expan>Credit</expan>
                  </choice><lb/></cell>
               <cell/>
               <cell><measure ana="#bk_money #bk_to" quantity="75" unit="cents">75</measure></cell>
               <cell/>
               <cell/>
            </row>
            <row>
               <cell>355</cell>
               <cell><name ana="#bk_to" type="person" ref="pers_WCDH650">Wheaton Wheeler</name>
                  <choice rend="align(right)">
                     <abbr>D</abbr>
                     <expan>Debtor</expan>
                  </choice><lb/></cell>
               <cell/>
               <cell/>
               <cell/>
               <cell/>
            </row>
            <row>
               <cell/>
               <cell>To<measure quantity="4.5" unit="feet"> 4 ½ ft. hard wood
                     4.00</measure></cell>
               <cell/>
               <cell/>
               <cell/>
               <cell/>
            </row>
            <row>
               <cell/>
               <cell>"<measure quantity="4" unit="feet">4ft. 20.</measure>
               </cell>
               <cell><measure ana="#bk_money #bk_to" quantity="4" unit="dollars">4</measure></cell>
               <cell><measure ana="#bk_money #bk_to" quantity="25" unit="cents">25</measure></cell>
               <cell/>
               <cell/>
            </row>
            <row>
               <cell>534</cell>
               <cell><name ana="#bk_to" type="person" ref="pers_WCDH156">Stephen Bailey</name>
                  <choice rend="align(right)">
                     <abbr>D</abbr>
                     <expan>Debtor</expan>
                  </choice><lb/></cell>
               <cell/>
               <cell/>
               <cell/>
               <cell/>
            </row>
            <row>
               <cell/>
               <cell>To<measure quantity="7.75" unit="feet">two cards 7 ¼ ft.
                     hard wood 400</measure>
               </cell>
               <cell><measure ana="#bk_money #bk_to" quantity="11" unit="dollars">11</measure></cell>
               <cell><measure quantity="50" unit="cents">50</measure></cell>
               <cell/>
               <cell/>
            </row>
            <row>
               <cell>76</cell>
               <cell><date ana="#bk_when" when="1849-01-31">31</date></cell>
               <cell/>
               <cell/>
               <cell/>
               <cell/>
            </row>
            <row>
               <cell/>
               <cell><name ana="#bk_to" type="person" ref="pers_WCDH478">? O. Mefsinger</name>
                  <choice rend="align(right)">
                     <abbr>D</abbr>
                     <expan>Debtor</expan>
                  </choice><lb/></cell>
               <cell/>
               <cell/>
               <cell/>
               <cell/>
            </row>
            <row>
               <cell/>
               <cell>To chk. on Attleboro. bank</cell>
               <cell><measure ana="#bk_money #bk_to" quantity="50" unit="dollars">50</measure></cell>
               <cell><measure ana="#bk_money #bk_to" quantity="0" unit="cents">00</measure></cell>
               <cell/>
               <cell/>
            </row>
            <row>
               <cell/>
               <cell/>
               <cell/>
               <cell/>
               <cell/>
               <cell/>
            </row>
            <row>
               <cell>355</cell>
               <cell><name ana="#bk_to" type="person" ref="pers_WCDH650">Wheaton Wheeler</name>
                  <choice rend="align(right)">
                     <abbr>D</abbr>
                     <expan>Debtor</expan>
                  </choice><lb/></cell>
               <cell/>
               <cell/>
               <cell/>
               <cell/>
            </row>
            <row>
               <cell/>
               <cell>To<measure quantity="0.5" unit="bushels">½ Buss. Rye meal
                     6/</measure>
               </cell>
               <cell/>
               <cell><measure ana="#bk_money #bk_to" quantity="50" unit="cents">50</measure></cell>
               <cell/>
               <cell/>
            </row>
            <row>
               <cell>settled</cell>
               <cell><date ana="#bk_when" when="1849-05-02">May. 2</date></cell>
               <cell/>
               <cell/>
               <cell/>
               <cell/>
            </row>
            <row>
               <cell/>
               <cell><name ana="#bk_to" type="person" ref="pers_WCDH032">Westley Brows</name>
                  <choice rend="align(right)">
                     <abbr>D</abbr>
                     <expan>Debtor</expan>
                  </choice><lb/></cell>
               <cell/>
               <cell/>
               <cell/>
               <cell/>
            </row>
            <row>
               <cell/>
               <cell>To <name type="account" ref="LMWcash">cash</name> 6/7</cell>
               <cell><measure ana="#bk_money #bk_to" quantity="1" unit="dollars">1</measure></cell>
               <cell><measure ana="#bk_money #bk_to" quantity="0" unit="cents">00</measure></cell>
               <cell/>
               <cell/>
            </row>
            <row>
               <cell/>
               <cell/>
               <cell/>
               <cell/>
               <cell/>
               <cell/>
            </row>
            <row>
               <cell>534</cell>
               <cell><name ana="#bk_to" type="person" ref="pers_WCDH156">Stephen Bailey</name>
                  <choice rend="align(right)">
                     <abbr>D</abbr>
                     <expan>Debtor</expan>
                  </choice><lb/></cell>
               <cell/>
               <cell/>
               <cell/>
               <cell/>
            </row>
            <row>
               <cell/>
               <cell>To<measure quantity="1" unit="bushels">1 Bushel potatoes
                     4/</measure>
               </cell>
               <cell/>
               <cell><measure ana="#bk_money #bk_to" quantity="33" unit="cents">33</measure></cell>
               <cell/>
               <cell/>
            </row>
            <row>
               <cell/>
               <cell/>
               <cell/>
               <cell/>
               <cell/>
               <cell/>
            </row>
            <row>
               <cell>Settled</cell>
               <cell><name ana="#bk_to" type="person" ref="v">Sam Athahm??</name>
                  <choice rend="align(right)">
                     <abbr>D</abbr>
                     <expan>Debtor</expan>
                  </choice><lb/></cell>
               <cell/>
               <cell/>
               <cell/>
               <cell/>
            </row>
            <row>
               <cell/>
               <cell>To paying his ?? bill attorney</cell>
               <cell><measure ana="#bk_money #bk_to" quantity="2" unit="dollars">2</measure></cell>
               <cell><measure ana="#bk_money #bk_to" quantity="22" unit="cents">22</measure></cell>
               <cell/>
               <cell/>
            </row>
            <row>
               <cell>355</cell>
               <cell><date ana="#bk_when" when="1849-02-10">10</date></cell>
               <cell/>
               <cell/>
               <cell/>
               <cell/>
            </row>
            <row>
               <cell/>
               <cell><name ana="#bk_to" type="person" ref="pers_WCDH650">Wheaton Wheeler</name>
                  <choice rend="align(right)">
                     <abbr>Dr</abbr>
                     <expan>Debtor</expan>
                  </choice><lb/></cell>
               <cell/>
               <cell/>
               <cell/>
               <cell/>
            </row>
            <row>
               <cell/>
               <cell>To <name type="account" ref="LMWcash">cash</name><measure ana="#bk_money #bk_to" quantity="10" unit="dollars">ten dollars</measure></cell>
               <cell><measure ana="#bk_money #bk_to" quantity="10" unit="dollars">10</measure></cell>
               <cell><measure ana="#bk_money #bk_to" quantity="0" unit="cents">00</measure></cell>
               <cell/>
               <cell/>
            </row>
            <row>
               <cell/>
               <cell>"<measure quantity="0.5" unit="bushels">½ buss
                     potatoes</measure>
               </cell>
               <cell/>
               <cell><measure ana="#bk_money #bk_to" quantity="30" unit="cents">30</measure></cell>
               <cell/>
               <cell/>
            </row>
            <row>
               <cell>Settled</cell>
               <cell><name ana="#bk_to" type="person" ref="pers_WCDH373">Linus Howard</name>
                  <choice rend="align(right)">
                     <abbr>D</abbr>
                     <expan>Debtor</expan>
                  </choice><lb/></cell>
               <cell/>
               <cell/>
               <cell/>
               <cell/>
            </row>
            <row>
               <cell/>
               <cell>To<measure quantity="5" unit="feet">5 ft. hard wood
                     425</measure>
               </cell>
               <cell><measure ana="#bk_money #bk_to" quantity="2" unit="dollars">2</measure></cell>
               <cell><measure ana="#bk_money #bk_to" quantity="65" unit="cents">65</measure></cell>
               <cell/>
               <cell/>
            </row>
            <row>
               <cell/>
               <cell><date ana="#bk_when" when="1849-03-04">March 4</date></cell>
               <cell/>
               <cell/>
               <cell/>
               <cell/>
            </row>
            <row>
               <cell>Settled</cell>
               <cell><name ana="#bk_to" type="person" ref="pers_WCDH032">S. A. Chapin</name>
                  <choice rend="align(right)">
                     <abbr>D</abbr>
                     <expan>Debtor</expan>
                  </choice><lb/></cell>
               <cell/>
               <cell/>
               <cell/>
               <cell/>
            </row>
            <row>
               <cell/>
               <cell>To<measure quantity="66.5" unit="quartz"> 66 ½ qts milk
                     4</measure></cell>
               <cell><measure ana="#bk_money #bk_to" quantity="2" unit="dollars">2</measure></cell>
               <cell><measure ana="#bk_money #bk_to" quantity="66" unit="cents">66</measure></cell>
               <cell/>
               <cell/>
            </row>
            <row>
               <cell>530</cell>
               <cell><date ana="#bk_when" when="1849-02-26">26</date></cell>
               <cell/>
               <cell/>
               <cell/>
               <cell/>
            </row>
            <row>
               <cell/>
               <cell><name ana="#bk_to" type="person" ref="pers_WCDH474">Walter Mc.Saughton</name>
                  <choice rend="align(right)">
                     <abbr>Dr</abbr>
                     <expan>Debtor</expan>
                  </choice><lb/></cell>
               <cell/>
               <cell/>
               <cell/>
               <cell/>
            </row>
            <row>
               <cell/>
               <cell>To <name type="account" ref="LMWcash">cash</name><measure ana="#bk_money #bk_to"
                     quantity="30" unit="dollars">thirty dollars</measure></cell>
               <cell><measure ana="#bk_money #bk_to" quantity="30" unit="dollars">30</measure></cell>
               <cell><measure ana="#bk_money #bk_to" quantity="0" unit="cents">00</measure></cell>
               <cell/>
               <cell/>
            </row>
            <row>
               <cell>536</cell>
               <cell><name ana="#bk_to" type="person" ref="pers_WCDH703">Wm. The Wrigley</name>
                  <choice rend="align(right)">
                     <abbr>D</abbr>
                     <expan>Debtor</expan>
                  </choice><lb/></cell>
               <cell/>
               <cell/>
               <cell/>
               <cell/>
            </row>
            <row>
               <cell/>
               <cell>To paying Henry Hunters horder</cell>
               <cell><measure ana="#bk_money #bk_to" quantity="26" unit="dollars">26</measure></cell>
               <cell><measure ana="#bk_money #bk_to" quantity="10" unit="cents">10</measure></cell>
               <cell/>
               <cell/>
            </row>
            <row>
               <cell>settled</cell>
               <cell><name ana="#bk_to" type="person" ref="pers_WCDH032">Samuel A. Chapin</name>
                  <choice rend="align(right)">
                     <abbr>D</abbr>
                     <expan>Debtor</expan>
                  </choice><lb/></cell>
               <cell/>
               <cell/>
               <cell/>
               <cell/>
            </row>
            <row>
               <cell/>
               <cell>To<measure quantity="1" unit="bushels">1 buss. snow
                     potatoes</measure>
               </cell>
               <cell><measure ana="#bk_money #bk_to" quantity="1" unit="dollars">1</measure></cell>
               <cell><measure ana="#bk_money #bk_to" quantity="0" unit="cents">00</measure></cell>
               <cell/>
               <cell/>
            </row>
            <row>
               <cell>settled</cell>
               <cell><date ana="#bk_when" when="1849-03-03">March 3</date></cell>
               <cell/>
               <cell/>
               <cell/>
               <cell/>
            </row>
            <row>
               <cell/>
               <cell><name ana="#bk_to" type="person" ref="pers_WCDH032">Westley Brown</name>
                  <choice rend="align(right)">
                     <abbr>D</abbr>
                     <expan>Debtor</expan>
                  </choice><lb/></cell>
               <cell/>
               <cell/>
               <cell/>
               <cell/>
            </row>
            <row>
               <cell/>
               <cell>To<date ana="#bk_when" when="1849-03-18">march 18/</date>
               </cell>
               <cell><measure ana="#bk_money #bk_to" quantity="3" unit="dollars">3</measure></cell>
               <cell><measure ana="#bk_money #bk_to" quantity="0" unit="cents">00</measure></cell>
               <cell/>
               <cell/>
            </row>
            <row>
               <cell/>
               <cell><measure quantity="0.5" unit="bushels">½ buss. rye</measure>
                  <date ana="#bk_when" when="1849-07-20">july 20th 6</date></cell>
               <cell/>
               <cell><measure ana="#bk_money #bk_to" quantity="50" unit="cents">50</measure></cell>
               <cell/>
               <cell/>
            </row>
         </table>
      </body>
   </text>
</TEI>