<?xml version="1.0" encoding="UTF-8"?>
<?oxygen RNGSchema="http://www.tei-c.org/release/xml/tei/custom/schema/relaxng/tei_all.rng" type="xml"?>
<TEI xmlns="http://www.tei-c.org/ns/1.0">
   <teiHeader>
      <fileDesc>
         <titleStmt>
            <title>LMW Day Book, pp. 100-139</title>
            <author>L.M. Wheaton</author>
         </titleStmt>
         <publicationStmt>
            <p>Transcribed by Sahilia Ramirez Summer 2016, Wheaton College</p>
         </publicationStmt>
         <sourceDesc>
            <biblFull>
               <titleStmt>
                  <title>Account Books, pp.100-139</title>
                  <author>L.M. Wheaton</author>
                  <respStmt>
                     <resp> TEI-compatible XML markup by <name type="person">Sahilia Ramirez</name>
                        with corrections by <name type="person">Name</name>, <name
                           type="person">Name</name>, and <name type="person">Name</name>.</resp>
                     <name type="person">Name</name>
                  </respStmt>
               </titleStmt>
               <publicationStmt>
                  <p>Transcribed by Sahilia Ramirez Summer 2016, Wheaton College</p>
               </publicationStmt>
               <sourceDesc>
                  <p> From the Marion B. Gebbie Archives and Special Collections at the Madeleine
                     Clark Wallace Library, Wheaton College </p>
               </sourceDesc>
            </biblFull>
         </sourceDesc>
      </fileDesc>
   </teiHeader>
   <text>
      <body>
         <pb n="134"/>
         <fw type="pageNum">134</fw>
         <table>
            <head>Wednesday <date ana="#bk_when" when="1835-06-10">text</date></head>
            <row ana="#bk_entry">
<cell ana="#bk_status" corresp="#Settled">Settled</cell>
               <cell>
                  <name ana="#bk_to" type="person" ref="?">Reverend Slyvester Holmes</name>
                  <choice rend="align(right)">
                     <abbr>DR</abbr>
                     <expan>Debtor</expan>
                  </choice><lb/>
               </cell>
               <cell/>
               <cell/>
               <cell/>
               <cell/>
            </row>
            <row>
               <cell/>
               <cell>To Smith's New Grammer</cell>
               <cell></cell>
               <cell><measure ana="#bk_money #bk_to" quantity="38" unit="dollars">38</measure></cell>
               <cell/>
               <cell/>
            </row>
            <row ana="#bk_entry">
<cell ana="#bk_status" corresp="#394">394</cell>
               <cell> <name ana="#bk_to" type="person" ref="?">Daniel D. Sweet</name>
                  <choice rend="align(right)">
                     <abbr>DR</abbr>
                     <expan>Debtor</expan>
                  </choice><lb/></cell>
               <cell></cell>
               <cell/>
               <cell></cell>
               <cell></cell>
            </row>
            <row>
               <cell/>
               <cell>To 12 lights 10 <!--?--> 15 glass 13x</cell>
               <cell><measure ana="#bk_money #bk_to" quantity="1" unit="dollars">1</measure></cell>
               <cell><measure ana="#bk_money #bk_to" quantity="56" unit="dollars">56</measure></cell>
               <cell/>
               <cell/>
            </row>
            <row ana="#bk_entry">
<cell ana="#bk_status" corresp="#344">344</cell>
               <cell><name ana="#bk_to" type="person" ref="pers_WCDH221">Thomas Carpenter</name>
                  <choice rend="align(right)">
                     <abbr>DR</abbr>
                     <expan>Debtor</expan>
                  </choice><lb/></cell>
               <cell/>
               <cell/>
               <cell/>
               <cell/>
            </row>
            <row>
               <cell/>
               <cell>To <name type="account" ref="LMWcash">cash</name> lent to pay for cloathes <measure ana="#bk_money #bk_to" quantity="20" unit="dollars">$20.00</measure></cell>
               <cell><measure ana="#bk_money #bk_to" quantity="20" unit="dollars">20</measure></cell>
               <cell>0</cell>
               <cell/>
               <cell/>
            </row>
            <span type="subheading"><date ana="#bk_when" when="1835-06-20">20</date></span>
            <row ana="#bk_entry">
<cell ana="#bk_status" corresp="#397">397</cell>
               <cell> <name ana="#bk_to" type="person" ref="pers_WCDH599">Richard T. Sweet</name>
                  <choice rend="align(right)">
                     <abbr>DR</abbr>
                     <expan>Debtor</expan>
                  </choice><lb/></cell>
               <cell/>
               <cell/>
               <cell/>
               <cell/>
            </row>
            <row>
               <cell/>
               <cell>To <!--?--> your cow <!--?--> 1832</cell>
               <cell></cell>
               <cell></cell>
               <cell/>
               <cell/>
            </row>
            <row>
               <cell/>
               <cell>38 potatoes <!--?--> milk some <!--?--></cell>
               <cell><measure ana="#bk_money #bk_to" quantity="2" unit="dollars">2</measure></cell>
               <cell><measure ana="#bk_money #bk_to" quantity="28" unit="dollars">28</measure></cell>
               <cell/>
               <cell/>
            </row>
            <row>
               <cell></cell>
               <cell>To <measure quantity="10" unit="lbs">10 lbs. lard</measure> at 10x</cell>
               <cell><measure ana="#bk_money #bk_to" quantity="1" unit="dollars">1</measure></cell>
               <cell>0</cell>
               <cell/>
               <cell/>
            </row>
            <span type="subheading"><date ana="#bk_when" when="1835-06-22">22</date></span>
            <row ana="#bk_entry">
<cell ana="#bk_status" corresp="#Bill">Bill</cell>
               <cell> <name ana="#bk_to" type="person" ref="?">David Brigham</name>
                  <choice rend="align(right)">
                     <abbr>DR</abbr>
                     <expan>Debtor</expan>
                  </choice><lb/></cell>
               <cell/>
               <cell/>
               <cell/>
               <cell/>
            </row>
            <row>
               <cell></cell>
               <cell>To <name type="account" ref="LMWcash">cash</name> paid daughter 6/</cell>
               <cell><measure ana="#bk_money #bk_to" quantity="1" unit="dollars">1</measure></cell>
               <cell>0</cell>
               <cell/>
               <cell/>
            </row>
            <row ana="#bk_entry">
<cell ana="#bk_status" corresp="#Paid">Paid</cell>
               <cell> <name ana="#bk_to" type="person" ref="?"><!--?--></name>
                  <choice rend="align(right)">
                     <abbr>DR</abbr>
                     <expan>Debtor</expan>
                  </choice><lb/></cell>
               <cell></cell>
               <cell></cell>
               <cell/>
               <cell/>
            </row>
            <row>
               <cell/>
               <cell>To paying for <!--?--></cell>
               <cell><measure ana="#bk_money #bk_to" quantity="1" unit="dollars">1</measure></cell>
               <cell>0</cell>
               <cell/>
               <cell/>
            </row>
            <row ana="#bk_entry">
<cell ana="#bk_status" corresp="#403">403</cell>
               <cell> <name ana="#bk_to" type="person" ref="pers_WCDH498">Henry M. Paine</name>
                  <choice rend="align(right)">
                     <abbr>DR</abbr>
                     <expan>Debtor</expan>
                  </choice><lb/></cell>
               <cell/>
               <cell/>
               <cell/>
               <cell/>
            </row>
            <row>
               <cell/>
               <cell>To <measure quantity="1" unit="peek">1 peek potatoes</measure>paid</cell>
               <cell/>
               <cell><measure ana="#bk_money #bk_to" quantity="13" unit="dollars">13</measure></cell>
               <cell/>
               <cell/>
            </row>
            <row ana="#bk_entry">
<cell ana="#bk_status" corresp="#Bill">Bill</cell>
               <cell> <name ana="#bk_to" type="person" ref="?">Paul West</name>
                  <choice rend="align(right)">
                     <abbr>DR</abbr>
                     <expan>Debtor</expan>
                  </choice><lb/></cell>
               <cell/>
               <cell></cell>
               <cell/>
               <cell></cell>
            </row>
            <row>
               <cell/>
               <cell>To <measure ana="#bk_commodity #bk_from" commodity="letter">letter for daughter paid</measure></cell>
               <cell/>
               <cell><measure ana="#bk_money #bk_to" quantity="13" unit="dollars">13</measure></cell>
               <cell/>
               <cell/>
            </row>
         </table>
            <pb n="134"/>
            <fw type="pageNum">134</fw>
            <table>
               <head><date ana="#bk_when" when="1835-07-11">text</date></head>
            <row ana="#bk_entry">
<cell ana="#bk_status" corresp="#344">344</cell>
               <cell><name ana="#bk_to" type="person" ref="pers_WCDH221">Thomas Carpenter</name>
                  <choice rend="align(right)">
                     <abbr>DR</abbr>
                     <expan>Debtor</expan>
                  </choice><lb/></cell>
               <cell/>
               <cell/>
               <cell/>
               <cell/>
            </row>
            <row>
               <cell/>
               <cell>To <name type="account" ref="LMWcash">cash</name> <measure ana="#bk_money #bk_to" quantity="0" unit="dollars">eight dollars</measure></cell>
               <cell><measure ana="#bk_money #bk_to" quantity="8" unit="dollars">8</measure></cell>
               <cell>0</cell>
               <cell/>
               <cell/>
            </row>
            <span type="subheading"><date ana="#bk_when" when="1835-07-13">13</date></span>
            <row ana="#bk_entry">
<cell ana="#bk_status" corresp="#76">76</cell>
               <cell><name ana="#bk_to" type="person" ref="pers_WCDH475">James B. Messenger</name>
                  <choice rend="align(right)">
                     <abbr>DR</abbr>
                     <expan>Debtor</expan>
                  </choice><lb/></cell>
               <cell/>
               <cell/>
               <cell/>
               <cell/>
            </row>
            <row>
               <cell/>
               <cell>To <measure commodity="kitchen paper" quantity="2" unit="count">two rolls of kitchen paper</measure></cell>
               <cell></cell>
               <cell></cell>
               <cell/>
               <cell/>
            </row>
            <row ana="#bk_entry">
<cell ana="#bk_status" corresp="#402">402</cell>
               <cell><name ana="#bk_to" type="person" ref="pers_WCDH397">Elijah H. King</name>
                  <choice rend="align(right)">
                     <abbr>DR</abbr>
                     <expan>Debtor</expan>
                  </choice><lb/></cell>
               <cell/>
               <cell/>
               <cell/>
               <cell/>
            </row>
            <row>
               <cell></cell>
               <cell>To use of the Morey Lot this year payment</cell>
               <cell><measure ana="#bk_money #bk_to" quantity="28" unit="dollars">28</measure></cell>
               <cell>0</cell>
               <cell/>
               <cell/>
            </row>
            <row ana="#bk_entry">
<cell ana="#bk_status" corresp="#Settled">Settled</cell>
               <cell><name ana="#bk_to" type="person" ref="pers_WCDH201">Simeon Briggs</name>
                  <choice rend="align(right)">
                     <abbr>DR</abbr>
                     <expan>Debtor</expan>
                  </choice><lb/></cell>
               <cell/>
               <cell></cell>
               <cell/>
               <cell/>
            </row>
            <row>
               <cell/>
               <cell>To <measure quantity="1" unit="peek">1 peek potatoes</measure></cell><cell/>
               <cell></cell> 
               <cell/>
               <cell/>
            </row>
            <row ana="#bk_entry">
<cell ana="#bk_status" corresp="#Settled">Settled</cell>
               <cell><name ana="#bk_to" type="person" ref="pers_WCDH579">Amos Starkey</name>
                  <choice rend="align(right)">
                     <abbr>DR</abbr>
                     <expan>Debtor</expan>
                  </choice><lb/></cell>
               <cell/>
               <cell/>
               <cell/>
               <cell/>
            </row>
            <row>
               <cell></cell>
               <cell>To <name type="account" ref="LMWcash">cash</name> as for received <measure ana="#bk_money #bk_to" quantity="50" unit="dollars">fifty dollars</measure></cell>
               <cell><measure ana="#bk_money #bk_to" quantity="50" unit="dollars">50</measure></cell>
               <cell>0</cell>
               <cell/>
               <cell/>
            </row>
            <span type="subheading"><date ana="#bk_when" when="1835-07-15">15</date></span>
            <row>
               <cell><!--?--></cell>
               <cell><name ana="#bk_to" type="person" ref="pers_WCDH180">Otis Blandin</name>
                  <choice rend="align(right)">
                     <abbr>DR</abbr>
                     <expan>Debtor</expan>
                  </choice><lb/></cell>
               <cell/>
               <cell/>
               <cell/>
               <cell/>
            </row>
            <row>
               <cell></cell>
               <cell>To <measure quantity="3" unit="lbs">3 lbs. Butter</measure>1/</cell>
               <cell/>
               <cell><measure ana="#bk_money #bk_to" quantity="50" unit="dollars">50</measure></cell>
               <cell/>
               <cell/>
            </row>
            <row ana="#bk_entry">
<cell ana="#bk_status" corresp="#403">403</cell>
               <cell><name ana="#bk_to" type="person" ref="pers_WCDH498">Henry M. Paine</name>
                  <choice rend="align(right)">
                     <abbr>DR</abbr>
                     <expan>Debtor</expan>
                  </choice><lb/></cell>
               <cell></cell>
               <cell></cell>
               <cell/>
               <cell/>
            </row>
            <row>
               <cell/>
               <cell>To <measure quantity="1" unit="peek">1 peek potatoes</measure>paid</cell>
               <cell></cell>
               <cell></cell>
               <cell></cell>
               <cell></cell>
            </row>
            <row>
               <cell/>
               <cell> <measure ana="#bk_commodity #bk_from" commodity="chips">Chips</measure>6/</cell>
               <cell></cell>
               <cell></cell>
               <cell/>
               <cell/>
            </row>
            <row>
               <cell/>
               <cell> <measure quantity="6" unit="lbs">6 lbs. Butter</measure>1/</cell>
               <cell><measure ana="#bk_money #bk_to" quantity="2" unit="dollars">2</measure></cell>
               <cell><measure ana="#bk_money #bk_to" quantity="13" unit="dollars">13</measure></cell>
               <cell/>
               <cell/>
            </row>
            <row ana="#bk_entry">
<cell ana="#bk_status" corresp="#400">400</cell>
               <cell><name ana="#bk_to" type="person" ref="pers_WCDH225">Betsey A. Chase</name>
                  <choice rend="align(right)">
                     <abbr>DR</abbr>
                     <expan>Debtor</expan>
                  </choice><lb/></cell>
               <cell/>
               <cell/>
               <cell/>
               <cell/>
            </row>
            <row>
               <cell/>
               <cell> To <measure quantity="5" unit="yards">5 yards Sheeting</measure> 14x</cell>
               <cell></cell>
               <cell></cell>
               <cell/>
               <cell/>
            </row>
            <row>
               <cell/>
               <cell>1 <!--?--> thread 6</cell>
               <cell/>
               <cell><measure ana="#bk_money #bk_to" quantity="76" unit="dollars">76</measure></cell>
               <cell/>
               <cell/>
            </row>
            <row ana="#bk_entry">
<cell ana="#bk_status" corresp="#344">344</cell>
               <cell><name ana="#bk_to" type="person" ref="pers_WCDH221">Thomas Carpenter</name>
                  <choice rend="align(right)">
                     <abbr>DR</abbr>
                     <expan>Debtor</expan>
                  </choice><lb/></cell>
               <cell/>
               <cell/>
               <cell/>
               <cell/>
            </row>
            <row>
               <cell/>
               <cell>To <name type="account" ref="LMWcash">cash</name> <measure ana="#bk_money #bk_to" quantity="3" unit="dollars">three dollars</measure></cell>
               <cell><measure ana="#bk_money #bk_to" quantity="3" unit="dollars">3</measure></cell>
               <cell>0</cell>
               <cell/>
               <cell/>
            </row>
            <span type="subheading"><date ana="#bk_when" when="1835-07-28">28</date></span>
            <row ana="#bk_entry">
<cell ana="#bk_status" corresp="#Settled">Settled</cell>
               <cell> <name ana="#bk_to" type="person" ref="?">Reverend Slyvester Holmes</name>
                  <choice rend="align(right)">
                     <abbr>DR</abbr>
                     <expan>Debtor</expan>
                  </choice><lb/></cell>
               <cell/>
               <cell/>
               <cell/>
               <cell/>
            </row>
            <row>
               <cell/>
               <cell>To <name type="account" ref="LMWcash">cash</name>paid for daughters tuition <measure ana="#bk_money #bk_to" quantity="5" unit="dollars">$5. 00</measure></cell>
               <cell><measure ana="#bk_money #bk_to" quantity="5" unit="dollars">5</measure></cell>
               <cell>0</cell>
               <cell/>
               <cell/>
            </row>
            <span type="subheading"><date ana="#bk_when" when="1835-07-30">30</date></span>
            <row ana="#bk_entry">
<cell ana="#bk_status" corresp="#344">344</cell>
               <cell> <name ana="#bk_to" type="person" ref="pers_WCDH221">Thomas Carpenter</name>
                  <choice rend="align(right)">
                     <abbr>DR</abbr>
                     <expan>Debtor</expan>
                  </choice><lb/></cell>
               <cell/>
               <cell/>
               <cell/>
               <cell/>
            </row>
            <row>
               <cell/>
               <cell>To <name type="account" ref="LMWcash">cash</name> at <!--?--> 12/</cell>
               <cell><measure ana="#bk_money #bk_to" quantity="2" unit="dollars">2</measure></cell>
               <cell>0</cell>
               <cell/>
               <cell/>
            </row>
            <row ana="#bk_entry">
<cell ana="#bk_status" corresp="#400">400</cell>
               <cell> <name ana="#bk_to" type="person" ref="pers_WCDH225">Betsey A Chase</name>
                  <choice rend="align(right)">
                     <abbr>DR</abbr>
                     <expan>Debtor</expan>
                  </choice><lb/></cell>
               <cell/>
               <cell></cell>
               <cell/>
               <cell></cell>
            </row>
            <row>
               <cell/>
               <cell>To <name type="account" ref="LMWcash">cash</name> to pay Knowles 1/</cell>
               <cell/>
               <cell><measure ana="#bk_money #bk_to" quantity="17" unit="dollars">17</measure></cell>
               <cell/>
               <cell/>
            </row>
         </table>
         <pb n="135"/>
         <fw type="pageNum">135</fw>
         <table>
            <head>Monday<date ana="#bk_when" when="1835-08-03">text</date></head>
            <row ana="#bk_entry">
<cell ana="#bk_status" corresp="#Paid">Paid</cell>
               <cell>
                  <name ana="#bk_to" type="person" ref="?">Miss Graves</name>
                  <choice rend="align(right)">
                     <abbr>DR</abbr>
                     <expan>Debtor</expan>
                  </choice><lb/>
               </cell>
               <cell/>
               <cell/>
               <cell/>
               <cell/>
            </row>
            <row>
               <cell/>
               <cell>To <name type="account" ref="LMWcash">cash</name> paid stage Driver 12/</cell>
               <cell><measure ana="#bk_money #bk_to" quantity="2" unit="dollars">2</measure></cell>
               <cell>0</cell>
               <cell/>
               <cell/>
            </row>
            <row ana="#bk_entry">
<cell ana="#bk_status" corresp="#344">344</cell>
               <cell> <name ana="#bk_to" type="person" ref="pers_WCDH221">Thomas Carpenter</name>
                  <choice rend="align(right)">
                     <abbr>DR</abbr>
                     <expan>Debtor</expan>
                  </choice><lb/></cell>
               <cell></cell>
               <cell/>
               <cell></cell>
               <cell></cell>
            </row>
            <row>
               <cell/>
               <cell>To <measure quantity="3.5" unit="lbs">3 1/2 lbs. veal</measure>some time since</cell>
               <cell/>
               <cell><measure ana="#bk_money #bk_to" quantity="21" unit="dollars">21</measure></cell>
               <cell/>
               <cell/>
            </row>
            <row ana="#bk_entry">
<cell ana="#bk_status" corresp="#105">105</cell>
               <cell> <name ana="#bk_to" type="person" ref="pers_WCDH217">Daniel Carpenter</name>
                  <choice rend="align(right)">
                     <abbr>DR</abbr>
                     <expan>Debtor</expan>
                  </choice><lb/></cell>
               <cell/>
               <cell/>
               <cell/>
               <cell/>
            </row>
            <row>
               <cell/>
               <cell>To <measure quantity="8.75" unit="lbs">veal 8 3/4 lbs.</measure></cell>
               <cell></cell>
               <cell><measure ana="#bk_money #bk_to" quantity="53" unit="dollars">53</measure></cell>
               <cell/>
               <cell/>
            </row>
            <row ana="#bk_entry">
<cell ana="#bk_status" corresp="#135">135</cell>
               <cell> <name ana="#bk_to" type="person" ref="pers_WCDH397">Elijah H. King</name>
                  <choice rend="align(right)">
                     <abbr>DR</abbr>
                     <expan>Debtor</expan>
                  </choice><lb/></cell>
               <cell/>
               <cell/>
               <cell/>
               <cell/>
            </row>
            <row>
               <cell></cell>
               <cell>To <measure quantity="26.5" unit="lbs">26 1/2 lbs. veal</measure>64</cell>
               <cell><measure ana="#bk_money #bk_to" quantity="1" unit="dollars">1</measure></cell>
               <cell><measure ana="#bk_money #bk_to" quantity="59" unit="dollars">59</measure></cell>
               <cell/>
               <cell/>
            </row>
            <span type="subheading"><date ana="#bk_when" when="1835-04-01">April 1st</date></span>
            <row>
               <cell/>
               <cell/>
               <cell><measure ana="#bk_money #bk_to" quantity="33" unit="dollars">33</measure></cell>
               <cell><measure ana="#bk_money #bk_to" quantity="94" unit="dollars">94</measure></cell>
               <cell><measure ana="#bk_money #bk_to" quantity="0.5" unit="dollars">$35</measure></cell>
               <cell><measure ana="#bk_money #bk_to" quantity="53" unit="dollars">53</measure></cell>
            </row>
            <row ana="#bk_entry">
<cell ana="#bk_status" corresp="#Settled">Settled</cell>
               <cell> <name ana="#bk_to" type="person" ref="pers_WCDH201">Simeon Briggs</name>
                  <choice rend="align(right)">
                     <abbr>DR</abbr>
                     <expan>Debtor</expan>
                  </choice><lb/></cell>
               <cell/>
               <cell/>
               <cell/>
               <cell/>
            </row>
            <row>
               <cell/>
               <cell>To <measure quantity="5" unit="lbs">5 lbs. Veal</measure></cell>
               <cell></cell>
               <cell><measure ana="#bk_money #bk_to" quantity="30" unit="dollars">30</measure></cell>
               <cell/>
               <cell/>
            </row>
            <row ana="#bk_entry">
<cell ana="#bk_status" corresp="#365">365</cell>
               <cell> <name ana="#bk_to" type="person" ref="pers_WCDH699">Samuel Wrigley</name>
                  <choice rend="align(right)">
                     <abbr>DR</abbr>
                     <expan>Debtor</expan>
                  </choice><lb/></cell>
               <cell/>
               <cell/>
               <cell/>
               <cell/>
            </row>
            <row>
               <cell></cell>
               <cell>To <name type="account" ref="LMWcash">cash</name> paid by Carpenter 18/</cell>
               <cell><measure ana="#bk_money #bk_to" quantity="3" unit="dollars">3</measure></cell>
               <cell>0</cell>
               <cell/>
               <cell/>
            </row>
            <row ana="#bk_entry">
<cell ana="#bk_status" corresp="#56">56</cell>
               <cell> <name ana="#bk_to" type="person" ref="pers_WCDH504">Adin Pattin</name>
                  <choice rend="align(right)">
                     <abbr>DR</abbr>
                     <expan>Debtor</expan>
                  </choice><lb/></cell>
               <cell></cell>
               <cell></cell>
               <cell/>
               <cell/>
            </row>
            <row>
               <cell/>
               <cell>By <measure quantity="0.5" unit="day">part of a day cradling Rye x . .</measure></cell>
               <cell/>
               <cell/>
               <cell/>
               <cell/>
            </row>
            <span type="subheading"><date ana="#bk_when" when="1835-08-10">10</date></span>
            <row ana="#bk_entry">
<cell ana="#bk_status" corresp="#Paid">Paid</cell>
               <cell> <name ana="#bk_to" type="person" ref="?"><!--?--></name>
                  <choice rend="align(right)">
                     <abbr>DR</abbr>
                     <expan>Debtor</expan>
                  </choice><lb/></cell>
               <cell/>
               <cell></cell>
               <cell/>
               <cell/>
            </row>
            <row>
               <cell/>
               <cell>To paying for A <!--?--> in Taunton paper</cell>
               <cell/>
               <cell></cell>
               <cell/>
               <cell></cell>
            </row>
            <row>
               <cell/>
               <cell><!--?--> Do. <measure ana="#bk_money #bk_to" quantity="1.25" unit="dollars">1. 25</measure></cell>
               <cell/>
               <cell/>
               <cell/>
               <cell/>
            </row>
            <row>
               <cell></cell>
               <cell><measure quantity="1" unit="count">Bible</measure>4/6 75</cell>
               <cell/>
               <cell/>
               <cell/>
               <cell/>
            </row>
            <row>
               <cell/>
               <cell><!--?--> on <!--?--> 45</cell>
               <cell/>
               <cell></cell>
               <cell/>
               <cell/>
            </row>
            <row ana="#bk_entry">
<cell ana="#bk_status" corresp="#344">344</cell>
               <cell> <name ana="#bk_to" type="person" ref="pers_WCDH221">Thomas Carpenter</name>
                  <choice rend="align(right)">
                     <abbr>DR</abbr>
                     <expan>Debtor</expan>
                  </choice><lb/></cell>
               <cell/>
               <cell/>
               <cell/>
               <cell/>
            </row>
            <row>
               <cell></cell>
               <cell>To <name type="account" ref="LMWcash">cash</name> 30/</cell>
               <cell><measure ana="#bk_money #bk_to" quantity="5" unit="dollars">5</measure></cell>
               <cell>0</cell>
               <cell/>
               <cell/>
            </row>
            <span type="subheading"><date ana="#bk_when" when="1835-08-12">12</date></span>
            <row ana="#bk_entry">
<cell ana="#bk_status" corresp="#360">360</cell>
               <cell> <name ana="#bk_to" type="person" ref="pers_WCDH657">George White</name>
                  <choice rend="align(right)">
                     <abbr>DR</abbr>
                     <expan>Debtor</expan>
                  </choice><lb/></cell>
               <cell/>
               <cell/>
               <cell/>
               <cell/>
            </row>
            <row>
               <cell></cell>
               <cell>To <measure commodity="pine boards" quantity="28" unit="feet">28 Feet Pine boards</measure></cell>
               <cell/>
               <cell><measure ana="#bk_money #bk_to" quantity="70" unit="dollars">70</measure></cell>
               <cell/>
               <cell/>
            </row>
            <span type="subheading"><date ana="#bk_when" when="1835-08-12">12</date></span>
            <row ana="#bk_entry">
<cell ana="#bk_status" corresp="#83">83</cell>
               <cell> <name ana="#bk_to" type="person" ref="pers_WCDH435">Stephen Leonard</name>
                  <choice rend="align(right)">
                     <abbr>DR</abbr>
                     <expan>Debtor</expan>
                  </choice><lb/></cell><cell/>
               <cell></cell>
               <cell/>
               <cell/>
            </row>
            <row>
               <cell/>
               <cell>To<name type="account" ref="LMWcash">cash</name> 60/</cell>
               <cell><measure ana="#bk_money #bk_to" quantity="10" unit="dollars">10</measure></cell>
               <cell>0</cell>
               <cell/>
               <cell/>
            </row>
            <span type="subheading"><date ana="#bk_when" when="1835-08-17">17</date></span>
            <row ana="#bk_entry">
<cell ana="#bk_status" corresp="#Settled">Settled</cell>
               <cell> <name ana="#bk_to" type="person" ref="pers_WCDH579">Amos Starkey</name>
                  <choice rend="align(right)">
                     <abbr>DR</abbr>
                     <expan>Debtor</expan>
                  </choice><lb/></cell>
               <cell></cell>
               <cell></cell>
               <cell/>
               <cell/>
            </row>
            <row>
               <cell/>
               <cell>To <measure ana="#bk_money #bk_to" quantity="10" unit="dollars">ten dollars</measure></cell>
               <cell><measure ana="#bk_money #bk_to" quantity="10" unit="dollars">10</measure></cell>
               <cell>0</cell>
               <cell/>
               <cell/>
            </row>
            <span type="subheading"><date ana="#bk_when" when="1835-08-19">19</date></span>
            <row ana="#bk_entry">
<cell ana="#bk_status" corresp="#506">506</cell>
               <cell> <name ana="#bk_to" type="person" ref="pers_WCDH484">Samuel Morey</name>
                  <choice rend="align(right)">
                     <abbr>DR</abbr>
                     <expan>Debtor</expan>
                  </choice><lb/></cell>
               <cell></cell>
               <cell></cell>
               <cell/>
               <cell/>
            </row>
            <row>
               <cell/>
               <cell>To <name type="account" ref="LMWcash">cash</name> lent <!--?--> 61/</cell>
               <cell><measure ana="#bk_money #bk_to" quantity="10" unit="dollars">10</measure></cell>
               <cell>0</cell>
               <cell></cell>
               <cell></cell>
            </row>
            <span type="subheading"><date ana="#bk_when" when="1835-08-25">25</date></span>
            <row ana="#bk_entry">
<cell ana="#bk_status" corresp="#394">394</cell>
               <cell> <name ana="#bk_to" type="person" ref="?">Daniel D. Sweet</name>
                  <choice rend="align(right)">
                     <abbr>DR</abbr>
                     <expan>Debtor</expan>
                  </choice><lb/></cell>
               <cell/>
               <cell/>
               <cell/>
               <cell/>
            </row>
            <row>
               <cell></cell>
               <cell>To paying <!--?--> for straw</cell>
               <cell><measure ana="#bk_money #bk_to" quantity="1" unit="dollars">1</measure></cell>
               <cell><measure ana="#bk_money #bk_to" quantity="88" unit="dollars">88</measure></cell>
               <cell/>
               <cell/>
            </row>
            <row>
               <cell/>
               <cell> <measure ana="#bk_commodity #bk_from" commodity="carting">Carting some</measure> x <measure ana="#bk_commodity #bk_from" commodity="filling roads">filling roads</measure>3/</cell>
               <cell></cell>
               <cell><measure ana="#bk_money #bk_to" quantity="50" unit="dollars">50</measure></cell>
               <cell><measure ana="#bk_money #bk_to" quantity="2" unit="dollars">2</measure></cell>
               <cell><measure ana="#bk_money #bk_to" quantity="38" unit="dollars">38</measure></cell>
            </row>
            <row ana="#bk_entry">
<cell ana="#bk_status" corresp="#400">400</cell>
               <cell> <name ana="#bk_to" type="person" ref="pers_WCDH225">Betsey A Chase</name>
                  <choice rend="align(right)">
                     <abbr>DR</abbr>
                     <expan>Debtor</expan>
                  </choice><lb/></cell>
               <cell/>
               <cell/>
               <cell/>
               <cell/>
            </row>
            <row>
               <cell></cell>
               <cell>To <name type="account" ref="LMWcash">cash</name> paid by wife for broadcloath 3/</cell>
               <cell/>
               <cell><measure ana="#bk_money #bk_to" quantity="50" unit="dollars">50</measure></cell>
               <cell/>
               <cell/>
            </row>
            <span type="subheading"><date ana="#bk_when" when="1835-08-26">26</date></span>
            <row ana="#bk_entry">
<cell ana="#bk_status" corresp="#344">344</cell>
               <cell> <name ana="#bk_to" type="person" ref="pers_WCDH221">Thomas Carpenter</name>
                  <choice rend="align(right)">
                     <abbr>DR</abbr>
                     <expan>Debtor</expan>
                  </choice><lb/></cell>
               <cell/>
               <cell/>
               <cell/>
               <cell/>
            </row>
            <row>
               <cell></cell>
               <cell>To <name type="account" ref="LMWcash">cash</name> <measure ana="#bk_money #bk_to" quantity="7" unit="dollars">seven dollars</measure>42/</cell>
               <cell><measure ana="#bk_money #bk_to" quantity="7" unit="dollars">7</measure></cell>
               <cell>0</cell>
               <cell/>
               <cell/>
            </row>
            <row ana="#bk_entry">
<cell ana="#bk_status" corresp="#403">403</cell>
               <cell> <name ana="#bk_to" type="person" ref="pers_WCDH498">Henry M. Paine</name>
                  <choice rend="align(right)">
                     <abbr>DR</abbr>
                     <expan>Debtor</expan>
                  </choice><lb/></cell>
               <cell></cell>
               <cell></cell>
               <cell/>
               <cell/>
            </row>
            <row>
               <cell/>
               <cell>To <measure commodity="Pine wood" quantity="6.5" unit="feet">6 1/2 feet Pine wood</measure>10/6</cell>
               <cell><measure ana="#bk_money #bk_to" quantity="1" unit="dollars">1</measure></cell>
               <cell><measure ana="#bk_money #bk_to" quantity="43" unit="dollars">43</measure></cell>
               <cell/>
               <cell/>
            </row>
            <row ana="#bk_entry">
<cell ana="#bk_status" corresp="#506">506</cell>
               <cell> <name ana="#bk_to" type="person" ref="pers_WCDH484">Samuel Morey</name>
                  <choice rend="align(right)">
                     <abbr>DR</abbr>
                     <expan>Debtor</expan>
                  </choice><lb/></cell>
               <cell/>
               <cell/>
               <cell/>
               <cell/>
            </row>
            <row>
               <cell/>
               <cell>To <name type="account" ref="LMWcash">cash</name> <!--?--> paid for William <measure ana="#bk_money #bk_to" quantity="3.50" unit="dollars">$3. 50</measure></cell>
               <cell><measure ana="#bk_money #bk_to" quantity="3" unit="dollars">3</measure></cell>
               <cell><measure ana="#bk_money #bk_to" quantity="50" unit="dollars">50</measure></cell>
               <cell/>
               <cell/>
            </row>
         </table>
            <pb n="135"/>
            <fw type="pageNum">135</fw>
            <table>
               <head><date ana="#bk_when" when="1835-09-01">text</date></head>
            <row ana="#bk_entry">
<cell ana="#bk_status" corresp="#Paid">Paid</cell>
               <cell><name ana="#bk_to" type="person" ref="?">Samuel Homes</name>
                  <choice rend="align(right)">
                     <abbr>DR</abbr>
                     <expan>Debtor</expan>
                  </choice><lb/></cell>
               <cell/>
               <cell></cell>
               <cell/>
               <cell></cell>
            </row>
            <row>
               <cell/>
               <cell>To<measure quantity="14"> 14 fowls</measure>20x</cell>
               <cell><measure ana="#bk_money #bk_to" quantity="2" unit="dollars">2</measure></cell>
               <cell>0</cell>
               <cell><measure ana="#bk_money #bk_to" quantity="2" unit="dollars">2</measure></cell>
               <cell><measure ana="#bk_money #bk_to" quantity="80" unit="dollars">80</measure></cell>
            </row>
            </table>
      </body>
   </text>
</TEI>