<?xml version="1.0" encoding="UTF-8"?>
<?oxygen RNGSchema="http://www.tei-c.org/release/xml/tei/custom/schema/relaxng/tei_all.rng" type="xml"?>
<TEI xmlns="http://www.tei-c.org/ns/1.0">
   <teiHeader>
      <fileDesc>
         <titleStmt>
            <title>LMW Day Book, pp. 100-139</title>
            <author>L.M. Wheaton</author>
         </titleStmt>
         <publicationStmt>
            <p>Transcribed by Sahilia Ramirez Sumer 2016, Wheaton College</p>
         </publicationStmt>
         <sourceDesc>
            <biblFull>
               <titleStmt>
                  <title>Account Books, pp.100-139</title>
                  <author>L.M. Wheaton</author>
                  <respStmt>
                     <resp> TEI-compatible XML markup by <name type="person">Sahilia Ramirez</name>
                        with corrections by <name type="person">Name</name>, <name
                           type="person">Name</name>, and <name type="person">Name</name>.</resp>
                     <name type="person">Name</name>
                  </respStmt>
               </titleStmt>
               <publicationStmt>
                  <p>Transcribed by Sahilia Ramirez Summer 2016, Wheaton College</p>
               </publicationStmt>
               <sourceDesc>
                  <p> From the Marion B. Gebbie Archives and Special Collections at the Madeleine
                     Clark Wallace Library, Wheaton College </p>
               </sourceDesc>
            </biblFull>
         </sourceDesc>
      </fileDesc>
   </teiHeader>
   <text>
      <body>
         <pb n="138"/>
         <fw type="pageNum">138</fw>
         <table>
            <head>Saturday<date ana="#bk_when" when="1835-11-14">text</date></head>
            <row ana="#bk_entry">
<cell ana="#bk_status" corresp="#70">70</cell>
               <cell>
                  <name ana="#bk_to" type="person" ref="pers_WCDH699">Samuel Wrigley</name>
                  <choice rend="align(right)">
                     <abbr>DR</abbr>
                     <expan>Debtor</expan>
                  </choice><lb/>
               </cell>
               <cell/>
               <cell/>
               <cell/>
               <cell/>
            </row>
            <row>
               <cell/>
               <cell>To <measure ana="#bk_commodity #bk_from" commodity="gloves" quantity="1" unit="count">gloves for hand</measure>3/</cell>
               <cell></cell>
               <cell><measure ana="#bk_money #bk_to" quantity="50" unit="dollars">50</measure></cell>
               <cell/>
               <cell/>
            </row>
            <span type="subheading"><date ana="#bk_when" when="1835-11-16">16</date></span>
            <row>
               <cell/>
               <cell>By <name type="account" ref="LMWcash">cash</name> 3/</cell>
               <cell/>
               <cell><measure ana="#bk_money #bk_to" quantity="50" unit="dollars">50</measure></cell>
               <cell/>
               <cell/>
            </row>
            <span type="subheading"><date ana="#bk_when" when="1835-11-18">18</date></span>
            <row ana="#bk_entry">
<cell ana="#bk_status" corresp="#Settled">Settled</cell>
               <cell><name ana="#bk_to" type="person" ref="pers_WCDH709">Francis Day</name>
                  <choice rend="align(right)">
                     <abbr>DR</abbr>
                     <expan>Debtor</expan>
                  </choice><lb/></cell>
               <cell></cell>
               <cell></cell>
               <cell/>
               <cell/>
            </row>
            <row>
               <cell/>
               <cell>To <name type="account" ref="LMWcash">cash</name> paid your order to D m. Holmes</cell>
               <cell><measure ana="#bk_money #bk_to" quantity="6" unit="dollars">6</measure></cell>
               <cell><measure ana="#bk_money #bk_to" quantity="71" unit="dollars">71</measure></cell>
               <cell/>
               <cell/>
            </row>
            <span type="subheading"><date ana="#bk_when" when="1835-11-26">26</date></span>
            <row ana="#bk_entry">
<cell ana="#bk_status" corresp="#Settled">Settled</cell>
               <cell><name ana="#bk_to" type="person" ref="pers_WCDH475">James B. Messenger</name>
                  <choice rend="align(right)">
                     <abbr>DR</abbr>
                     <expan>Debtor</expan>
                  </choice><lb/></cell>
               <cell></cell>
               <cell></cell>
               <cell/>
               <cell/>
            </row>
            <row>
               <cell/>
               <cell>To <measure commodity="white lard" quantity="100" unit="lbs">100 lbs. White lard</measure></cell>
               <cell/>
               <cell/>
               <cell/>
               <cell/>
            </row>
         </table>
            <pb n="138"/>
            <fw type="pageNum">138</fw>
            <table>
               <head><date ana="#bk_when" when="1835-12-09">text</date></head>
            <row ana="#bk_entry">
<cell ana="#bk_status" corresp="#507">507</cell>
               <cell><name ana="#bk_to" type="person" ref="pers_WCDH633">Mrs. Abagail Webber</name>
                  <choice rend="align(right)">
                     <abbr>DR</abbr>
                     <expan>Debtor</expan>
                  </choice><lb/></cell>
               <cell/>
               <cell/>
               <cell/>
               <cell/>
            </row>
            <row>
               <cell/>
               <cell>To <measure ana="#bk_commodity #bk_from" commodity="pork spare" quantity="31" unit="lbs">3lbs. pork spare Eile</measure>6x</cell>
               <cell></cell>
               <cell></cell>
               <cell/>
               <cell/>
            </row>
            <row>
               <cell/>
               <cell>To <measure ana="#bk_commodity #bk_from" commodity="milk" quantity="72" unit="quarts">72 quarts milk</measure> 4x</cell>
               <cell><measure ana="#bk_money #bk_to" quantity="3" unit="dollars">3</measure></cell>
               <cell><measure ana="#bk_money #bk_to" quantity="06" unit="dollars">06</measure></cell>
               <cell/>
               <cell/>
            </row>
            <span type="subheading"><date ana="#bk_when" when="1835-12-11">11</date></span>
            <row ana="#bk_entry">
<cell ana="#bk_status" corresp="#507">507</cell>
               <cell><name ana="#bk_to" type="person" ref="pers_WCDH633">Mrs. Abagail Webber</name>
                  <choice rend="align(right)">
                     <abbr>DR</abbr>
                     <expan>Debtor</expan>
                  </choice><lb/></cell>
               <cell></cell>
               <cell></cell>
               <cell/>
               <cell/>
            </row>
            <row>
               <cell/>
               <cell>To <measure ana="#bk_commodity #bk_from" commodity="lard" quantity="23.25" unit="lbs">23 1/4 lbs lard</measure> /9</cell>
               <cell><measure ana="#bk_money #bk_to" quantity="2" unit="dollars">2</measure></cell>
               <cell><measure ana="#bk_money #bk_to" quantity="9" unit="dollars">9</measure></cell>
               <cell/>
               <cell/>
            </row>
            <span type="subheading"><date ana="#bk_when" when="1835-12-21">21</date></span>
            <row ana="#bk_entry">
<cell ana="#bk_status" corresp="#506">506</cell>
               <cell><name ana="#bk_to" type="person" ref="pers_WCDH484">Samuel Morey</name>
                  <choice rend="align(right)">
                     <abbr>DR</abbr>
                     <expan>Debtor</expan>
                  </choice><lb/></cell>
               <cell/>
               <cell></cell>
               <cell/>
               <cell/>
            </row>
            <row>
               <cell/>
               <cell>To <name type="account" ref="LMWcash">cash</name> lent paid Samuel <measure ana="#bk_money #bk_to" quantity="6" unit="dollars">six dollars</measure></cell>
               <cell><measure ana="#bk_money #bk_to" quantity="6" unit="dollars">6</measure></cell>
               <cell>0</cell>
               <cell/>
               <cell></cell>
            </row>
            <row ana="#bk_entry">
<cell ana="#bk_status" corresp="#Settled">Settled</cell>
               <cell><name ana="#bk_to" type="person" ref="pers_WCDH475">James B. Messenger</name>
                  <choice rend="align(right)">
                     <abbr>DR</abbr>
                     <expan>Debtor</expan>
                  </choice><lb/></cell>
               <cell/>
               <cell/>
               <cell/>
               <cell/>
            </row>
            <row>
               <cell></cell>
               <cell>To <measure ana="#bk_commodity #bk_from" commodity="glass" quantity="3" unit="squares">three squares 10 by 13 Glass</measure>15x</cell>
               <cell/>
               <cell><measure ana="#bk_money #bk_to" quantity="0.5" unit="dollars">45</measure></cell>
               <cell/>
               <cell/>
            </row>
            <span type="subheading"><date ana="#bk_when" when="1835-12-22">22</date></span>
            <row ana="#bk_entry">
<cell ana="#bk_status" corresp="#70">70</cell>
               <cell><name ana="#bk_to" type="person" ref="pers_WCDH699">Samuel Wrigley</name>
                  <choice rend="align(right)">
                     <abbr>DR</abbr>
                     <expan>Debtor</expan>
                  </choice><lb/></cell>
               <cell/>
               <cell/>
               <cell/>
               <cell/>
            </row>
            <row>
               <cell></cell>
               <cell>To <measure ana="#bk_commodity #bk_from" commodity="merin" quantity="5" unit="yards">5 yards merin</measure>5/6 per yard</cell>
               <cell/>
               <cell/>
               <cell/>
               <cell/>
            </row>
            <row>
               <cell/>
               <cell>To 4 do cambrie /9 <!--?--> mary</cell>
               <cell><measure ana="#bk_money #bk_to" quantity="5" unit="dollars">5</measure></cell>
               <cell><measure ana="#bk_money #bk_to" quantity="09" unit="dollars">09</measure></cell>
               <cell/>
               <cell/>
            </row>
            <span type="subheading"><date ana="#bk_when" when="1835-12-25">25</date></span>
            <row ana="#bk_entry">
<cell ana="#bk_status" corresp="#Settled">Settled</cell>
               <cell><name ana="#bk_to" type="person" ref="pers_WCDH359">Hiram Hodges</name>
                  <choice rend="align(right)">
                     <abbr>DR</abbr>
                     <expan>Debtor</expan>
                  </choice><lb/></cell>
               <cell/>
               <cell/>
               <cell/>
               <cell/>
            </row>
            <row>
               <cell/>
               <cell>To <name type="account" ref="LMWcash">cash</name> towards work on a half</cell>
               <cell><measure ana="#bk_money #bk_to" quantity="5" unit="dollars">5</measure></cell>
               <cell>0</cell>
               <cell/>
               <cell/>
            </row>
            <row>
               <cell/>
               <cell> <measure commodity="Salt Pork" quantity="56.25" unit="lbs">56 1/4 lbs. Salt pork</measure>paid</cell><cell/>
               <cell><measure ana="#bk_money #bk_to" quantity="7" unit="dollars">7</measure></cell>
               <cell><measure ana="#bk_money #bk_to" quantity="03" unit="dollars">03</measure></cell>
               <cell><measure ana="#bk_money #bk_to" quantity="12" unit="dollars">12</measure></cell>
               <cell><measure ana="#bk_money #bk_to" quantity="03" unit="dollars">03</measure></cell>
            </row>
            <span type="subheading"><date ana="#bk_when" when="1835-12-25">25</date></span>
            <row ana="#bk_entry">
<cell ana="#bk_status" corresp="#70">70</cell>
               <cell><name ana="#bk_to" type="person" ref="pers_WCDH699">Samuel Wrigley</name>
                  <choice rend="align(right)">
                     <abbr>DR</abbr>
                     <expan>Debtor</expan>
                  </choice><lb/></cell>
               <cell/>
               <cell/>
               <cell/>
               <cell/>
            </row>
            <row>
               <cell/>
               <cell>To <measure commodity="calico wood">calico wood</measure>. Mary, one paid 1/</cell>
               <cell></cell>
               <cell><measure ana="#bk_money #bk_to" quantity="17" unit="dollars">17</measure></cell>
               <cell/>
               <cell/>
            </row>
            </table>
               <pb n="138"/>
               <fw type="pageNum">138</fw>
               <table>
                  <head><date ana="#bk_when" when="1836-01-02">text</date></head>
            <row ana="#bk_entry">
<cell ana="#bk_status" corresp="#344">344</cell>
               <cell><name ana="#bk_to" type="person" ref="pers_WCDH221">Thomas Carpenter</name>
                  <choice rend="align(right)">
                     <abbr>DR</abbr>
                     <expan>Debtor</expan>
                  </choice><lb/></cell>
               <cell/>
               <cell/>
               <cell/>
               <cell/>
            </row>
            <row>
               <cell></cell>
               <cell>To <name type="account" ref="LMWcash">cash</name> <measure ana="#bk_money #bk_to" quantity="1" unit="dollars">one dollar</measure>6/</cell>
               <cell><measure ana="#bk_money #bk_to" quantity="1" unit="dollars">1</measure></cell>
               <cell>0</cell>
               <cell/>
               <cell/>
            </row>
            <span type="subheading"><date ana="#bk_when" when="1836-01-09">9</date></span>
            <row ana="#bk_entry">
<cell ana="#bk_status" corresp="#70">70</cell>
               <cell><name ana="#bk_to" type="person" ref="pers_WCDH699">Samuel Wrigley</name>
                  <choice rend="align(right)">
                     <abbr>DR</abbr>
                     <expan>Debtor</expan>
                  </choice><lb/></cell>
               <cell></cell>
               <cell></cell>
               <cell></cell>
               <cell></cell>
            </row>
            <row>
               <cell/>
               <cell>To <name type="account" ref="LMWcash">cash</name><!--?--> Mary <measure ana="#bk_money #bk_to" quantity="50" unit="cents">50 cents</measure></cell>
               <cell></cell>
               <cell><measure ana="#bk_money #bk_to" quantity="50" unit="dollars">50</measure></cell>
               <cell/>
               <cell/>
            </row>
            <span type="subheading"><date ana="#bk_when" when="1836-01-14">14</date></span>
            <row ana="#bk_entry">
<cell ana="#bk_status" corresp="#506">506</cell>
               <cell><name ana="#bk_to" type="person" ref="pers_WCDH484">Samuel Morey</name>
                  <choice rend="align(right)">
                     <abbr>DR</abbr>
                     <expan>Debtor</expan>
                  </choice><lb/></cell>
               <cell/>
               <cell/>
               <cell/>
               <cell/>
            </row>
            <row>
               <cell/>
               <cell> To <name type="account" ref="LMWcash">cash</name> 2 paid Samuel 12/</cell>
               <cell><measure ana="#bk_money #bk_to" quantity="2" unit="dollars">2</measure></cell>
               <cell>0</cell>
               <cell/>
               <cell/>
            </row>
            <span type="subheading"><date ana="#bk_when" when="1836-01-18">18</date></span>
            <row ana="#bk_entry">
<cell ana="#bk_status" corresp="#506">506</cell>
               <cell><name ana="#bk_to" type="person" ref="pers_WCDH484">Samuel Morey</name>
                  <choice rend="align(right)">
                     <abbr>DR</abbr>
                     <expan>Debtor</expan>
                  </choice><lb/></cell>
               <cell/>
               <cell/>
               <cell/>
               <cell/>
            </row>
            <row>
               <cell/>
               <cell>To <name type="account" ref="LMWcash">cash</name> paid Samuel 30/</cell>
               <cell><measure ana="#bk_money #bk_to" quantity="5" unit="dollars">5</measure></cell>
               <cell>0</cell>
               <cell/>
               <cell/>
            </row>
            <row ana="#bk_entry">
<cell ana="#bk_status" corresp="#70">70</cell>
               <cell><name ana="#bk_to" type="person" ref="pers_WCDH699">Samuel Wrigley</name>
                  <choice rend="align(right)">
                     <abbr>DR</abbr>
                     <expan>Debtor</expan>
                  </choice><lb/></cell>
               <cell/>
               <cell/>
               <cell/>
               <cell/>
            </row>
            <row>
               <cell></cell>
               <cell>By <measure commodity="horse coller" quantity="1" unit="count">horse coller returned</measure> 15/</cell>
               <cell><measure ana="#bk_money #bk_to" quantity="2" unit="dollars">2</measure></cell>
               <cell><measure ana="#bk_money #bk_to" quantity="50" unit="dollars">50</measure></cell>
               <cell/>
               <cell/>
            </row>
            <span type="subheading"><date ana="#bk_when" when="1836-01-26">26</date></span>
            <row ana="#bk_entry">
<cell ana="#bk_status" corresp="#344">344</cell>
               <cell><name ana="#bk_to" type="person" ref="pers_WCDH221">Thomas Carpenter</name>
                  <choice rend="align(right)">
                     <abbr>DR</abbr>
                     <expan>Debtor</expan>
                  </choice><lb/></cell>
               <cell/>
               <cell/>
               <cell/>
               <cell/>
            </row>
            <row>
               <cell></cell>
               <cell>To <name type="account" ref="LMWcash">cash</name> 6/</cell>
               <cell><measure ana="#bk_money #bk_to" quantity="1" unit="dollars">1</measure></cell>
               <cell>0</cell>
               <cell/>
               <cell/>
            </row>
            <span type="subheading"><date ana="#bk_when" when="1836-01-19">19</date></span>
            <row ana="#bk_entry">
<cell ana="#bk_status" corresp="#70">70</cell>
               <cell><name ana="#bk_to" type="person" ref="pers_WCDH699">Samuel Wrigley</name>
                  <choice rend="align(right)">
                     <abbr>DR</abbr>
                     <expan>Debtor</expan>
                  </choice><lb/></cell>
               <cell/>
               <cell></cell>
               <cell/>
               <cell></cell>
            </row>
            <row>
               <cell/>
               <cell>To two <!--?--> Mary</cell>
               <cell/>
               <cell><measure ana="#bk_money #bk_to" quantity="10" unit="dollars">10</measure></cell>
               <cell/>
               <cell/>
            </row>
            <row ana="#bk_entry">
<cell ana="#bk_status" corresp="#344">344</cell>
               <cell><name ana="#bk_to" type="person" ref="pers_WCDH221">Thomas Carpenter</name>
                  <choice rend="align(right)">
                     <abbr>DR</abbr>
                     <expan>Debtor</expan>
                  </choice><lb/></cell>
               <cell/>
               <cell/>
               <cell/>
               <cell/>
            </row>
            <row>
               <cell/>
               <cell>To <name type="account" ref="LMWcash">cash</name> <measure ana="#bk_money #bk_to" quantity="22" unit="dollars">twenty two dollars</measure>x 54</cell>
               <cell><measure ana="#bk_money #bk_to" quantity="22" unit="dollars">22</measure></cell>
               <cell><measure ana="#bk_money #bk_to" quantity="54" unit="dollars">54</measure></cell>
               <cell/>
               <cell/>
            </row>
            <span type="subheading"><date ana="#bk_when" when="1836-01-29">29</date></span>
            <row ana="#bk_entry">
<cell ana="#bk_status" corresp="#506">506</cell>
               <cell><name ana="#bk_to" type="person" ref="pers_WCDH484">Samuel Morey</name>
                  <choice rend="align(right)">
                     <abbr>DR</abbr>
                     <expan>Debtor</expan>
                  </choice><lb/></cell>
               <cell></cell>
               <cell></cell>
               <cell/>
               <cell/>
            </row>
            <row>
               <cell/>
               <cell>To rent of land <!--?--></cell>
               <cell><measure ana="#bk_money #bk_to" quantity="0.5" unit="dollars">15</measure></cell>
               <cell>0</cell>
               <cell/>
               <cell/>
            </row>
         </table>
         <pb n="139"/>
         <fw type="pageNum">139</fw>
         <table>
            <head>Wednesday<date ana="#bk_when" when="1836-02-03">text</date></head>
            <row ana="#bk_entry">
<cell ana="#bk_status" corresp="#507">507</cell>
               <cell>
                  <name ana="#bk_to" type="person" ref="pers_WCDH633">Abagail Webber</name>
                  <choice rend="align(right)">
                     <abbr>DR</abbr>
                     <expan>Debtor</expan>
                  </choice><lb/>
               </cell>
               <cell/>
               <cell/>
               <cell/>
               <cell/>
            </row>
            <row>
               <cell/>
               <cell>To <measure ana="#bk_commodity #bk_from" commodity="potatoes" quantity="3" unit="bushels">three Buls. Potatoes</measure>two D paid January 24</cell>
               <cell><measure ana="#bk_money #bk_to" quantity="1" unit="dollars">1</measure></cell>
               <cell>0</cell>
               <cell><measure ana="#bk_money #bk_to" quantity="1" unit="dollars">1</measure></cell>
               <cell>0</cell>
            </row>
            <span type="subheading"><date ana="#bk_when" when="1836-02-06">06</date></span>
            <row ana="#bk_entry">
<cell ana="#bk_status" corresp="#70">70</cell>
               <cell><name ana="#bk_to" type="person" ref="pers_WCDH699">Samuel Wrigley</name>
                  <choice rend="align(right)">
                     <abbr>DR</abbr>
                     <expan>Debtor</expan>
                  </choice><lb/></cell>
               <cell/>
               <cell/>
               <cell/>
               <cell/>
            </row>
            <row>
               <cell></cell>
               <cell>To <name type="account" ref="LMWcash">cash</name> paid Mary 3/</cell>
               <cell/>
               <cell><measure ana="#bk_money #bk_to" quantity="50" unit="dollars">50</measure></cell>
               <cell/>
               <cell/>
            </row>
            <span type="subheading"><date ana="#bk_when" when="1836-02-13">13</date></span>
            <row ana="#bk_entry">
<cell ana="#bk_status" corresp="#70">70</cell>
               <cell>To <name type="account" ref="LMWcash">cash</name> do paid Mary for letter 1/6</cell>
               <cell/>
               <cell><measure ana="#bk_money #bk_to" quantity="0.5" unit="dollars">25</measure></cell>
               <cell/>
               <cell/>
            </row>
            <span type="subheading"><date ana="#bk_when" when="1836-02-15">15</date></span>
            <row ana="#bk_entry">
<cell ana="#bk_status" corresp="#70">70</cell>
               <cell>To <measure ana="#bk_commodity #bk_from" commodity="shirting" quantity="5" unit="yards">five yards shirting</measure>11x for Mary</cell>
               <cell></cell>
               <cell><measure ana="#bk_money #bk_to" quantity="0.5" unit="dollars">55</measure></cell>
               <cell/>
               <cell/>
            </row>
            <row>
               <cell/>
               <cell>To <measure commodity="Rubber shoes" quantity="1" unit="count">India rubber shoes</measure>for Mary 4/6</cell>
               <cell/>
               <cell><measure ana="#bk_money #bk_to" quantity="0.5" unit="dollars">75</measure></cell>
               <cell/>
               <cell/>
            </row>
            <row>
               <cell></cell>
               <cell>To <measure ana="#bk_commodity #bk_from" commodity="shirting" quantity="4" unit="yards">4 yards shirting</measure>/9. for Mary</cell>
               <cell/>
               <cell><measure ana="#bk_money #bk_to" quantity="50" unit="dollars">50</measure></cell>
               <cell/>
               <cell/>
            </row>
            <span type="subheading"><date ana="#bk_when" when="1836-02-20">20</date></span>
            <row ana="#bk_entry">
<cell ana="#bk_status" corresp="#70">70</cell>
               <cell>To <name type="account" ref="LMWcash">cash</name> 6/ for Mary</cell>
               <cell><measure ana="#bk_money #bk_to" quantity="1" unit="dollars">1</measure></cell>
               <cell>0</cell>
               <cell/>
               <cell/>
            </row>
            <row>
               <cell></cell>
               <cell><measure ana="#bk_commodity #bk_from" commodity="hat" quantity="1" unit="count">hat</measure>7/6</cell>
               <cell><measure ana="#bk_money #bk_to" quantity="1" unit="dollars">1</measure></cell>
               <cell><measure ana="#bk_money #bk_to" quantity="0.5" unit="dollars">25</measure></cell>
               <cell><measure ana="#bk_money #bk_to" quantity="4" unit="dollars">4</measure></cell>
               <cell><measure ana="#bk_money #bk_to" quantity="80" unit="dollars">80</measure></cell>
            </row>
            <span type="subheading"><date ana="#bk_when" when="1836-02-29">29</date></span>
            <row ana="#bk_entry">
<cell ana="#bk_status" corresp="#403">403</cell>
               <cell><name ana="#bk_to" type="person" ref="pers_WCDH498">Henry M. Paine</name>
                  <choice rend="align(right)">
                     <abbr>DR</abbr>
                     <expan>Debtor</expan>
                  </choice><lb/></cell>
               <cell/>
               <cell/>
               <cell/>
               <cell/>
            </row>
            <row>
               <cell></cell>
               <cell>To <measure ana="#bk_commodity #bk_from" commodity="potatoes" quantity="1" unit="bushels">1 Buls. Potatoes</measure>2/6</cell>
               <cell/>
               <cell><measure ana="#bk_money #bk_to" quantity="42" unit="dollars">42</measure></cell>
               <cell/>
               <cell/>
            </row>
         </table>
            <pb n="139"/>
            <fw type="pageNum">139</fw>
            <table>
               <head><date ana="#bk_when" when="1836-03-03">text</date></head>
            <row ana="#bk_entry">
<cell ana="#bk_status" corresp="#70">70</cell>
               <cell><name ana="#bk_to" type="person" ref="pers_WCDH699">Samuel Wrigley</name>
                  <choice rend="align(right)">
                     <abbr>DR</abbr>
                     <expan>Debtor</expan>
                  </choice><lb/></cell>
               <cell/>
               <cell></cell>
               <cell/>
               <cell/>
            </row>
            <row>
               <cell/>
               <cell>To <name type="account" ref="LMWcash">cash</name> 7/6 <!--?--> Mary</cell>
               <cell><measure ana="#bk_money #bk_to" quantity="1" unit="dollars">1</measure></cell>
               <cell><measure ana="#bk_money #bk_to" quantity="0.5" unit="dollars">25</measure></cell>
               <cell/>
               <cell></cell>
            </row>
            <span type="subheading"><date ana="#bk_when" when="1836-03-07">7th</date></span>
            <row ana="#bk_entry">
<cell ana="#bk_status" corresp="#70">70</cell>
               <cell>To <name type="account" ref="LMWcash">cash</name> 6/ for Mary</cell>
               <cell><measure ana="#bk_money #bk_to" quantity="1" unit="dollars">1</measure></cell>
               <cell>0</cell>
               <cell/>
               <cell/>
            </row>
            <span type="subheading"><date ana="#bk_when" when="1836-03-08">8</date></span>
            <row ana="#bk_entry">
<cell ana="#bk_status" corresp="#507">507</cell>
               <cell><name ana="#bk_to" type="person" ref="pers_WCDH633">Mrs. Abagail Webber</name>
                  <choice rend="align(right)">
                     <abbr>DR</abbr>
                     <expan>Debtor</expan>
                  </choice><lb/></cell>
               <cell/>
               <cell/>
               <cell/>
               <cell/>
            </row>
            <row>
               <cell></cell>
               <cell>To <measure ana="#bk_commodity #bk_from" commodity="eggs" quantity="0.5">1/2 dozen Eggs</measure>14x</cell>
               <cell/>
               <cell><measure ana="#bk_money #bk_to" quantity="07" unit="dollars">07</measure></cell>
               <cell/>
               <cell/>
            </row>
            <row ana="#bk_entry">
<cell ana="#bk_status" corresp="#Settled">Settled</cell>
               <cell><name ana="#bk_to" type="person" ref="pers_WCDH359">Hiram Hodges</name>
                  <choice rend="align(right)">
                     <abbr>DR</abbr>
                     <expan>Debtor</expan>
                  </choice><lb/></cell>
               <cell></cell>
               <cell></cell>
               <cell/>
               <cell/>
            </row>
            <row>
               <cell/>
               <cell>To <name type="account" ref="LMWcash">cash</name> as for received $</cell>
               <cell><measure ana="#bk_money #bk_to" quantity="10" unit="dollars">10</measure></cell>
               <cell>0</cell>
               <cell/>
               <cell/>
            </row>
            <span type="subheading"><date ana="#bk_when" when="1836-03-10">10</date></span>
            <row ana="#bk_entry">
<cell ana="#bk_status" corresp="#Settled">Settled</cell>
               <cell><name ana="#bk_to" type="person" ref="pers_WCDH230">Oliver Clapp</name>
                  <choice rend="align(right)">
                     <abbr>DR</abbr>
                     <expan>Debtor</expan>
                  </choice><lb/></cell>
               <cell/>
               <cell></cell>
               <cell/>
               <cell/>
            </row>
            <row>
               <cell/>
               <cell>To <name type="account" ref="LMWcash">cash</name> <measure ana="#bk_money #bk_to" quantity="20" unit="dollars">twenty Dollars $20. 00</measure></cell><cell/>
               <cell><measure ana="#bk_money #bk_to" quantity="20" unit="dollars">20</measure></cell>
               <cell>0</cell>
               <cell/>
            </row>
            <span type="subheading"><date ana="#bk_when" when="1836-03-10">10</date></span>
            <row ana="#bk_entry">
<cell ana="#bk_status" corresp="#70">70</cell>
               <cell><name ana="#bk_to" type="person" ref="pers_WCDH699">Samuel Wrigley</name>
                  <choice rend="align(right)">
                     <abbr>DR</abbr>
                     <expan>Debtor</expan>
                  </choice><lb/></cell>
               <cell/>
               <cell/>
               <cell/>
               <cell/>
            </row>
            <row>
               <cell/>
               <cell>To <name type="account" ref="LMWcash">cash</name> 6/ for Mary</cell>
               <cell><measure ana="#bk_money #bk_to" quantity="1" unit="dollars">1</measure></cell>
               <cell>0</cell>
               <cell/>
               <cell/>
            </row>
            <span type="subheading"><date ana="#bk_when" when="1836-03-10">14</date></span>
            <row ana="#bk_entry">
<cell ana="#bk_status" corresp="#70">70</cell>
               <cell>To  <name type="account" ref="LMWcash">cash</name> 12/ <!--?--> Mary</cell>
               <cell><measure ana="#bk_money #bk_to" quantity="2" unit="dollars">2</measure></cell>
               <cell>0</cell>
               <cell/>
               <cell/>
            </row>
            <row>
               <cell/>
               <cell> <measure ana="#bk_commodity #bk_from" commodity="horse" quantity="1" unit="day">Keeping horse one week </measure>6/</cell>
               <cell><measure ana="#bk_money #bk_to" quantity="1" unit="dollars">1</measure></cell>
               <cell>0</cell>
               <cell/>
               <cell/>
            </row>
            <span type="subheading"><date ana="#bk_when" when="1836-03-23">23rd</date></span>
            <row ana="#bk_entry">
<cell ana="#bk_status" corresp="#403">403</cell>
               <cell><name ana="#bk_to" type="person" ref="pers_WCDH498">Henry M. Paine</name>
                  <choice rend="align(right)">
                     <abbr>DR</abbr>
                     <expan>Debtor</expan>
                  </choice><lb/></cell>
               <cell></cell>
               <cell></cell>
               <cell/>
               <cell/>
            </row>
            <span type="subheading"><date ana="#bk_when" when="1836-04-01">April 1st 1836</date></span>
            <span type="subheading"><date ana="#bk_when" when="1836-03-25">25</date></span>
            <row ana="#bk_entry">
<cell ana="#bk_status" corresp="#70">70</cell>
               <cell><name ana="#bk_to" type="person" ref="pers_WCDH699">Samuel Wrigley</name>
                  <choice rend="align(right)">
                     <abbr>DR</abbr>
                     <expan>Debtor</expan>
                  </choice><lb/></cell>
               <cell></cell>
               <cell></cell>
               <cell/>
               <cell/>
            </row>
            <row>
               <cell/>
               <cell>To <name type="account" ref="LMWcash">cash</name> 12/ <!--?--> Mary</cell>
               <cell><measure ana="#bk_money #bk_to" quantity="2" unit="dollars">2</measure></cell>
               <cell>0</cell>
               <cell/>
               <cell/>
            </row>
            <span type="subheading"><date ana="#bk_when" when="1836-03-26">26</date></span>
            <row ana="#bk_entry">
<cell ana="#bk_status" corresp="#507">507</cell>
               <cell><name ana="#bk_to" type="person" ref="pers_WCDH633">Abagail Webber</name>
                  <choice rend="align(right)">
                     <abbr>DR</abbr>
                     <expan>Debtor</expan>
                  </choice><lb/></cell>
               <cell></cell>
               <cell></cell>
               <cell/>
               <cell/>
            </row>
            <row>
               <cell/>
               <cell>To <measure ana="#bk_commodity #bk_from" commodity="potatoes" quantity="1" unit="bushels">Buls. Potatoes</measure>2/</cell>
               <cell/>
               <cell/>
               <cell/>
               <cell><measure ana="#bk_money #bk_to" quantity="33" unit="dollars">33</measure></cell>
            </row>
            <span type="subheading"><date ana="#bk_when" when="1836-03-30">30</date></span>
            <row ana="#bk_entry">
<cell ana="#bk_status" corresp="#56">56</cell>
               <cell><name ana="#bk_to" type="person" ref="pers_WCDH504">Adin Pattin</name>
                  <choice rend="align(right)">
                     <abbr>DR</abbr>
                     <expan>Debtor</expan>
                  </choice><lb/></cell>
               <cell></cell>
               <cell></cell>
               <cell/>
               <cell/>
            </row>
            <row>
               <cell/>
               <cell>To coalhands left by Freeman 4/6</cell>
               <cell><measure ana="#bk_money #bk_to" quantity="0.5" unit="dollars">75</measure></cell>
               <cell/>
               <cell/>
               <cell/>
            </row>
            </table>
               <pb n="139"/>
               <fw type="pageNum">139</fw>
               <table>
                  <head><date ana="#bk_when" when="1836-04-09">text</date></head>
            <row ana="#bk_entry">
<cell ana="#bk_status" corresp="#70">70</cell>
               <cell><name ana="#bk_to" type="person" ref="pers_WCDH699">Samuel Wrigley</name>
                  <choice rend="align(right)">
                     <abbr>DR</abbr>
                     <expan>Debtor</expan>
                  </choice><lb/></cell>
               <cell/>
               <cell/>
               <cell/>
               <cell/>
            </row>
            <row>
               <cell/>
               <cell>To <name type="account" ref="LMWcash">cash</name>6/ <!--?--> Mary</cell>
               <cell><measure ana="#bk_money #bk_to" quantity="1" unit="dollars">1</measure></cell>
               <cell>0</cell>
               <cell/>
               <cell/>
            </row>
            <span type="subheading"><date ana="#bk_when" when="1836-04-08">8</date></span>
            <row ana="#bk_entry">
<cell ana="#bk_status" corresp="#70">70</cell>
               <cell><name ana="#bk_to" type="person" ref="pers_WCDH699">Samuel Wrigley</name>
                  <choice rend="align(right)">
                     <abbr>DR</abbr>
                     <expan>Debtor</expan>
                  </choice><lb/></cell>
               <cell/>
               <cell/>
               <cell/>
               <cell/>
            </row>
            <row>
               <cell/>
               <cell>To <measure ana="#bk_commodity #bk_from" commodity="jallow" quantity="2.10" unit="lbs">2 lbs. 10 ounces jallow</measure>9x</cell>
               <cell/>
               <cell><measure ana="#bk_money #bk_to" quantity="23" unit="dollars">23</measure></cell>
               <cell/>
               <cell/>
            </row>
            <row ana="#bk_entry">
<cell ana="#bk_status" corresp="#506">506</cell>
               <cell><name ana="#bk_to" type="person" ref="pers_WCDH176">Stephen Bigelow</name>
                  <choice rend="align(right)">
                     <abbr>DR</abbr>
                     <expan>Debtor</expan>
                  </choice><lb/></cell>
               <cell/>
               <cell/>
               <cell/>
               <cell/>
            </row>
            <row>
               <cell></cell>
               <cell>To 1 Day. <!--?--> /9</cell>
               <cell><measure ana="#bk_money #bk_to" quantity="9" unit="dollars">9</measure></cell>
               <cell><measure ana="#bk_money #bk_to" quantity="50" unit="dollars">50</measure></cell>
               <cell/>
               <cell/>
            </row>
            <span type="subheading"><date ana="#bk_when" when="1836-04-11">11</date></span>
            <row ana="#bk_entry">
<cell ana="#bk_status" corresp="#Settled">Settled</cell>
               <cell><name ana="#bk_to" type="person" ref="pers_">Mason Freeman</name>
                  <choice rend="align(right)">
                     <abbr>DR</abbr>
                     <expan>Debtor</expan>
                  </choice><lb/></cell>
               <cell/>
               <cell/>
               <cell/>
               <cell/>
            </row>
            <row>
               <cell></cell>
               <cell>To boot between <!--?--> 6/</cell>
               <cell><measure ana="#bk_money #bk_to" quantity="1" unit="dollars">1</measure></cell>
               <cell>0</cell>
               <cell/>
               <cell/>
            </row>
            <span type="subheading"><date ana="#bk_when" when="1836-04-13">13</date></span>
            <row ana="#bk_entry">
<cell ana="#bk_status" corresp="#70">70</cell>
               <cell><name ana="#bk_to" type="person" ref="pers_WCDH699">Samuel Wrigley</name>
                  <choice rend="align(right)">
                     <abbr>DR</abbr>
                     <expan>Debtor</expan>
                  </choice><lb/></cell>
               <cell/>
               <cell/>
               <cell/>
               <cell/>
            </row>
            <row>
               <cell></cell>
               <cell>To <name type="account" ref="LMWcash">cash</name> <!--?--> Mary <measure ana="#bk_money #bk_to" quantity="4.07" unit="dollars">$4. 07</measure></cell>
               <cell><measure ana="#bk_money #bk_to" quantity="4" unit="dollars">4</measure></cell>
               <cell><measure ana="#bk_money #bk_to" quantity="07" unit="dollars">07</measure></cell>
               <cell/>
               <cell/>
            </row>
               </table>
      </body>
   </text>
</TEI>