<?xml version="1.0" encoding="UTF-8"?>
<?oxygen RNGSchema="http://www.tei-c.org/release/xml/tei/custom/schema/relaxng/tei_all.rng" type="xml"?>
<TEI xmlns="http://www.tei-c.org/ns/1.0">
   <teiHeader>
      <fileDesc>
         <titleStmt>
            <title>LMW Day Book, pp. 100-135</title>
            <author>L.M. Wheaton</author>
         </titleStmt>
         <publicationStmt>
            <p>Transcribed by Sahilia Ramirez Summer 2016, Wheaton College</p>
         </publicationStmt>
         <sourceDesc>
            <biblFull>
               <titleStmt>
                  <title>Account Books, pp.100-135</title>
                  <author>L.M. Wheaton</author>
                  <respStmt>
                     <resp> TEI-compatible XML markup by <name type="person">Sahilia Ramirez</name>
                        with corrections by <name type="person">Name</name>, <name
                           type="person">Name</name>, and <name type="person">Name</name>.</resp>
                     <name type="person">Name</name>
                  </respStmt>
               </titleStmt>
               <publicationStmt>
                  <p>Transcribed by Sahilia Ramirez Summer 2016, Wheaton College</p>
               </publicationStmt>
               <sourceDesc>
                  <p> From the Marion B. Gebbie Archives and Special Collections at the Madeleine
                     Clark Wallace Library, Wheaton College </p>
               </sourceDesc>
            </biblFull>
         </sourceDesc>
      </fileDesc>
   </teiHeader>
   <text>
      <body>
         <pb n="118"/>
         <fw type="pageNum">118</fw>
         <table>
            <head>Thursday<date ana="#bk_when" when="1833-09-26">text</date></head>
            <row ana="#bk_entry">
<cell ana="#bk_status" corresp="#312">312</cell>
               <cell>
                  <name ana="#bk_to" type="person" ref="pers_WCDH375">Horace Hulet</name>
                  <choice rend="align(right)">
                     <abbr>Dr</abbr>
                     <expan>Debtor</expan>
                  </choice><lb/>
               </cell>
               <cell/>
               <cell/>
               <cell/>
               <cell/>
            </row>
            <row>
               <cell/>
               <cell>To <measure quantity="3" unit="day">three day</measure>. AU Blades 1/</cell>
               <cell></cell>
               <cell><measure ana="#bk_money #bk_to" quantity="50" unit="dollars">50</measure></cell>
               <cell/>
               <cell/>
            </row>
            <span type="subheading"><date ana="#bk_when" when="1833-09-27">27</date></span>
            <row ana="#bk_entry">
<cell ana="#bk_status" corresp="#Settled">Settled</cell>
               <cell><name ana="#bk_to" type="person" ref="pers_WCDH359">Hiriam Hodges</name>
                  <choice rend="align(right)">
                     <abbr>Dr</abbr>
                     <expan>Debtor</expan>
                  </choice><lb/></cell>
               <cell/>
               <cell/>
               <cell/>
               <cell/>
            </row>
            <row>
               <cell></cell>
               <cell>To <name type="account" ref="LMWcash">cash</name>at Taunton <measure ana="#bk_money #bk_to" quantity="1.61" unit="dollars">$1. 61</measure></cell>
               <cell><measure ana="#bk_money #bk_to" quantity="1" unit="dollars">$1</measure></cell>
               <cell/>
               <cell><measure ana="#bk_money #bk_to" quantity="61" unit="cents">61</measure></cell>
               <cell/>
            </row>
            <row>
               <cell>b paid before</cell>
               <cell><name ana="#bk_to" type="person" ref="pers_WCDH699">Samuel Wrigley</name>
                  <choice rend="align(right)">
                     <abbr>Dr</abbr>
                     <expan>Debtor</expan>
                  </choice><lb/></cell>
               <cell></cell>
               <cell></cell>
               <cell/>
               <cell/>
            </row>
            <span type="subheading"><date ana="#bk_when" when="1833-06-04">June 4th</date>when he went to Boston,<measure ana="#bk_money #bk_to" quantity="4" unit="dollars">four dollars</measure></span>
            <row>
               <cell></cell>
               <cell><date ana="#bk_when" when="1833-07-21">July 21st</date>to <name type="account" ref="LMWcash">cash</name>to go to Boston with</cell>
               <cell><measure ana="#bk_money #bk_to" quantity="2" unit="dollars">2</measure></cell>
               <cell>0</cell>
               <cell><measure ana="#bk_money #bk_to" quantity="6" unit="dollars">6</measure></cell>
               <cell>0</cell>
            </row>
            <span type="subheading"><date ana="#bk_when" when="1833-09-30">30</date></span>
            <row ana="#bk_entry">
<cell ana="#bk_status" corresp="#Settled">Settled</cell>
               <cell><name ana="#bk_to" type="person" ref="pers_WCDH397">Elijah H King</name>
                  <choice rend="align(right)">
                     <abbr>Dr</abbr>
                     <expan>Debtor</expan>
                  </choice><lb/></cell>
               <cell/>
               <cell/>
               <cell/>
               <cell/>
            </row>
            <row>
               <cell></cell>
               <cell>To <measure quantity="10" unit="count">10 geese</measure>70x</cell>
               <cell><measure ana="#bk_money #bk_to" quantity="7" unit="dollars">7</measure></cell>
               <cell>0</cell>
               <cell/>
               <cell/>
            </row>
            <row ana="#bk_entry">
<cell ana="#bk_status" corresp="#389">389</cell>
               <cell><name ana="#bk_to" type="person" ref="pers_WCDH229">Lincoln Clapp</name>
                  <choice rend="align(right)">
                     <abbr>Dr</abbr>
                     <expan>Debtor</expan>
                  </choice><lb/></cell>
               <cell></cell>
               <cell></cell>
               <cell/>
               <cell/>
            </row>
            <row>
               <cell/>
               <cell>By <measure unit="day">work to this date to <!--?--></measure></cell>
               <cell/>
               <cell/>
               <cell/>
               <cell/>
            </row>
            <row>
               <cell></cell>
               <cell>Feet to his fathers</cell>
               <cell/>
               <cell/>
               <cell/>
               <cell/>
            </row>
            <row>
               <cell/>
               <cell><measure quantity="58" unit="day">Fifty eight days</measure>at 20 D. per month</cell>
               <cell><measure ana="#bk_money #bk_to" quantity="44" unit="dollars">44</measure></cell>
               <cell><measure ana="#bk_money #bk_to" quantity="60" unit="dollars">60</measure></cell>
               <cell/>
               <cell/>
            </row>
            <row>
               <cell/>
               <cell>To <name type="account" ref="LMWcash">cash</name> paid Lincoln</cell>
               <cell><measure ana="#bk_money #bk_to" quantity="20" unit="dollars">20</measure></cell>
               <cell>0</cell>
               <cell/>
               <cell/>
            </row>
         </table>
            <pb n="118"/>
            <fw type="pageNum">118</fw>
            <table>
               <head><date ana="#bk_when" when="1833-10-04">text</date></head>
            <row ana="#bk_entry">
<cell ana="#bk_status" corresp="#Paid">Paid</cell>
               <cell><name ana="#bk_to" type="person" ref="pers_WCDH498">Henry M. Paine</name>
                  <choice rend="align(right)">
                     <abbr>Dr</abbr>
                     <expan>Debtor</expan>
                  </choice><lb/></cell>
               <cell/>
               <cell/>
               <cell/>
               <cell/>
            </row>
            <row>
               <cell/>
               <cell>To <name type="account" ref="LMWcash">cash</name> lent 30/</cell>
               <cell><measure ana="#bk_money #bk_to" quantity="5" unit="dollars">5</measure></cell>
               <cell>0</cell>
               <cell/>
               <cell/>
            </row>
            <row ana="#bk_entry">
<cell ana="#bk_status" corresp="#402">402</cell>
               <cell><name ana="#bk_to" type="person" ref="pers_WCDH397">Elijah H King</name>
                  <choice rend="align(right)">
                     <abbr>Dr</abbr>
                     <expan>Debtor</expan>
                  </choice><lb/></cell>
               <cell/>
               <cell></cell>
               <cell/>
               <cell></cell>
            </row>
            <row>
               <cell/>
               <cell>To <measure quantity="6" unit="count">six turkeys</measure>45x</cell>
               <cell/>
               <cell/>
               <cell/>
               <cell/>
            </row>
            <row>
               <cell></cell>
               <cell><!--?--> <measure quantity="1" unit="bushels">Bulshels apples</measure>1/6</cell>
               <cell><measure ana="#bk_money #bk_to" quantity="5" unit="dollars">5</measure></cell>
               <cell><measure ana="#bk_money #bk_to" quantity="70" unit="dollars">70</measure></cell>
               <cell/>
               <cell/>
            </row>
            <span type="subheading"><date ana="#bk_when" when="1833-10-11">11</date></span>
            <row ana="#bk_entry">
<cell ana="#bk_status" corresp="#403">403</cell>
               <cell><name ana="#bk_to" type="person" ref="pers_WCDH498">Henry M Paine</name>
                  <choice rend="align(right)">
                     <abbr>Dr</abbr>
                     <expan>Debtor</expan>
                  </choice><lb/></cell>
               <cell/>
               <cell/>
               <cell/>
               <cell/>
            </row>
            <row>
               <cell></cell>
               <cell>To <measure commodity="hogs lard" quantity="4" unit="lbs">4lbs. hogs lard</measure>10x</cell>
               <cell/>
               <cell><measure ana="#bk_money #bk_to" quantity="40" unit="dollars">40</measure></cell>
               <cell/>
               <cell/>
            </row>
               <span type="subheading"><date when="1833-10-12">12</date></span>
            <row ana="#bk_entry">
<cell ana="#bk_status" corresp="#395">395</cell>
               <cell><name ana="#bk_to" type="person" ref="pers_WCDH621">Thompson Tripp</name>
                  <choice rend="align(right)">
                     <abbr>Dr</abbr>
                     <expan>Debtor</expan>
                  </choice><lb/></cell>
               <cell/>
               <cell/>
               <cell/>
               <cell/>
            </row>
            <row>
               <cell></cell>
               <cell>To <name type="account" ref="LMWcash">cash</name>lent <measure ana="#bk_money #bk_to" quantity="0.5" unit="dollars">fifteen dollars</measure></cell>
               <cell><measure ana="#bk_money #bk_to" quantity="0.5" unit="dollars">15</measure>c</cell>
               <cell>0</cell>
               <cell/>
               <cell/>
            </row>
            <row ana="#bk_entry">
<cell ana="#bk_status" corresp="#396">396</cell>
               <cell><name ana="#bk_to" type="person" ref="pers_WCDH484">Samuel Morey</name>
                  <choice rend="align(right)">
                     <abbr>Dr</abbr>
                     <expan>Debtor</expan>
                  </choice><lb/></cell>
               <cell/>
               <cell></cell>
               <cell/>
               <cell/>
            </row>
            <row>
               <cell/>
               <cell>To <measure quantity="1" unit="cord">1 cord wood</measure>paid by P. King <measure ana="#bk_money #bk_to" quantity="3.50" unit="dollars">3.50</measure></cell><cell/>
               <cell><measure ana="#bk_money #bk_to" quantity="3" unit="dollars">3</measure></cell>
               <cell><measure ana="#bk_money #bk_to" quantity="50" unit="dollars">50</measure></cell>
               <cell/>
            </row>
            <span type="subheading"><date ana="#bk_when" when="1833-10-15">15</date></span>
            <row ana="#bk_entry">
<cell ana="#bk_status" corresp="#312">312</cell>
               <cell><name ana="#bk_to" type="person" ref="pers_WCDH375">Horace Hulet</name>
                  <choice rend="align(right)">
                     <abbr>Dr</abbr>
                     <expan>Debtor</expan>
                  </choice><lb/></cell>
               <cell/>
               <cell/>
               <cell/>
               <cell/>
            </row>
            <row>
               <cell/>
               <cell>To <measure quantity="5" unit="lbs">5lbs. lard</measure>9</cell>
               <cell></cell>
               <cell><measure ana="#bk_money #bk_to" quantity="0.5" unit="dollars">45</measure></cell>
               <cell/>
               <cell/>
            </row>
            <row>
               <cell/>
               <cell><measure quantity="1" unit="bushels">Beets</measure>20x</cell>
               <cell/> 
               <cell><measure ana="#bk_money #bk_to" quantity="20" unit="dollars">20</measure></cell>
               <cell/>
               <cell><measure ana="#bk_money #bk_to" quantity="0.5" unit="dollars">65</measure></cell>
            </row>
            <span type="subheading"><date ana="#bk_when" when="1833-10-16">16</date></span>
            <row ana="#bk_entry">
<cell ana="#bk_status" corresp="#312">312</cell>
               <cell><name ana="#bk_to" type="person" ref="pers_WCDH375">Horace Hulet</name>
                  <choice rend="align(right)">
                     <abbr>Dr</abbr>
                     <expan>Debtor</expan>
                  </choice><lb/></cell>
               <cell></cell>
               <cell></cell>
               <cell/>
               <cell/>
            </row>
            <row>
               <cell/>
               <cell>To <measure quantity="6" unit="count">six chickens</measure>1/6</cell>
               <cell><measure ana="#bk_money #bk_to" quantity="1" unit="dollars">1</measure></cell>
               <cell><measure ana="#bk_money #bk_to" quantity="50" unit="dollars">50</measure></cell>
               <cell></cell>
               <cell></cell>
            </row>
            <row>
               <cell/>
               <cell><measure quantity="2" unit="lbs">2 lbs x 2 go butter</measure> paid</cell>
               <cell></cell>
               <cell><measure ana="#bk_money #bk_to" quantity="28" unit="dollars">28</measure></cell>
               <cell><measure ana="#bk_money #bk_to" quantity="1" unit="dollars">1</measure></cell>
               <cell><measure ana="#bk_money #bk_to" quantity="78" unit="dollars">78</measure></cell>
            </row>
            <row ana="#bk_entry">
<cell ana="#bk_status" corresp="#113">113</cell>
               <cell><name ana="#bk_to" type="person" ref="pers_WCDH572">Seth Smith</name>
                  <choice rend="align(right)">
                     <abbr>Dr</abbr>
                     <expan>Debtor</expan>
                  </choice><lb/></cell>
               <cell/>
               <cell/>
               <cell/>
               <cell/>
            </row>
            <row>
               <cell></cell>
               <cell>To <measure quantity="3.5" unit="bushels">3 1/2 bulshel apples</measure>1/6</cell>
               <cell/>
               <cell><measure ana="#bk_money #bk_to" quantity="88" unit="dollars">88</measure></cell>
               <cell/>
               <cell/>
            </row>
            <span type="subheading"><date ana="#bk_when" when="1833-10-17">17</date></span>
            <row ana="#bk_entry">
<cell ana="#bk_status" corresp="#402">402</cell>
               <cell><name ana="#bk_to" type="person" ref="pers_WCDH397">Elijah H. King</name>
                  <choice rend="align(right)">
                     <abbr>Dr</abbr>
                     <expan>Debtor</expan>
                  </choice><lb/></cell>
               <cell/>
               <cell/>
               <cell/>
               <cell/>
            </row>
            <row>
               <cell></cell>
               <cell>To <measure quantity="7" unit="quarts">seven quarts milk</measure>4x</cell>
               <cell/>
               <cell><measure ana="#bk_money #bk_to" quantity="28" unit="dollars">28</measure></cell>
               <cell/>
               <cell/>
            </row>
            <span type="subheading"><date ana="#bk_when" when="1833-10-19">19</date></span>
            <row ana="#bk_entry">
<cell ana="#bk_status" corresp="#389">389</cell>
               <cell><name ana="#bk_to" type="person" ref="pers_WCDH230">Oliver Clapp</name>
                  <choice rend="align(right)">
                     <abbr>Dr</abbr>
                     <expan>Debtor</expan>
                  </choice><lb/></cell>
               <cell/>
               <cell/>
               <cell/>
               <cell/>
            </row>
            <row>
               <cell></cell>
               <cell>To 1 <!--?--> 1/6</cell>
               <cell/>
               <cell><measure ana="#bk_money #bk_to" quantity="0.5" unit="dollars">25</measure></cell>
               <cell/>
               <cell/>
            </row>
            <row ana="#bk_entry">
<cell ana="#bk_status" corresp="#393">393</cell>
               <cell><name ana="#bk_to" type="person" ref="pers_WCDH650">Wheaton Wheeler</name>
                  <choice rend="align(right)">
                     <abbr>Dr</abbr>
                     <expan>Debtor</expan>
                  </choice><lb/></cell>
               <cell></cell>
               <cell></cell>
               <cell/>
               <cell/>
            </row>
            <row>
               <cell/>
               <cell>By <measure quantity="6" unit="day">six days work</measure>42x</cell>
               <cell><measure ana="#bk_money #bk_to" quantity="2" unit="dollars">2</measure></cell>
               <cell><measure ana="#bk_money #bk_to" quantity="0.5" unit="dollars">25</measure></cell>
               <cell/>
               <cell/>
            </row>
            <span type="subheading"><date ana="#bk_when" when="1833-10-21">21</date></span>
            <row>
               <cell>Settled </cell>
               <cell><name ana="#bk_to" type="person" ref="?">Caroline Harman</name>
                  <choice rend="align(right)">
                     <abbr>Dr</abbr>
                     <expan>Debtor</expan>
                  </choice><lb/></cell>
               <cell/>
               <cell></cell>
               <cell/>
               <cell/>
            </row>
            <row>
               <cell/>
               <cell>To <measure commodity="postages of letter" quantity="1" unit="count">postages of letter</measure>10x</cell>
               <cell/>
               <cell><measure ana="#bk_money #bk_to" quantity="10" unit="dollars">10</measure></cell>
               <cell/>
               <cell></cell>
            </row>
            <span type="subheading"><date ana="#bk_when" when="1833-10-26">26</date></span>
            <row ana="#bk_entry">
<cell ana="#bk_status" corresp="#393">393</cell>
               <cell><name ana="#bk_to" type="person" ref="pers_WCDH650">Wheaton Wheeler</name>
                  <choice rend="align(right)">
                     <abbr>Dr</abbr>
                     <expan>Debtor</expan>
                  </choice><lb/></cell>
               <cell/>
               <cell/>
               <cell/>
               <cell/>
            </row>
            <row>
               <cell/>
               <cell>By <measure quantity="2" unit="day">two days work this week</measure>2/6</cell>
               <cell/>
               <cell><measure ana="#bk_money #bk_to" quantity="84" unit="dollars">84</measure></cell>
               <cell/>
               <cell/>
            </row>
         </table>
         <pb n="119"/>
         <fw type="pageNum">119</fw>
         <table>
            <head>Monday<date ana="#bk_when" when="1833-10-28">text</date></head>
            <row>
               <cell></cell>
               <cell>
                  <name ana="#bk_to" type="person" ref="pers_WCDH484">Samuel Morey</name>
                  <choice rend="align(right)">
                     <abbr>DR</abbr>
                     <expan>Debtor</expan>
                  </choice><lb/>
               </cell>
               <cell/>
               <cell/>
               <cell/>
               <cell/>
            </row>
            <row>
               <cell/>
               <cell>To <measure quantity="2" unit="bushels">two BU. cider</measure>7/6</cell>
               <cell><measure ana="#bk_money #bk_to" quantity="2" unit="dollars">2</measure></cell>
               <cell><measure ana="#bk_money #bk_to" quantity="50" unit="dollars">50</measure></cell>
               <cell/>
               <cell/>
            </row>
         </table>
            <pb n="119"/>
            <fw type="pageNum">119</fw>
            <table>
               <head><date ana="#bk_when" when="1833-11-02">text</date></head>
            <row ana="#bk_entry">
<cell ana="#bk_status" corresp="#343">343</cell>
               <cell><name ana="#bk_to" type="person" ref="pers_WCDH221">Thomas Carpenter</name>
                  <choice rend="align(right)">
                     <abbr>DR</abbr>
                     <expan>Debtor</expan>
                  </choice><lb/></cell>
               <cell></cell>
               <cell/>
               <cell></cell>
               <cell></cell>
            </row>
            <row>
               <cell/>
               <cell>By <measure quantity="1.75" unit="day">work 1x 3/4 day</measure></cell>
               <cell/>
               <cell/>
               <cell/>
               <cell/>
            </row>
            <row ana="#bk_entry">
<cell ana="#bk_status" corresp="#343">343</cell>
               <cell>To <measure quantity="1" unit="count">a hat</measure>9/</cell>
               <cell><measure ana="#bk_money #bk_to" quantity="1" unit="dollars">1</measure></cell>
               <cell><measure ana="#bk_money #bk_to" quantity="50" unit="dollars">50</measure></cell>
               <cell/>
               <cell/>
            </row>
            <row ana="#bk_entry">
<cell ana="#bk_status" corresp="#389">389</cell>
               <cell><name ana="#bk_to" type="person" ref="pers_WCDH230">Oliver Clapp</name>
                  <choice rend="align(right)">
                     <abbr>DR</abbr>
                     <expan>Debtor</expan>
                  </choice><lb/></cell>
               <cell></cell>
               <cell></cell>
               <cell/>
               <cell/>
            </row>
            <row>
               <cell/>
               <cell>To <measure quantity="1" unit="count">chips</measure>12/</cell>
               <cell><measure ana="#bk_money #bk_to" quantity="2" unit="dollars">2</measure></cell>
               <cell>0</cell>
               <cell/>
               <cell/>
            </row>
            <span type="subheading"><date ana="#bk_when" when="1833-11-06">6</date></span>
            <row ana="#bk_entry">
<cell ana="#bk_status" corresp="#Paid">Paid</cell>
               <cell><name ana="#bk_to" type="person" ref="pers_WCDH570">Noah Smith</name>
                  <choice rend="align(right)">
                     <abbr>DR</abbr>
                     <expan>Debtor</expan>
                  </choice><lb/></cell>
               <cell></cell>
               <cell></cell>
               <cell/>
               <cell/>
            </row>
            <row>
               <cell/>
               <cell>To <measure quantity="1" unit="day">chaise to Mansfield</measure>2/6</cell>
               <cell/>
               <cell><measure ana="#bk_money #bk_to" quantity="42" unit="dollars">42</measure></cell>
               <cell/>
               <cell/>
            </row>
            <row ana="#bk_entry">
<cell ana="#bk_status" corresp="#396">396</cell>
               <cell><name ana="#bk_to" type="person" ref="pers_WCDH484">Samuel Morey</name>
                  <choice rend="align(right)">
                     <abbr>DR</abbr>
                     <expan>Debtor</expan>
                  </choice><lb/></cell>
               <cell/>
               <cell/>
               <cell/>
               <cell/>
            </row>
            <row>
               <cell/>
               <cell>By cash recived for pension</cell>
               <cell><measure ana="#bk_money #bk_to" quantity="119" unit="dollars">119</measure></cell>
               <cell><measure ana="#bk_money #bk_to" quantity="0.5" unit="dollars">15</measure></cell>
               <cell/>
               <cell/>
            </row>
            <row>
               <cell/>
               <cell>To <name type="account" ref="LMWcash">cash</name> paid at the time</cell>
               <cell><measure ana="#bk_money #bk_to" quantity="50" unit="dollars">50</measure></cell>
               <cell>0</cell>
               <cell/>
               <cell/>
            </row>
            <span type="subheading"><date ana="#bk_when" when="1833-11-08">8</date></span>
            <row ana="#bk_entry">
<cell ana="#bk_status" corresp="#396">396</cell>
               <cell>To <name type="account" ref="LMWcash">cash</name><measure ana="#bk_money #bk_to" quantity="0.5" unit="dollars">twenty five dollars</measure></cell>
               <cell><measure ana="#bk_money #bk_to" quantity="0.5" unit="dollars">25</measure></cell>
               <cell>0</cell>
               <cell/>
               <cell/>
            </row>
            <span type="subheading"><date ana="#bk_when" when="1833-11-09">9</date></span>
            <row ana="#bk_entry">
<cell ana="#bk_status" corresp="#393">393</cell>
               <cell><name ana="#bk_to" type="person" ref="pers_WCDH650">Wheaton Wheeler</name>
                  <choice rend="align(right)">
                     <abbr>DR</abbr>
                     <expan>Debtor</expan>
                  </choice><lb/></cell>
               <cell/>
               <cell/>
               <cell/>
               <cell/>
            </row>
            <row>
               <cell/>
               <cell>By <measure quantity="1" unit="day">one days work this week</measure>2/6</cell>
               <cell/>
               <cell><measure ana="#bk_money #bk_to" quantity="42" unit="dollars">42</measure></cell>
               <cell/>
               <cell/>
            </row>
            <span type="subheading"><date ana="#bk_when" when="1833-11-13">13</date></span>
            <row ana="#bk_entry">
<cell ana="#bk_status" corresp="#403">403</cell>
               <cell><name ana="#bk_to" type="person" ref="pers_WCDH498">Henry M Paine </name>
                  <choice rend="align(right)">
                     <abbr>DR</abbr>
                     <expan>Debtor</expan>
                  </choice><lb/></cell>
               <cell/>
               <cell/>
               <cell/>
               <cell/>
            </row>
            <row>
               <cell></cell>
               <cell>To <measure quantity="1" unit="day">1 day</measure>. Eggs 1/</cell>
               <cell/>
               <cell><measure ana="#bk_money #bk_to" quantity="17" unit="dollars">17</measure></cell>
               <cell/>
               <cell/>
            </row>
            </table>
               <pb n="119"/>
               <fw type="pageNum">119</fw>
               <table>
                  <head><date ana="#bk_when" when="1833-11-06">text</date></head>
            <row ana="#bk_entry">
<cell ana="#bk_status" corresp="#401">401</cell>
               <cell><name ana="#bk_to" type="person" ref="?">Lorain Tarmen</name>
                  <choice rend="align(right)">
                     <abbr>DR</abbr>
                     <expan>Debtor</expan>
                  </choice><lb/></cell>
               <cell/>
               <cell></cell>
               <cell/>
               <cell/>
            </row>
            <row>
               <cell/>
               <cell>To <measure unit="day">work from this date at 7/6 per week </measure>30</cell>
               <cell/>
               <cell/>
               <cell><measure ana="#bk_money #bk_to" quantity="30" unit="dollars">30</measure></cell>
               <cell><measure ana="#bk_money #bk_to" quantity="17" unit="dollars">17</measure></cell>
            </row>
            <row ana="#bk_entry">
<cell ana="#bk_status" corresp="#395">395</cell>
               <cell><name ana="#bk_to" type="person" ref="pers_WCDH621">Thompson Tripp</name>
                  <choice rend="align(right)">
                     <abbr>DR</abbr>
                     <expan>Debtor</expan>
                  </choice><lb/></cell>
               <cell/>
               <cell/>
               <cell/>
               <cell/>
            </row>
            <row>
               <cell/>
               <cell>To paying Knowles 4/6</cell>
               <cell></cell>
               <cell><measure ana="#bk_money #bk_to" quantity="0.5" unit="dollars">75</measure></cell>
               <cell/>
               <cell/>
            </row>
            <row ana="#bk_entry">
<cell ana="#bk_status" corresp="#Paid">Paid</cell>
               <cell><name ana="#bk_to" type="person" ref="pers_WCDH574">Timothy Smith</name>
                  <choice rend="align(right)">
                     <abbr>DR</abbr>
                     <expan>Debtor</expan>
                  </choice><lb/></cell>
               <cell/>
               <cell/>
               <cell/>
               <cell/>
            </row>
            <row>
               <cell></cell>
               <cell>To <measure quantity="2" unit="day">house x chaise to Mansfield</measure></cell>
               <cell/>
               <cell><measure ana="#bk_money #bk_to" quantity="50" unit="dollars">50</measure></cell>
               <cell/>
               <cell/>
            </row>
            <span type="subheading"><date ana="#bk_when" when="1833-11-15">15</date></span>
            <row ana="#bk_entry">
<cell ana="#bk_status" corresp="#393">393</cell>
               <cell><name ana="#bk_to" type="person" ref="pers_WCDH650">Wheaton Wheeler</name>
                  <choice rend="align(right)">
                     <abbr>DR</abbr>
                     <expan>Debtor</expan>
                  </choice><lb/></cell><cell/>
               <cell></cell>
               <cell/>
               <cell/>
            </row>
            <row>
               <cell/>
               <cell>To <measure quantity="1" unit="peek">1 peek corn</measure> <measure quantity="1" unit="bushels">1 do. Rye</measure></cell>
               <cell/>
               <cell><measure ana="#bk_money #bk_to" quantity="50" unit="dollars">50</measure></cell>
               <cell/>
               <cell/>
            </row>
            <row ana="#bk_entry">
<cell ana="#bk_status" corresp="#393">393</cell>
               <cell>By <measure quantity="4" unit="day">four days work this week</measure></cell>
               <cell><measure ana="#bk_money #bk_to" quantity="1" unit="dollars">1</measure></cell>
               <cell><measure ana="#bk_money #bk_to" quantity="68" unit="dollars">68</measure></cell>
               <cell/>
               <cell/>
            </row>
            <row ana="#bk_entry">
<cell ana="#bk_status" corresp="#401">401</cell>
               <cell><name ana="#bk_to" type="person" ref="pers_WCDH434">Simeon Leonard </name>
                  <choice rend="align(right)">
                     <abbr>DR</abbr>
                     <expan>Debtor</expan>
                  </choice><lb/></cell>
               <cell></cell>
               <cell></cell>
               <cell/>
               <cell/>
            </row>
            <row>
               <cell/>
               <cell>To <measure quantity="12" unit="miles">house to Boston x Mansfield 12 miles</measure></cell>
               <cell/>
               <cell><measure ana="#bk_money #bk_to" quantity="12" unit="dollars">12</measure></cell>
               <cell/>
               <cell/>
            </row>
            <span type="subheading"><date ana="#bk_when" when="1833-11-18">18</date></span>
            <row ana="#bk_entry">
<cell ana="#bk_status" corresp="#Settled">Settled</cell>
               <cell><name ana="#bk_to" type="person" ref="?"><!--?--></name>
                  <choice rend="align(right)">
                     <abbr>DR</abbr>
                     <expan>Debtor</expan>
                  </choice><lb/></cell>
               <cell></cell>
               <cell></cell>
               <cell/>
               <cell/>
            </row>
            <row>
               <cell/>
               <cell>To oxen and wagon to <!--?--></cell>
               <cell></cell>
               <cell></cell>
               <cell></cell>
               <cell></cell>
            </row>
            <row ana="#bk_entry">
<cell ana="#bk_status" corresp="#396">396</cell>
               <cell><name ana="#bk_to" type="person" ref="pers_WCDH484">Samuel Morey</name>
                  <choice rend="align(right)">
                     <abbr>DR</abbr>
                     <expan>Debtor</expan>
                  </choice><lb/></cell>
               <cell></cell>
               <cell></cell>
               <cell/>
               <cell/>
            </row>
            <row>
               <cell/>
               <cell>To <measure quantity="2" unit="cords">two cords wood</measure>for P. King <measure ana="#bk_money #bk_to" quantity="3.56" unit="dollars">3.56</measure></cell>
               <cell><measure ana="#bk_money #bk_to" quantity="7" unit="dollars">7</measure></cell>
               <cell>0</cell>
               <cell/>
               <cell/>
            </row>
            <span type="subheading"><date ana="#bk_when" when="1833-11-23">23</date></span>
            <row ana="#bk_entry">
<cell ana="#bk_status" corresp="#393">393</cell>
               <cell><name ana="#bk_to" type="person" ref="pers_WCDH650">Wheaton Wheeler</name>
                  <choice rend="align(right)">
                     <abbr>DR</abbr>
                     <expan>Debtor</expan>
                  </choice><lb/></cell>
               <cell></cell>
               <cell></cell>
               <cell/>
               <cell/>
            </row>
            <row>
               <cell/>
               <cell>By <measure quantity="2" unit="day">two days worth this week</measure>42</cell>
               <cell/>
               <cell><measure ana="#bk_money #bk_to" quantity="84" unit="dollars">84</measure></cell>
               <cell/>
               <cell/>
            </row>
            <row ana="#bk_entry">
<cell ana="#bk_status" corresp="#398">398</cell>
               <cell><name ana="#bk_to" type="person" ref="pers_WCDH417">David B Lane</name>
                  <choice rend="align(right)">
                     <abbr>DR</abbr>
                     <expan>Debtor</expan>
                  </choice><lb/></cell>
               <cell/>
               <cell/>
               <cell/>
               <cell/>
            </row>
            <row>
               <cell/>
               <cell>To postage of paper 1 year x 2 months</cell>
               <cell></cell>
               <cell><measure ana="#bk_money #bk_to" quantity="61" unit="dollars">61</measure></cell>
               <cell/>
               <cell/>
            </row>
            <span type="subheading"><date ana="#bk_when" when="1833-11-26">26</date></span>
            <row ana="#bk_entry">
<cell ana="#bk_status" corresp="#403">403</cell>
               <cell><name ana="#bk_to" type="person" ref="pers_WCDH498">Henry M Paine </name>
                  <choice rend="align(right)">
                     <abbr>DR</abbr>
                     <expan>Debtor</expan>
                  </choice><lb/></cell>
               <cell/>
               <cell/>
               <cell/>
               <cell/>
            </row>
            <row>
               <cell/>
               <cell>To <measure quantity="3" unit="lbs">3 lbs 6 ounces lard</measure>9</cell>
               <cell></cell>
               <cell><measure ana="#bk_money #bk_to" quantity="43" unit="dollars">43</measure></cell>
               <cell/>
               <cell/>
            </row>
            <row>
               <cell/>
               <cell><measure quantity="1" unit="day">1 day</measure>. Eggs 1/</cell>
               <cell/>
               <cell><measure ana="#bk_money #bk_to" quantity="17" unit="dollars">17</measure></cell>
               <cell/>
               <cell><measure ana="#bk_money #bk_to" quantity="60" unit="dollars">60</measure></cell>
            </row>
            <row ana="#bk_entry">
<cell ana="#bk_status" corresp="#312">312</cell>
               <cell><name ana="#bk_to" type="person" ref="pers_WCDH375">Horace Hulet</name>
                  <choice rend="align(right)">
                     <abbr>DR</abbr>
                     <expan>Debtor</expan>
                  </choice><lb/></cell>
               <cell/>
               <cell/>
               <cell/>
               <cell/>
            </row>
            <row>
               <cell/>
               <cell>To <measure commodity="English hay" quantity="30" unit="lbs">30lbs. English hay</measure><measure ana="#bk_money #bk_to" quantity="20" unit="dollars">$20.00</measure>tm</cell>
               <cell/>
               <cell><measure ana="#bk_money #bk_to" quantity="30" unit="dollars">30</measure></cell>
               <cell/>
               <cell/>
            </row>
               </table>
      </body>
   </text>
</TEI>