<?xml version="1.0" encoding="UTF-8"?>
<?xml-model href="http://www.tei-c.org/release/xml/tei/custom/schema/relaxng/tei_all.rng" type="application/xml" schematypens="http://relaxng.org/ns/structure/1.0"?>
<?xml-model href="http://www.tei-c.org/release/xml/tei/custom/schema/relaxng/tei_all.rng" type="application/xml"
	schematypens="http://purl.oclc.org/dsdl/schematron"?>
<TEI xmlns="http://www.tei-c.org/ns/1.0">
   <teiHeader>
      <fileDesc>
         <titleStmt>
            <title>LMW Day Book, pp. 201-202</title>
            <author>L.M. Wheaton</author>
         </titleStmt>
         <publicationStmt>
            <p>Indication of work done and date, Wheaton College</p>
         </publicationStmt>
         <sourceDesc>
            <biblFull>
               <titleStmt>
                  <title>Account Books, pp.201-202</title>
                  <author>L.M. Wheaton</author>
                  <respStmt>
                     <resp> TEI-compatible XML markup by <name type="person">Alyssa Russell</name>
                        with corrections by <name type="person">Name</name>, <name type="person"
                           >Name</name>, and <name type="person">Name</name>.</resp>
                     <name type="person">Name</name>
                  </respStmt>
               </titleStmt>
               <publicationStmt>
                  <p>Indication of work done and date, Wheaton College</p>
               </publicationStmt>
               <sourceDesc>
                  <p> From the Marion B. Gebbie Archives and Special Collections at the Madeleine
                     Clark Wallace Library, Wheaton College </p>
               </sourceDesc>
            </biblFull>
         </sourceDesc>
      </fileDesc>
   </teiHeader>
   <text>
      <body>
         <pb n="201"/>
         <fw type="pageNum">201</fw>
         <table>
            <head>Monday <date ana="#bk_when" when="1847-08-01">August 1st 1847</date></head>
            <row ana="#bk_entry">
<cell ana="#bk_status" corresp="#512">512</cell>
               <cell>
                  <name ana="#bk_to" type="person" ref="pers_WCDH190">Geo. W. Braman</name>
                  <choice rend="align(right)">
                     <abbr>Dr</abbr>
                     <expan>Debtor</expan>
                  </choice>
               </cell>
               <cell/>
               <cell/>
               <cell/>
               <cell/>
            </row>
            <row>
               <cell/>
               <cell>To a <measure ana="#bk_commodity #bk_from" commodity="hat" quantity="1" unit="count">white hat</measure>
                  12/</cell>
               <cell><measure ana="#bk_money #bk_to" quantity="2" unit="dollars">2</measure></cell>
               <cell><measure ana="#bk_money #bk_to" quantity="0" unit="cents">00</measure></cell>
               <cell/>
               <cell/>
            </row>
            
            <row ana="#bk_entry">
<cell ana="#bk_status" corresp="#settled">settled</cell>
               <cell><name ana="#bk_to" type="person" ref="pers_WCDH118">Wheaton Wheeler</name>
                  <choice rend="align(right)">
                     <abbr>Dr</abbr>
                     <expan>Debtor</expan>
                  </choice></cell>
               <cell/>
               <cell/>
               <cell/>
               <cell/>
            </row>
            <row>
               <cell/>
               <cell>To <name type="account" ref="LMWcash">cash</name></cell>
               <cell><measure ana="#bk_money #bk_to" quantity="21" unit="dollars">21</measure></cell>
               <cell><measure ana="#bk_money #bk_to" quantity="37" unit="cents">37</measure></cell>
               <cell/>
               <cell/>
            </row>
            <span type="subheading"><date ana="#bk_when" when="1847-08-02">2</date></span>
            <row ana="#bk_entry">
<cell ana="#bk_status" corresp="#settled">settled</cell>
               <cell><name ana="#bk_to" type="person" ref="pers_WCDH118">Wheaton Wheeler</name>
                  <choice rend="align(right)">
                     <abbr>D</abbr>
                     <expan>Debtor</expan>
                  </choice></cell>
               <cell/>
               <cell/>
               <cell/>
               <cell/>
            </row>
            <row>
               <cell/>
               <cell>To <measure ana="#bk_commodity #bk_from" commodity="corn" quantity="1" unit="bushels">1 buss. corn</measure>
                  6/</cell>
               <cell><measure ana="#bk_money #bk_to" quantity="1" unit="dollars">1</measure></cell>
               <cell><measure ana="#bk_money #bk_to" quantity="0" unit="cents">00</measure></cell>
               <cell/>
               <cell/>
            </row>
            <span type="subheading"><date ana="#bk_when" when="1847-08-04">4</date></span>
            <row ana="#bk_entry">
<cell ana="#bk_status" corresp="#529">529</cell>
               <cell><name ana="#bk_to" type="person" ref="pers_WCDH269">Frank Dunaho</name>
                  <choice rend="align(right)">
                     <abbr>Dr</abbr>
                     <expan>Debtor</expan>
                  </choice></cell>
               <cell/>
               <cell/>
               <cell/>
               <cell/>
            </row>
            <row>
               <cell/>
               <cell>To goods at store <measure ana="#bk_money #bk_to" quantity="63" unit="cents"
                     >.63</measure></cell>
               <cell/>
               <cell><measure ana="#bk_money #bk_to" quantity="63" unit="cents">63</measure></cell>
               <cell/>
               <cell/>
            </row>
            <row>
               <cell/>
               <cell>To <measure ana="#bk_commodity #bk_from" commodity="garments" quantity="2" unit="count">making two
                     garments</measure>
                  <measure ana="#bk_money #bk_to" quantity="20" unit="cents">.20</measure></cell>
               <cell/>
               <cell><measure ana="#bk_money #bk_to" quantity="40" unit="cents">40</measure></cell>
               <cell><measure ana="#bk_money #bk_to" quantity="1" unit="dollars">1</measure></cell>
               <cell><measure ana="#bk_money #bk_to" quantity="03" unit="cents">03</measure></cell>
            </row>
            <span type="subheading"><date ana="#bk_when" when="1847-08-04">4</date></span>
            <row ana="#bk_entry">
<cell ana="#bk_status" corresp="#512">512</cell>
               <cell><name ana="#bk_to" type="person" ref="pers_WCDH190">Geo. W. Braman</name>
                  <choice rend="align(right)">
                     <abbr>Dr</abbr>
                     <expan>Debtor</expan>
                  </choice></cell>
               <cell/>
               <cell/>
               <cell/>
               <cell/>
            </row>
            <row>
               <cell/>
               <cell>To <name type="account" ref="LMWcash">cash</name>
                  <measure ana="#bk_money #bk_to" quantity="10" unit="dollars">ten
                  dollars</measure></cell>
               <cell><measure ana="#bk_money #bk_to" quantity="10" unit="dollars">10</measure></cell>
               <cell><measure ana="#bk_money #bk_to" quantity="0" unit="cents">00</measure></cell>
               <cell/>
               <cell/>
            </row>
            
            <row ana="#bk_entry">
<cell ana="#bk_status" corresp="#510">510</cell>
               <cell><name ana="#bk_to" type="person" ref="pers_WCDH488">Caty Nolen</name>
                  <choice rend="align(right)">
                     <abbr>Dr</abbr>
                     <expan>Debtor</expan>
                  </choice></cell>
               <cell/>
               <cell/>
               <cell/>
               <cell/>
            </row>
            <row>
               <cell/>
               <cell>To <name type="account" ref="LMWcash">cash</name>
                  <measure ana="#bk_money #bk_to" quantity="0.5" unit="dollars">twenty five
                     dollars</measure></cell>
               <cell><measure ana="#bk_money #bk_to" quantity="0.5" unit="dollars">25</measure></cell>
               <cell><measure ana="#bk_money #bk_to" quantity="0" unit="cents">00</measure></cell>
               <cell/>
               <cell/>
            </row>
            <span type="subheading"><date ana="#bk_when" when="1847-08-05">5</date></span>
            <row ana="#bk_entry">
<cell ana="#bk_status" corresp="#settled">settled</cell>
               <cell><name ana="#bk_to" type="person" ref="pers_WCDH352">John Hill</name>
                  <choice rend="align(right)">
                     <abbr>D</abbr>
                     <expan>Debtor</expan>
                  </choice></cell>
               <cell/>
               <cell/>
               <cell/>
               <cell/>
            </row>
            <row>
               <cell/>
               <cell>To <name type="account" ref="LMWcash">cash</name>
                  <measure ana="#bk_money #bk_to" quantity="30" unit="dollars">thirty
                     dollars</measure></cell>
               <cell><measure ana="#bk_money #bk_to" quantity="30" unit="dollars">30</measure></cell>
               <cell><measure ana="#bk_money #bk_to" quantity="0" unit="cents">00</measure></cell>
               <cell/>
               <cell/>
            </row>
            <span type="subheading"><date ana="#bk_when" when="1847-08-20">20</date></span>
            <row ana="#bk_entry">
<cell ana="#bk_status" corresp="#529">529</cell>
               <cell><name ana="#bk_to" type="person" ref="pers_WCDH269">Frank Dunaho</name>
                  <choice rend="align(right)">
                     <abbr>Dr</abbr>
                     <expan>Debtor</expan>
                  </choice></cell>
               <cell/>
               <cell/>
               <cell/>
               <cell/>
            </row>
            <row>
               <cell/>
               <cell>To <measure ana="#bk_commodity #bk_from" commodity="butter" quantity="2" unit="lbs">2 lbs butter</measure>
                  <measure ana="#bk_money #bk_to" quantity="0.5" unit="cents">.25</measure></cell>
               <cell/>
               <cell><measure ana="#bk_money #bk_to" quantity="50" unit="cents">50</measure></cell>
               <cell/>
               <cell/>
            </row>
            <span type="subheading"><date ana="#bk_when" when="1847-08-23">23</date></span>
            <row ana="#bk_entry">
<cell ana="#bk_status" corresp="#settled">settled</cell>
               <cell><name ana="#bk_to" type="person" ref="pers_WCDH702">William Wrigley</name>
                  <choice rend="align(right)">
                     <abbr>Dr</abbr>
                     <expan>Debtor</expan>
                  </choice></cell>
               <cell/>
               <cell/>
               <cell/>
               <cell/>
            </row>
            <row>
               <cell/>
               <cell>To <name type="account" ref="LMWcash">cash</name> towards <measure
                     ana="#bk_service #bk_from" commodity="work">work</measure></cell>
               <cell><measure ana="#bk_money #bk_to" quantity="20" unit="dollars">20</measure></cell>
               <cell><measure ana="#bk_money #bk_to" quantity="0" unit="cents">00</measure></cell>
               <cell/>
               <cell/>
            </row>
            
            <row>
               <cell>chg.? before</cell>
               <cell><name ana="#bk_to" type="person" ref="pers_WCDH164">Ka Barrows</name>
                  <choice rend="align(right)">
                     <abbr>Dr</abbr>
                     <expan>Debtor</expan>
                  </choice></cell>
               <cell/>
               <cell/>
               <cell/>
               <cell/>
            </row>
            <row>
               <cell/>
               <cell>To <measure ana="#bk_commodity #bk_from" commodity="rent" quantity="1" unit="house">house rent for
                     Harrington</measure> at <measure ana="#bk_money #bk_to" quantity="0.5"
                     unit="dollars">$55.</measure></cell>
               <cell/>
               <cell/>
               <cell/>
               <cell/>
            </row>
            <row ana="#bk_entry">
<cell ana="#bk_status" corresp="#settled">settled</cell>
               <cell><name ana="#bk_to" type="person" ref="pers_WCDH373">Linus Howard</name>
                  <choice rend="align(right)">
                     <abbr>D</abbr>
                     <expan>Debtor</expan>
                  </choice></cell>
               <cell/>
               <cell/>
               <cell/>
               <cell/>
            </row>
            <row>
               <cell/>
               <cell>To <measure ana="#bk_service #bk_from" commodity="tax">tax for school, (house and store)</measure></cell>
               <cell><measure ana="#bk_money #bk_to" quantity="2" unit="dollars">2</measure></cell>
               <cell><measure ana="#bk_money #bk_to" quantity="16" unit="cents">16</measure></cell>
               <cell/>
               <cell/>
            </row>
            
            <row ana="#bk_entry">
<cell ana="#bk_status" corresp="#settled">settled</cell>
               <cell><name ana="#bk_to" type="person" ref="pers_WCDH345">Alcot Harden</name>
                  <choice rend="align(right)">
                     <abbr>D</abbr>
                     <expan>Debtor</expan>
                  </choice></cell>
               <cell/>
               <cell/>
               <cell/>
               <cell/>
            </row>
            <row>
               <cell/>
               <cell>To <measure ana="#bk_service #bk_from" commodity="tax">tax for school house</measure></cell>
               <cell><measure ana="#bk_money #bk_to" quantity="1" unit="dollars">1</measure></cell>
               <cell><measure ana="#bk_money #bk_to" quantity="08" unit="cents">08</measure></cell>
               <cell/>
               <cell/>
            </row>
            
            <row>
               <cell/>
               <cell><name ana="#bk_to" type="person" ref="pers_WCDH615">Oliver Titus</name>
                  <choice rend="align(right)">
                     <abbr>D</abbr>
                     <expan>Debtor</expan>
                  </choice></cell>
               <cell/>
               <cell/>
               <cell/>
               <cell/>
            </row>
            <row>
               <cell/>
               <cell>To <measure ana="#bk_service #bk_from" commodity="tax">tax for school house</measure></cell>
               <cell><measure ana="#bk_money #bk_to" quantity="1" unit="dollars">1</measure></cell>
               <cell><measure ana="#bk_money #bk_to" quantity="0.5" unit="cents">35</measure></cell>
               <cell/>
               <cell/>
            </row>
            
            <row ana="#bk_entry">
<cell ana="#bk_status" corresp="#235">235</cell>
               <cell><name ana="#bk_to" type="person" ref="pers_WCDH705">Thomas Young</name>
                  <choice rend="align(right)">
                     <abbr>Dr</abbr>
                     <expan>Debtor</expan>
                  </choice></cell>
               <cell/>
               <cell/>
               <cell/>
               <cell/>
            </row>
            <row>
               <cell/>
               <cell>To <measure ana="#bk_commodity #bk_from" commodity="salt pork" quantity="8" unit="lbs">8 lbs salt pork</measure>
                  12x</cell>
               <cell><measure ana="#bk_money #bk_to" quantity="1" unit="dollars">1</measure></cell>
               <cell><measure ana="#bk_money #bk_to" quantity="04" unit="cents">04</measure></cell>
               <cell/>
               <cell/>
            </row>
            
            <row>
               <cell/>
               <cell><name ana="#bk_to" type="person" ref="pers_WCDH601">Mm. g. Sweet.</name>
                  <choice rend="align(right)">
                     <abbr>D</abbr>
                     <expan>Debtor</expan>
                  </choice></cell>
               <cell/>
               <cell/>
               <cell/>
               <cell/>
            </row>
            <row>
               <cell/>
               <cell>To <measure ana="#bk_commodity #bk_from" commodity="salt pork" quantity="8.75" unit="lbs">8 3/4 lbs salt
                     pork</measure>
                  12x</cell>
               <cell><measure ana="#bk_money #bk_to" quantity="1" unit="dollars">1</measure></cell>
               <cell><measure ana="#bk_money #bk_to" quantity="04" unit="cents">04</measure></cell>
               <cell/>
               <cell/>
            </row>
            <span type="subheading"><date ana="#bk_when" when="1847-08-30">August 30th</date></span>
            <row>
               <cell>see bill</cell>
               <cell><name ana="#bk_to" type="person" ref="v">Sarah Putnam</name>
                  <choice rend="align(right)">
                     <abbr>D</abbr>
                     <expan>Debtor</expan>
                  </choice></cell>
               <cell/>
               <cell/>
               <cell/>
               <cell/>
            </row>
            <row>
               <cell/>
               <cell>To <measure ana="#bk_commodity #bk_from" commodity="sawed pine wood" quantity="8.16" unit="ft">8ft-2inches sawed pine
                  wood</measure> <measure ana="#bk_money #bk_to" quantity="4" unit="dollars">400</measure></cell>
               <cell><measure ana="#bk_money #bk_to" quantity="4" unit="dollars">4</measure></cell>
               <cell><measure ana="#bk_money #bk_to" quantity="0.5" unit="cents">05</measure></cell>
               <cell/>
               <cell/>
            </row>
            <span type="subheading"><date ana="#bk_when" when="1847-09-02">Sept. 2nd</date></span>
            <row ana="#bk_entry">
<cell ana="#bk_status" corresp="#settled">settled</cell>
               <cell><name ana="#bk_to" type="person" ref="pers_WCDH269">Frank Dunahoe</name>
                  <choice rend="align(right)">
                     <abbr>D</abbr>
                     <expan>Debtor</expan>
                  </choice></cell>
               <cell/>
               <cell/>
               <cell/>
               <cell/>
            </row>
            <row>
               <cell/>
               <cell>To <measure ana="#bk_commodity #bk_from" commodity="trench calf boots" quantity="1" unit="pair">1/2 trench calf
                     boots</measure></cell>
               <cell><measure ana="#bk_money #bk_to" quantity="3" unit="dollars">3</measure></cell>
               <cell><measure ana="#bk_money #bk_to" quantity="0" unit="cents">00</measure></cell>
               <cell/>
               <cell/>
            </row>
            <span type="subheading"><date ana="#bk_when" when="1847-09-03">3</date></span>
            <row ana="#bk_entry">
<cell ana="#bk_status" corresp="#529">529</cell>
               <cell><name ana="#bk_to" type="person" ref="pers_WCDH269">Frank Dunahoe</name>
                  <choice rend="align(right)">
                     <abbr>Dr</abbr>
                     <expan>Debtor</expan>
                  </choice></cell>
               <cell/>
               <cell/>
               <cell/>
               <cell/>
            </row>
            <row>
               <cell/>
               <cell>To <measure ana="#bk_commodity #bk_from" commodity="coat" quantity="1" unit="count">coat</measure> and
                  <measure ana="#bk_commodity #bk_from" commodity="pants" quantity="1" unit="count">pants</measure>
                  <measure ana="#bk_money #bk_to" quantity="2.75" unit="dollars">2.75</measure></cell>
               <cell><measure ana="#bk_money #bk_to" quantity="2" unit="dollars">2</measure></cell>
               <cell><measure ana="#bk_money #bk_to" quantity="0.5" unit="cents">75</measure></cell>
               <cell/>
               <cell/>
            </row>
            
            
            
            <span type="subheading"><date ana="#bk_when" when="1847-09-10">10</date></span>
            <row ana="#bk_entry">
<cell ana="#bk_status" corresp="#510">510</cell>
               <cell><name ana="#bk_to" type="person" ref="pers_WCDH488">Caty Nolen</name>
                  <choice rend="align(right)">
                     <abbr>Dr</abbr>
                     <expan>Debtor</expan>
                  </choice></cell>
               <cell/>
               <cell/>
               <cell/>
               <cell/>
            </row>
            <row>
               <cell/>
               <cell>To <name type="account" ref="LMWcash">cash</name> fr. <measure
                  ana="#bk_service #bk_from" commodity="making" quantity="1" unit="dress">making dress</measure></cell>
               <cell><measure ana="#bk_money #bk_to" quantity="1" unit="dollars">1</measure></cell>
               <cell><measure ana="#bk_money #bk_to" quantity="10" unit="cents">10</measure></cell>
               <cell/>
               <cell/>
            </row>
            <row ana="#bk_entry">
<cell ana="#bk_status" corresp="#settled">settled</cell>
               <cell><name ana="#bk_to" type="person" ref="pers_WCDH118">Wheaton Wheeler</name>
                  <choice rend="align(right)">
                     <abbr>D</abbr>
                     <expan>Debtor</expan>
                  </choice></cell>
               <cell/>
               <cell/>
               <cell/>
               <cell/>
            </row>
            <row>
               <cell/>
               <cell>To <measure ana="#bk_commodity #bk_from" commodity="corn" quantity="1" unit="bushels">1 buss corn.</measure>
                  -</cell>
               <cell><measure ana="#bk_money #bk_to" quantity="1" unit="dollars">1</measure></cell>
               <cell><measure ana="#bk_money #bk_to" quantity="0" unit="cents">00</measure></cell>
               <cell/>
               <cell/>
            </row>
         </table>
         <pb n="202"/>
         <fw type="pageNum">202</fw>
         <table>
            <head>Saturday <date ana="#bk_when" when="1847-09-11">September 11. 1847</date></head>
            <row>
               <cell>see bill</cell>
               <cell>
                  <name ana="#bk_to" type="person" ref="x">Sarah Putnam</name>
                  <choice rend="align(right)">
                     <abbr>Dr</abbr>
                     <expan>Debtor</expan>
                  </choice>
               </cell>
               <cell/>
               <cell/>
               <cell/>
               <cell/>
            </row>
            <row>
               <cell/>
               <cell>To <measure ana="#bk_commodity #bk_from" commodity="white beans" quantity="0.5" unit="bushels">1/2 bush. white
                     beans</measure> 10/6</cell>
               <cell/>
               <cell><measure ana="#bk_money #bk_to" quantity="83" unit="cents">83</measure></cell>
               <cell/>
               <cell/>
            </row>
            
            <row ana="#bk_entry">
<cell ana="#bk_status" corresp="#167">167</cell>
               <cell><name ana="#bk_to" type="person" ref="pers_WCDH529">Chas. Reed</name>
                  <choice rend="align(right)">
                     <abbr>Dr</abbr>
                     <expan>Debtor</expan>
                  </choice></cell>
               <cell/>
               <cell/>
               <cell/>
               <cell/>
            </row>
            <row>
               <cell/>
               <cell>To <measure ana="#bk_commodity #bk_from" commodity="pasturing horse" quantity="1" unit="horse">pasturing
                     horse</measure>, <measure ana="#bk_commodity #bk_from" commodity="corn">corn</measure> etc</cell>
               <cell><measure ana="#bk_money #bk_to" quantity="2" unit="dollars">2</measure></cell>
               <cell><measure ana="#bk_money #bk_to" quantity="0" unit="cents">00</measure></cell>
               <cell/>
               <cell/>
            </row>
            <row>
               <cell/>
               <cell>" <measure ana="#bk_service #bk_from" commodity="rent" quantity="1" unit="field">house rent to
                     field</measure> 30"</cell>
               <cell><measure ana="#bk_money #bk_to" quantity="32" unit="dollars">32</measure></cell>
               <cell><measure ana="#bk_money #bk_to" quantity="50" unit="cents">50</measure></cell>
               <cell/>
               <cell/>
            </row>
            <row>
               <cell/>
               <cell>" <measure ana="#bk_service #bk_from" commodity="tax">taxes</measure> ? house <measure
                     ana="#bk_money #bk_to" quantity="1.65" unit="dollars">1.65</measure>, school
                     <measure ana="#bk_money #bk_to" quantity="2.70" unit="dollars">2.70</measure>
                  country? &amp; lower? <measure ana="#bk_money #bk_to" quantity="2.70" unit="dollars"
                     >2.70</measure></cell>
               <cell><measure ana="#bk_money #bk_to" quantity="7" unit="dollars">7</measure></cell>
               <cell><measure ana="#bk_money #bk_to" quantity="0.5" unit="cents">05</measure></cell>
               <cell><measure ana="#bk_money #bk_to" quantity="41" unit="dollars">41</measure></cell>
               <cell><measure ana="#bk_money #bk_to" quantity="0.5" unit="cents">55</measure></cell>
            </row>
            <span type="subheading"><date ana="#bk_when" when="1847-09-14">14</date></span>
            <row ana="#bk_entry">
<cell ana="#bk_status" corresp="#settled">settled</cell>
               <cell><name ana="#bk_to" type="person" ref="pers_WCDH475">Jas. O Messenger</name>
                  <choice rend="align(right)">
                     <abbr>D</abbr>
                     <expan>Debtor</expan>
                  </choice></cell>
               <cell/>
               <cell/>
               <cell/>
               <cell/>
            </row>
            <row>
               <cell/>
               <cell>To chk on bank</cell>
               <cell><measure ana="#bk_money #bk_to" quantity="50" unit="dollars">50</measure></cell>
               <cell><measure ana="#bk_money #bk_to" quantity="0" unit="cents">00</measure></cell>
               <cell/>
               <cell/>
            </row>
            <span type="subheading"><date ana="#bk_when" when="1847-09-15">15</date></span>
            <row ana="#bk_entry">
<cell ana="#bk_status" corresp="#settled">settled</cell>
               <cell><name ana="#bk_to" type="person" ref="pers_WCDH118">Wheaton Wheeler</name>
                  <choice rend="align(right)">
                     <abbr>D</abbr>
                     <expan>Debtor</expan>
                  </choice></cell>
               <cell/>
               <cell/>
               <cell/>
               <cell/>
            </row>
            <row>
               <cell/>
               <cell>To <name type="account" ref="LMWcash">cash</name></cell>
               <cell><measure ana="#bk_money #bk_to" quantity="3" unit="dollars">3</measure></cell>
               <cell><measure ana="#bk_money #bk_to" quantity="0" unit="cents">00</measure></cell>
               <cell/>
               <cell/>
            </row>
            
            <row ana="#bk_entry">
<cell ana="#bk_status" corresp="#settled">settled</cell>
               <cell><name ana="#bk_to" type="person" ref="pers_WCDH702">William Wrigley</name>
                  <choice rend="align(right)">
                     <abbr>D</abbr>
                     <expan>Debtor</expan>
                  </choice></cell>
               <cell/>
               <cell/>
               <cell/>
               <cell/>
            </row>
            <row>
               <cell/>
               <cell>To <name type="account" ref="LMWcash">cash</name> over pd. on bill -</cell>
               <cell><measure ana="#bk_money #bk_to" quantity="3" unit="dollars">3</measure></cell>
               <cell><measure ana="#bk_money #bk_to" quantity="0.5" unit="cents">45</measure></cell>
               <cell/>
               <cell/>
            </row>
            
            <row ana="#bk_entry">
<cell ana="#bk_status" corresp="#167">167</cell>
               <cell><name ana="#bk_to" type="person" ref="pers_WCDH529">Charles Reed</name>
                  <choice rend="align(right)">
                     <abbr>D</abbr>
                     <expan>Debtor</expan>
                  </choice></cell>
               <cell/>
               <cell/>
               <cell/>
               <cell/>
            </row>
            <row>
               <cell/>
               <cell>To <measure ana="#bk_service #bk_from" commodity="rent" quantity="1" unit="house">rent of house</measure>
                  &amp; to <date ana="#bk_when" when="1847-09-30">Sept. 30th</date></cell>
               <cell><measure ana="#bk_money #bk_to" quantity="32" unit="dollars">32</measure></cell>
               <cell><measure ana="#bk_money #bk_to" quantity="50" unit="cents">50</measure></cell>
               <cell/>
               <cell/>
            </row>
            <span type="subheading"><date ana="#bk_when" when="1847-09-22">22</date></span>
            <row ana="#bk_entry">
<cell ana="#bk_status" corresp="#510">510</cell>
               <cell><name ana="#bk_to" type="person" ref="pers_WCDH488">Caty Nolen</name>
                  <choice rend="align(right)">
                     <abbr>Dr</abbr>
                     <expan>Debtor</expan>
                  </choice></cell>
               <cell/>
               <cell/>
               <cell/>
               <cell/>
            </row>
            <row>
               <cell/>
               <cell>To <name type="account" ref="LMWcash">cash</name>
                  <measure ana="#bk_money #bk_to" quantity="0.5" unit="dollars">twenty five
                     dollars</measure></cell>
               <cell><measure ana="#bk_money #bk_to" quantity="0.5" unit="dollars">25</measure></cell>
               <cell><measure ana="#bk_money #bk_to" quantity="0" unit="cents">00</measure></cell>
               <cell/>
               <cell/>
            </row>
            <span type="subheading"><date ana="#bk_when" when="1847-09-25">25</date></span>
            <row ana="#bk_entry">
<cell ana="#bk_status" corresp="#510">510</cell>
               <cell><name ana="#bk_to" type="person" ref="pers_WCDH488">Caty Nolen</name>
                  <choice rend="align(right)">
                     <abbr>Cr</abbr>
                     <expan>Credit</expan>
                  </choice></cell>
               <cell/>
               <cell/>
               <cell/>
               <cell/>
            </row>
            <row>
               <cell/>
               <cell>By <measure ana="#bk_money #bk_to" quantity="0.5" unit="dollars">fifteen
                     dollars</measure> returned</cell>
               <cell><measure ana="#bk_money #bk_to" quantity="0.5" unit="dollars">15</measure></cell>
               <cell><measure ana="#bk_money #bk_to" quantity="0" unit="cents">00</measure></cell>
               <cell/>
               <cell/>
            </row>
            <row>
               <cell/>
               <cell>5?</cell>
               <cell/>
               <cell/>
               <cell/>
               <cell/>
            </row>
            <row ana="#bk_entry">
<cell ana="#bk_status" corresp="#512">512</cell>
               <cell><name ana="#bk_to" type="person" ref="pers_WCDH190">Geo. W. Braman</name>
                  <choice rend="align(right)">
                     <abbr>D</abbr>
                     <expan>Debtor</expan>
                  </choice></cell>
               <cell/>
               <cell/>
               <cell/>
               <cell/>
            </row>
            <row>
               <cell/>
               <cell>To <name type="account" ref="LMWcash">cash</name></cell>
               <cell><measure ana="#bk_money #bk_to" quantity="5" unit="dollars">5</measure></cell>
               <cell><measure ana="#bk_money #bk_to" quantity="0" unit="cents">00</measure></cell>
               <cell/>
               <cell/>
            </row>
            <span type="subheading"><date ana="#bk_when" when="1847-09-27">27</date></span>
            <row ana="#bk_entry">
<cell ana="#bk_status" corresp="#529">529</cell>
               <cell><name ana="#bk_to" type="person" ref="pers_WCDH269">Frank Dunaho</name>
                  <choice rend="align(right)">
                     <abbr>Dr</abbr>
                     <expan>Debtor</expan>
                  </choice></cell>
               <cell/>
               <cell/>
               <cell/>
               <cell/>
            </row>
            <row>
               <cell/>
               <cell>To <measure ana="#bk_commodity #bk_from" commodity="butter" quantity="13" unit="ounces">13 oz.
                     butter</measure>
                  25x pr. lb
                  -</cell>
               <cell/>
               <cell><measure ana="#bk_money #bk_to" quantity="20" unit="cents">20</measure></cell>
               <cell/>
               <cell/>
            </row>
            <row ana="#bk_entry">
<cell ana="#bk_status" corresp="#511">511</cell>
               <cell><name ana="#bk_to" type="person" ref="pers_WCDH180">Otis Blandin</name>
                  <choice rend="align(right)">
                     <abbr>Dr</abbr>
                     <expan>Debtor</expan>
                  </choice></cell>
               <cell/>
               <cell/>
               <cell/>
               <cell/>
            </row>
            <row>
               <cell/>
               <cell>To <name type="account" ref="LMWcash">cash</name></cell>
               <cell><measure ana="#bk_money #bk_to" quantity="0.5" unit="dollars">25</measure></cell>
               <cell><measure ana="#bk_money #bk_to" quantity="0" unit="cents">00</measure></cell>
               <cell/>
               <cell/>
            </row>
            <row>
               <cell/>
               <cell>" Note from <name ana="#bk_to" type="person" ref="pers_WCDH529">C. A. Reed</name></cell>
               <cell><measure ana="#bk_money #bk_to" quantity="9" unit="dollars">9</measure></cell>
               <cell><measure ana="#bk_money #bk_to" quantity="87" unit="cents">87</measure></cell>
               <cell><measure ana="#bk_money #bk_to" quantity="34" unit="dollars">34</measure></cell>
               <cell><measure ana="#bk_money #bk_to" quantity="87" unit="cents">87</measure></cell>
            </row>
            <row ana="#bk_entry">
<cell ana="#bk_status" corresp="#settled">settled</cell>
               <cell><name ana="#bk_to" type="person" ref="pers_WCDH373">Linus Howard</name>
                  <choice rend="align(right)">
                     <abbr>Dr</abbr>
                     <expan>Debtor</expan>
                  </choice></cell>
               <cell/>
               <cell/>
               <cell/>
               <cell/>
            </row>
            <row>
               <cell/>
               <cell>To highway <measure ana="#bk_service #bk_from" commodity="tax">tax for house?</measure> <measure
                     ana="#bk_money #bk_to" quantity="66" unit="cents">66x</measure> stoves? 32</cell>
               <cell><measure ana="#bk_money #bk_to" quantity="1" unit="dollars">1</measure></cell>
               <cell><measure ana="#bk_money #bk_to" quantity="98" unit="cents">98</measure></cell>
               <cell/>
               <cell/>
            </row>
            
            <row ana="#bk_entry">
<cell ana="#bk_status" corresp="#512">512</cell>
               <cell><name ana="#bk_to" type="person" ref="pers_WCDH190">Geo W. Braman</name>
                  <choice rend="align(right)">
                     <abbr>D</abbr>
                     <expan>Debtor</expan>
                  </choice></cell>
               <cell/>
               <cell/>
               <cell/>
               <cell/>
            </row>
            <row>
               <cell/>
               <cell>To highway tax</cell>
               <cell><measure ana="#bk_money #bk_to" quantity="1" unit="dollars">1</measure></cell>
               <cell><measure ana="#bk_money #bk_to" quantity="57" unit="cents">57</measure></cell>
               <cell/>
               <cell/>
            </row>
            
            <row ana="#bk_entry">
<cell ana="#bk_status" corresp="#settled">settled</cell>
               <cell><name ana="#bk_to" type="person" ref="pers_WCDH118">Wheaton Wheeler</name>
                  <choice rend="align(right)">
                     <abbr>D</abbr>
                     <expan>Debtor</expan>
                  </choice></cell>
               <cell/>
               <cell/>
               <cell/>
               <cell/>
            </row>
            <row>
               <cell/>
               <cell>To <measure ana="#bk_commodity #bk_from" commodity="corn" quantity="1" unit="bushels">1 buss. corn</measure>
                  6/</cell>
               <cell><measure ana="#bk_money #bk_to" quantity="1" unit="dollars">1</measure></cell>
               <cell><measure ana="#bk_money #bk_to" quantity="0" unit="cents">00</measure></cell>
               <cell/>
               <cell/>
            </row>
            <span type="subheading"><date ana="#bk_when" when="1847-10-11">Oct. 11</date></span>
            <row ana="#bk_entry">
<cell ana="#bk_status" corresp="#529">529</cell>
               <cell><name ana="#bk_to" type="person" ref="pers_WCDH269">Frank Dunaho</name>
                  <choice rend="align(right)">
                     <abbr>Dr</abbr>
                     <expan>Debtor</expan>
                  </choice></cell>
               <cell/>
               <cell/>
               <cell/>
               <cell/>
            </row>
            <row>
               <cell/>
               <cell>To <measure ana="#bk_commodity #bk_from" commodity="milk" quantity="104" unit="quarts">105qts milk</measure>
                  <measure ana="#bk_money #bk_to" quantity="4" unit="cents">4</measure></cell>
               <cell><measure ana="#bk_money #bk_to" quantity="4" unit="dollars">4</measure></cell>
               <cell><measure ana="#bk_money #bk_to" quantity="20" unit="cents">.20</measure></cell>
               <cell/>
               <cell/>
            </row>
            
            <row ana="#bk_entry">
<cell ana="#bk_status" corresp="#settled">settled</cell>
               <cell><name ana="#bk_to" type="person" ref="pers_WCDH637">Wm. A West.</name>
                  <choice rend="align(right)">
                     <abbr>Dr</abbr>
                     <expan>Debtor</expan>
                  </choice></cell>
               <cell/>
               <cell/>
               <cell/>
               <cell/>
            </row>
            <row>
               <cell/>
               <cell>To <measure ana="#bk_commodity #bk_from" commodity="milk" quantity="52" unit="quarts">52qts milk</measure>
                  clld. up to <date ana="#bk_when" when="1847-05-06">May 6</date> 4</cell>
               <cell><measure ana="#bk_money #bk_to" quantity="2" unit="dollars">2</measure></cell>
               <cell><measure ana="#bk_money #bk_to" quantity="08" unit="cents">08</measure></cell>
               <cell/>
               <cell/>
            </row>
            <row>
               <cell/>
               <cell>To <measure ana="#bk_commodity #bk_from" commodity="milk">milk</measure> from <date ana="#bk_when" when="1847-05-06">May
                     6</date> to</cell>
               <cell/>
               <cell/>
               <cell/>
               <cell/>
            </row>
            
            <row ana="#bk_entry">
<cell ana="#bk_status" corresp="#529">529</cell>
               <cell><name ana="#bk_to" type="person" ref="pers_WCDH269">Frank Dunaho</name>
                  <choice rend="align(right)">
                     <abbr>D</abbr>
                     <expan>Debtor</expan>
                  </choice></cell>
               <cell/>
               <cell/>
               <cell/>
               <cell/>
            </row>
            <row>
               <cell/>
               <cell>To <name type="account" ref="LMWcash">cash</name> pd. by wife 30/</cell>
               <cell><measure ana="#bk_money #bk_to" quantity="5" unit="dollars">5</measure></cell>
               <cell><measure ana="#bk_money #bk_to" quantity="0" unit="cents">00</measure></cell>
               <cell/>
               <cell/>
            </row>
            <row>
               <cell/>
               <cell>" <name type="account" ref="LMWcash">cash</name>
                  <measure ana="#bk_money #bk_to" quantity="10" unit="dollars">ten
                  dollars</measure></cell>
               <cell><measure ana="#bk_money #bk_to" quantity="10" unit="dollars">10</measure></cell>
               <cell><measure ana="#bk_money #bk_to" quantity="0" unit="cents">00</measure></cell>
               <cell><measure ana="#bk_money #bk_to" quantity="0.5" unit="dollars">15</measure></cell>
               <cell><measure ana="#bk_money #bk_to" quantity="0" unit="cents">00</measure></cell>
            </row>
            <span type="subheading"><date ana="#bk_when" when="1847-10-15">15</date></span>
            <row ana="#bk_entry">
<cell ana="#bk_status" corresp="#532">532</cell>
               <cell><name ana="#bk_to" type="person" ref="pers_WCDH705">Thas. Young</name>
                  <choice rend="align(right)">
                     <abbr>Dr</abbr>
                     <expan>Debtor</expan>
                  </choice></cell>
               <cell/>
               <cell/>
               <cell/>
               <cell/>
            </row>
            <row>
               <cell/>
               <cell>To <name type="account" ref="LMWcash">cash</name>
                  <measure ana="#bk_money #bk_to" quantity="50" unit="dollars">fifty dollars</measure>
                  as pr. receipt</cell>
               <cell><measure ana="#bk_money #bk_to" quantity="50" unit="dollars">50</measure></cell>
               <cell><measure ana="#bk_money #bk_to" quantity="0" unit="cents">00</measure></cell>
               <cell/>
               <cell/>
            </row>
            
            <row ana="#bk_entry">
<cell ana="#bk_status" corresp="#512">512</cell>
               <cell><name ana="#bk_to" type="person" ref="pers_WCDH190">Geo. W. Braman</name>
                  <choice rend="align(right)">
                     <abbr>Dr</abbr>
                     <expan>Debtor</expan>
                  </choice></cell>
               <cell/>
               <cell/>
               <cell/>
               <cell/>
            </row>
            <row>
               <cell/>
               <cell>To paying <name ana="#bk_to" type="person" ref="pers_WCDH529">Chas. A Reed.</name></cell>
               <cell/>
               <cell/>
               <cell/>
               <cell/>
            </row>
            <row ana="#bk_entry">
<cell ana="#bk_status" corresp="#settled">settled</cell>
               <cell><name ana="#bk_to" type="person" ref="pers_WCDH579">Amos Starkey's heir</name>
                  <choice rend="align(right)">
                     <abbr>Dr</abbr>
                     <expan>Debtor</expan>
                  </choice></cell>
               <cell/>
               <cell/>
               <cell/>
               <cell/>
            </row>
            <row>
               <cell/>
               <cell>To paying <name ana="#bk_to" type="person" ref="pers_WCDH529">Chas. Reed</name></cell>
               <cell><measure ana="#bk_money #bk_to" quantity="61" unit="dollars">61</measure></cell>
               <cell><measure ana="#bk_money #bk_to" quantity="0" unit="cents">00</measure></cell>
               <cell/>
               <cell/>
            </row>
         </table>
      </body>
   </text>
</TEI>
