<?xml version="1.0" encoding="UTF-8"?>
<?oxygen RNGSchema="http://www.tei-c.org/release/xml/tei/custom/schema/relaxng/tei_all.rng" type="xml"?>
<TEI xmlns="http://www.tei-c.org/ns/1.0">
   <teiHeader>
      <fileDesc>
         <titleStmt>
            <title>LMW Day Book, pp. 100-139</title>
            <author>L.M. Wheaton</author>
         </titleStmt>
         <publicationStmt>
            <p>Transcribed by Sahilia Ramirez Summer 2016, Wheaton College</p>
         </publicationStmt>
         <sourceDesc>
            <biblFull>
               <titleStmt>
                  <title>Account Books, pp.100-139</title>
                  <author>L.M. Wheaton</author>
                  <respStmt>
                     <resp> TEI-compatible XML markup by <name type="person">Sahilia Ramirez</name>
                        with corrections by <name type="person">Name</name>, <name
                           type="person">Name</name>, and <name type="person">Name</name>.</resp>
                     <name type="person">Name</name>
                  </respStmt>
               </titleStmt>
               <publicationStmt>
                  <p>Transcribed by Sahilia Ramirez Summer 2016, Wheaton College</p>
               </publicationStmt>
               <sourceDesc>
                  <p> From the Marion B. Gebbie Archives and Special Collections at the Madeleine
                     Clark Wallace Library, Wheaton College </p>
               </sourceDesc>
            </biblFull>
         </sourceDesc>
      </fileDesc>
   </teiHeader>
   <text>
      <body>
         <pb n="126"/>
         <fw type="pageNum">126</fw>
         <table>
            <head>Friday <date ana="#bk_when" when="1834-06-13">text</date></head>
            <row ana="#bk_entry">
<cell ana="#bk_status" corresp="#389">389</cell>
               <cell>
                  <name ana="#bk_to" type="person" ref="pers_WCDH230">Oliver Clapp</name>
                  <choice rend="align(right)">
                     <abbr>Dr</abbr>
                     <expan>Debtor</expan>
                  </choice><lb/>
               </cell>
               <cell/>
               <cell/>
               <cell/>
               <cell/>
            </row>
            <row>
               <cell/>
               <cell>To <measure quantity="36" unit="gallons">36 paid gallons cider</measure>10/6 per BU.</cell>
               <cell><measure ana="#bk_money #bk_to" quantity="2" unit="dollars">2</measure></cell>
               <cell><measure ana="#bk_money #bk_to" quantity="0.5" unit="dollars">05</measure></cell>
               <cell/>
               <cell/>
            </row>
            <row ana="#bk_entry">
<cell ana="#bk_status" corresp="#403">403</cell>
               <cell><name ana="#bk_to" type="person" ref="pers_WCDH498">Henry M. Paine</name>
                  <choice rend="align(right)">
                     <abbr>Dr</abbr>
                     <expan>Debtor</expan>
                  </choice><lb/></cell>
               <cell></cell>
               <cell/>
               <cell></cell>
               <cell></cell>
            </row>
            <row>
               <cell/>
               <cell>To <measure quantity="0.5" unit="bushels">1/2 BU. cider</measure>10/6</cell>
               <cell/>
               <cell><measure ana="#bk_money #bk_to" quantity="88" unit="dollars">88</measure></cell>
               <cell/>
               <cell/>
            </row>
            <row>
               <cell></cell>
               <cell> <measure quantity="9" unit="bushels">9 Buls. potatoes</measure>2/</cell>
               <cell><measure ana="#bk_money #bk_to" quantity="3" unit="dollars">3</measure></cell>
               <cell>0</cell>
               <cell><measure ana="#bk_money #bk_to" quantity="3" unit="dollars">3</measure></cell>
               <cell><measure ana="#bk_money #bk_to" quantity="88" unit="dollars">88</measure></cell>
            </row>
            <span type="subheading"><date ana="#bk_when" when="1834-06-14">14</date></span>
            <row ana="#bk_entry">
<cell ana="#bk_status" corresp="#343">343</cell>
               <cell><name ana="#bk_to" type="person" ref="pers_WCDH221">Thomas Carpenter</name>
                  <choice rend="align(right)">
                     <abbr>Dr</abbr>
                     <expan>Debtor</expan>
                  </choice><lb/></cell>
               <cell/>
               <cell/>
               <cell/>
               <cell/>
            </row>
            <row>
               <cell></cell>
               <cell>To <name type="account" ref="LMWcash">cash</name> <measure ana="#bk_money #bk_to" quantity="8" unit="dollars">eight dollars</measure></cell>
               <cell><measure ana="#bk_money #bk_to" quantity="8" unit="dollars">8</measure></cell>
               <cell>0</cell>
               <cell/>
               <cell/>
            </row>
            <span type="subheading"><date ana="#bk_when" when="1834-06-16">16</date></span>
            <row ana="#bk_entry">
<cell ana="#bk_status" corresp="#126">126</cell>
               <cell><name ana="#bk_to" type="person" ref="?">Samuel Perry <!--?--></name>
                  <choice rend="align(right)">
                     <abbr>Dr</abbr>
                     <expan>Debtor</expan>
                  </choice><lb/></cell>
               <cell/>
               <cell/>
               <cell/>
               <cell/>
            </row>
            <row>
               <cell></cell>
               <cell>To <measure quantity="9.25" unit="lbs">9 1/4 lbs. veal</measure>6x</cell>
               <cell/>
               <cell><measure ana="#bk_money #bk_to" quantity="56" unit="dollars">56</measure></cell>
               <cell/>
               <cell/>
            </row>
            <row ana="#bk_entry">
<cell ana="#bk_status" corresp="#403">403</cell>
               <cell><name ana="#bk_to" type="person" ref="pers_WCDH498">Henry M. Paine</name>
                  <choice rend="align(right)">
                     <abbr>Dr</abbr>
                     <expan>Debtor</expan>
                  </choice><lb/></cell>
               <cell></cell>
               <cell></cell>
               <cell/>
               <cell/>
            </row>
            <row>
               <cell/>
               <cell>To <measure quantity="10.75"  unit="lbs">10 3/4 veal</measure>54</cell>
               <cell/>
               <cell><measure ana="#bk_money #bk_to" quantity="52" unit="dollars">52</measure></cell>
               <cell/>
               <cell/>
            </row>
            <span type="subheading"><date ana="#bk_when" when="1834-06-18">18</date></span>
            <row ana="#bk_entry">
<cell ana="#bk_status" corresp="#403">403</cell>
               <cell><name ana="#bk_to" type="person" ref="pers_WCDH498">Henry M. Paine</name>
                  <choice rend="align(right)">
                     <abbr>Dr</abbr>
                     <expan>Debtor</expan>
                  </choice><lb/></cell>
               <cell></cell>
               <cell></cell>
               <cell/>
               <cell/>
            </row>
            <row>
               <cell/>
               <cell>To <measure commodity="old iron" quantity="100" unit="count">100 count old iron</measure>1x</cell>
               <cell><measure ana="#bk_money #bk_to" quantity="1" unit="dollars">1</measure></cell>
               <cell>0</cell>
               <cell/>
               <cell/>
            </row>
            <row ana="#bk_entry">
<cell ana="#bk_status" corresp="#399">399</cell>
               <cell><name ana="#bk_to" type="person" ref="pers_WCDH134">Asa M. Adams</name>
                  <choice rend="align(right)">
                     <abbr>Dr</abbr>
                     <expan>Debtor</expan>
                  </choice><lb/></cell>
               <cell/>
               <cell/>
               <cell/>
               <cell/>
            </row>
            <row>
               <cell/>
               <cell>To <measure commodity="pine board" quantity="23" unit="feet">23 feet pine board</measure>with <measure quantity="2">plank 2</measure>1/2</cell>
               <cell/>
               <cell><measure ana="#bk_money #bk_to" quantity="0.5" unit="dollars">35</measure></cell>
               <cell/>
               <cell/>
            </row>
            <span type="subheading"><date ana="#bk_when" when="1834-06-24">24</date></span>
            <row ana="#bk_entry">
<cell ana="#bk_status" corresp="#Settled">Settled</cell>
               <cell><name ana="#bk_to" type="person" ref="pers_WCDH504">Adin Pattin</name>
                  <choice rend="align(right)">
                     <abbr>Dr</abbr>
                     <expan>Debtor</expan>
                  </choice><lb/></cell>
               <cell/>
               <cell/>
               <cell/>
               <cell/>
            </row>
            <row>
               <cell></cell>
               <cell>To <name type="account" ref="LMWcash">cash</name> to pay Washburn 4/6</cell>
               <cell/>
               <cell><measure ana="#bk_money #bk_to" quantity="0.5" unit="dollars">75</measure></cell>
               <cell/>
               <cell/>
            </row>
            <span type="subheading"><date ana="#bk_when" when="1834-06-28">28</date></span>
            <row ana="#bk_entry">
<cell ana="#bk_status" corresp="#396">396</cell>
               <cell><name ana="#bk_to" type="person" ref="pers_WCDH484">Samuel Morey</name>
                  <choice rend="align(right)">
                     <abbr>Dr</abbr>
                     <expan>Debtor</expan>
                  </choice><lb/></cell>
               <cell/>
               <cell/>
               <cell/>
               <cell/>
            </row>
            <row>
               <cell></cell>
               <cell>To <name type="account" ref="LMWcash">cash</name>paid <!--?--> <measure ana="#bk_money #bk_to" quantity="40" unit="dollars">forty dollars</measure></cell>
               <cell><measure ana="#bk_money #bk_to" quantity="40" unit="dollars">40</measure></cell>
               <cell>0</cell>
               <cell/>
               <cell/>
            </row>
            <span type="subheading"><date ana="#bk_when" when="1834-06-30">30</date></span>
            <row ana="#bk_entry">
<cell ana="#bk_status" corresp="#343">343</cell>
               <cell><name ana="#bk_to" type="person" ref="pers_WCDH221">Thomas Carpenter</name>
                  <choice rend="align(right)">
                     <abbr>Dr</abbr>
                     <expan>Debtor</expan>
                  </choice><lb/></cell>
               <cell/>
               <cell/>
               <cell/>
               <cell/>
            </row>
            <row>
               <cell></cell>
               <cell>To <name type="account" ref="LMWcash">cash</name>, <measure ana="#bk_money #bk_to" quantity="10" unit="dollars">ten dollars</measure></cell>
               <cell><measure ana="#bk_money #bk_to" quantity="10" unit="dollars">$10</measure></cell>
               <cell>0</cell>
               <cell/>
               <cell/>
            </row>
            <row ana="#bk_entry">
<cell ana="#bk_status" corresp="#Settled">Settled</cell>
               <cell><name ana="#bk_to" type="person" ref="pers_WCDH504">Adin Pattin</name>
                  <choice rend="align(right)">
                     <abbr>Dr</abbr>
                     <expan>Debtor</expan>
                  </choice><lb/></cell>
               <cell/>
               <cell></cell>
               <cell/>
               <cell/>
            </row>
            <row>
               <cell/>
               <cell>To <name type="account" ref="LMWcash">cash</name>towards will x seller, <measure ana="#bk_money #bk_to" quantity="10" unit="dollars">ten dollars</measure></cell><cell/>
               <cell><measure ana="#bk_money #bk_to" quantity="10" unit="dollars">10</measure></cell>
               <cell>0</cell>
               <cell/>
            </row>
         </table>
            <pb n="126"/>
            <fw type="pageNum">126</fw>
            <table>
               <head><date ana="#bk_when" when="1834-07-02">text</date></head>
            <row ana="#bk_entry">
<cell ana="#bk_status" corresp="#389">389</cell>
               <cell><name ana="#bk_to" type="person" ref="pers_WCDH230">Oliver Clapp</name>
                  <choice rend="align(right)">
                     <abbr>Dr</abbr>
                     <expan>Debtor</expan>
                  </choice><lb/></cell>
               <cell/>
               <cell/>
               <cell/>
               <cell/>
            </row>
            <row>
               <cell></cell>
               <cell>To <measure quantity="1" unit="bushels">1 Buls. Potatoes</measure>2/6</cell>
               <cell/>
               <cell><measure ana="#bk_money #bk_to" quantity="42" unit="dollars">42</measure></cell>
               <cell/>
               <cell/>
            </row>
            <span type="subheading"><date ana="#bk_when" when="1834-07-05">5</date></span>
            <row ana="#bk_entry">
<cell ana="#bk_status" corresp="#Settled">Settled</cell>
               <cell><name ana="#bk_to" type="person" ref="pers_WCDH504">Adin Pattin</name>
                  <choice rend="align(right)">
                     <abbr>Dr</abbr>
                     <expan>Debtor</expan>
                  </choice><lb/></cell>
               <cell/>
               <cell/>
               <cell/>
               <cell/>
            </row>
            <row>
               <cell></cell>
               <cell>To <name type="account" ref="LMWcash">cash</name> in ful for sell, <!--?--></cell>
               <cell><measure ana="#bk_money #bk_to" quantity="4" unit="dollars">4</measure></cell>
               <cell><measure ana="#bk_money #bk_to" quantity="0.5" unit="dollars">25</measure></cell>
               <cell/>
               <cell/>
            </row>
            <row ana="#bk_entry">
<cell ana="#bk_status" corresp="#399">399</cell>
               <cell><name ana="#bk_to" type="person" ref="pers_WCDH134">Asa M. Adams</name>
                  <choice rend="align(right)">
                     <abbr>Dr</abbr>
                     <expan>Debtor</expan>
                  </choice><lb/></cell>
               <cell></cell>
               <cell></cell>
               <cell/>
               <cell/>
            </row>
            <row>
               <cell/>
               <cell>To <!--?--> John Freeman</cell>
               <cell><measure ana="#bk_money #bk_to" quantity="2" unit="dollars">2</measure></cell>
               <cell>0</cell>
               <cell></cell>
               <cell></cell>
            </row>
            <span type="subheading"><date ana="#bk_when" when="1834-07-07">7</date></span>
            <row ana="#bk_entry">
<cell ana="#bk_status" corresp="#405">405</cell>
               <cell><name ana="#bk_to" type="person" ref="pers_WCDH409">William Knowles</name>
                  <choice rend="align(right)">
                     <abbr>Dr</abbr>
                     <expan>Debtor</expan>
                  </choice><lb/></cell>
               <cell/>
               <cell/>
               <cell/>
               <cell/>
            </row>
            <row>
               <cell></cell>
               <cell>To Feet join</cell>
               <cell/>
               <cell/>
               <cell/>
               <cell/>
            </row>
            <row ana="#bk_entry">
<cell ana="#bk_status" corresp="#Settled">Settled</cell>
               <cell><name ana="#bk_to" type="person" ref="pers_WCDH579">Amas Starkey</name>
                  <choice rend="align(right)">
                     <abbr>Dr</abbr>
                     <expan>Debtor</expan>
                  </choice><lb/></cell>
               <cell></cell>
               <cell></cell>
               <cell/>
               <cell/>
            </row>
            <row>
               <cell/>
               <cell>To <measure quantity="1" unit="lbs">1 lbs. cider</measure> <measure ana="#bk_money #bk_to" quantity="2" unit="dollars">$2 00</measure></cell>
               <cell><measure ana="#bk_money #bk_to" quantity="2" unit="dollars">2</measure></cell>
               <cell>0</cell>
               <cell/>
               <cell/>
            </row>
            <row ana="#bk_entry">
<cell ana="#bk_status" corresp="#393">393</cell>
               <cell><name ana="#bk_to" type="person" ref="pers_WCDH650">Wheaton Wheeler</name>
                  <choice rend="align(right)">
                     <abbr>Dr</abbr>
                     <expan>Debtor</expan>
                  </choice><lb/></cell>
               <cell/>
               <cell/>
               <cell/>
               <cell/>
            </row>
            <row>
               <cell/>
               <cell>By <measure quantity="0.5" unit="day">1/2 Days work last week</measure>2/6</cell>
               <cell></cell>
               <cell><measure ana="#bk_money #bk_to" quantity="42" unit="dollars">42</measure></cell>
               <cell/>
               <cell/>
            </row>
            <row ana="#bk_entry">
<cell ana="#bk_status" corresp="#392">392</cell>
               <cell>To <name type="account" ref="LMWcash">cash</name> 4</cell>
               <cell/>
               <cell/>
               <cell/>
               <cell/>
            </row>
            <row ana="#bk_entry">
<cell ana="#bk_status" corresp="#396">396</cell>
               <cell><name ana="#bk_to" type="person" ref="pers_WCDH484">Samuel Morey</name>
                  <choice rend="align(right)">
                     <abbr>Dr</abbr>
                     <expan>Debtor</expan>
                  </choice><lb/></cell>
               <cell/>
               <cell/>
               <cell/>
               <cell/>
            </row>
            <row>
               <cell/>
               <cell>To <measure quantity="1" unit="bushels">one BU. cider</measure>12/</cell>
               <cell><measure ana="#bk_money #bk_to" quantity="2" unit="dollars">2</measure></cell>
               <cell>0</cell>
               <cell/>
               <cell/>
            </row>
            <row>
               <cell>Settled by rent x do</cell>
               <cell><name ana="#bk_to" type="person" ref="pers_WCDH642">James S. Washbrun</name>
                  <choice rend="align(right)">
                     <abbr>Dr</abbr>
                     <expan>Debtor</expan>
                  </choice><lb/></cell>
               <cell/>
               <cell/>
               <cell/>
               <cell/>
            </row>
            <row>
               <cell></cell>
               <cell>To <name type="account" ref="LMWcash">cash</name>4/6</cell>
               <cell/>
               <cell><measure ana="#bk_money #bk_to" quantity="0.5" unit="dollars">75</measure></cell>
               <cell/>
               <cell/>
            </row>
            <row>
               <cell/>
               <cell>By <!--?--> for agreement 9/</cell>
               <cell><measure ana="#bk_money #bk_to" quantity="1" unit="dollars">1</measure></cell>
               <cell><measure ana="#bk_money #bk_to" quantity="50" unit="dollars">50</measure></cell>
               <cell/>
               <cell/>
            </row>
         </table>
         <pb n="127"/>
         <fw type="pageNum">127</fw>
         <table>
            <head>Friday<date ana="#bk_when" when="1834-07-18">text</date></head>
            <row ana="#bk_entry">
<cell ana="#bk_status" corresp="#400">400</cell>
               <cell>
                  <name ana="#bk_to" type="person" ref="pers_WCDH225">Betsey A. Chase</name>
                  <choice rend="align(right)">
                     <abbr>DR</abbr>
                     <expan>Debtor</expan>
                  </choice><lb/>
               </cell>
               <cell/>
               <cell/>
               <cell/>
               <cell/>
            </row>
            <row>
               <cell/>
               <cell>To <name type="account" ref="LMWcash">cash</name> for <!--?--> 9</cell>
               <cell></cell>
               <cell><measure ana="#bk_money #bk_to" quantity="13" unit="dollars">13</measure></cell>
               <cell/>
               <cell/>
            </row>
            <span type="subheading"><date ana="#bk_when" when="1834-07-24">24</date></span>
            <row ana="#bk_entry">
<cell ana="#bk_status" corresp="#400">400</cell>
               <cell><name ana="#bk_to" type="person" ref="pers_WCDH225">Betsey A. Chase</name>
                  <choice rend="align(right)">
                     <abbr>Dr</abbr>
                     <expan>Debtor</expan>
                  </choice><lb/></cell>
               <cell/>
               <cell/>
               <cell/>
               <cell/>
            </row>
            <row>
               <cell></cell>
               <cell>To <name type="account" ref="LMWcash">cash</name>to go to Taunton 24/</cell>
               <cell><measure ana="#bk_money #bk_to" quantity="4" unit="dollars">4</measure></cell>
               <cell>0</cell>
               <cell/>
               <cell/>
            </row>
            <span type="subheading"><date ana="#bk_when" when="1834-07-26">26</date></span>
            <row ana="#bk_entry">
<cell ana="#bk_status" corresp="#Settled">Settled</cell>
               <cell><name ana="#bk_to" type="person" ref="pers_WCDH565">John Smith</name>
                  <choice rend="align(right)">
                     <abbr>Dr</abbr>
                     <expan>Debtor</expan>
                  </choice><lb/></cell>
               <cell/>
               <cell/>
               <cell/>
               <cell/>
            </row>
            <row>
               <cell></cell>
               <cell>To <name type="account" ref="LMWcash">cash</name>towards making Hay <measure ana="#bk_money #bk_to" quantity="10" unit="dollars">$10.00</measure></cell>
               <cell><measure ana="#bk_money #bk_to" quantity="10" unit="dollars">10</measure></cell>
               <cell>0</cell>
               <cell/>
               <cell/>
            </row>
            <span type="subheading"><date ana="#bk_when" when="1834-07-29">29</date></span>
            <row ana="#bk_entry">
<cell ana="#bk_status" corresp="#404">404</cell>
               <cell><name ana="#bk_to" type="person" ref="pers_WCDH621">Thompson Tripp</name>
                  <choice rend="align(right)">
                     <abbr>Dr</abbr>
                     <expan>Debtor</expan>
                  </choice><lb/></cell>
               <cell/>
               <cell/>
               <cell/>
               <cell/>
            </row>
            <row>
               <cell></cell>
               <cell>To <name type="account" ref="LMWcash">cash</name> <measure ana="#bk_money #bk_to" quantity="5" unit="dollars">five dollars</measure>30</cell>
               <cell><measure ana="#bk_money #bk_to" quantity="5" unit="dollars">5</measure></cell>
               <cell>0</cell>
               <cell/>
               <cell/>
            </row>
         </table>
            <pb n="127"/>
            <fw type="pageNum">127</fw>
            <table>
               <head><date ana="#bk_when" when="1834-08-05">text</date></head>
            <row ana="#bk_entry">
<cell ana="#bk_status" corresp="#Settled">Settled</cell>
               <cell><name ana="#bk_to" type="person" ref="pers_WCDH579">Amas Starkey</name>
                  <choice rend="align(right)">
                     <abbr>Dr</abbr>
                     <expan>Debtor</expan>
                  </choice><lb/></cell>
               <cell></cell>
               <cell></cell>
               <cell/>
               <cell/>
            </row>
            <row>
               <cell/>
               <cell>To <measure quantity="1" unit="bushels">1 BU. cider</measure>12/</cell>
               <cell><measure ana="#bk_money #bk_to" quantity="2" unit="dollars">2</measure></cell>
               <cell>0</cell>
               <cell/>
               <cell/>
            </row>
            <row>
               <cell></cell>
               <cell>Cash a four Days since <!--?--></cell>
               <cell><measure ana="#bk_money #bk_to" quantity="100" unit="dollars">100</measure></cell>
               <cell>0</cell>
               <cell/>
               <cell/>
            </row>
            <row ana="#bk_entry">
<cell ana="#bk_status" corresp="#Settled">Settled</cell>
               <cell><name ana="#bk_to" type="person" ref="pers_WCDH565">John Smith</name>
                  <choice rend="align(right)">
                     <abbr>Dr</abbr>
                     <expan>Debtor</expan>
                  </choice><lb/></cell>
               <cell></cell>
               <cell></cell>
               <cell/>
               <cell/>
            </row>
            <row>
               <cell/>
               <cell>To <name type="account" ref="LMWcash">cash</name> <measure ana="#bk_money #bk_to" quantity="5" unit="dollars">five dollars</measure></cell>
               <cell><measure ana="#bk_money #bk_to" quantity="5" unit="dollars">5</measure></cell>
               <cell>0</cell>
               <cell/>
               <cell/>
            </row>
            <span type="subheading"><date ana="#bk_when" when="1834-08-05">5</date></span>
            <row ana="#bk_entry">
<cell ana="#bk_status" corresp="#Paid">Paid</cell>
               <cell><name ana="#bk_to" type="person" ref="pers_WCDH498">Henry M. Paine</name>
                  <choice rend="align(right)">
                     <abbr>Dr</abbr>
                     <expan>Debtor</expan>
                  </choice><lb/></cell>
               <cell/>
               <cell></cell>
               <cell/>
               <cell/>
            </row>
            <row>
               <cell/>
               <cell>To <name type="account" ref="LMWcash">cash</name> lent 30/</cell>
               <cell><measure ana="#bk_money #bk_to" quantity="5" unit="dollars">5</measure></cell>
               <cell>0</cell>
               <cell/>
               <cell></cell>
            </row>
            <span type="subheading"><date ana="#bk_when" when="1834-08-07">7</date></span>
            <row ana="#bk_entry">
<cell ana="#bk_status" corresp="#Settled">Settled</cell>
               <cell><name ana="#bk_to" type="person" ref="pers_WCDH642">James S. Washbrun</name>
                  <choice rend="align(right)">
                     <abbr>Dr</abbr>
                     <expan>Debtor</expan>
                  </choice><lb/></cell>
               <cell/>
               <cell/>
               <cell/>
               <cell/>
            </row>
            <row>
               <cell/>
               <cell>By <measure quantity="1.75" unit="day">work one and 3/4 day</measure>3/</cell>
               <cell/>
               <cell><measure ana="#bk_money #bk_to" quantity="88" unit="dollars">88</measure></cell>
               <cell/>
               <cell/>
            </row>
            <row ana="#bk_entry">
<cell ana="#bk_status" corresp="#371">371</cell>
               <cell><name ana="#bk_to" type="person" ref="pers_WCDH201">Simeon Briggs</name>
                  <choice rend="align(right)">
                     <abbr>Dr</abbr>
                     <expan>Debtor</expan>
                  </choice><lb/></cell>
               <cell/>
               <cell/>
               <cell/>
               <cell/>
            </row>
            <row>
               <cell></cell>
               <cell>To <measure quantity="39" unit="gallons">39 Gallons cider</measure> 12/</cell>
               <cell><measure ana="#bk_money #bk_to" quantity="2" unit="dollars">2</measure></cell>
               <cell><measure ana="#bk_money #bk_to" quantity="44" unit="dollars">44</measure></cell>
               <cell/>
               <cell/>
            </row>
            <row ana="#bk_entry">
<cell ana="#bk_status" corresp="#Paid">Paid</cell>
               <cell><name ana="#bk_to" type="person" ref="?">Henry H. Crops</name>
                  <choice rend="align(right)">
                     <abbr>Dr</abbr>
                     <expan>Debtor</expan>
                  </choice><lb/></cell>
               <cell></cell>
               <cell></cell>
               <cell/>
               <cell/>
            </row>
            <row>
               <cell/>
               <cell>To <name type="account" ref="LMWcash">cash</name> lent you at Bellingham</cell>
               <cell><measure ana="#bk_money #bk_to" quantity="5" unit="dollars">5</measure></cell>
               <cell>0</cell>
               <cell/>
               <cell/>
            </row>
            <span type="subheading"><date ana="#bk_when" when="1834-08-11">11</date></span>
            <row ana="#bk_entry">
<cell ana="#bk_status" corresp="#400">400</cell>
               <cell><name ana="#bk_to" type="person" ref="pers_WCDH225">Betsey A Chase</name>
                  <choice rend="align(right)">
                     <abbr>Dr</abbr>
                     <expan>Debtor</expan>
                  </choice><lb/></cell>
               <cell/>
               <cell></cell>
               <cell/>
               <cell/>
            </row>
            <row>
               <cell/>
               <cell>To <name type="account" ref="LMWcash">cash</name> <measure ana="#bk_money #bk_to" quantity="1" unit="dollar">one dollar</measure>6/ for bonnet</cell><cell/>
               <cell><measure ana="#bk_money #bk_to" quantity="1" unit="dollars">1</measure></cell>
               <cell>0</cell>
               <cell/>
            </row>
            <span type="subheading"><date ana="#bk_when" when="1834-08-13">13</date></span>
            <row ana="#bk_entry">
<cell ana="#bk_status" corresp="#Settled">Settled</cell>
               <cell><name ana="#bk_to" type="person" ref="pers_WCDH379">Mores Hunt</name>
                  <choice rend="align(right)">
                     <abbr>Dr</abbr>
                     <expan>Debtor</expan>
                  </choice><lb/></cell>
               <cell/>
               <cell/>
               <cell/>
               <cell/>
            </row>
            <row>
               <cell/>
               <cell>To <name type="account" ref="LMWcash">cash</name>towards <!--?--> Taunton 4/</cell>
               <cell><measure ana="#bk_money #bk_to" quantity="1" unit="dollars">1</measure></cell>
               <cell><measure ana="#bk_money #bk_to" quantity="50" unit="dollars">50</measure></cell>
               <cell/>
               <cell/>
            </row>
            <row ana="#bk_entry">
<cell ana="#bk_status" corresp="#Settled">Settled</cell>
               <cell><name ana="#bk_to" type="person" ref="pers_WCDH642">James S. Washbrun</name>
                  <choice rend="align(right)">
                     <abbr>Dr</abbr>
                     <expan>Debtor</expan>
                  </choice><lb/></cell>
               <cell/>
               <cell/>
               <cell/>
               <cell/>
            </row>
            <row>
               <cell></cell>
               <cell>By <measure quantity="1" unit="day">work one day</measure> 3/</cell>
               <cell/>
               <cell><measure ana="#bk_money #bk_to" quantity="50" unit="dollars">50</measure></cell>
               <cell/>
               <cell/>
            </row>
            <span type="subheading"><date ana="#bk_when" when="1834-08-19">19</date></span>
            <row ana="#bk_entry">
<cell ana="#bk_status" corresp="#400">400</cell>
               <cell><name ana="#bk_to" type="person" ref="pers_WCDH225">Betsey A Chase</name>
                  <choice rend="align(right)">
                     <abbr>Dr</abbr>
                     <expan>Debtor</expan>
                  </choice><lb/></cell>
               <cell></cell>
               <cell></cell>
               <cell></cell>
               <cell></cell>
            </row>
            <row>
               <cell/>
               <cell>To <measure quantity="1" unit="count">paying for book</measure>30x</cell>
               <cell></cell>
               <cell><measure ana="#bk_money #bk_to" quantity="30" unit="dollars">30</measure></cell>
               <cell/>
               <cell/>
            </row>
            <span type="subheading"><date ana="#bk_when" when="1834-08-22">22</date></span>
            <row>
               <cell>Settled </cell>
               <cell><name ana="#bk_to" type="person" ref="pers_WCDH565">John Smith</name>
                  <choice rend="align(right)">
                     <abbr>Dr</abbr>
                     <expan>Debtor</expan>
                  </choice><lb/></cell>
               <cell/>
               <cell/>
               <cell/>
               <cell/>
            </row>
            <row>
               <cell/>
               <cell>To <name type="account" ref="LMWcash">cash</name> <measure ana="#bk_money #bk_to" quantity="10" unit="dollars">ten dollars</measure></cell>
               <cell><measure ana="#bk_money #bk_to" quantity="10" unit="dollars">10</measure></cell>
               <cell>0</cell>
               <cell/>
               <cell/>
            </row>
            <span type="subheading"><date ana="#bk_when" when="1834-08-23">23</date></span>
            <row ana="#bk_entry">
<cell ana="#bk_status" corresp="#Settled">Settled</cell>
               <cell><name ana="#bk_to" type="person" ref="pers_WCDH379">Mores Hunt</name>
                  <choice rend="align(right)">
                     <abbr>Dr</abbr>
                     <expan>Debtor</expan>
                  </choice><lb/></cell>
               <cell/>
               <cell/>
               <cell/>
               <cell/>
            </row>
            <row>
               <cell/>
               <cell>To <name type="account" ref="LMWcash">cash</name> 3/</cell>
               <cell></cell>
               <cell><measure ana="#bk_money #bk_to" quantity="50" unit="dollars">50</measure></cell>
               <cell/>
               <cell/>
            </row>
            <span type="subheading"><date ana="#bk_when" when="1834-08-24">24</date></span>
            <row ana="#bk_entry">
<cell ana="#bk_status" corresp="#settled">settled</cell>
               <cell><name ana="#bk_to" type="person" ref="pers_WCDH379">Mores Hunt</name>
                  <choice rend="align(right)">
                     <abbr>Dr</abbr>
                     <expan>Debtor</expan>
                  </choice><lb/></cell>
               <cell/>
               <cell/>
               <cell/>
               <cell/>
            </row>
            <row>
               <cell/>
               <cell>To <name type="account" ref="LMWcash">cash</name> 18/</cell>
               <cell><measure ana="#bk_money #bk_to" quantity="3" unit="dollars">3</measure></cell>
               <cell>0</cell>
               <cell/>
               <cell/>
            </row>
            <row>
               <cell/>
               <cell>By <!--?--> 64 feet. June <!--?--> 7/</cell>
               <cell/>
               <cell/>
               <cell/>
               <cell/>
            </row>
            <span type="subheading"><date ana="#bk_when" when="1834-08-25">25</date></span>
            <row ana="#bk_entry">
<cell ana="#bk_status" corresp="#99">99</cell>
               <cell><name ana="#bk_to" type="person" ref="pers_WCDH562">Daniel Smith</name>
                  <choice rend="align(right)">
                     <abbr>Dr</abbr>
                     <expan>Debtor</expan>
                  </choice><lb/></cell>
               <cell/>
               <cell></cell>
               <cell/>
               <cell/>
            </row>
            <row>
               <cell/>
               <cell>To <measure commodity="Pine timber" quantity="11" unit="feet">11x Feet Pine timber hard</measure></cell>
               <cell/>
               <cell></cell>
               <cell/>
               <cell></cell>
            </row>
            <span type="subheading"><date ana="#bk_when" when="1834-08-28">28</date></span>
            <row ana="#bk_entry">
<cell ana="#bk_status" corresp="#Settled">Settled</cell>
               <cell><name ana="#bk_to" type="person" ref="pers_WCDH642">James S. washbrun</name>
                  <choice rend="align(right)">
                     <abbr>Dr</abbr>
                     <expan>Debtor</expan>
                  </choice><lb/></cell>
               <cell/>
               <cell/>
               <cell/>
               <cell/>
            </row>
            <row>
               <cell/>
               <cell>By <measure quantity="1" unit="day">work one Day</measure></cell>
               <cell/>
               <cell><measure ana="#bk_money #bk_to" quantity="50" unit="dollars">50</measure></cell>
               <cell/>
               <cell/>
            </row>
            </table>
               <pb n="127"/>
               <fw type="pageNum">127</fw>
               <table>
                  <head><date ana="#bk_when" when="1834-09-03">text</date></head>
            <row ana="#bk_entry">
<cell ana="#bk_status" corresp="#Settled">Settled</cell>
               <cell><name ana="#bk_to" type="person" ref="?">Mores Hunt</name>
                  <choice rend="align(right)">
                     <abbr>Dr</abbr>
                     <expan>Debtor</expan>
                  </choice><lb/></cell>
               <cell/>
               <cell/>
               <cell/>
               <cell/>
            </row>
            <row>
               <cell/>
               <cell>To <name type="account" ref="LMWcash">cash</name> <measure ana="#bk_money #bk_to" quantity="3" unit="dollars">three dollars</measure> x<measure ana="#bk_money #bk_to" quantity="77" unit="cents">77 cents</measure></cell>
               <cell><measure ana="#bk_money #bk_to" quantity="3" unit="dollars">3</measure></cell>
               <cell><measure ana="#bk_money #bk_to" quantity="77" unit="dollars">77</measure></cell>
               <cell/>
               <cell/>
            </row>
               </table>
      </body>
   </text>
</TEI>