<?xml version="1.0" encoding="UTF-8"?>
<?oxygen RNGSchema="http://www.tei-c.org/release/xml/tei/custom/schema/relaxng/tei_all.rng" type="xml"?>
<TEI xmlns="http://www.tei-c.org/ns/1.0">
   <teiHeader>
      <fileDesc>
         <titleStmt>
            <title>LMW Day Book, pp. 100-139</title>
            <author>L.M. Wheaton</author>
         </titleStmt>
         <publicationStmt>
            <p>Transcribed by Sahilia Ramirez Summer 2016, Wheaton College</p>
         </publicationStmt>
         <sourceDesc>
            <biblFull>
               <titleStmt>
                  <title>Account Books, pp.100-139</title>
                  <author>L.M. Wheaton</author>
                  <respStmt>
                     <resp> TEI-compatible XML markup by <name type="person">Sahilia Ramirez</name>
                        with corrections by <name type="person">Name</name>, <name
                           type="person">Name</name>, and <name type="person">Name</name>.</resp>
                     <name type="person">Name</name>
                  </respStmt>
               </titleStmt>
               <publicationStmt>
                  <p>Transcribed by Sahilia Ramirez Summer 2016, Wheaton College</p>
               </publicationStmt>
               <sourceDesc>
                  <p> From the Marion B. Gebbie Archives and Special Collections at the Madeleine
                     Clark Wallace Library, Wheaton College </p>
               </sourceDesc>
            </biblFull>
         </sourceDesc>
      </fileDesc>
   </teiHeader>
   <text>
      <body>
         <pb n="120"/>
         <fw type="pageNum">120</fw>
         <table>
            <head>Saturday<date ana="#bk_when" when="1833-11-30">text</date></head>
            <row ana="#bk_entry">
               <cell>393</cell>
               <cell>
                  <name ana="#bk_to" type="person" ref="pers_WCDH650">Wheaton Wheeler </name>
                  <choice rend="align(right)">
                     <abbr>DR</abbr>
                     <expan>Debtor</expan>
                  </choice><lb/>
                  <lb/>
                  By <measure ana="#bk_service #bk_from" commodity="work" quantity="1" unit="day">one days work this week</measure>
               </cell>
               <cell/>
               <cell><measure ana="#bk_money #bk_to" quantity="42" unit="dollars">42</measure></cell>
               <cell/>
               <cell/>
            </row>
            <row ana="#bk_entry">
               <cell>403</cell>
               <cell> <name ana="#bk_to" type="person" ref="pers_WCDH498">Henry M. Paine</name>
                  <choice rend="align(right)">
                     <abbr>DR</abbr>
                     <expan>Debtor</expan>
                  </choice><lb/>
                  To <measure ana="#bk_commodity #bk_from" commodity="?" quantity="4" unit="day">chaise to <!--?--> 4 days</measure>
               </cell>
               <cell><measure ana="#bk_money #bk_to" quantity="1" unit="dollars">1</measure></cell>
               <cell><measure ana="#bk_money #bk_to" quantity="50" unit="cents">50</measure></cell>
               <cell/>
               <cell/>
            </row>
         </table>
            <pb n="120"/>
            <fw type="pageNum">120</fw>
            <table>
               <head><date ana="#bk_when" when="1833-12-03">text</date></head>
               <row ana="#bk_entry">
               <cell>312</cell>
               <cell><name ana="#bk_to" type="person" ref="pers_WCDH375">Horace Hulet</name>
                  <choice rend="align(right)">
                     <abbr>DR</abbr>
                     <expan>Debtor</expan>
                  </choice><lb/>To <name type="account" ref="LMWcash">cash</name>lent to purchase hay 18/</cell>
                  <cell><measure ana="#bk_money #bk_to" quantity="3" unit="dollars">3</measure></cell>
                  <cell>0</cell>
                  <cell/>
                  <cell/>
            </row>
            <span type="subheading"><date ana="#bk_when" when="1833-12-07">7</date></span>
               <row ana="#bk_entry">
               <cell>395</cell>
               <cell><name ana="#bk_to" type="person" ref="pers_WCDH621">Thompson Tripp</name>
                  <choice rend="align(right)">
                     <abbr>DR</abbr>
                     <expan>Debtor</expan>
                  </choice><lb/>To <name type="account" ref="LMWcash">cash</name>lent at Taunton 30/</cell>
                  <cell><measure ana="#bk_money #bk_to" quantity="5" unit="dollars">5</measure></cell>
                  <cell>0</cell>
                  <cell/>
                  <cell/>
            </row>
               <span type="subheading"><date ana="#bk_when" when="1833-12-10">10</date></span>
               <row ana="#bk_entry">
               <cell>401</cell>
               <cell><name ana="#bk_to" type="person" ref="pers_WCDH434">Simeon Leonard</name>
                  <choice rend="align(right)">
                     <abbr>DR</abbr>
                     <expan>Debtor</expan>
                  </choice><lb/>To <measure ana="#bk_commodity #bk_from" commodity="logs" quantity="2" unit="cord">two logs</measure>9/</cell>
                  <cell><measure ana="#bk_money #bk_to" quantity="1" unit="dollars">1</measure></cell>
                  <cell><measure ana="#bk_money #bk_to" quantity="50" unit="dollars">50</measure></cell>
                  <cell/>
                  <cell/>
            </row>
               <row ana="#bk_entry">
               <cell>312</cell>
               <cell><name ana="#bk_to" type="person" ref="pers_WCDH375">Horace Hulet</name>
                  <choice rend="align(right)">
                     <abbr>DR</abbr>
                     <expan>Debtor</expan>
                  </choice><lb/>By <measure ana="#bk_commodity #bk_from" commodity="boots" quantity="1" unit="count">1 for boots</measure>30/</cell>
                  <cell><measure ana="#bk_money #bk_to" quantity="5" unit="dollars">5</measure></cell>
                  <cell>0</cell>
                  <cell/>
                  <cell/>
            </row>
               <row ana="#bk_entry">
               <cell>312</cell>
               <cell><name ana="#bk_to" type="person" ref="pers_WCDH375"/>To <name type="account" ref="LMWcash">cash</name> 12/</cell>
               <cell><measure ana="#bk_money #bk_to" quantity="2" unit="dollars">2</measure></cell>
               <cell>0</cell>
               <cell/>
               <cell/>
            </row>
            <row ana="#bk_entry">
               <cell>Settled</cell>
               <cell><name ana="#bk_to" type="person" ref="pers_WCDH230">Oliver Clapp</name>
                  <choice rend="align(right)">
                     <abbr>DR</abbr>
                     <expan>Debtor</expan>
                  </choice><lb/>To <measure commodity="pump log" quantity="1" unit="count">a pump log</measure>6/</cell>
                  <cell><measure ana="#bk_money #bk_to" quantity="1" unit="dollars">1</measure></cell>
                  <cell>0</cell>
                  <cell/>
                  <cell/>
            </row>
               <row ana="#bk_entry"> 
               <cell/>
                  <cell><name ana="#bk_to" type="person" ref="pers_WCDH230"/><measure ana="#bk_commodity #bk_from" commodity="brandy">Brandy</measure>for jin cart</cell>
               <cell/>
               <cell><measure ana="#bk_money #bk_to" quantity="38" unit="dollars">38</measure></cell>
               <cell/>
               <cell/>
            </row>
               <span type="subheading"><date ana="#bk_when" when="1833-12-13">13</date></span>
               <row ana="#bk_entry">
               <cell>401</cell>
               <cell><name ana="#bk_to" type="person" ref="pers_WCDH295">Lorana Farnum</name>
                  <choice rend="align(right)">
                     <abbr>DR</abbr>
                     <expan>Debtor</expan>
                  </choice><lb/>To <name type="account" ref="LMWcash">cash</name>1/6</cell>
               <cell/>
                  <cell><measure ana="#bk_money #bk_to" quantity="0.5" unit="dollars">25</measure></cell>
               <cell/>
               <cell/>
            </row>
               <row ana="#bk_entry">
               <cell>393</cell>
               <cell><name ana="#bk_to" type="person" ref="pers_WCDH650">Wheaton Wheeler </name>
                  <choice rend="align(right)">
                     <abbr>DR</abbr>
                     <expan>Debtor</expan>
                  </choice><lb/>By <measure ana="#bk_service #bk_from" commodity="work" quantity="3" unit="day">three days work </measure>2/6</cell>
                  <cell><measure ana="#bk_money #bk_to" quantity="1" unit="dollars">1</measure></cell>
                  <cell><measure ana="#bk_money #bk_to" quantity="26" unit="dollars">26</measure></cell>
                  <cell/>
                  <cell/>
            </row>
               <span type="subheading"><date ana="#bk_when" when="1833-12-15">15</date></span>
               <row ana="#bk_entry">
               <cell>396</cell>
               <cell><name ana="#bk_to" type="person" ref="pers_WCDH484">Samuel Morey</name>
                  <choice rend="align(right)">
                     <abbr>DR</abbr>
                     <expan>Debtor</expan>
                  </choice><lb/>To <measure ana="#bk_commodity #bk_from" commodity="beef" quantity="195" unit="lbs">195 lbs. Beef </measure> <measure ana="#bk_money #bk_to" quantity="6" unit="dollars">$6. 00</measure></cell>
                  <cell><measure ana="#bk_money #bk_to" quantity="11" unit="dollars">11</measure></cell>
                  <cell><measure ana="#bk_money #bk_to" quantity="70" unit="dollars">70</measure></cell>
                  <cell/>
                  <cell/>
            </row>
               <span type="subheading"><date ana="#bk_when" when="1833-12-16">16</date></span>
               <row ana="#bk_entry">
               <cell>393</cell>
               <cell><name ana="#bk_to" type="person" ref="pers_WCDH650">Wheaton Wheeler</name>
                  <choice rend="align(right)">
                     <abbr>DR</abbr>
                     <expan>Debtor</expan>
                  </choice><lb/>To <measure ana="#bk_commodity #bk_from" commodity="grain" quantity="0.5" unit="bushels">1/2 bushel Grain</measure>6/</cell>
               <cell/>
                  <cell></cell>
                  <cell><measure ana="#bk_money #bk_to" quantity="50" unit="dollars">50</measure></cell>
                  <cell/>
            </row>
               <row ana="#bk_entry">
               <cell>312</cell>
               <cell><name ana="#bk_to" type="person" ref="pers_WCDH375">Horace Hulet</name>
                  <choice rend="align(right)">
                     <abbr>DR</abbr>
                     <expan>Debtor</expan>
                  </choice><lb/>To <measure ana="#bk_commodity #bk_from" commodity="oats" quantity="0.5" unit="bushels">1/2 Buls. Oats</measure>lent 3/6</cell>
                  <cell/>
                  <cell><measure ana="#bk_money #bk_to" quantity="29" unit="dollars">29</measure></cell>
                  <cell/>
                  <cell/>
            </row>
               <span type="subheading"><date ana="#bk_when" when="1833-12-20">20</date></span>
               <row ana="#bk_entry">
               <cell>312</cell>
               <cell><name ana="#bk_to" type="person" ref="pers_WCDH375">Horace Hulet</name>
                  <choice rend="align(right)">
                     <abbr>DR</abbr>
                     <expan>Debtor</expan>
                  </choice><lb/>To <measure commodity="beef stock" quantity="5" unit="lbs">five lbs. beef stock</measure>7x per lb</cell>
               <cell/>
                  <cell><measure ana="#bk_money #bk_to" quantity="31" unit="dollars">31</measure></cell>
                  <cell/>
                  <cell/>
            </row>
               <row ana="#bk_entry">
               <cell/>
               <cell><name ana="#bk_to" type="person" ref="pers_WCDH375"/>To <measure ana="#bk_commodity #bk_from" commodity="suet" quantity="4" unit="lbs">four lbs. Suet</measure>9x per lb</cell>
               <cell></cell>
               <cell><measure ana="#bk_money #bk_to" quantity="71" unit="dollars">71</measure></cell>
               <cell/>
               <cell/>
            </row>
               <span type="subheading"><date ana="#bk_when" when="1833-12-25">25</date></span>
               <row ana="#bk_entry">
               <cell>395</cell>
               <cell><name ana="#bk_to" type="person" ref="pers_WCDH621">Thompson Tripp</name>
                  <choice rend="align(right)">
                     <abbr>DR</abbr>
                     <expan>Debtor</expan>
                  </choice><lb/>To <measure ana="#bk_commodity #bk_from" commodity="gloves" quantity="1" unit="count">per gloves</measure>5/6</cell>
               <cell></cell>
                  <cell><measure ana="#bk_money #bk_to" quantity="92" unit="dollars">92</measure></cell>
                  <cell/>
                  <cell/>
            </row>
               <row ana="#bk_entry">
               <cell>401</cell>
               <cell><name ana="#bk_to" type="person" ref="pers_WCDH295">Lorana Farnum</name>
                  <choice rend="align(right)">
                     <abbr>DR</abbr>
                     <expan>Debtor</expan>
                  </choice><lb/>To paid for at Boston</cell>
                  <cell><measure ana="#bk_money #bk_to" quantity="2" unit="dollars">2</measure></cell>
                  <cell><measure ana="#bk_money #bk_to" quantity="67" unit="dollars">67</measure></cell>
                  <cell/>
                  <cell/>
            </row>
            <row>
               <cell/>
               <cell>For 1 8km <!--?--> 8 <!--?--></cell>
               <cell/>
               <cell><measure ana="#bk_money #bk_to" quantity="4" unit="dollars">04</measure></cell>
               <cell/>
               <cell/>
            </row>
            <row>
               <cell></cell>
               <cell>For subscription 7/6</cell>
               <cell><measure ana="#bk_money #bk_to" quantity="1" unit="dollars">1</measure></cell>
               <cell><measure ana="#bk_money #bk_to" quantity="0.5" unit="dollars">25</measure></cell>
               <cell><measure ana="#bk_money #bk_to" quantity="3" unit="dollars">3</measure></cell>
               <cell><measure ana="#bk_money #bk_to" quantity="96" unit="dollars">96</measure></cell>
            </row>
               <span type="subheading"><date ana="#bk_when" when="1833-12-26">26</date></span>
               <row ana="#bk_entry">
               <cell>343</cell>
               <cell><name ana="#bk_to" type="person" ref="pers_WCDH221">Thomas Carpenter</name>
                  <choice rend="align(right)">
                     <abbr>DR</abbr>
                     <expan>Debtor</expan>
                  </choice><lb/>To <name type="account" ref="LMWcash">cash</name>lent 6/</cell>
                  <cell><measure ana="#bk_money #bk_to" quantity="1" unit="dollars">1</measure></cell>
                  <cell>0</cell>
                  <cell/>
                  <cell/>
            </row>
               <span type="subheading"><date ana="#bk_when" when="1833-12-27">27</date></span>
               <row ana="#bk_entry">
               <cell>371</cell>
               <cell><name ana="#bk_to" type="person" ref="pers_WCDH201">Simeon Briggs</name>
                  <choice rend="align(right)">
                     <abbr>DR</abbr>
                     <expan>Debtor</expan>
                  </choice><lb/>To <measure commodity="pine timber stick" quantity="2" unit="count">stick pine timber</measure>6/</cell>
                  <cell><measure ana="#bk_money #bk_to" quantity="1" unit="dollars">1</measure></cell>
                  <cell>0</cell>
                  <cell/>
                  <cell/>
            </row>
               <row ana="#bk_entry">
               <cell>401</cell>
               <cell><name ana="#bk_to" type="person" ref="pers_WCDH434">Simeon Leonard</name>
                  <choice rend="align(right)">
                     <abbr>DR</abbr>
                     <expan>Debtor</expan>
                  </choice><lb/>To <measure ana="#bk_commodity #bk_from" commodity="apples" quantity="1" unit="peek">1 peek Apples</measure>1/</cell>
               <cell/>
                  <cell><measure ana="#bk_money #bk_to" quantity="17" unit="dollars">17</measure></cell>
                  <cell/>
                  <cell></cell>
            </row>
               <row ana="#bk_entry">
               <cell>346</cell>
               <cell><name ana="#bk_to" type="person" ref="pers_WCDH484">Samuel Morey</name>
                  <choice rend="align(right)">
                     <abbr>DR</abbr>
                     <expan>Debtor</expan>
                  </choice><lb/>To <measure ana="#bk_commodity #bk_from" commodity="wood" quantity="1" unit="cord">cord wood</measure> paid by P. King</cell>
                  <cell><measure ana="#bk_money #bk_to" quantity="3" unit="dollars">3</measure></cell>
                  <cell><measure ana="#bk_money #bk_to" quantity="50" unit="dollars">50</measure></cell>
                  <cell/>
                  <cell/>
            </row>
         </table>
         <pb n="121"/>
         <fw type="pageNum">121</fw>
         <table>
            <head>Wednesday<date ana="#bk_when" when="1834-01-01">text</date></head>
            <row ana="#bk_entry">
               <cell>402</cell>
               <cell>
                  <name ana="#bk_to" type="person" ref="pers_WCDH397">Elijah H. King</name>
                  <choice rend="align(right)">
                     <abbr>DR</abbr>
                     <expan>Debtor</expan>
                  </choice><lb/>To <measure ana="#bk_commodity #bk_from" commodity="beef" quantity="9.5" unit="lbs">9 1/2 lbs. Beef</measure>7x
               </cell>
               <cell/>
               <cell><measure ana="#bk_money #bk_to" quantity="67" unit="dollars">67</measure></cell>
               <cell/>
               <cell/>
            </row>
            <row ana="#bk_entry">
               <cell>Paid</cell>
               <cell><name ana="#bk_to" type="person" ref="pers_WCDH507">Charlotte Perry</name>
                  <choice rend="align(right)">
                     <abbr>DR</abbr>
                     <expan>Debtor</expan>
                  </choice><lb/>To <measure ana="#bk_commodity #bk_from" commodity="beef" quantity="9" unit="lbs">9 lbs. Beef</measure>7x</cell>
               <cell></cell>
               <cell><measure ana="#bk_money #bk_to" quantity="63" unit="dollars">63</measure></cell>
               <cell/>
               <cell/>
            </row>
            <row ana="#bk_entry">
               <cell>401</cell>
               <cell><name ana="#bk_to" type="person" ref="pers_WCDH434">Simeon Leonard</name>
                  <choice rend="align(right)">
                     <abbr>DR</abbr>
                     <expan>Debtor</expan>
                  </choice><lb/>To <measure ana="#bk_commodity #bk_from" commodity="apples" quantity="1" unit="bushels">1 bu. Apples</measure>8/</cell>
               <cell><measure ana="#bk_money #bk_to" quantity="1" unit="dollars">1</measure></cell>
               <cell><measure ana="#bk_money #bk_to" quantity="33" unit="dollars">33</measure></cell>
               <cell/>
               <cell/>
            </row>
            <row ana="#bk_entry">
               <cell>Settled</cell>
               <cell><name ana="#bk_to" type="person" ref="pers_WCDH217">Daniel Carpenter</name>
                  <choice rend="align(right)">
                     <abbr>DR</abbr>
                     <expan>Debtor</expan>
                  </choice><lb/>To a <measure ana="#bk_commodity #bk_from" commodity="cow" quantity="1">five years old cow</measure></cell>
               <cell><measure ana="#bk_money #bk_to" quantity="14" unit="dollars">14</measure></cell>
               <cell>0</cell>
               <cell/>
               <cell/>
            </row>
            <row ana="#bk_entry">
               <cell/>
               <cell><name ana="#bk_to" type="person" ref="pers_WCDH217"/>By <measure ana="#bk_commodity #bk_from" commodity="pig" quantity="141" unit="lbs">141 lbs. pig</measure>6x</cell>
               <cell><measure ana="#bk_money #bk_to" quantity="8" unit="dollars">8</measure></cell>
               <cell><measure ana="#bk_money #bk_to" quantity="46" unit="dollars">46</measure></cell>
               <cell/>
               <cell/>
            </row>
            <row ana="#bk_entry">
               <cell>401</cell>
               <cell><name ana="#bk_to" type="person" ref="pers_WCDH434">Simeon Leonard</name>
                  <choice rend="align(right)">
                     <abbr>DR</abbr>
                     <expan>Debtor</expan>
                  </choice><lb/>By <measure ana="#bk_commodity #bk_from" commodity="carting" quantity="1" unit="ton">carting 1 ton</measure>from Taunton on Saturday</cell>
               <cell><measure ana="#bk_money #bk_to" quantity="1" unit="dollars">1</measure></cell>
               <cell>0</cell>
               <cell/>
               <cell/>
            </row>
            <span type="subheading"><date ana="#bk_when" when="1834-01-08">8</date></span>
            <row ana="#bk_entry">
               <cell>Paid</cell>
               <cell><name ana="#bk_to" type="person" ref="pers_WCDH574">Timothy Smith</name>
                  <choice rend="align(right)">
                     <abbr>DR</abbr>
                     <expan>Debtor</expan>
                  </choice><lb/>To <measure ana="#bk_commodity #bk_from" commodity="lard" quantity="5" unit="lbs">5 lbs. lard</measure>10x</cell>
               <cell/>
               <cell><measure ana="#bk_money #bk_to" quantity="50" unit="dollars">50</measure></cell>
               <cell/>
               <cell/>
            </row>
            <row ana="#bk_entry">
               <cell>396</cell>
               <cell><name ana="#bk_to" type="person" ref="pers_WCDH484">Samuel Morey</name>
                  <choice rend="align(right)">
                     <abbr>DR</abbr>
                     <expan>Debtor</expan>
                  </choice><lb/>To <name type="account" ref="LMWcash">cash</name>sent you by Daniel</cell>
               <cell><measure ana="#bk_money #bk_to" quantity="0.5" unit="dollars">15</measure></cell>
               <cell>0</cell>
               <cell/>
               <cell/>
            </row>
            <span type="subheading"><date ana="#bk_when" when="1834-01-13">13</date></span>
            <row ana="#bk_entry">
               <cell>396</cell>
               <cell><name ana="#bk_to" type="person" ref="pers_WCDH417">David b. Lane</name>
                  <choice rend="align(right)">
                     <abbr>DR</abbr>
                     <expan>Debtor</expan>
                  </choice><lb/>By <name type="account" ref="LMWcash">cash</name></cell>
               <cell><measure ana="#bk_money #bk_to" quantity="4" unit="dollars">4</measure></cell>
               <cell><measure ana="#bk_money #bk_to" quantity="36" unit="dollars">36</measure></cell>
               <cell/>
               <cell></cell>
            </row>
            <span type="subheading"><date ana="#bk_when" when="1834-01-15">15</date></span>
            <row ana="#bk_entry">
               <cell>395</cell>
               <cell><name ana="#bk_to" type="person" ref="pers_WCDH621">Thompson Tripp</name>
                  <choice rend="align(right)">
                     <abbr>DR</abbr>
                     <expan>Debtor</expan>
                  </choice><lb/>To <name type="account" ref="LMWcash">cash</name>lent 30/</cell>
               <cell><measure ana="#bk_money #bk_to" quantity="5" unit="dollars">5</measure></cell>
               <cell>0</cell>
               <cell/>
               <cell/>
            </row>
            <span type="subheading"><date ana="#bk_when" when="1834-01-17">17</date></span>
            <row ana="#bk_entry">
               <cell>401</cell>
               <cell><name ana="#bk_to" type="person" ref="pers_WCDH295">Lorana Farnum</name>
                  <choice rend="align(right)">
                     <abbr>DR</abbr>
                     <expan>Debtor</expan>
                  </choice><lb/>To <measure commodity="lace footing" quantity="1" unit="count">lace footing</measure>/9</cell>
               <cell/>
               <cell><measure ana="#bk_money #bk_to" quantity="12.5" unit="dollars">12 1/2</measure></cell>
               <cell/>
               <cell/>
            </row>
            <row ana="#bk_entry">
               <cell>393</cell>
               <cell><name ana="#bk_to" type="person" ref="pers_WCDH650">Wheaton Wheeler</name>
                  <choice rend="align(right)">
                     <abbr>DR</abbr>
                     <expan>Debtor</expan>
                  </choice><lb/>By <measure ana="#bk_service #bk_from" commodity="work" quantity="1" unit="day">work one day last week</measure>2/6</cell>
               <cell/>
               <cell><measure ana="#bk_money #bk_to" quantity="42" unit="dollars">42</measure></cell>
               <cell/>
               <cell/>
            </row>
            <row ana="#bk_entry">
               <cell>343</cell>
               <cell><name ana="#bk_to" type="person" ref="pers_WCDH221">Thomas Carpenter</name>
                  <choice rend="align(right)">
                     <abbr>DR</abbr>
                     <expan>Debtor</expan>
                  </choice><lb/>To <measure ana="#bk_commodity #bk_from" commodity="beef" quantity="116" unit="lbs">116 lbs. Beef</measure><measure ana="#bk_money #bk_to" quantity="4.50" unit="dollars">4 50</measure></cell>
               <cell/>
               <cell><measure ana="#bk_money #bk_to" quantity="5" unit="dollars">5</measure></cell>
               <cell><measure ana="#bk_money #bk_to" quantity="22" unit="dollars">22</measure></cell>
               <cell/>
            </row>
            <span type="subheading"><date ana="#bk_when" when="1834-01-18">18</date></span>
            <row ana="#bk_entry">
               <cell>393</cell>
               <cell><name ana="#bk_to" type="person" ref="#">Wheaton Wheeler</name>
                  <choice rend="align(right)">
                     <abbr>DR</abbr>
                     <expan>Debtor</expan>
                  </choice><lb/>To <measure ana="#bk_commodity #bk_from" commodity="corn" quantity="0.5" unit="bushels">1/2 Buls corn</measure>6/
                  <lb/></cell>
               <cell/>
               <cell><measure ana="#bk_money #bk_to" quantity="50" unit="dollars">50</measure></cell>
               <cell/>
               <cell/>
            </row>
            <row ana="#bk_entry">
               <cell>393</cell>
               <cell><name type="person" ref="#pers_WCDH650" ana="#bk_to"/> By <measure ana="#bk_serivce #bk_from" commodity="work" quantity="2.5" unit="day">two x half days work this week</measure> 42x</cell>
               <cell><measure ana="#bk_money #bk_to" quantity="1" unit="dollars">1</measure></cell>
               <cell><measure ana="#bk_money #bk_to" quantity="0.5" unit="dollars">05</measure></cell>
               <cell/>
               <cell/>
            </row>
            <span type="subheading"><date ana="#bk_when" when="1834-01-29">29</date></span>
            <row ana="#bk_entry">
               <cell>396</cell>
               <cell><name ana="#bk_to" type="person" ref="pers_WCDH484">Samuel Morey</name>
                  <choice rend="align(right)">
                     <abbr>DR</abbr>
                     <expan>Debtor</expan>
                  </choice><lb/>To <measure ana="#bk_money #bk_to" quantity="5" unit="dollars">five dollars</measure> <name type="account" ref="LMWcash">cash</name>lent 30/</cell>
               <cell><measure ana="#bk_money #bk_to" quantity="5" unit="dollars">5</measure></cell>
               <cell>0</cell>
               <cell></cell>
               <cell></cell>
            </row>
            <row ana="#bk_entry">
               <cell>312</cell>
               <cell><name ana="#bk_to" type="person" ref="pers_WCDH375">Horace Hulet</name>
                  <choice rend="align(right)">
                     <abbr>DR</abbr>
                     <expan>Debtor</expan>
                  </choice><lb/>To rent of shop agreement to <date when="1834-04-01">April 1st 1834</date></cell>
               <cell><measure ana="#bk_money #bk_to" quantity="10" unit="dollars">10</measure></cell>
               <cell>0</cell>
               <cell/>
               <cell/>
            </row>
            <span type="subheading"><date ana="#bk_when" when="1834-02-08">8</date></span>
            <row ana="#bk_entry">
               <cell>395</cell>
               <cell><name ana="#bk_to" type="person" ref="pers_WCDH621">Thompson Tripp</name>
                  <choice rend="align(right)">
                     <abbr>DR</abbr>
                     <expan>Debtor</expan>
                  </choice><lb/>To <measure ana="#bk_commodity #bk_from" commodity="pantloons" quantity="1" unit="count">per pantloons</measure>18/</cell>
               <cell><measure ana="#bk_money #bk_to" quantity="3" unit="dollars">3</measure></cell>
               <cell>0</cell>
               <cell/>
               <cell/>
            </row>
            <row ana="#bk_entry">
               <cell>343</cell>
               <cell><name ana="#bk_to" type="person" ref="pers_WCDH221">Thomas Carpenter</name>
                  <choice rend="align(right)">
                     <abbr>DR</abbr>
                     <expan>Debtor</expan>
                  </choice><lb/>To a grower 2/</cell>
               <cell/>
               <cell><measure ana="#bk_money #bk_to" quantity="33" unit="dollars">33</measure></cell>
               <cell/>
               <cell/>
            </row>
            <span type="subheading"><date ana="#bk_when" when="1834-02-12">12</date></span>
            <row ana="#bk_entry">
               <cell>403</cell>
               <cell><name ana="#bk_to" type="person" ref="pers_WCDH498">Henry M. Paine</name>
                  <choice rend="align(right)">
                     <abbr>DR</abbr>
                     <expan>Debtor</expan>
                  </choice><lb/>To <measure ana="#bk_commodity #bk_from" commodity="tallow" quantity="7" unit="lbs">7 lbs. tallow</measure>8x</cell>
               <cell/>
               <cell><measure ana="#bk_money #bk_to" quantity="56" unit="dollars">56</measure></cell>
               <cell/>
               <cell/>
            </row>
         </table>
      </body>
   </text>
</TEI>