<TEI xmlns="http://www.tei-c.org/ns/1.0">
   <teiHeader>
      <fileDesc>
         <titleStmt>
            <title>LMW Day Book, pp. 195-196</title>
            <author>L.M. Wheaton</author>
         </titleStmt>
         <publicationStmt>
            <p>Indication of work done and date, Wheaton College</p>
         </publicationStmt>
         <sourceDesc>
            <biblFull>
               <titleStmt>
                  <title>Account Books, pp.195-196</title>
                  <author>L.M. Wheaton</author>
                  <respStmt>
                     <resp> TEI-compatible XML markup by <name type="person">Alyssa Russell</name>
                        with corrections by <name type="person">Name</name>, <name type="person"
                           >Name</name>, and <name type="person">Name</name>.</resp>
                     <name type="person">Name</name>
                  </respStmt>
               </titleStmt>
               <publicationStmt>
                  <p>Indication of work done and date, Wheaton College</p>
               </publicationStmt>
               <sourceDesc>
                  <p> From the Marion B. Gebbie Archives and Special Collections at the Madeleine
                     Clark Wallace Library, Wheaton College </p>
               </sourceDesc>
            </biblFull>
         </sourceDesc>
      </fileDesc>
   </teiHeader>
   <text>
      <body>
         <pb n="195"/>
         <fw type="pageNum">195</fw>
         <table>
            <head>Wednesday <date ana="#bk_when" when="1846-07-15">July 15th 1846</date></head>
            <row>
               <cell/>
               <cell/>
               <cell>&#36;</cell>
               <cell>cts</cell>
               <cell/>
               <cell/>
            </row>
            <row ana="#bk_entry">
<cell ana="#bk_status" corresp="#Paid">Paid</cell>
               <cell><name ana="#bk_to" type="person" ref="pers_WCDH181">Sumner Blandin
               </name>
               </cell>
               <cell/>
               <cell/>
               <cell/>
               <cell/>
            </row>
            <row>
               <cell/>
               <cell>To ? ? of a farm when done</cell>
               <cell><measure ana="#bk_money #bk_to" quantity="130" unit="dollars">130</measure></cell>
               <cell><measure ana="#bk_money #bk_to" quantity="0" unit="cents">00-</measure></cell>
               <cell/>
               <cell/>
            </row>
            <row>
               <cell/>
               <cell><measure ana="#bk_money #bk_to" quantity="130" unit="dollars">One hundred and
                     thirty dollars</measure></cell>
               <cell/>
               <cell/>
               <cell/>
               <cell/>
            </row>
            <row>
               <cell/>
               <cell><choice rend="align(right)">
                     <abbr>Dr</abbr>
                     <expan>debtor</expan>
                  </choice><lb/></cell>
               <cell/>
               <cell/>
               <cell/>
               <cell/>
            </row>
            <row ana="#bk_entry">
<cell ana="#bk_status" corresp="#settled">settled</cell>
               <cell>To <name type="account" ref="LMWcash">cash</name> <measure ana="#bk_money #bk_to" quantity="10" unit="dollars">ten
                     dollars</measure></cell>
               <cell><measure ana="#bk_money #bk_to" quantity="10" unit="dollars">10</measure></cell>
               <cell><measure ana="#bk_money #bk_to" quantity="0" unit="cents">00</measure></cell>
               <cell/>
               <cell/>
            </row>
            <span type="subheading"><date ana="#bk_when" when="1846-07-16">16</date></span>
            <row ana="#bk_entry">
<cell ana="#bk_status" corresp="#529">529</cell>
               <cell><name ana="#bk_to" type="person" ref="pers_WCDH269">Frank Dunahoe</name>
                  <choice rend="align(right)">
                     <abbr>Dr</abbr>
                     <expan>debtor</expan>
                  </choice><lb/></cell>
               <cell/>
               <cell/>
               <cell/>
               <cell/>
            </row>
            <row>
               <cell/>
               <cell>To <measure ana="#bk_commodity #bk_from" commodity="butter" quantity="2.10" unit="lbs">2lbs 10oz.
                     butter</measure>
                  <measure ana="#bk_money #bk_to" quantity="16" unit="cents">16x-</measure></cell>
               <cell/>
               <cell><measure ana="#bk_money #bk_to" quantity="41" unit="cents">41</measure></cell>
               <cell/>
               <cell/>
            </row>
            <span type="subheading"><date ana="#bk_when" when="1846-08-03">August. 3rd</date></span>
            <row ana="#bk_entry">
<cell ana="#bk_status" corresp="#529">529</cell>
               <cell><name ana="#bk_to" type="person" ref="pers_WCDH269">Frank Dunahoe</name>
                  <choice rend="align(right)">
                     <abbr>D</abbr>
                     <expan>debtor</expan>
                  </choice><lb/></cell>
               <cell/>
               <cell/>
               <cell/>
               <cell/>
            </row>
            <row>
               <cell/>
               <cell>To <name type="account" ref="LMWcash">cash</name> <measure ana="#bk_money #bk_to" quantity="10" unit="dollars">ten
                     dollars</measure></cell>
               <cell><measure ana="#bk_money #bk_to" quantity="10" unit="dollars">10</measure></cell>
               <cell><measure ana="#bk_money #bk_to" quantity="0" unit="cents">00</measure></cell>
               <cell/>
               <cell/>
            </row>
            <span type="subheading"><date ana="#bk_when" when="1846-08-03">"</date></span>
            <row ana="#bk_entry">
<cell ana="#bk_status" corresp="#Settled">Settled</cell>
               <cell/>
               <cell/>
               <cell/>
               <cell/>
               <cell/>
            </row>
            <row>
               <cell/>
               <cell><name ana="#bk_to" type="person" ref="pers_WCDH658">George White Jr.</name>
                  <choice rend="align(right)">
                     <abbr>Dr</abbr>
                     <expan>debtor</expan>
                  </choice><lb/></cell>
               <cell/>
               <cell/>
               <cell/>
               <cell/>
            </row>
            <row>
               <cell/>
               <cell>To <measure ana="#bk_commodity #bk_from" commodity="sage cheese" quantity="6.5" unit="lbs">6 1/2 lbs sage
                     cheese</measure>
                  <measure ana="#bk_money #bk_to" quantity="8" unit="cents">8cts</measure></cell>
               <cell/>
               <cell><measure ana="#bk_money #bk_to" quantity="50" unit="cents">50</measure></cell>
               <cell/>
               <cell/>
            </row>
            <span type="subheading"><date ana="#bk_when" when="1846-08-03">3</date></span>
            <row>
               <cell/>
               <cell><name ana="#bk_to" type="person" ref="pers_WCDH190">Geo. W Braman</name>
                  <choice rend="align(right)">
                     <abbr>D</abbr>
                     <expan>debtor</expan>
                  </choice><lb/></cell>
               <cell/>
               <cell/>
               <cell/>
               <cell/>
            </row>
            <row>
               <cell/>
               <cell>To <name type="account" ref="LMWcash">cash</name> as pr. receipt</cell>
               <cell><measure ana="#bk_money #bk_to" quantity="300" unit="dollars"
                  >300</measure></cell>
               <cell><measure ana="#bk_money #bk_to" quantity="0" unit="cents">00</measure></cell>
               <cell/>
               <cell/>
            </row>
            
            <row ana="#bk_entry">
<cell ana="#bk_status" corresp="#Paid">Paid</cell>
               <cell><name ana="#bk_to" type="person" ref="pers_WCDH118">Wheaton Wheeler</name>
                  <choice rend="align(right)">
                     <abbr>D</abbr>
                     <expan>debtor</expan>
                  </choice><lb/></cell>
               <cell/>
               <cell/>
               <cell/>
               <cell/>
            </row>
            <row>
               <cell/>
               <cell>To <measure ana="#bk_commodity #bk_from" commodity="corn" quantity="1" unit="bushels">1 buss. corn</measure>
                  6/</cell>
               <cell><measure ana="#bk_money #bk_to" quantity="1" unit="dollars">1</measure></cell>
               <cell><measure ana="#bk_money #bk_to" quantity="0" unit="cents">00</measure></cell>
               <cell/>
               <cell/>
            </row>
            <row>
               <cell/>
               <cell>" <name type="account" ref="LMWcash">cash</name> <measure ana="#bk_money #bk_to" quantity="10" unit="dollars">ten
                     dollars</measure></cell>
               <cell><measure ana="#bk_money #bk_to" quantity="10" unit="dollars">10</measure></cell>
               <cell><measure ana="#bk_money #bk_to" quantity="0" unit="cents">00</measure></cell>
               <cell/>
               <cell/>
            </row>
            <span type="subheading"><date ana="#bk_when" when="1846-08-25">25</date></span>
            <row ana="#bk_entry">
<cell ana="#bk_status" corresp="#76">76</cell>
               <cell><name ana="#bk_to" type="person" ref="pers_WCDH475">James O. Messenger</name>
                  <choice rend="align(right)">
                     <abbr>D</abbr>
                     <expan>debtor</expan>
                  </choice><lb/></cell>
               <cell/>
               <cell/>
               <cell/>
               <cell/>
            </row>
            <row>
               <cell/>
               <cell>To <name type="account" ref="LMWcash">cash</name></cell>
               <cell><measure ana="#bk_money #bk_to" quantity="50" unit="dollars">50</measure></cell>
               <cell><measure ana="#bk_money #bk_to" quantity="0" unit="cents">00</measure></cell>
               <cell/>
               <cell/>
            </row>
            <span type="subheading"><date ana="#bk_when" when="1846-08-27">27</date></span>
            
            <row ana="#bk_entry">
<cell ana="#bk_status" corresp="#159">159</cell>
               <cell><name ana="#bk_to" type="person" ref="pers_WCDH244">William Cooper</name>
                  <choice rend="align(right)">
                     <abbr>D</abbr>
                     <expan>debtor</expan>
                  </choice><lb/></cell>
               <cell/>
               <cell/>
               <cell/>
               <cell/>
            </row>
            <row>
               <cell/>
               <cell>To <name type="account" ref="LMWcash">cash</name> <measure ana="#bk_money #bk_to" quantity="20" unit="dollars">twenty
                     dollars</measure></cell>
               <cell><measure ana="#bk_money #bk_to" quantity="20" unit="dollars">20</measure></cell>
               <cell><measure ana="#bk_money #bk_to" quantity="0" unit="cents">00</measure></cell>
               <cell/>
               <cell/>
            </row>
            <span type="subheading"><date ana="#bk_when" when="1846-09-03">Sept. 3</date></span>
            <row ana="#bk_entry">
<cell ana="#bk_status" corresp="#Settled">Settled</cell>
               <cell><name ana="#bk_to" type="person" ref="pers_WCDH181">Sumner Blandin</name>
                  <choice rend="align(right)">
                     <abbr>D</abbr>
                     <expan>debtor</expan>
                  </choice><lb/></cell>
               <cell/>
               <cell/>
               <cell/>
               <cell/>
            </row>
            <row>
               <cell/>
               <cell>To check on bank</cell>
               <cell><measure ana="#bk_money #bk_to" quantity="50" unit="dollars">50</measure></cell>
               <cell><measure ana="#bk_money #bk_to" quantity="0" unit="cents">00</measure></cell>
               <cell/>
               <cell/>
            </row>
            <span type="subheading"><date ana="#bk_when" when="1846-09-23">23</date></span>
            <row ana="#bk_entry">
<cell ana="#bk_status" corresp="#529">529</cell>
               <cell><name ana="#bk_to" type="person" ref="pers_WCDH269">Frank Dunahoe</name>
                  <choice rend="align(right)">
                     <abbr>Dr</abbr>
                     <expan>debtor</expan>
                  </choice><lb/></cell>
               <cell/>
               <cell/>
               <cell/>
               <cell/>
            </row>
            <row>
               <cell/>
               <cell>To <name type="account" ref="LMWcash">cash</name> 18/</cell>
               <cell><measure ana="#bk_money #bk_to" quantity="3" unit="dollars">3</measure></cell>
               <cell><measure ana="#bk_money #bk_to" quantity="0" unit="cents">00</measure></cell>
               <cell/>
               <cell/>
            </row>
            <span type="subheading"><date ana="#bk_when" when="1846-09-28">28</date></span>
            <row ana="#bk_entry">
<cell ana="#bk_status" corresp="#527">527</cell>
               <cell><name ana="#bk_to" type="person" ref="pers_WCDH619">Geo. W. Townsend</name>
                  <choice rend="align(right)">
                     <abbr>D</abbr>
                     <expan>debtor</expan>
                  </choice><lb/></cell>
               <cell/>
               <cell/>
               <cell/>
               <cell/>
            </row>
            <row>
               <cell/>
               <cell>To <measure ana="#bk_commodity #bk_from" commodity="corn" quantity="1" unit="bushels">1 buss. corn</measure>
                  6/</cell>
               <cell><measure ana="#bk_money #bk_to" quantity="1" unit="dollars">1</measure></cell>
               <cell><measure ana="#bk_money #bk_to" quantity="0" unit="cents">00</measure></cell>
               <cell/>
               <cell/>
            </row>
            <span type="subheading"><date ana="#bk_when" when="1846-09-29">29</date></span>
            <row ana="#bk_entry">
<cell ana="#bk_status" corresp="#159">159</cell>
               <cell><name ana="#bk_to" type="person" ref="pers_WCDH244">William Cooper</name>
                  <choice rend="align(right)">
                     <abbr>D</abbr>
                     <expan>debtor</expan>
                  </choice><lb/></cell>
               <cell/>
               <cell/>
               <cell/>
               <cell/>
            </row>
            <row>
               <cell/>
               <cell>To Frankiln Store <measure ana="#bk_money #bk_to" quantity="150" unit="dollars"
                     >&#36; 150</measure></cell>
               <cell><measure ana="#bk_money #bk_to" quantity="150" unit="dollars"
                  >150</measure></cell>
               <cell><measure ana="#bk_money #bk_to" quantity="0" unit="cents">00</measure></cell>
               <cell/>
               <cell/>
            </row>
            
            <row>
               <cell>See Bill</cell>
               <cell><name ana="#bk_to" type="person" ref="pers_WCDH181">S(struck through) Blandin</name>
                  <choice rend="align(right)">
                     <abbr>D</abbr>
                     <expan>debtor</expan>
                  </choice><lb/></cell>
               <cell/>
               <cell/>
               <cell/>
               <cell/>
            </row>
            <row>
               <cell/>
               <cell>To Franklin Store</cell>
               <cell><measure ana="#bk_money #bk_to" quantity="1" unit="dollars">1</measure></cell>
               <cell><measure ana="#bk_money #bk_to" quantity="0" unit="cents">00</measure></cell>
               <cell/>
               <cell/>
            </row>
            <span type="subheading"><date ana="#bk_when" when="1846-10-02">Oct. 2</date></span>
            <row ana="#bk_entry">
<cell ana="#bk_status" corresp="#527">527</cell>
               <cell><name ana="#bk_to" type="person" ref="pers_WCDH619">George W. Townsend</name>
                  <choice rend="align(right)">
                     <abbr>D</abbr>
                     <expan>debtor</expan>
                  </choice><lb/></cell>
               <cell/>
               <cell/>
               <cell/>
               <cell/>
            </row>
            <row>
               <cell/>
               <cell>To <measure ana="#bk_commodity #bk_from" commodity="coal" quantity="1" unit="count">coal</measure>
                  <measure ana="#bk_commodity #bk_from" commodity="rod" quantity="1" unit="count">rod</measure>
                  <measure ana="#bk_commodity #bk_from" commodity="shovel" quantity="1" unit="count">shovel</measure>, &amp;
                     <measure commodity="stove knee" quantity="1" unit="count">stove
                  knee</measure></cell>
               <cell/>
               <cell><measure ana="#bk_money #bk_to" quantity="0.5" unit="cents">75</measure></cell>
               <cell/>
               <cell/>
            </row>
            
            <row ana="#bk_entry">
<cell ana="#bk_status" corresp="#Paid">Paid</cell>
               <cell><name ana="#bk_to" type="person" ref="pers_WCDH498">Henry M. Paine</name>
                  <choice rend="align(right)">
                     <abbr>D</abbr>
                     <expan>debtor</expan>
                  </choice><lb/></cell>
               <cell/>
               <cell/>
               <cell/>
               <cell/>
            </row>
            <row>
               <cell/>
               <cell>To <name type="account" ref="LMWcash">cash</name> lent on a note given up to him</cell>
               <cell><measure ana="#bk_money #bk_to" quantity="20" unit="dollars">20</measure></cell>
               <cell><measure ana="#bk_money #bk_to" quantity="0" unit="cents">00</measure></cell>
               <cell/>
               <cell/>
            </row>
            <span type="subheading"><date ana="#bk_when" when="1846-10-10">10</date></span>
            <row ana="#bk_entry">
<cell ana="#bk_status" corresp="#529">529</cell>
               <cell><name ana="#bk_to" type="person" ref="pers_WCDH269">Frank Dunahoe</name>
                  <choice rend="align(right)">
                     <abbr>D</abbr>
                     <expan>debtor</expan>
                  </choice><lb/></cell>
               <cell/>
               <cell/>
               <cell/>
               <cell/>
            </row>
            <row>
               <cell/>
               <cell>To <name type="account" ref="LMWcash">cash</name> <measure ana="#bk_money #bk_to" quantity="6" unit="dollars">six
                     dollars-</measure></cell>
               <cell><measure ana="#bk_money #bk_to" quantity="6" unit="dollars">6</measure></cell>
               <cell><measure ana="#bk_money #bk_to" quantity="0" unit="cents">00</measure></cell>
               <cell/>
               <cell/>
            </row>
            <span type="subheading"><date ana="#bk_when" when="1846-10-16">16</date></span>
            <row ana="#bk_entry">
<cell ana="#bk_status" corresp="#Paid">Paid</cell>
               <cell><name ana="#bk_to" type="person" ref="pers_#WCDH633">Lydia Bradstreet</name>
                  <choice rend="align(right)">
                     <abbr>Dr</abbr>
                     <expan>debtor</expan>
                  </choice><lb/></cell>
               <cell/>
               <cell/>
               <cell/>
               <cell/>
            </row>
            <row>
               <cell/>
               <cell>To <measure ana="#bk_commodity #bk_from" commodity="potatoes" quantity="20" unit="bushels">twenty buss.
                     potatoes</measure> 2/6</cell>
               <cell><measure ana="#bk_money #bk_to" quantity="8" unit="dollars">8</measure></cell>
               <cell><measure ana="#bk_money #bk_to" quantity="33" unit="cents">33</measure></cell>
               <cell/>
               <cell/>
            </row>
            
            <row ana="#bk_entry">
<cell ana="#bk_status" corresp="#159">159</cell>
               <cell><name ana="#bk_to" type="person" ref="pers_WCDH244">William Cooper</name>
                  <choice rend="align(right)">
                     <abbr>Dr</abbr>
                     <expan>debtor</expan>
                  </choice><lb/></cell>
               <cell/>
               <cell/>
               <cell/>
               <cell/>
            </row>
            <row>
               <cell/>
               <cell>To <measure ana="#bk_commodity #bk_from" commodity="potatoes" quantity="10" unit="bushels">ten buss.
                     potatoes</measure> 2/6</cell>
               <cell><measure ana="#bk_money #bk_to" quantity="4" unit="dollars">4</measure></cell>
               <cell><measure ana="#bk_money #bk_to" quantity="17" unit="cents">17</measure></cell>
               <cell/>
               <cell/>
            </row>
            <span type="subheading"><date ana="#bk_when" when="1846-10-27">27</date></span>
            <row ana="#bk_entry">
<cell ana="#bk_status" corresp="#159">159</cell>
               <cell><name ana="#bk_to" type="person" ref="pers_WCDH244">William Cooper</name>
                  <choice rend="align(right)">
                     <abbr>D</abbr>
                     <expan>debtor</expan>
                  </choice><lb/></cell>
               <cell/>
               <cell/>
               <cell/>
               <cell/>
            </row>
            <row>
               <cell/>
               <cell>To <name type="account" ref="LMWcash">cash</name></cell>
               <cell><measure ana="#bk_money #bk_to" quantity="20" unit="dollars">20</measure></cell>
               <cell><measure ana="#bk_money #bk_to" quantity="0" unit="cents">00</measure></cell>
               <cell/>
               <cell/>
            </row>
            <row>
               <cell/>
               <cell>" order on to Howard</cell>
               <cell><measure ana="#bk_money #bk_to" quantity="20" unit="dollars">20</measure></cell>
               <cell><measure ana="#bk_money #bk_to" quantity="0" unit="cents">00</measure></cell>
               <cell><measure ana="#bk_money #bk_to" quantity="40" unit="dollars">40</measure></cell>
               <cell><measure ana="#bk_money #bk_to" quantity="0" unit="cents">00</measure></cell>
            </row>
         </table>
         <pb n="196"/>
         <fw type="pageNum">196</fw>
         <table>
            <head>Wednesday <date ana="#bk_when" when="1846-10-28">Oct. 28th 1846</date></head>
            <row>
               <cell/>
               <cell/>
               <cell>&#36;</cell>
               <cell>cts</cell>
               <cell>&#36;</cell>
               <cell>cts</cell>
            </row>
            <row>
               <cell/>
               <cell><name ana="#bk_to" type="person" ref="pers_WCDH118">Wheaton Wheeler</name>
                  <choice rend="align(right)">
                     <abbr>Dr</abbr>
                     <expan>debtor</expan>
                  </choice><lb/></cell>
               <cell/>
               <cell/>
               <cell/>
               <cell/>
            </row>
            <row>
               <cell/>
               <cell>To <measure ana="#bk_commodity #bk_from" commodity="potatoes" quantity="3" unit="bushels">three buss.
                     potatoes</measure> 2/6</cell>
               <cell><measure ana="#bk_money #bk_to" quantity="1" unit="dollars">1</measure></cell>
               <cell><measure ana="#bk_money #bk_to" quantity="0.5" unit="cents">25</measure></cell>
               <cell/>
               <cell/>
            </row>
            
            <row ana="#bk_entry">
<cell ana="#bk_status" corresp="#529">529</cell>
               <cell><name ana="#bk_to" type="person" ref="pers_WCDH269">Frank Dunahoe</name>
                  <choice rend="align(right)">
                     <abbr>D</abbr>
                     <expan>debtor</expan>
                  </choice><lb/></cell>
               <cell/>
               <cell/>
               <cell/>
               <cell/>
            </row>
            <row>
               <cell/>
               <cell>To <measure ana="#bk_commodity #bk_from" commodity="potatoes" quantity="10" unit="bushels">ten buss.
                     potatoes</measure> 2/6</cell>
               <cell><measure ana="#bk_money #bk_to" quantity="4" unit="dollars">4</measure></cell>
               <cell><measure ana="#bk_money #bk_to" quantity="17" unit="cents">17</measure></cell>
               <cell/>
               <cell/>
            </row>
            <span type="subheading"><date ana="#bk_when" when="1846-10-29">29</date></span>
            <row>
               <cell>lent ???</cell>
               <cell><name ana="#bk_to" type="person" ref="pers_WCDH374">Martin Hubbard</name>
                  <choice rend="align(right)">
                     <abbr>Dr</abbr>
                     <expan>debtor</expan>
                  </choice><lb/></cell>
               <cell/>
               <cell/>
               <cell/>
               <cell/>
            </row>
            <row>
               <cell/>
               <cell>To <measure ana="#bk_commodity #bk_from" commodity="cylinder stove" quantity="1" unit="count">cylinder stove
                     -</measure></cell>
               <cell/>
               <cell/>
               <cell/>
               <cell/>
            </row>
            <row ana="#bk_entry">
<cell ana="#bk_status" corresp="#529">529</cell>
               <cell><name ana="#bk_to" type="person" ref="pers_WCDH269">Frank Dunahoe</name>
                  <choice rend="align(right)">
                     <abbr>Dr</abbr>
                     <expan>debtor</expan>
                  </choice><lb/></cell>
               <cell/>
               <cell/>
               <cell/>
               <cell/>
            </row>
            <row>
               <cell/>
               <cell>To <measure ana="#bk_commodity #bk_from" commodity="cook stove" quantity="1" unit="count">cook stove
                  uc</measure></cell>
               <cell><measure ana="#bk_money #bk_to" quantity="12" unit="dollars">12</measure></cell>
               <cell><measure ana="#bk_money #bk_to" quantity="0" unit="cents">00</measure></cell>
               <cell/>
               <cell/>
            </row>
            
            <row ana="#bk_entry">
<cell ana="#bk_status" corresp="#510">510</cell>
               <cell><name ana="#bk_to" type="person" ref="pers_WCDH488">Caty Nolen</name>
                  <choice rend="align(right)">
                     <abbr>Dr</abbr>
                     <expan>debtor</expan>
                  </choice><lb/></cell>
               <cell/>
               <cell/>
               <cell/>
               <cell/>
            </row>
            <row>
               <cell/>
               <cell>To <measure ana="#bk_commodity #bk_from" commodity="slippers" quantity="1" unit="pair">1 pr.
                     Slippers</measure> 3/ <measure ana="#bk_money #bk_to" quantity="50" unit="cents"
                     >.50</measure></cell>
               <cell/>
               <cell/>
               <cell/>
               <cell/>
            </row>
            <row>
               <cell/>
               <cell>" <measure ana="#bk_commodity #bk_from" commodity="cloth" quantity="2" unit="yards">2 yds cloth</measure>
                  /9 <measure ana="#bk_money #bk_to" quantity="0.5" unit="cents">.25</measure></cell>
               <cell/>
               <cell><measure ana="#bk_money #bk_to" quantity="0.5" unit="cents">75</measure></cell>
               <cell/>
               <cell/>
            </row>
            <span type="subheading"><date ana="#bk_when" when="1846-11-13">Nov. 13</date></span>
            <row ana="#bk_entry">
<cell ana="#bk_status" corresp="#settled">settled</cell>
               <cell><name ana="#bk_to" type="person" ref="pers_WCDH032">Samuel A. Chapin</name>
                  <choice rend="align(right)">
                     <abbr>D</abbr>
                     <expan>debtor</expan>
                  </choice><lb/></cell>
               <cell/>
               <cell/>
               <cell/>
               <cell/>
            </row>
            <row>
               <cell/>
               <cell>To <measure ana="#bk_commodity #bk_from" commodity="snowball potatoes" quantity="2" unit="bushels">two buss. snowball
                     potatoes</measure></cell>
               <cell/>
               <cell/>
               <cell/>
               <cell/>
            </row>
            
            <row ana="#bk_entry">
<cell ana="#bk_status" corresp="#159">159</cell>
               <cell><name ana="#bk_to" type="person" ref="pers_WCDH244">William Cooper</name>
                  <choice rend="align(right)">
                     <abbr>Dr</abbr>
                     <expan>debtor</expan>
                  </choice><lb/></cell>
               <cell/>
               <cell/>
               <cell/>
               <cell/>
            </row>
            <row>
               <cell/>
               <cell>To <measure ana="#bk_commodity #bk_from" commodity="potatoes" quantity="8" unit="bushels">eight buss. ?
                     potatoes</measure> 3/</cell>
               <cell><measure ana="#bk_money #bk_to" quantity="4" unit="dollars">4</measure></cell>
               <cell><measure ana="#bk_money #bk_to" quantity="0" unit="cents">00</measure></cell>
               <cell/>
               <cell/>
            </row>
            <span type="subheading"><date ana="#bk_when" when="1846-11-14">14</date></span>
            <row ana="#bk_entry">
<cell ana="#bk_status" corresp="#529">529</cell>
               <cell><name ana="#bk_to" type="person" ref="pers_WCDH269">Frank Dunahoe</name>
                  <choice rend="align(right)">
                     <abbr>D</abbr>
                     <expan>debtor</expan>
                  </choice><lb/></cell>
               <cell/>
               <cell/>
               <cell/>
               <cell/>
            </row>
            <row>
               <cell/>
               <cell>To <name type="account" ref="LMWcash">cash</name> <measure ana="#bk_money #bk_to" quantity="12" unit="dollars">twelve
                     dollars-</measure></cell>
               <cell><measure ana="#bk_money #bk_to" quantity="12" unit="dollars">12</measure></cell>
               <cell><measure ana="#bk_money #bk_to" quantity="0" unit="cents">00</measure></cell>
               <cell/>
               <cell/>
            </row>
            <row>
               <cell/>
               <cell>" <measure ana="#bk_commodity #bk_from" commodity="cabages" quantity="30" unit="count">30 cabages</measure>
                  at 25x</cell>
               <cell/>
               <cell><measure ana="#bk_money #bk_to" quantity="0.5" unit="cents">25</measure></cell>
               <cell><measure ana="#bk_money #bk_to" quantity="12" unit="dollars">12</measure></cell>
               <cell><measure ana="#bk_money #bk_to" quantity="0.5" unit="cents">95</measure></cell>
            </row>
            
            <row ana="#bk_entry">
<cell ana="#bk_status" corresp="#Paid">Paid</cell>
               <cell><name ana="#bk_to" type="person" ref="pers_WCDH269">Frank Dunahoe</name>
                  <choice rend="align(right)">
                     <abbr>D</abbr>
                     <expan>debtor</expan>
                  </choice><lb/></cell>
               <cell/>
               <cell/>
               <cell/>
               <cell/>
            </row>
            <row>
               <cell/>
               <cell>To <name type="account" ref="LMWcash">cash</name></cell>
               <cell><measure ana="#bk_money #bk_to" quantity="14" unit="dollars">14</measure></cell>
               <cell><measure ana="#bk_money #bk_to" quantity="08" unit="cents">08</measure></cell>
               <cell/>
               <cell/>
            </row>
            <row>
               <cell/>
               <cell>" <measure ana="#bk_commodity #bk_from" commodity="wood" quantity="350" unit="ft">wood 350 pr.
                     ???</measure></cell>
               <cell/>
               <cell/>
               <cell/>
               <cell/>
            </row>
            <row>
               <cell/>
               <cell>" <measure ana="#bk_commodity #bk_from" commodity="turkey" quantity="6.5" unit="lbs">6 1/2 lbs
                     turkey</measure></cell>
               <cell>(struck through)</cell>
               <cell><measure ana="#bk_money #bk_to" quantity="81" unit="cents">81</measure></cell>
               <cell><measure ana="#bk_money #bk_to" quantity="14" unit="dollars">14</measure></cell>
               <cell><measure ana="#bk_money #bk_to" quantity="84" unit="cents">84</measure></cell>
            </row>
            
            <row ana="#bk_entry">
<cell ana="#bk_status" corresp="#103">103</cell>
               <cell><name ana="#bk_to" type="person" ref="pers_WCDH634">Nathaniel Webber</name>
                  <choice rend="align(right)">
                     <abbr>Dr</abbr>
                     <expan>debtor</expan>
                  </choice><lb/></cell>
               <cell/>
               <cell/>
               <cell/>
               <cell/>
            </row>
            <row>
               <cell/>
               <cell>To <measure ana="#bk_service #bk_from" commodity="lending" quantity="1" unit="count">cylinder stove
                     lent -</measure></cell>
               <cell><measure ana="#bk_money #bk_to" quantity="3" unit="dollars">3</measure></cell>
               <cell><measure ana="#bk_money #bk_to" quantity="50" unit="cents">50</measure></cell>
               <cell/>
               <cell/>
            </row>
            <span type="subheading"><date ana="#bk_when" when="1846-12-03">Dec. 3.</date></span>
            <row ana="#bk_entry">
<cell ana="#bk_status" corresp="#529">529</cell>
               <cell><name ana="#bk_to" type="person" ref="pers_WCDH269">Frank Dunahoe</name>
                  <choice rend="align(right)">
                     <abbr>Dr</abbr>
                     <expan>debtor</expan>
                  </choice><lb/></cell>
               <cell/>
               <cell/>
               <cell/>
               <cell/>
            </row>
            <row>
               <cell/>
               <cell>To <measure ana="#bk_commodity #bk_from" commodity="shoes" quantity="1" unit="pair">shoes fr Wife</measure>
                  3/</cell>
               <cell/>
               <cell><measure ana="#bk_money #bk_to" quantity="50" unit="cents">50</measure></cell>
               <cell/>
               <cell/>
            </row>
            <row>
               <cell/>
               <cell>To paying <name ana="#bk_to" type="person" ref="pers_WCDH373">Linus Howard</name> for</cell>
               <cell/>
               <cell/>
               <cell/>
               <cell/>
            </row>
            <span type="subheading"><date ana="#bk_when" when="1845-11-13">Nov. 13th</date></span>
            <span type="subheading"><date ana="#bk_when" when="1846-12-08">8.</date></span>
            <row ana="#bk_entry">
<cell ana="#bk_status" corresp="#510">510</cell>
               <cell><name ana="#bk_to" type="person" ref="pers_WCDH488">Caty Nolen</name>
                  <choice rend="align(right)">
                     <abbr>Dr</abbr>
                     <expan>debtor</expan>
                  </choice><lb/></cell>
               <cell/>
               <cell/>
               <cell/>
               <cell/>
            </row>
            <row>
               <cell/>
               <cell>To <measure ana="#bk_commodity #bk_from" commodity="shoes" quantity="2" unit="pairs">two pairs
                     shoes</measure>
                  <measure ana="#bk_money #bk_to" quantity="1.5" unit="dollars">1.50</measure></cell>
               <cell><measure ana="#bk_money #bk_to" quantity="1" unit="dollars">1</measure></cell>
               <cell><measure ana="#bk_money #bk_to" quantity="50" unit="cents">50</measure></cell>
               <cell/>
               <cell/>
            </row>
            
            <row ana="#bk_entry">
<cell ana="#bk_status" corresp="#Settled">Settled</cell>
               <cell><name ana="#bk_to" type="person" ref="pers_WCDH205">Wesley Brown</name>
                  <choice rend="align(right)">
                     <abbr>Cr</abbr>
                     <expan>credit</expan>
                  </choice><lb/></cell>
               <cell/>
               <cell/>
               <cell/>
               <cell/>
            </row>
            <row>
               <cell/>
               <cell>By <measure ana="#bk_service #bk_from" commodity="work" quantity="1" unit="days">1 days work</measure>
                  6/</cell>
               <cell><measure ana="#bk_money #bk_to" quantity="1" unit="dollars">1</measure></cell>
               <cell><measure ana="#bk_money #bk_to" quantity="0" unit="cents">00</measure></cell>
               <cell/>
               <cell/>
            </row>
            <row>
               <cell/>
               <cell><choice rend="align(right)">
                     <abbr>D</abbr>
                     <expan>debtor</expan>
                  </choice><lb/></cell>
               <cell/>
               <cell/>
               <cell/>
               <cell/>
            </row>
            <row>
               <cell/>
               <cell>To Franklin store</cell>
               <cell><measure ana="#bk_money #bk_to" quantity="2" unit="dollars">2</measure></cell>
               <cell><measure ana="#bk_money #bk_to" quantity="50" unit="cents">50</measure></cell>
               <cell/>
               <cell/>
            </row>
            <row>
               <cell/>
               <cell>" <measure commodity="stove pipe" quantity="10.5" unit="lbs">10 1/2 lbs stove
                     pipe ? pr. lb.</measure></cell>
               <cell><measure ana="#bk_money #bk_to" quantity="1" unit="dollars">1</measure></cell>
               <cell><measure ana="#bk_money #bk_to" quantity="31" unit="cents">31</measure></cell>
               <cell><measure ana="#bk_money #bk_to" quantity="3" unit="dollars">3</measure></cell>
               <cell><measure ana="#bk_money #bk_to" quantity="81" unit="cents">81</measure></cell>
            </row>
            
            <row ana="#bk_entry">
<cell ana="#bk_status" corresp="#387">387</cell>
               <cell><name ana="#bk_to" type="person" ref="pers_WCDH118">Wheaton Wheeler</name>
                  <choice rend="align(right)">
                     <abbr>D</abbr>
                     <expan>debtor</expan>
                  </choice><lb/></cell>
               <cell/>
               <cell/>
               <cell/>
               <cell/>
            </row>
            <row>
               <cell/>
               <cell>To <measure ana="#bk_service #bk_from" commodity="rent" quantity="2" unit="count">rent of two seats? in
                     pews?</measure></cell>
               <cell/>
               <cell/>
               <cell/>
               <cell/>
            </row>
            <row>
               <cell/>
               <cell>from date at <measure ana="#bk_money #bk_to" quantity="200" unit="dollars">&#36;
                     200</measure> pr. year-</cell>
               <cell><measure ana="#bk_money #bk_to" quantity="2" unit="dollars">2</measure></cell>
               <cell><measure ana="#bk_money #bk_to" quantity="0" unit="cents">00</measure></cell>
               <cell/>
               <cell/>
            </row>
            
            <row ana="#bk_entry">
<cell ana="#bk_status" corresp="#159">159</cell>
               <cell><name ana="#bk_to" type="person" ref="pers_WCDH244">William Cooper</name>
                  <choice rend="align(right)">
                     <abbr>D</abbr>
                     <expan>debtor</expan>
                  </choice><lb/></cell>
               <cell/>
               <cell/>
               <cell/>
               <cell/>
            </row>
            <row>
               <cell/>
               <cell>To <measure ana="#bk_service #bk_from" commodity="rent" quantity="2" unit="count">two seats in per from
                     April? 1st</measure></cell>
               <cell><measure ana="#bk_money #bk_to" quantity="2" unit="dollars">2</measure></cell>
               <cell><measure ana="#bk_money #bk_to" quantity="0" unit="cents">00</measure></cell>
               <cell/>
               <cell/>
            </row>
            <row>
               <cell/>
               <cell>" <measure ana="#bk_commodity #bk_from" commodity="beef" quantity="89" unit="lbs">89 lbs. beef</measure>
                  <measure ana="#bk_money #bk_to" quantity="5" unit="cents">5x hind
                  quarts</measure></cell>
               <cell><measure ana="#bk_money #bk_to" quantity="4" unit="dollars">4</measure></cell>
               <cell><measure ana="#bk_money #bk_to" quantity="0.5" unit="cents">45</measure></cell>
               <cell/>
               <cell/>
            </row>
            <row>
               <cell/>
               <cell>" <measure commodity="shut link" quantity="1" unit="count">1 shut
                     link??</measure></cell>
               <cell/>
               <cell><measure ana="#bk_money #bk_to" quantity="17" unit="cents">17</measure></cell>
               <cell><measure ana="#bk_money #bk_to" quantity="6" unit="dollars">6</measure></cell>
               <cell><measure ana="#bk_money #bk_to" quantity="61" unit="cents">61</measure></cell>
            </row>
            <row ana="#bk_entry">
<cell ana="#bk_status" corresp="#529">529</cell>
               <cell><name ana="#bk_to" type="person" ref="pers_WCDH269">Frank Dunahoe</name>
                  <choice rend="align(right)">
                     <abbr>Dr</abbr>
                     <expan>debtor</expan>
                  </choice><lb/></cell>
               <cell/>
               <cell/>
               <cell/>
               <cell/>
            </row>
            <row>
               <cell/>
               <cell>To <measure ana="#bk_commodity #bk_from" commodity="beef" quantity="90" unit="lbs">90 lbs. beef</measure>
                  5x for
                  quarter</cell>
               <cell/>
               <cell><measure ana="#bk_money #bk_to" quantity="0.5" unit="cents">45</measure></cell>
               <cell><measure ana="#bk_money #bk_to" quantity="4" unit="dollars">4</measure></cell>
               <cell><measure ana="#bk_money #bk_to" quantity="50" unit="cents">50</measure></cell>
            </row>
            
            <row ana="#bk_entry">
<cell ana="#bk_status" corresp="#529">529</cell>
               <cell><name ana="#bk_to" type="person" ref="pers_WCDH269">Frank Dunahoe</name>
                  <choice rend="align(right)">
                     <abbr>D</abbr>
                     <expan>debtor</expan>
                  </choice><lb/></cell>
               <cell/>
               <cell/>
               <cell/>
               <cell/>
            </row>
            <row>
               <cell/>
               <cell>To paid center Milk?</cell>
               <cell><measure ana="#bk_money #bk_to" quantity="2" unit="dollars">2</measure></cell>
               <cell><measure ana="#bk_money #bk_to" quantity="0.5" unit="cents">05</measure></cell>
               <cell/>
               <cell/>
            </row>
            <row ana="#bk_entry">
<cell ana="#bk_status" corresp="#167">167</cell>
               <cell><name ana="#bk_to" type="person" ref="pers_#WCDH633">Charles Reed</name>
                  <choice rend="align(right)">
                     <abbr>Dr</abbr>
                     <expan>debtor</expan>
                  </choice><lb/></cell>
               <cell/>
               <cell/>
               <cell/>
               <cell/>
            </row>
            <row>
               <cell/>
               <cell>To <measure ana="#bk_commodity #bk_from" commodity="use" quantity="1" unit="count">use of
                     garden</measure> at Fathers??</cell>
               <cell><measure ana="#bk_money #bk_to" quantity="8" unit="dollars">8?</measure></cell>
               <cell><measure ana="#bk_money #bk_to" quantity="0" unit="cents">00</measure></cell>
               <cell/>
               <cell/>
            </row>
            
         </table>
      </body>
   </text>
</TEI>
