<?xml version="1.0" encoding="UTF-8"?>
<?oxygen RNGSchema="http://www.tei-c.org/release/xml/tei/custom/schema/relaxng/tei_all.rng" type="xml"?>
<TEI xmlns="http://www.tei-c.org/ns/1.0">
   <teiHeader>
      <fileDesc>
         <titleStmt>
            <title>LMW Day Book, pp. 100-149</title>
            <author>L.M. Wheaton</author>
         </titleStmt>
         <publicationStmt>
            <p> transcribed by Sahilia Ramirez Summer 2016, Wheaton College</p>
         </publicationStmt>
         <sourceDesc>
            <biblFull>
               <titleStmt>
                  <title>Account Books, pp.100-149</title>
                  <author>L.M. Wheaton</author>
                  <respStmt>
                     <resp> TEI-compatible XML markup by <name type="person">Your Name</name>
                        with corrections by <name type="person">Name</name>, <name
                           type="person">Name</name>, and <name type="person">Name</name>.</resp>
                     <name type="person">Name</name>
                  </respStmt>
               </titleStmt>
               <publicationStmt>
                  <p>Transcribed by Sahilia Ramirez Summer 2016, Wheaton College</p>
               </publicationStmt>
               <sourceDesc>
                  <p> From the Marion B. Gebbie Archives and Special Collections at the Madeleine
                     Clark Wallace Library, Wheaton College </p>
               </sourceDesc>
            </biblFull>
         </sourceDesc>
      </fileDesc>
   </teiHeader>
   <text>
      <body>
         <pb n="102"/>
         <fw type="pageNum">102</fw>
         <table>
            <head>Monday <date ana="#bk_when" when="1832-01-16">text</date></head>
            <row ana="#bk_entry">
<cell ana="#bk_status" corresp="#396">396</cell>
               <cell>
                  <name ana="#bk_to" type="person" ref="pers_WCDH484">Samuel Morey</name>
                  <choice rend="align(right)">
                     <abbr>DR</abbr>
                     <expan>Dabtor</expan>
                  </choice><lb/>
               </cell>
               <cell/>
               <cell/>
               <cell/>
               <cell/>
            </row>
            <row>
               <cell/>
               <cell>To<name type="account" ref="LMWcash">cash</name> <measure ana="#bk_money #bk_to" quantity="10" unit="dollars"></measure>60/</cell>
               <cell><measure ana="#bk_money #bk_to" quantity="10" unit="dollars">10</measure></cell>
               <cell><measure ana="#bk_money #bk_to" quantity="0" unit="cents">00</measure></cell>
               <cell/>
               <cell/>
            </row>
            <row ana="#bk_entry">
<cell ana="#bk_status" corresp="#391">391</cell>
               <cell><name ana="#bk_to" type="person" ref="pers_WCDH506">Catharine Perham</name>
                  <choice rend="align(right)">
                     <abbr>DR</abbr>
                     <expan>Dabtor</expan>
                  </choice><lb/></cell>
               <cell></cell>
               <cell/>
               <cell></cell>
               <cell></cell>
            </row>
            <row>
               <cell/>
               <cell>To<measure ana="#bk_commodity #bk_from" commodity="letter">letter</measure>10x</cell>
               <cell/>
               <cell><measure ana="#bk_money #bk_to" quantity="10" unit="cents">10</measure></cell>
               <cell/>
               <cell/>
            </row>
            <span type="subheading"><date ana="#bk_when" when="1832-01-18">18</date></span>
            <row ana="#bk_entry">
<cell ana="#bk_status" corresp="#368">368</cell>
               <cell><name ana="#bk_to" type="person" ref="pers_WCDH574">Timonthy Smith</name>
                  <choice rend="align(right)">
                     <abbr>DR</abbr>
                     <expan>Dabtor</expan>
                  </choice><lb/></cell>
               <cell></cell>
               <cell></cell>
               <cell/>
               <cell/>
            </row>
            <row>
               <cell/>
               <cell>To<measure quantity="12.75" unit="pound">12 3/4 Lbs Beef</measure><!--?--> 7x</cell>
               <cell/>
               <cell><measure ana="#bk_money #bk_to" quantity="90" unit="cents">90</measure></cell>
               <cell/>
               <cell/>
            </row>
            <span type="subheading"><date ana="#bk_when" when="1832-01-21">21</date></span>
            <row ana="#bk_entry">
<cell ana="#bk_status" corresp="#399">399</cell>
               <cell><name ana="#bk_to" type="person" ref="pers_WCDH134">Asa M Adams</name>
                  <choice rend="align(right)">
                     <abbr>DR</abbr>
                     <expan>Dabtor</expan>
                  </choice><lb/></cell>
               <cell></cell>
               <cell></cell>
               <cell/>
               <cell/>
            </row>
            <row>
               <cell/>
               <cell>To<measure quantity="1" unit="Bushels">1 Bass Rye</measure>6/</cell>
               <cell><measure ana="#bk_money #bk_to" quantity="1" unit="dollars">1</measure></cell>
               <cell><measure ana="#bk_money #bk_to" quantity="0" unit="cents">00</measure></cell>
               <cell/>
               <cell/>
            </row>
            <row ana="#bk_entry">
<cell ana="#bk_status" corresp="#Settled">Settled</cell>
               <cell><name ana="#bk_to" type="person" ref="pers_WCDH331">Francis Guello</name>
                  <choice rend="align(right)">
                     <abbr>DR</abbr>
                     <expan>Dabtor</expan>
                  </choice><lb/></cell>
               <cell/>
               <cell/>
               <cell/>
               <cell/>
            </row>
            <row>
               <cell/>
               <cell>To<measure quantity="6" unit="cord">6Ft Wood 35 pr cord</measure></cell>
               <cell><measure ana="#bk_money #bk_to" quantity="2" unit="dollars">2</measure></cell>
               <cell><measure ana="#bk_money #bk_to" quantity="63" unit="cents">63</measure></cell>
               <cell/>
               <cell/>
            </row>
            <span type="subheading"><date ana="#bk_when" when="1832-01-23">23</date></span>
            <row ana="#bk_entry">
<cell ana="#bk_status" corresp="#391">391</cell>
               <cell><name ana="#bk_to" type="person" ref="pers_WCDH506">Catherine Perham</name>
                  <choice rend="align(right)">
                     <abbr>DR</abbr>
                     <expan>Dabtor</expan>
                  </choice><lb/></cell>
               <cell/>
               <cell/>
               <cell/>
               <cell/>
            </row>
            <row>
               <cell/>
               <cell>To<measure ana="#bk_commodity #bk_from" commodity="letter">Letter</measure>10x</cell>
               <cell></cell>
               <cell><measure ana="#bk_money #bk_to" quantity="10" unit="cents">10</measure></cell>
               <cell/>
               <cell/>
            </row>
            <row>
               <cell/>
               <cell>To<measure commodity="French Braid">French Braid</measure>10x</cell>
               <cell/>
               <cell><measure ana="#bk_money #bk_to" quantity="10" unit="dollars">10</measure></cell>
               <cell><measure ana="#bk_money #bk_to" quantity="20" unit="cents">20</measure></cell>
               <cell/>
            </row>
            <row>
               <cell ana="#bk_status" corresp="#591">591</cell>
               <cell>To<measure ana="#bk_commodity #bk_from" commodity="letter">letter</measure>10x</cell>
               <cell/>
               <cell><measure ana="#bk_money #bk_to" quantity="10" unit="cents">10</measure></cell>
               <cell/>
               <cell/>
            </row>
            <row>
               <cell/>
               <cell>To<measure commodity="cotton cloth" quantity="6" unit="yard">6 Yds cotton cloth</measure>14 pr sd</cell>
               <cell/>
               <cell><measure ana="#bk_money #bk_to" quantity="34" unit="cents">34</measure></cell>
               <cell/>
               <cell></cell>
            </row>
            <row>
               <cell/>
               <cell>Do<measure quantity="3" unit="yard">3 do E flannel</measure>42 sd</cell>
               <cell><measure ana="#bk_money #bk_to" quantity="1" unit="dollars">1</measure></cell> 
               <cell><measure ana="#bk_money #bk_to" quantity="26" unit="cents">26</measure></cell>
               <cell/>
               <cell/>
            </row>
            <row>
               <cell></cell>
               <cell>Do<measure quantity="0.5" unit="yard">thread 15 skns</measure>1x</cell>
               <cell/>
               <cell><measure ana="#bk_money #bk_to" quantity="0.5" unit="dollars">15</measure></cell>
               <cell><measure ana="#bk_money #bk_to" quantity="2" unit="cents">2</measure></cell>
               <cell><measure ana="#bk_money #bk_to" quantity="0.5" unit="cents">55</measure></cell>
            </row>
            <span type="subheading"><date ana="#bk_when" when="1882-02-02">2nd</date></span>
            <row ana="#bk_entry">
<cell ana="#bk_status" corresp="#358">358</cell>
               <cell><name ana="#bk_to" type="person" ref="pers_WCDH574">Timothy Smith</name>
                  <choice rend="align(right)">
                     <abbr>DR</abbr>
                     <expan>Dabtor</expan>
                  </choice><lb/></cell>
               <cell/>
               <cell/>
               <cell/>
               <cell/>
            </row>
            <row>
               <cell></cell>
               <cell>To<measure quantity="1" unit="Bushel">one Brushed potatoes</measure></cell>
               <cell></cell>
               <cell><measure ana="#bk_money #bk_to" quantity="37" unit="dollars">37</measure>1/2</cell>
               <cell/>
               <cell/>
            </row>
            <row ana="#bk_entry">
<cell ana="#bk_status" corresp="#109">109</cell>
               <cell><name ana="#bk_to" type="person" ref="pers_WCDH524">Pliney Puffer</name>
                  <choice rend="align(right)">
                     <abbr>DR</abbr>
                     <expan>Dabtor</expan>
                  </choice><lb/></cell>
               <cell></cell>
               <cell></cell>
               <cell/>
               <cell/>
            </row>
            <row>
               <cell/>
               <cell>To<measure commodity="pine wood" quantity="1">a part of a load of pine wood</measure></cell>
               <cell/>
               <cell><measure quantity="33" unit="dollars">33</measure></cell>
               <cell/>
               <cell/>
            </row>
            <row ana="#bk_entry">
<cell ana="#bk_status" corresp="#152">152</cell>
               <cell><name ana="#bk_to" type="person" ref="pers_WCDH402">Phillip B King</name>
                  <choice rend="align(right)">
                     <abbr>DR</abbr>
                     <expan>Dabtor</expan>
                  </choice><lb/></cell>
               <cell/>
               <cell/>
               <cell/>
               <cell/>
            </row>
            <row>
               <cell/>
               <cell>By<measure quantity="1" unit="day">work</measure> <!--?--> up to this date</cell>
               <cell><measure ana="#bk_money #bk_to" quantity="33" unit="dollars">33</measure></cell>
               <cell><measure ana="#bk_money #bk_to" quantity="0" unit="cents">00</measure></cell>
               <cell/>
               <cell/>
            </row>
            <row>
               <cell/>
               <cell><measure commodity="oxen renatl" quantity="1.5" unit="day">oxen one X half days</measure> 3/ </cell><cell/>
               <cell><measure ana="#bk_money #bk_to" quantity="1" unit="dollars">1</measure></cell>
               <cell><measure ana="#bk_money #bk_to" quantity="50" unit="cents">50</measure></cell>
               <cell><measure ana="#bk_money #bk_to" quantity="24" unit="dollars">24</measure></cell>
               <cell><measure ana="#bk_money #bk_to" quantity="50" unit="cents">50</measure></cell>
            </row>
            <span type="subheading"><date ana="#bk_when" when="1832-02-13">13th</date></span>
            <row ana="#bk_entry">
<cell ana="#bk_status" corresp="#368">368</cell>
               <cell><name ana="#bk_to" type="person" ref="pers_WCDH574">Timothy Smith</name>
                  <choice rend="align(right)">
                     <abbr>DR</abbr>
                     <expan>Dabtor</expan>
                  </choice><lb/></cell>
               <cell/>
               <cell/>
               <cell/>
               <cell/>
            </row>
            <row>
               <cell/>
               <cell>To<measure quantity="1" unit="bushel">one Brushed potatoes</measure></cell>
               <cell></cell>
               <cell><measure ana="#bk_money #bk_to" quantity="37" unit="cents">37</measure>1/2</cell>
               <cell/>
               <cell/>
            </row>
            <span type="subheading"><date ana="#bk_when" when="1832-02-14">14</date></span>
            <row ana="#bk_entry">
<cell ana="#bk_status" corresp="#395">395</cell>
               <cell><name ana="#bk_to" type="person" ref="pers_WCDH621">Thompson Tripp</name>
                  <choice rend="align(right)">
                     <abbr>DR</abbr>
                     <expan>Dabtor</expan>
                  </choice><lb/></cell>
               <cell/>
               <cell/>
               <cell/>
               <cell/>
            </row>
            <row>
               <cell/>
               <cell>To<name type="account" ref="LMWcash">cash</name> <measure ana="#bk_money #bk_to" quantity="0.5" unit="dollars">fifteen dollars </measure></cell>
               <cell><measure ana="#bk_money #bk_to" quantity="0.5" unit="dollars">15</measure></cell>
               <cell><measure ana="#bk_money #bk_to" quantity="0" unit="cents">00</measure></cell>
               <cell/>
               <cell/>
            </row>
            <row>
               <cell/>
               <cell><measure quantity="7.25" unit="yards">7 1/4 yrds shirting</measure>14x</cell>
               <cell><measure ana="#bk_money #bk_to" quantity="1" unit="dollars">1</measure></cell>
               <cell><measure ana="#bk_money #bk_to" quantity="22" unit="cents">22</measure></cell>
               <cell><measure ana="#bk_money #bk_to" quantity="16" unit="dollars">16</measure></cell>
               <cell><measure ana="#bk_money #bk_to" quantity="22" unit="censt">22</measure></cell>
            </row>
            <span type="subheading"><date ana="#bk_when" when="1832-02-18">18</date></span>
            <row ana="#bk_entry">
<cell ana="#bk_status" corresp="#396">396</cell>
               <cell><name ana="#bk_to" type="person" ref="pers_WCDH484">Samuel Morey</name>
                  <choice rend="align(right)">
                     <abbr>DR</abbr>
                     <expan>Dabtor</expan>
                  </choice><lb/></cell>
               <cell/>
               <cell/>
               <cell/>
               <cell/>
            </row>
            <row>
               <cell></cell>
               <cell>To<measure quantity="1" unit="cord">1 load wood</measure><measure ana="#bk_money #bk_to" quantity="3.50" unit="dollars">3.50</measure></cell>
               <cell/>
               <cell/>
               <cell/>
               <cell/>
            </row>
            <row>
               <cell/>
               <cell>1/2 <measure ana="#bk_money #bk_to" quantity="1.75" unit="dollars">1.75</measure></cell>
               <cell><measure ana="#bk_money #bk_to" quantity="5" unit="dolllars">$5</measure></cell>
               <cell><measure ana="#bk_money #bk_to" quantity="0.5" unit="cents">25</measure></cell>
               <cell/>
               <cell/>
            </row>
            <row>
               <cell/>
               <cell><measure quantity="1" unit="bushels">1 Brushed potatoes</measure>2/3</cell>
               <cell/>
               <cell><measure ana="#bk_money #bk_to" quantity="38" unit="dollars">38</measure></cell>
               <cell><measure ana="#bk_money #bk_to" quantity="6" unit="dollars">6</measure></cell>
               <cell><measure ana="#bk_money #bk_to" quantity="63" unit="cents">63</measure></cell>
            </row>
            <row ana="#bk_entry">
<cell ana="#bk_status" corresp="#391">391</cell>
               <cell><name ana="#bk_to" type="person" ref="pers_WCDH506">catharine Perham</name>
                  <choice rend="align(right)">
                     <abbr>DR</abbr>
                     <expan>Dabtor</expan>
                  </choice><lb/></cell>
               <cell/>
               <cell/>
               <cell/>
               <cell/>
            </row>
            <row>
               <cell/>
               <cell>To<measure commodity="green ribbon" quantity="2.25" unit="yards">2 1/4 yrds. green ribbon</measure></cell>
               <cell></cell>
               <cell><measure ana="#bk_money #bk_to" quantity="12" unit="dollars">12</measure>1/2</cell>
               <cell/>
               <cell/>
            </row>
            <span type="subheading"><date ana="#bk_when" when="1832-02-22">22</date></span>
            <row ana="#bk_entry">
<cell ana="#bk_status" corresp="#368">368</cell>
               <cell><name ana="#bk_to" type="person" ref="pers_WCDH574">Timothy Smith</name>
                  <choice rend="align(right)">
                     <abbr>DR</abbr>
                     <expan>Dabtor</expan>
                  </choice><lb/></cell>
               <cell/>
               <cell/>
               <cell/>
               <cell/>
            </row>
            <row>
               <cell/>
               <cell>To<measure quantity="1" unit="bushels">1 brushed potatoes</measure>2/3</cell>
               <cell></cell>
               <cell><measure ana="#bk_money #bk_to" quantity="37" unit="dollars">37</measure></cell>
               <cell/>
               <cell/>
            </row>
            <row ana="#bk_entry">
<cell ana="#bk_status" corresp="#75">75</cell>
               <cell><name ana="#bk_to" type="person" ref="pers_WCDH436">Anna Lincoln</name>
                  <choice rend="align(right)">
                     <abbr>DR</abbr>
                     <expan>Dabtor</expan>
                  </choice><lb/></cell>
               <cell/>
               <cell/>
               <cell/>
               <cell/>
            </row>
            <row>
               <cell></cell>
               <cell>To do Brick 60xpr hundred</cell>
               <cell/> 
               <cell><measure ana="#bk_money #bk_to" quantity="48" unit="dollars">48</measure></cell>
               <cell/>
               <cell/>
            </row>
            <span type="subheading"><date ana="#bk_when" when="1832-02-28">28</date></span>
            <row ana="#bk_entry">
<cell ana="#bk_status" corresp="#Settled">Settled</cell>
               <cell><name ana="#bk_to" type="person" ref="pers_WCDH331">Francis Guello</name>
                  <choice rend="align(right)">
                     <abbr>DR</abbr>
                     <expan>Dabtor</expan>
                  </choice><lb/></cell>
               <cell/>
               <cell></cell>
               <cell/>
               <cell></cell>
            </row>
            <row>
               <cell/>
               <cell>To <measure quantity="5" unit="cord">5 Feet wood Oak</measure></cell>
               <cell><measure ana="#bk_money #bk_to" quantity="2" unit="dollars">2</measure></cell>
               <cell><measure ana="#bk_money #bk_to" quantity="19" unit="cents">19</measure></cell>
               <cell/>
               <cell/>
            </row>
         </table>
                     <pb n="103"/>
                     <fw type="pageNum">103</fw>
                     <table>
                        <head>Wednesday <date ana="#bk_when" when="1832-02-29">text</date></head>
            <row ana="#bk_entry">
<cell ana="#bk_status" corresp="#343">343</cell>
               <cell><name ana="#bk_to" type="person" ref="pers_WCDH221">Thomas Carpenter</name>
                  <choice rend="align(right)">
                     <abbr>DR</abbr>
                     <expan>Dabtor</expan>
                  </choice><lb/></cell>
               <cell/>
               <cell/>
               <cell/>
               <cell/>
            </row>
            <row>
               <cell/>
               <cell>To <measure quantity="100" unit="count">100 Brick</measure>60/ <!--?--></cell>
               <cell/>
               <cell><measure ana="#bk_money #bk_to" quantity="60" unit="dollars">60</measure></cell>
               <cell/>
               <cell/>
            </row>
            <row ana="#bk_entry">
<cell ana="#bk_status" corresp="#368">368</cell>
               <cell><name ana="#bk_to" type="person" ref="pers_WCDH574">Timothy Smith</name>
                  <choice rend="align(right)">
                     <abbr>DR</abbr>
                     <expan>Dabtor</expan>
                  </choice><lb/></cell>
               <cell/>
               <cell/>
               <cell/>
               <cell/>
            </row>
            <row>
               <cell/>
               <cell>To <measure quantity="1" unit="bushels">1 brushed potatoes</measure>2/3</cell>
               <cell></cell>
               <cell><measure ana="#bk_money #bk_to" quantity="37" unit="dollars">37</measure></cell>
               <cell/>
               <cell/>
            </row>
            <row ana="#bk_entry">
<cell ana="#bk_status" corresp="#Paid">Paid</cell>
               <cell><name ana="#bk_to" type="person" ref="pers_WCDH359">Hiriam Hodges</name>
                  <choice rend="align(right)">
                     <abbr>DR</abbr>
                     <expan>Dabtor</expan>
                  </choice><lb/></cell>
               <cell/>
               <cell/>
               <cell/>
               <cell/>
            </row>
            <row>
               <cell></cell>
               <cell>To <measure quantity="0.5" unit="bushels">1/2 Brushed potatoes</measure>19x</cell>
               <cell/>
               <cell><measure ana="#bk_money #bk_to" quantity="19" unit="dollars">19</measure></cell>
               <cell/>
               <cell/>
            </row>
            <row>
               <cell><date ana="#bk_when" when="1832-03-07">March 7</date></cell>
               <cell></cell>
               <cell></cell>
               <cell></cell>
               <cell/>
               <cell/>
            </row>
            <row ana="#bk_entry">
<cell ana="#bk_status" corresp="#117">117</cell>
               <cell><name ana="#bk_to" type="person" ref="pers_WCDH276">Derius Drake</name>
                  <choice rend="align(right)">
                     <abbr>DR</abbr>
                     <expan>Dabtor</expan>
                  </choice><lb/></cell>
               <cell/>
               <cell/>
               <cell/>
               <cell/>
            </row>
            <row>
               <cell></cell>
               <cell>To <measure quantity="1" unit="bushels">1 Bushell white potatoes</measure></cell>
               <cell/>
               <cell><measure ana="#bk_money #bk_to" quantity="38" unit="dollars">38</measure></cell>
               <cell/>
               <cell/>
            </row>
            <row>
               <cell/>
               <cell>1 do red do</cell>
               <cell/>
               <cell><measure quantity="33" unit="dollars">33</measure></cell>
               <cell/>
               <cell/>
            </row>
            <span type="subheading"><date ana="#bk_when" when="1832-03-12">12</date></span>
            <row ana="#bk_entry">
<cell ana="#bk_status" corresp="#392">392</cell>
               <cell><name ana="#bk_to" type="person" ref="pers_WCDH359">Hiram Hodges</name>
                  <choice rend="align(right)">
                     <abbr>DR</abbr>
                     <expan>Dabtor</expan>
                  </choice><lb/></cell>
               <cell/>
               <cell/>
               <cell/>
               <cell/>
            </row>
            <row>
               <cell/>
               <cell>To <measure quantity="1" unit="day">chaise to Taunton</measure><!--?--></cell>
               <cell/>
               <cell/>
               <cell/>
               <cell/>
            </row>
            <row>
               <cell/>
               <cell>Trip one day 3/</cell>
               <cell></cell>
               <cell></cell>
               <cell/>
               <cell/>
            </row>
            <row>
               <cell/>
               <cell>" <!--?--> you to providence 6/</cell>
               <cell><measure ana="#bk_money #bk_to" quantity="2" unit="dollars">2</measure></cell>
               <cell><measure ana="#bk_money #bk_to" quantity="17" unit="cents">17</measure></cell>
               <cell></cell> 
               <cell></cell>
            </row>
            <row>
               <cell><date ana="#bk_when" when="1832-03-13">13</date></cell>
               <cell/>
               <cell/>
               <cell/>
               <cell/>
               <cell/>
            </row>
            <row ana="#bk_entry">
<cell ana="#bk_status" corresp="#308">308</cell>
               <cell><name ana="#bk_to" type="person" ref="pers_WCDH574">Timothy Smith</name>
                  <choice rend="align(right)">
                     <abbr>DR</abbr>
                     <expan>Dabtor</expan>
                  </choice><lb/></cell>
               <cell/>
               <cell/>
               <cell/>
               <cell/>
            </row>
            <row>
               <cell/>
               <cell>To <measure quantity="1" unit="bushels">1 Bus potatoes</measure>2/</cell>
               <cell></cell>
               <cell><measure ana="#bk_money #bk_to" quantity="33" unit="dollars">33</measure></cell>
               <cell/>
               <cell/>
            </row>
            <span type="subheading"><date ana="#bk_when" when="1832-03-15">15</date></span>
            <row ana="#bk_entry">
<cell ana="#bk_status" corresp="#395">395</cell>
               <cell><name ana="#bk_to" type="person" ref="pers_WCDH621">Thompson Tripp</name>
                  <choice rend="align(right)">
                     <abbr>DR</abbr>
                     <expan>Dabtor</expan>
                  </choice><lb/></cell>
               <cell/>
               <cell/>
               <cell/>
               <cell/>
            </row>
            <row>
               <cell/>
               <cell>To paying your taxes<measure ana="#bk_money #bk_to" quantity="2.02" unit="dollars">202</measure></cell>
               <cell></cell>
               <cell></cell>
               <cell/>
               <cell/>
            </row>
            <row>
               <cell/>
               <cell> Paying for winding <measure quantity="1" unit="count">watch</measure><measure ana="#bk_money #bk_to" quantity="0.5" unit="dollars">25</measure></cell>
               <cell><measure ana="#bk_money #bk_to" quantity="2" unit="dollars">2</measure></cell>
               <cell><measure ana="#bk_money #bk_to" quantity="27" unit="cents">27</measure></cell>
               <cell/>
               <cell/>
            </row>
            <span type="subheading"><date ana="#bk_when" when="1832-03-23">23</date></span>
            <row ana="#bk_entry">
<cell ana="#bk_status" corresp="#396">396</cell>
               <cell><name ana="#bk_to" type="person" ref="pers_WCDH484">Samuel Morey</name>
                  <choice rend="align(right)">
                     <abbr>DR</abbr>
                     <expan>Dabtor</expan>
                  </choice><lb/></cell>
               <cell></cell>
               <cell></cell>
               <cell/>
               <cell/>
            </row>
            <row>
               <cell/>
               <cell>To cash lent <measure ana="#bk_money #bk_to" quantity="60" unit="dollars">60.00</measure></cell>
               <cell><measure ana="#bk_money #bk_to" quantity="60" unit="dollars">60</measure></cell>
               <cell><measure ana="#bk_money #bk_to" quantity="0" unit="cents">00</measure></cell>
               <cell/>
               <cell/>
            </row>
            <row ana="#bk_entry">
<cell ana="#bk_status" corresp="#396">396</cell>
               <cell>By pension received <measure quantity="120" unit="dollars">120.00</measure></cell>
               <cell><measure ana="#bk_money #bk_to" quantity="120" unit="dollars">120</measure></cell>
               <cell><measure ana="#bk_money #bk_to" quantity="0" unit="cents">00</measure></cell>
               <cell/>
               <cell/>
            </row>
            <row>
               <cell/>
               <cell>To paying for <!--?--> xc 1.75</cell>
               <cell><measure ana="#bk_money #bk_to" quantity="1" unit="dollars">1</measure></cell>
               <cell><measure ana="#bk_money #bk_to" quantity="0.5" unit="cents">75</measure></cell>
               <cell/>
               <cell/>
            </row>
            <row ana="#bk_entry">
<cell ana="#bk_status" corresp="#395">395</cell>
               <cell><name ana="#bk_to" type="person" ref="pers_WCDH621">Tompson Tripp</name>
                  <choice rend="align(right)">
                     <abbr>DR</abbr>
                     <expan>Dabtor</expan>
                  </choice><lb/></cell>
               <cell/>
               <cell/>
               <cell/>
               <cell/>
            </row>
            <row>
               <cell></cell>
               <cell>To paying Pter Lishman <measure ana="#bk_money #bk_to" quantity="13.50" unit="dollars">13.50</measure></cell>
               <cell><measure ana="#bk_money #bk_to" quantity="13" unit="dollars">13</measure></cell>
               <cell><measure ana="#bk_money #bk_to" quantity="50" unit="cents">50</measure></cell>
               <cell/>
               <cell/>
            </row>
            <row ana="#bk_entry">
<cell ana="#bk_status" corresp="#393">393</cell>
               <cell><name ana="#bk_to" type="person" ref="pers_WCDH650">Wheaton Wheeler</name>
                  <choice rend="align(right)">
                     <abbr>DR</abbr>
                     <expan>Dabtor</expan>
                  </choice><lb/></cell>
               <cell/>
               <cell></cell>
               <cell/>
               <cell/>
            </row>
            <row>
               <cell/>
               <cell>To paying H. Hodges</cell>
               <cell><measure ana="#bk_money #bk_to" quantity="2" unit="dollars">2</measure></cell>
               <cell><measure ana="#bk_money #bk_to" quantity="76" unit="cents">76</measure></cell>
               <cell/>
               <cell></cell>
            </row>
           <pb n="103"/>
          <fw type="pageNum">103</fw>
                     </table>
         <table>
       <head><date ana="#bk_when" when="1832-04-02">text</date></head>
            <row ana="#bk_entry">
<cell ana="#bk_status" corresp="#396">396</cell>
               <cell><name ana="#bk_to" type="person" ref="pers_WCDH484">Samuel Morey</name>
                  <choice rend="align(right)">
                     <abbr>DR</abbr>
                     <expan>Dabtor</expan>
                  </choice><lb/></cell>
               <cell/>
               <cell/>
               <cell/>
               <cell/>
            </row>
            <row>
               <cell></cell>
               <cell>To <measure quantity="1" unit="cord">1 cord wood</measure><measure ana="#bk_money #bk_to" quantity="3.50" unit="dollars">3.50</measure></cell>
               <cell><measure ana="#bk_money #bk_to" quantity="3" unit="dollars">3</measure></cell>
               <cell><measure ana="#bk_money #bk_to" quantity="50" unit="cents">50</measure></cell>
               <cell/>
               <cell/>
            </row>
            <row>
               <cell><date ana="#bk_when" when="1832-04-07">7th</date></cell>
               <cell></cell>
               <cell/>
               <cell></cell>
               <cell/>
               <cell/>
            </row>
            <row ana="#bk_entry">
<cell ana="#bk_status" corresp="#391">391</cell>
               <cell><name ana="#bk_to" type="person" ref="pers_WCDH506">Catharine Perham</name>
                  <choice rend="align(right)">
                     <abbr>DR</abbr>
                     <expan>Dabtor</expan>
                  </choice><lb/></cell>
               <cell/>
               <cell/>
               <cell/>
               <cell/>
            </row>
            <row>
               <cell></cell>
               <cell>To cash <name type="account" ref="LMWcash">cash</name>2/</cell>
               <cell/>
               <cell><measure ana="#bk_money #bk_to" quantity="33" unit="dollars">33</measure></cell>
               <cell/>
               <cell/>
            </row>
            <row ana="#bk_entry">
<cell ana="#bk_status" corresp="#368">368</cell>
               <cell><name ana="#bk_to" type="person" ref="pers_WCDH574">Timothy Smith</name>
                  <choice rend="align(right)">
                     <abbr>DR</abbr>
                     <expan>Dabtor</expan>
                  </choice><lb/></cell>
               <cell></cell>
               <cell></cell>
               <cell/>
               <cell/>
            </row>
            <row>
               <cell/>
               <cell>To <measure quantity="1" unit="day">chaise to Taunton</measure></cell>
               <cell/>
               <cell><measure ana="#bk_money #bk_to" quantity="64" unit="dollars">64</measure></cell>
               <cell/>
               <cell/>
            </row>
            <span type="subheading"><date ana="#bk_when" when="1832-04-09">9</date></span>
            <row>
               <cell/>
               <cell>To <measure quantity="1" unit="bushels">Bus potatoes</measure>2/3</cell>
               <cell/>
               <cell><measure ana="#bk_money #bk_to" quantity="37" unit="dollars">37</measure></cell>
               <cell/>
               <cell/>
            </row>
            <row>
               <cell/>
               <cell><date ana="#bk_when" when="1832-04-10">10</date></cell><cell/>
               <cell></cell>
               <cell/>
               <cell/>
            </row>
            <row ana="#bk_entry">
<cell ana="#bk_status" corresp="#392">392</cell>
               <cell><name ana="#bk_to" type="person" ref="pers_WCDH359">Hiram Hodges</name>
                  <choice rend="align(right)">
                     <abbr>DR</abbr>
                     <expan>Dabtor</expan>
                  </choice><lb/></cell>
               <cell/>
               <cell/>
               <cell/>
               <cell/>
            </row>
            <row>
               <cell></cell>
               <cell>To <measure quantity="0.5" unit="bushels">1/2 Bus potatoes</measure>2/3</cell>
               <cell/>
               <cell><measure ana="#bk_money #bk_to" quantity="19" unit="dollars">19</measure></cell>
               <cell/>
               <cell/>
            </row>
            <row ana="#bk_entry">
<cell ana="#bk_status" corresp="#45">45</cell>
               <cell><name ana="#bk_to" type="person" ref="pers_WCDH570">Noah Smith</name>
                  <choice rend="align(right)">
                     <abbr>DR</abbr>
                     <expan>Dabtor</expan>
                  </choice><lb/></cell>
               <cell></cell>
               <cell></cell>
               <cell/>
               <cell/>
            </row>
            <row>
               <cell/>
               <cell>To cash <!--?--></cell>
               <cell><measure quantity="0.5" unit="dollars">15</measure></cell>
               <cell><measure ana="#bk_money #bk_to" quantity="73" unit="cents">73</measure></cell> 
               <cell/>
               <cell/>
            </row>
            <row>
               <cell><date ana="#bk_when" when="1832-04-12">12th</date></cell>
               <cell></cell>
               <cell/>
               <cell/>
               <cell/>
               <cell/>
            </row>
            <row ana="#bk_entry">
<cell ana="#bk_status" corresp="#391">391</cell>
               <cell><name ana="#bk_to" type="person" ref="pers_WCDH506">Catharine A Perham</name>
                  <choice rend="align(right)">
                     <abbr>DR</abbr>
                     <expan>Dabtor</expan>
                  </choice><lb/></cell>
               <cell></cell>
               <cell></cell>
               <cell/>
               <cell/>
            </row>
            <row>
               <cell/>
               <cell>To <name type="account" ref="LMWcash">cash</name> <measure ana="#bk_money #bk_to" quantity="50" unit="dollars"></measure>3/ for H.M.S.</cell>
               <cell></cell>
               <cell><measure ana="#bk_money #bk_to" quantity="50" unit="dollars">50</measure></cell>
               <cell></cell>
               <cell></cell>
            </row>
            <row ana="#bk_entry">
<cell ana="#bk_status" corresp="#392">392</cell>
               <cell><name ana="#bk_to" type="person" ref="pers_WCDH359">Hiram Hodges</name>
                  <choice rend="align(right)">
                     <abbr>DR</abbr>
                     <expan>Dabtor</expan>
                  </choice><lb/></cell>
               <cell></cell>
               <cell></cell>
               <cell/>
               <cell/>
            </row>
            <row>
               <cell/>
               <cell>To <measure quantity="3" unit="Feet">3 Ft. wood</measure>50x ft.</cell>
               <cell><measure ana="#bk_money #bk_to" quantity="1" unit="dollars">1</measure></cell>
               <cell><measure ana="#bk_money #bk_to" quantity="50" unit="cents">50</measure></cell>
               <cell/>
               <cell/>
            </row>
            <row ana="#bk_entry">
<cell ana="#bk_status" corresp="#391">391</cell>
               <cell><name ana="#bk_to" type="person" ref="pers_WCDH506">Catharine A Perham</name>
                  <choice rend="align(right)">
                     <abbr>DR</abbr>
                     <expan>Dabtor</expan>
                  </choice><lb/></cell>
               <cell/>
               <cell/>
               <cell/>
               <cell/>
            </row>
            <row>
               <cell/>
               <cell> To <measure quantity="1" unit="count">ribbon</measure>/6</cell>
               <cell></cell>
               <cell><measure ana="#bk_money #bk_to" quantity="3" unit="dollars">3</measure></cell>
               <cell/>
               <cell/>
            </row>
         </table>
      </body>
   </text>
</TEI>