<?xml version="1.0" encoding="UTF-8"?>
<?oxygen RNGSchema="http://www.tei-c.org/release/xml/tei/custom/schema/relaxng/tei_all.rng" type="xml"?>
<TEI xmlns="http://www.tei-c.org/ns/1.0">
   <teiHeader>
      <fileDesc>
         <titleStmt>
            <title>LMW Day Book, pp. 100-139</title>
            <author>L.M. Wheaton</author>
         </titleStmt>
         <publicationStmt>
            <p>Transcribed by Sahilia Ramirez Summer 2016, Wheaton College</p>
         </publicationStmt>
         <sourceDesc>
            <biblFull>
               <titleStmt>
                  <title>Account Books, pp.100-139</title>
                  <author>L.M. Wheaton</author>
                  <respStmt>
                     <resp> TEI-compatible XML markup by <name type="person">Sahilia Ramirez</name>
                        with corrections by <name type="person">Name</name>, <name
                           type="person">Name</name>, and <name type="person">Name</name>.</resp>
                     <name type="person">Name</name>
                  </respStmt>
               </titleStmt>
               <publicationStmt>
                  <p>Transcribed by Sahilia Ramirez Summer 2016, Wheaton College</p>
               </publicationStmt>
               <sourceDesc>
                  <p> From the Marion B. Gebbie Archives and Special Collections at the Madeleine
                     Clark Wallace Library, Wheaton College </p>
               </sourceDesc>
            </biblFull>
         </sourceDesc>
      </fileDesc>
   </teiHeader>
   <text>
      <body>
         <pb n="124"/>
         <fw type="pageNum">124</fw>
         <table>
            <head>Tuesday <date ana="#bk_when" when="1834-04-22">text</date></head>
            <row ana="#bk_entry">
<cell ana="#bk_status" corresp="#399">399</cell>
               <cell>
                  <name ana="#bk_to" type="person" ref="pers_WCDH134">Asa M Adams</name>
                  <choice rend="align(right)">
                     <abbr>DR</abbr>
                     <expan>Debtor</expan>
                  </choice><lb/>
               </cell>
               <cell/>
               <cell/>
               <cell/>
               <cell/>
            </row>
            <row>
               <cell/>
               <cell>To a subpoena for H B Washbrum</cell>
               <cell></cell>
               <cell><measure ana="#bk_money #bk_to" quantity="10" unit="dollars">10</measure></cell>
               <cell/>
               <cell/>
            </row>
            <span type="subheading"><date ana="#bk_when" when="1834-04-23">23</date></span>
            <row ana="#bk_entry">
<cell ana="#bk_status" corresp="#401">401</cell>
               <cell> <name ana="#bk_to" type="person" ref="pers_WCDH295">Lorana Farnum</name>
                  <choice rend="align(right)">
                     <abbr>DR</abbr>
                     <expan>Debtor</expan>
                  </choice><lb/></cell>
               <cell/>
               <cell/>
               <cell/>
               <cell/>
            </row>
            <row>
               <cell></cell>
               <cell>To <measure quantity="3/4" unit="yards">paying for leather 3/4 yards</measure>11x</cell>
               <cell/>
               <cell><measure ana="#bk_money #bk_to" quantity="11" unit="dollars">11</measure></cell>
               <cell/>
               <cell/>
            </row>
            <row>
               <cell/>
               <cell><name type="account" ref="LMWcash">cash</name> <measure ana="#bk_money #bk_to" quantity="11" unit="dollars">eleven dollars</measure> x <measure ana="#bk_money #bk_to" quantity="32" unit="cents">thirty two cents</measure></cell>
               <cell><measure ana="#bk_money #bk_to" quantity="11" unit="dollars">11</measure></cell>
               <cell><measure ana="#bk_money #bk_to" quantity="32" unit="dollars">32</measure></cell>
               <cell/>
               <cell/>
            </row>
            <span type="subheading"><date ana="#bk_when" when="1834-04-30">30</date></span>
            <row ana="#bk_entry">
<cell ana="#bk_status" corresp="#395">395</cell>
               <cell> <name ana="#bk_to" type="person" ref="pers_WCDH621">Thompson Tripp</name>
                  <choice rend="align(right)">
                     <abbr>DR</abbr>
                     <expan>Debtor</expan>
                  </choice><lb/></cell>
               <cell/>
               <cell/>
               <cell/>
               <cell/>
            </row>
            <row>
               <cell/>
               <cell>To <name type="account" ref="LMWcash">cash</name> <measure ana="#bk_money #bk_to" quantity="3" unit="dollars">three dollars</measure>18/</cell>
               <cell><measure ana="#bk_money #bk_to" quantity="3" unit="dollars">3</measure></cell>
               <cell>0</cell>
               <cell/>
               <cell/>
            </row>
            <row ana="#bk_entry">
<cell ana="#bk_status" corresp="#396">396</cell>
               <cell> <name ana="#bk_to" type="person" ref="pers_WCDH484">Samuel Morey</name>
                  <choice rend="align(right)">
                     <abbr>DR</abbr>
                     <expan>Debtor</expan>
                  </choice><lb/></cell>
               <cell/>
               <cell/>
               <cell/>
               <cell/>
            </row>
            <row>
               <cell></cell>
               <cell>To <name type="account" ref="LMWcash">cash</name> paid self <measure ana="#bk_money #bk_to" quantity="0.5" unit="dollars">twenty five dollars</measure></cell>
               <cell><measure ana="#bk_money #bk_to" quantity="0.5" unit="dollars">25</measure></cell>
               <cell>0</cell>
               <cell/>
               <cell/>
            </row>
         </table>
            <pb n="124"/>
            <fw type="pageNum">124</fw>
            <table>
               <head><date ana="#bk_when" when="1834-05-02">text</date></head>
            <row ana="#bk_entry">
<cell ana="#bk_status" corresp="#403">403</cell>
               <cell><name ana="#bk_to" type="person" ref="pers_WCDH498">Henry M Paine</name>
                  <choice rend="align(right)">
                     <abbr>DR</abbr>
                     <expan>Debtor</expan>
                  </choice><lb/></cell>
               <cell></cell>
               <cell></cell>
               <cell/>
               <cell/>
            </row>
            <row>
               <cell/>
               <cell>To <measure quantity="0.5" unit="bushels">half bushel potatoes</measure>2/</cell>
               <cell/>
               <cell><measure ana="#bk_money #bk_to" quantity="17" unit="dollars">17</measure></cell>
               <cell/>
               <cell/>
            </row>
            <row ana="#bk_entry">
<cell ana="#bk_status" corresp="#403">403</cell>
               <cell><name ana="#bk_to" type="person" ref=" pers_WCDH498">Henry M Paine</name>
                  <choice rend="align(right)">
                     <abbr>DR</abbr>
                     <expan>Debtor</expan>
                  </choice><lb/></cell>
               <cell/>
               <cell/>
               <cell/>
               <cell/>
            </row>
            <row>
               <cell/>
               <cell>To <measure quantity="1.5" unit="bushels">one and half brushels potatoes</measure>2/</cell>
               <cell></cell>
               <cell><measure ana="#bk_money #bk_to" quantity="0.5" unit="dollars">25</measure></cell>
               <cell/>
               <cell/>
            </row>
            <span type="subheading"><date ana="#bk_when" when="1834-05-03">3</date></span>
            <row ana="#bk_entry">
<cell ana="#bk_status" corresp="#Settled">Settled</cell>
               <cell><name ana="#bk_to" type="person" ref="pers_WCDH642">James S. Washburn</name>
                  <choice rend="align(right)">
                     <abbr>DR</abbr>
                     <expan>Debtor</expan>
                  </choice><lb/></cell>
               <cell/>
               <cell/>
               <cell/>
               <cell/>
            </row>
            <row>
               <cell/>
               <cell>To <name type="account" ref="LMWcash">cash</name> 1/6</cell>
               <cell/>
               <cell><measure ana="#bk_money #bk_to" quantity="0.5" unit="dollars">25</measure></cell>
               <cell/>
               <cell/>
            </row>
            <row ana="#bk_entry">
<cell ana="#bk_status" corresp="#Settled">Settled</cell>
               <cell>By <measure quantity="2" unit="day">two days work this week</measure></cell>
               <cell/>
               <cell></cell>
               <cell/>
               <cell></cell>
            </row>
            <row ana="#bk_entry">
<cell ana="#bk_status" corresp="#371">371</cell>
               <cell><name ana="#bk_to" type="person" ref="pers_WCDH201">Simeon Briggs</name>
                  <choice rend="align(right)">
                     <abbr>DR</abbr>
                     <expan>Debtor</expan>
                  </choice><lb/></cell>
               <cell/>
               <cell/>
               <cell/>
               <cell/>
            </row>
            <row>
               <cell></cell>
               <cell>To <measure commodity="oxen rental" quantity="1" unit="day" >oxen</measure> x <measure commodity="cart rental" quantity="1" unit="day">cart one day</measure></cell>
               <cell/>
               <cell><measure ana="#bk_money #bk_to" quantity="0.5" unit="dollars">75</measure></cell>
               <cell/>
               <cell/>
            </row>
            <row ana="#bk_entry">
<cell ana="#bk_status" corresp="#396">396</cell>
               <cell><name ana="#bk_to" type="person" ref="pers_WCDH484">Samuel Morey</name>
                  <choice rend="align(right)">
                     <abbr>DR</abbr>
                     <expan>Debtor</expan>
                  </choice><lb/></cell>
               <cell/>
               <cell></cell>
               <cell/>
               <cell/>
            </row>
            <row>
               <cell/>
               <cell>To paying Danforths demand</cell>
               <cell><measure ana="#bk_money #bk_to" quantity="150" unit="dollars">150</measure></cell>
               <cell>0</cell>
               <cell/>
               <cell/>
            </row>
            <row>
               <cell></cell>
               <cell>paying W. Wild for during the business</cell>
               <cell><measure ana="#bk_money #bk_to" quantity="2" unit="dollars">2</measure></cell>
               <cell>0</cell>
               <cell/>
               <cell/>
            </row>
            <row>
               <cell/>
               <cell> going to Boston to settle the business</cell>
               <cell><measure ana="#bk_money #bk_to" quantity="5" unit="dollars">5</measure></cell>
               <cell>0</cell>
               <cell><measure ana="#bk_money #bk_to" quantity="157" unit="dollars">157</measure></cell>
               <cell>0</cell>
            </row>
            <span type="subheading"><date ana="#bk_when" when="1834-05-07">7</date></span>
            <row ana="#bk_entry">
<cell ana="#bk_status" corresp="#396">396</cell>
               <cell><name ana="#bk_to" type="person" ref="pers_WCDH484">Samuel Morey</name>
                  <choice rend="align(right)">
                     <abbr>DR</abbr>
                     <expan>Debtor</expan>
                  </choice><lb/></cell>
               <cell/>
               <cell/>
               <cell/>
               <cell/>
            </row>
            <row>
               <cell/>
               <cell>To <name type="account" ref="LMWcash">cash</name> paid Daniel <measure ana="#bk_money #bk_to" quantity="10" unit="dollars">ten dollars</measure></cell>
               <cell><measure ana="#bk_money #bk_to" quantity="10" unit="dollars">10</measure></cell>
               <cell>0</cell>
               <cell/>
               <cell/>
            </row>
            <row ana="#bk_entry">
<cell ana="#bk_status" corresp="#105">105</cell>
               <cell><name ana="#bk_to" type="person" ref="pers_WCDH217">Daniel Carpenter</name>
                  <choice rend="align(right)">
                     <abbr>DR</abbr>
                     <expan>Debtor</expan>
                  </choice><lb/></cell><cell/>
               <cell></cell>
               <cell/>
               <cell/>
            </row>
            <row>
               <cell/>
               <cell>To <measure commodity="hay rental">short hay for rent</measure>2/</cell>
               <cell/>
               <cell><measure ana="#bk_money #bk_to" quantity="33" unit="dollars">33</measure></cell>
               <cell/>
               <cell/>
            </row>
            <row ana="#bk_entry">
<cell ana="#bk_status" corresp="#395">395</cell>
               <cell><name ana="#bk_to" type="person" ref="pers_WCDH621">Thompson Tripp</name>
                  <choice rend="align(right)">
                     <abbr>DR</abbr>
                     <expan>Debtor</expan>
                  </choice><lb/></cell>
               <cell/>
               <cell/>
               <cell/>
               <cell/>
            </row>
            <row>
               <cell/>
               <cell>By work to <date ana="#bk_when" when="1834-04-01">April 1st 1834</date> at <measure ana="#bk_money #bk_to" quantity="0.5" unit="dollars">$15 00</measure> per month</cell>
               <cell><measure ana="#bk_money #bk_to" quantity="180" unit="dollars">180</measure></cell>
               <cell>0</cell>
               <cell/>
               <cell/>
            </row>
            <row ana="#bk_entry">
<cell ana="#bk_status" corresp="#395">395</cell>
               <cell><name ana="#bk_to" type="person" ref="pers_WCDH621">Thompson Tripp</name>
                  <choice rend="align(right)">
                     <abbr>DR</abbr>
                     <expan>Debtor</expan>
                  </choice><lb/></cell>
               <cell/>
               <cell/>
               <cell/>
               <cell/>
            </row>
            <row>
               <cell></cell>
               <cell>To <name type="account" ref="LMWcash">cash</name> <!--?--> account</cell>
               <cell><measure ana="#bk_money #bk_to" quantity="79" unit="dollars">$79</measure></cell>
               <cell><measure ana="#bk_money #bk_to" quantity="44" unit="dollars">44</measure></cell>
               <cell/>
               <cell/>
            </row>
            <row ana="#bk_entry">
<cell ana="#bk_status" corresp="#371">371</cell>
               <cell><name ana="#bk_to" type="person" ref="pers_WCDH201">Simeon Briggs</name>
                  <choice rend="align(right)">
                     <abbr>DR</abbr>
                     <expan>Debtor</expan>
                  </choice><lb/></cell>
               <cell></cell>
               <cell></cell>
               <cell/>
               <cell/>
            </row>
            <row>
               <cell/>
               <cell>To <measure commodity="oxen rental" quantity="2" unit="day">two yoke oxen</measure>, <measure quantity="1" unit="day">plough x hand one day</measure></cell>
               <cell><measure ana="#bk_money #bk_to" quantity="2" unit="dollars">2</measure></cell>
               <cell><measure ana="#bk_money #bk_to" quantity="50" unit="dollars">50</measure></cell>
               <cell></cell>
               <cell></cell>
            </row>
            <row ana="#bk_entry">
<cell ana="#bk_status" corresp="#152">152</cell>
               <cell><name ana="#bk_to" type="person" ref="pers_WCDH402">Phillip B. King</name>
                  <choice rend="align(right)">
                     <abbr>DR</abbr>
                     <expan>Debtor</expan>
                  </choice><lb/></cell>
               <cell></cell>
               <cell></cell>
               <cell/>
               <cell/>
            </row>
            <row>
               <cell/>
               <cell>To <measure quantity="1" unit="day">plough one day</measure>1/6</cell>
               <cell/>
               <cell><measure ana="#bk_money #bk_to" quantity="0.5" unit="dollars">25</measure></cell>
               <cell/>
               <cell/>
            </row>
            <row ana="#bk_entry">
<cell ana="#bk_status" corresp="#56">56</cell>
               <cell><name ana="#bk_to" type="person" ref="pers_WCDH262">Thomas Danforth</name>
                  <choice rend="align(right)">
                     <abbr>DR</abbr>
                     <expan>Debtor</expan>
                  </choice><lb/></cell>
               <cell/>
               <cell/>
               <cell/>
               <cell/>
            </row>
            <row>
               <cell/>
               <cell>To the rent of land opposite and Darforth is to pay all taxes</cell>
               <cell><measure ana="#bk_money #bk_to" quantity="5" unit="dollars">5</measure></cell>
               <cell>0</cell>
               <cell/>
               <cell/>
            </row>
            <span type="subheading"><date ana="#bk_when" when="1834-05-11">11</date></span>
            <row ana="#bk_entry">
<cell ana="#bk_status" corresp="#346">346</cell>
               <cell><name ana="#bk_to" type="person" ref="pers_WCDH484">Samuel Morey</name>
                  <choice rend="align(right)">
                     <abbr>DR</abbr>
                     <expan>Debtor</expan>
                  </choice><lb/></cell>
               <cell/>
               <cell/>
               <cell/>
               <cell/>
            </row>
            <row>
               <cell/>
               <cell>To <name type="account" ref="LMWcash">cash</name> paid to Daniel for order</cell>
               <cell><measure ana="#bk_money #bk_to" quantity="10" unit="dollars">10</measure></cell>
               <cell>0</cell>
               <cell/>
               <cell/>
            </row>
            <row ana="#bk_entry">
<cell ana="#bk_status" corresp="#402">402</cell>
               <cell><name ana="#bk_to" type="person" ref="pers_WCDH397">Elijah H King</name>
                  <choice rend="align(right)">
                     <abbr>DR</abbr>
                     <expan>Debtor</expan>
                  </choice><lb/></cell>
               <cell/>
               <cell/>
               <cell/>
               <cell/>
            </row>
            <row>
               <cell></cell>
               <cell>To <measure commodity="white lard" quantity="8" unit="lbs">8 lbs. white lard</measure>7x</cell>
               <cell/>
               <cell><measure ana="#bk_money #bk_to" quantity="56" unit="dollars">56</measure></cell>
               <cell/>
               <cell/>
            </row>
            <span type="subheading"><date ana="#bk_when" when="1834-05-19">19</date></span>
            <row ana="#bk_entry">
<cell ana="#bk_status" corresp="#404">404</cell>
               <cell><name ana="#bk_to" type="person" ref="pers_WCDH621">Thompson Tripp</name>
                  <choice rend="align(right)">
                     <abbr>DR</abbr>
                     <expan>Debtor</expan>
                  </choice><lb/></cell>
               <cell/>
               <cell/>
               <cell/>
               <cell/>
            </row>
            <row>
               <cell></cell>
               <cell>To <measure quantity="1" unit="count">paying H. Hulet for shoes</measure>9/</cell>
               <cell><measure ana="#bk_money #bk_to" quantity="1" unit="dollars">1</measure></cell>
               <cell><measure ana="#bk_money #bk_to" quantity="50" unit="dollars">50</measure></cell>
               <cell/>
               <cell/>
            </row>
         </table>
         <pb n="125"/>
         <fw type="pageNum">125</fw>
         <table>
            <head>Monday <date ana="#bk_when" when="1834-05-19">text</date></head>
            <row ana="#bk_entry">
<cell ana="#bk_status" corresp="#402">402</cell>
               <cell>
                  <name ana="#bk_to" type="person" ref="pers_WCDH397">Elijah H. King</name>
                  <choice rend="align(right)">
                     <abbr></abbr>
                     <expan></expan>
                  </choice><lb/>
               </cell>
               <cell/>
               <cell/>
               <cell/>
               <cell/>
            </row>
            <row>
               <cell/>
               <cell>To <measure quantity="5.5" unit="bushels">5 1/2 Buls. potatoes</measure>1/6</cell>
               <cell><measure ana="#bk_money #bk_to" quantity="1" unit="dollars">1</measure></cell>
               <cell><measure ana="#bk_money #bk_to" quantity="38" unit="dollars">38</measure></cell>
               <cell/>
               <cell/>
            </row>
            <span type="subheading"><date ana="#bk_when" when="1834-05-23">23</date></span>
            <row ana="#bk_entry">
<cell ana="#bk_status" corresp="#400">400</cell>
               <cell><name ana="#bk_to" type="person" ref="pers_WCDH225">Betsey A Chase</name>
                  <choice rend="align(right)">
                     <abbr>DR</abbr>
                     <expan>Debtor</expan>
                  </choice><lb/></cell>
               <cell/>
               <cell/>
               <cell/>
               <cell/>
            </row>
            <row>
               <cell></cell>
               <cell>To <measure quantity="9" unit="yards">9 yards Gingham</measure>25x per paid</cell>
               <cell><measure ana="#bk_money #bk_to" quantity="2" unit="dollars">2</measure></cell>
               <cell><measure ana="#bk_money #bk_to" quantity="0.5" unit="dollars">25</measure></cell>
               <cell/>
               <cell/>
            </row>
            <row ana="#bk_entry">
<cell ana="#bk_status" corresp="#404">404</cell>
               <cell><name ana="#bk_to" type="person" ref="pers_WCDH621">Thompson Tripp</name>
                  <choice rend="align(right)">
                     <abbr>DR</abbr>
                     <expan>Debtor</expan>
                  </choice><lb/></cell>
               <cell></cell>
               <cell></cell>
               <cell/>
               <cell/>
            </row>
            <row>
               <cell/>
               <cell>To <measure commodity="buckskin shoes" quantity="1" unit="count">paying for buckskin shoes</measure>9/6</cell>
               <cell><measure ana="#bk_money #bk_to" quantity="1" unit="dollars">1</measure></cell>
               <cell><measure ana="#bk_money #bk_to" quantity="58" unit="dollars">58</measure></cell>
               <cell/>
               <cell/>
            </row>
            <row ana="#bk_entry">
<cell ana="#bk_status" corresp="#396">396</cell>
               <cell><name ana="#bk_to" type="person" ref="pers_WCDH484">Samuel Morey</name>
                  <choice rend="align(right)">
                     <abbr>DR</abbr>
                     <expan>Debtor</expan>
                  </choice><lb/></cell>
               <cell/>
               <cell/>
               <cell/>
               <cell/>
            </row>
            <row>
               <cell/>
               <cell>To <measure quantity="0.5" unit="bushels">15 Buls. potatoes</measure> 1/6</cell>
               <cell><measure ana="#bk_money #bk_to" quantity="2" unit="dollars">2</measure></cell>
               <cell><measure ana="#bk_money #bk_to" quantity="0.5" unit="dollars">75</measure></cell>
               <cell/>
               <cell/>
            </row>
            <row ana="#bk_entry">
<cell ana="#bk_status" corresp="#403">403</cell>
               <cell><name ana="#bk_to" type="person" ref="pers_WCDH498">Henry M Paine</name>
                  <choice rend="align(right)">
                     <abbr>DR</abbr>
                     <expan>Debtor</expan>
                  </choice><lb/></cell>
               <cell/>
               <cell/>
               <cell/>
               <cell/>
            </row>
            <row>
               <cell></cell>
               <cell>To <measure quantity="0.5" unit="bushels">1/2 Buls. Potatoes</measure>1/6</cell>
               <cell/>
               <cell><measure ana="#bk_money #bk_to" quantity="13" unit="dollars">13</measure></cell>
               <cell/>
               <cell/>
            </row>
            <row>
               <cell>to plant</cell>
               <cell><name ana="#bk_to" type="person" ref="?">Mason Freeman</name>
                  <choice rend="align(right)">
                     <abbr>DR</abbr>
                     <expan>Debtor</expan>
                  </choice><lb/></cell>
               <cell></cell>
               <cell></cell>
               <cell/>
               <cell/>
            </row>
            <row>
               <cell/>
               <cell>To <measure quantity="7.5" unit="bushels">7 1/2 Buls. Potatoes</measure>to plant.</cell>
               <cell/>
               <cell/>
               <cell/>
               <cell/>
            </row>
            <row ana="#bk_entry">
<cell ana="#bk_status" corresp="#401">401</cell>
               <cell><name ana="#bk_to" type="person" ref="pers_WCDH640">Horace Wetherell</name>
                  <choice rend="align(right)">
                     <abbr>DR</abbr>
                     <expan>Debtor</expan>
                  </choice><lb/></cell>
               <cell/>
               <cell/>
               <cell/>
               <cell/>
            </row>
            <row>
               <cell/>
               <cell>To <measure quantity="1" unit="day">plough one day</measure></cell>
               <cell></cell>
               <cell></cell>
               <cell/>
               <cell/>
            </row>
            <row ana="#bk_entry">
<cell ana="#bk_status" corresp="#312">312</cell>
               <cell><name ana="#bk_to" type="person" ref="pers_WCDH375">Horaee Hulet</name>
                  <choice rend="align(right)">
                     <abbr>DR</abbr>
                     <expan>Debtor</expan>
                  </choice><lb/></cell>
               <cell/>
               <cell/>
               <cell/>
               <cell/>
            </row>
            <row>
               <cell></cell>
               <cell>To <measure commodity="oxen rental">two yoke oxen</measure>, <measure quantity="1">hand x plough</measure>to plough garden</cell>
               <cell/>
               <cell/>
               <cell/>
               <cell/>
            </row>
            <row ana="#bk_entry">
<cell ana="#bk_status" corresp="#Settled">Settled</cell>
               <cell><name ana="#bk_to" type="person" ref="pers_WCDH574">Timothy Smith</name>
                  <choice rend="align(right)">
                     <abbr>DR</abbr>
                     <expan>Debtor</expan>
                  </choice><lb/></cell>
               <cell/>
               <cell></cell>
               <cell/>
               <cell/>
            </row>
            <span type="subheading"><date ana="#bk_when" when="1834-04-01">April 1st 1834</date></span>
            <span type="subheading"><date ana="#bk_when" when="1834-04-01">April 1st 1834</date></span>
            <row>
               <cell></cell>
               <cell><date ana="#bk_when" when="1833-11-28">November 28th 1833</date> letter postage 6x see P.O. Book</cell>
               <cell/>
               <cell><measure ana="#bk_money #bk_to" quantity="6" unit="dollars">6</measure></cell>
               <cell/>
               <cell/>
            </row>
         </table>
            <pb n="125"/>
            <fw type="pageNum">125</fw>
            <table>
               <head><date ana="#bk_when" when="1834-06-02">text</date></head>
            <row ana="#bk_entry">
<cell ana="#bk_status" corresp="#400">400</cell>
               <cell><name ana="#bk_to" type="person" ref="pers_WCDH225">Betsey A Chase</name>
                  <choice rend="align(right)">
                     <abbr>DR</abbr>
                     <expan>Debtor</expan>
                  </choice><lb/></cell>
               <cell/>
               <cell></cell>
               <cell/>
               <cell/>
            </row>
            <row>
               <cell/>
               <cell>To <name type="account" ref="LMWcash">cash</name> 6/ to pay a pedlar</cell>
               <cell><measure ana="#bk_money #bk_to" quantity="1" unit="dollars">1</measure></cell>
               <cell>0</cell>
               <cell/>
               <cell/>
            </row>
            <row ana="#bk_entry">
<cell ana="#bk_status" corresp="#396">396</cell>
               <cell><name ana="#bk_to" type="person" ref="pers_WCDH484">Samuel Morey</name>
                  <choice rend="align(right)">
                     <abbr>DR</abbr>
                     <expan>Debtor</expan>
                  </choice><lb/></cell>
               <cell/>
               <cell/>
               <cell/>
               <cell/>
            </row>
            <row>
               <cell/>
               <cell>To paying Timothy Smith your order</cell>
               <cell><measure ana="#bk_money #bk_to" quantity="34" unit="dollars">34</measure></cell>
               <cell><measure ana="#bk_money #bk_to" quantity="48" unit="dollars">48</measure></cell>
               <cell/>
               <cell/>
            </row>
            <row ana="#bk_entry">
<cell ana="#bk_status" corresp="#393">393</cell>
               <cell><name ana="#bk_to" type="person" ref="pers_WCDH650">Wheaton Wheeler</name>
                  <choice rend="align(right)">
                     <abbr>DR</abbr>
                     <expan>Debtor</expan>
                  </choice><lb/></cell>
               <cell/>
               <cell/>
               <cell/>
               <cell/>
            </row>
            <row>
               <cell></cell>
               <cell>To <measure quantity="1" unit="peek">1 peek Rye</measure>6/</cell>
               <cell/>
               <cell><measure ana="#bk_money #bk_to" quantity="0.5" unit="dollars">25</measure></cell>
               <cell/>
               <cell/>
            </row>
            <row ana="#bk_entry">
<cell ana="#bk_status" corresp="#393">393</cell>
               <cell>By <measure quantity="1" unit="day">one days work</measure>2/6</cell>
               <cell/>
               <cell><measure ana="#bk_money #bk_to" quantity="42" unit="dollars">42</measure></cell>
               <cell/>
               <cell/>
            </row>
            <row ana="#bk_entry">
<cell ana="#bk_status" corresp="#389">389</cell>
               <cell><name ana="#bk_to" type="person" ref="pers_WCDH230">Oliver Clapp</name>
                  <choice rend="align(right)">
                     <abbr>DR</abbr>
                     <expan>Debtor</expan>
                  </choice><lb/></cell><cell/>
               <cell></cell>
               <cell/>
               <cell/>
            </row>
            <row>
               <cell/>
               <cell>To <measure quantity="1" unit="bushels">one Buls. Potatoes</measure>30x</cell>
               <cell/>
               <cell><measure ana="#bk_money #bk_to" quantity="30" unit="dollars">30</measure></cell>
               <cell/>
               <cell/>
            </row>
            <span type="subheading"><date ana="#bk_when" when="1834-06-04">4</date></span>
            <row ana="#bk_entry">
<cell ana="#bk_status" corresp="#403">403</cell>
               <cell><name ana="#bk_to" type="person" ref="pers_WCDH498">Henry M Paine</name>
                  <choice rend="align(right)">
                     <abbr>DR</abbr>
                     <expan>Debtor</expan>
                  </choice><lb/></cell>
               <cell></cell>
               <cell></cell>
               <cell/>
               <cell/>
            </row>
            <row>
               <cell/>
               <cell>To <measure quantity="0.5" unit="bushels">1/2 Buls. Potatoes</measure>15x</cell>
               <cell/>
               <cell><measure ana="#bk_money #bk_to" quantity="0.5" unit="dollars">15</measure></cell>
               <cell/>
               <cell/>
            </row>
            <span type="subheading"><date ana="#bk_when" when="1834-06-05">5</date></span>
            <row ana="#bk_entry">
<cell ana="#bk_status" corresp="#343">343</cell>
               <cell><name ana="#bk_to" type="person" ref="pers_WCDH221">Thomas Carpenter</name>
                  <choice rend="align(right)">
                     <abbr>DR</abbr>
                     <expan>Debtor</expan>
                  </choice><lb/></cell>
               <cell></cell>
               <cell></cell>
               <cell/>
               <cell/>
            </row>
            <row>
               <cell/>
               <cell>To <measure quantity="1" unit="Bushels">1 bu. Cider 1</measure>0/6 per bu.</cell>
               <cell><measure ana="#bk_money #bk_to" quantity="1" unit="dollars">1</measure></cell>
               <cell><measure ana="#bk_money #bk_to" quantity="0.5" unit="dollars">75</measure></cell>
               <cell></cell>
               <cell></cell>
            </row>
            <span type="subheading"><date ana="#bk_when" when="1834-06-09">9</date></span>
            <row ana="#bk_entry">
<cell ana="#bk_status" corresp="#393">393</cell>
               <cell><name ana="#bk_to" type="person" ref="pers_WCDH650">Wheaton Wheeler</name>
                  <choice rend="align(right)">
                     <abbr>DR</abbr>
                     <expan>Debtor</expan>
                  </choice><lb/></cell>
               <cell/>
               <cell/>
               <cell/>
               <cell/>
            </row>
            <row>
               <cell></cell>
               <cell>To <measure quantity="1" unit="peek">1 peek rye</measure>6/</cell>
               <cell/>
               <cell><measure ana="#bk_money #bk_to" quantity="0.5" unit="dollars">25</measure></cell>
               <cell/>
               <cell/>
            </row>
            <row ana="#bk_entry">
<cell ana="#bk_status" corresp="#393">393</cell>
               <cell>By <measure ana="#bk_service #bk_from" commodity="work" unit="week" quantity="1">work this week</measure>2/6</cell>
               <cell></cell>
               <cell><measure ana="#bk_money #bk_to" quantity="42" unit="dollars">42</measure></cell>
               <cell/>
               <cell/>
            </row>
            <span type="subheading"><date ana="#bk_when" when="1834-06-10">10</date></span>
            <row ana="#bk_entry">
<cell ana="#bk_status" corresp="#393">393</cell>
               <cell>By <measure ana="#bk_commodity #bk_from" commodity="work"  unit="week" quantity="1">work this week</measure> 2/6</cell>
               <cell/>
               <cell><measure ana="#bk_money #bk_to" quantity="42" unit="dollars">42</measure></cell>
               <cell/>
               <cell/>
            </row>
            <row>
               <cell/>
               <cell>To <name type="account" ref="LMWcash">cash</name> 1/6</cell>
               <cell></cell>
               <cell><measure ana="#bk_money #bk_to" quantity="0.5" unit="dollars">25</measure></cell>
               <cell/>
               <cell/>
            </row>
            <span type="subheading"><date ana="#bk_when" when="1834-06-11">11</date></span>
            <row ana="#bk_entry">
<cell ana="#bk_status" corresp="#396">396</cell>
               <cell><name ana="#bk_to" type="person" ref="pers_WCDH484">Samuel Morey</name>
                  <choice rend="align(right)">
                     <abbr>DR</abbr>
                     <expan>Debtor</expan>
                  </choice><lb/></cell>
               <cell/>
               <cell/>
               <cell/>
               <cell/>
            </row>
            <row>
               <cell/>
               <cell>To <name type="account" ref="LMWcash">cash</name> paid Daniel 60/</cell>
               <cell><measure ana="#bk_money #bk_to" quantity="10" unit="dollars">10</measure></cell>
               <cell>0</cell>
               <cell/>
               <cell/>
            </row>
            </table>
      </body>
   </text>
</TEI>