<?xml version="1.0" encoding="UTF-8"?>
<oai_dc:dc xmlns:oai_dc="http://www.openarchives.org/OAI/2.0/oai_dc/"
    xmlns:dc="http://purl.org/dc/elements/1.1/"
    xmlns:xsi="http://www.w3.org/2001/XMLSchema-instance"
    xsi:schemaLocation="http://www.openarchives.org/OAI/2.0/oai_dc/ http://www.openarchives.org/OAI/2.0/oai_dc.xsd">
    <dc:title>Burgos Ledger</dc:title>
    <dc:subject>Business Accounts</dc:subject>
    <dc:description>The Salamanca Company was from Burgos, Northern Spain, one of the main centers of commercial networks stretching through Europe, Mediterranean and New World. Merchants of Burgos expanded their activities from exporting sheep fleece to financial services such as foreign remittance. Books were created with double entry method and found in a judiciary section of the Provincial Archive of Burgos.</dc:description>
    <dc:publisher>Institute Centre for Information Modelling, University of Graz</dc:publisher>
    <dc:contributor>Naoki Kokaze</dc:contributor>
    <dc:contributor>Satoru Nakamura</dc:contributor>
    <dc:contributor>Yusuke Nakamura</dc:contributor>
    <dc:contributor>Takeshi Fushimi</dc:contributor>
    <dc:date>1558</dc:date>
    <dc:coverage>Burgos, Spain</dc:coverage>
    <dc:language>es</dc:language>
    <dc:rights>https://creativecommons.org/licenses/by/4.0/</dc:rights>
    <dc:relation>https://docs.google.com/presentation/d/17IHwXtivgvGWWwnA8BO2nNZbyGcKDpW4gQK7rAnNx4U/edit#slide=id.gb575f404de_2_117</dc:relation>
    <dc:format>XML/TEI</dc:format>
    <dc:type>Collection</dc:type>
    <dc:identifier>https://gams.uni-graz.at/context:depcha.burgos</dc:identifier>
</oai_dc:dc>
