<?xml version="1.0" encoding="UTF-8"?>
<oai_dc:dc xmlns:oai_dc="http://www.openarchives.org/OAI/2.0/oai_dc/"
    xmlns:dc="http://purl.org/dc/elements/1.1/"
    xmlns:xsi="http://www.w3.org/2001/XMLSchema-instance"
    xsi:schemaLocation="http://www.openarchives.org/OAI/2.0/oai_dc/ http://www.openarchives.org/OAI/2.0/oai_dc.xsd">
    <dc:title>Diary of Jeremiah White Graves</dc:title>
    <dc:creator>Jeremiah White Graves</dc:creator>
    <dc:subject>Business Accounts</dc:subject>
    <dc:description>Diary and account books kept by Jeremiah White Graves (1801-1884) in Pittsylvania County, Virginia.</dc:description>
    <dc:publisher>Institute Centre for Information Modelling, University of Graz</dc:publisher>
    <dc:contributor>Ben W. Brumfield</dc:contributor>
    <dc:date>1850</dc:date>
    <dc:coverage>Pittsylvania County, Virginia, USA</dc:coverage>
    <dc:language>en</dc:language>
    <dc:rights>https://creativecommons.org/licenses/by/4.0/</dc:rights>
    <dc:relation>https://fromthepage.com/benwbrum/jeremiah-white-graves-diaries</dc:relation>
    <dc:format>XML/TEI</dc:format>
    <dc:type>Collection</dc:type>
    <dc:identifier>https://gams.uni-graz.at/context:depcha.graves</dc:identifier>
</oai_dc:dc>