<?xml version="1.0" encoding="UTF-8"?>
<oai_dc:dc xmlns:oai_dc="http://www.openarchives.org/OAI/2.0/oai_dc/"
    xmlns:dc="http://purl.org/dc/elements/1.1/"
    xmlns:xsi="http://www.w3.org/2001/XMLSchema-instance"
    xsi:schemaLocation="http://www.openarchives.org/OAI/2.0/oai_dc/ http://www.openarchives.org/OAI/2.0/oai_dc.xsd">
    <dc:title>Orphan Accounts</dc:title>
    <dc:subject>Business Accounts</dc:subject>
    <dc:description>The collection of inventories produced by an office of the Florentine state, called the Magistrati dei Pupilli. This office created in the late 14th century at the request of Florentine families. Due primarily to recurrent plague in Florence starting in mid-14th century families were unable to manage the wealthy estates of their minor relatives, who had inherited considerable assets upon the death of their benefactors. Families asked the state to take over. When the Office of Orphans took on the management of a minor’s estate, a packet of documents was created to record actions taken on the minor’s behalf.</dc:description>
    <dc:publisher>Institute Centre for Information Modelling, University of Graz</dc:publisher>
    <dc:contributor>Laura Morreale</dc:contributor>
    <dc:date>1391-1392</dc:date>
    <dc:coverage>Florence, Italy</dc:coverage>
    <dc:language>it</dc:language>
    <dc:rights>https://creativecommons.org/licenses/by/4.0/</dc:rights>
    <dc:source>Shelf Number 4, Archivio di Stato di Firenze, Italy</dc:source>
    <dc:format>XML/TEI</dc:format>
    <dc:type>Dataset</dc:type>
    <dc:identifier>https://gams.uni-graz.at/context:depcha.orphan</dc:identifier>
</oai_dc:dc>
