<?xml version="1.0" encoding="UTF-8"?>
<?xml-model href="http://www.tei-c.org/release/xml/tei/custom/schema/relaxng/tei_all.rng" type="application/xml" schematypens="http://relaxng.org/ns/structure/1.0"?>
<?xml-model href="http://www.tei-c.org/release/xml/tei/custom/schema/relaxng/tei_all.rng" type="application/xml"
	schematypens="http://purl.oclc.org/dsdl/schematron"?>
<TEI xmlns="http://www.tei-c.org/ns/1.0">
   <teiHeader>
      <fileDesc>
         <titleStmt>
            <title>LMW Day Book, pp. 162-163</title>
            <author>L.M. Wheaton</author>
         </titleStmt>
         <publicationStmt>
            <p>Indication of work done and date, Wheaton College</p>
         </publicationStmt>
         <sourceDesc>
            <biblFull>
               <titleStmt>
                  <title>Account Books, pp.162-163</title>
                  <author>L.M. Wheaton</author>
                  <respStmt>
                     <resp> TEI-compatible XML markup by <name type="person">Tyana Craig</name> with
                        corrections by <name type="person">Name</name>, <name type="person"
                           >Name</name>, and <name type="person">Name</name>.</resp>
                     <name type="person">Name</name>
                  </respStmt>
               </titleStmt>
               <publicationStmt>
                  <p>Indication of work done and date 06/02/16, Wheaton College</p>
               </publicationStmt>
               <sourceDesc>
                  <p> From the Marion B. Gebbie Archives and Special Collections at the Madeleine
                     Clark Wallace Library, Wheaton College </p>
               </sourceDesc>
            </biblFull>
         </sourceDesc>
      </fileDesc>
   </teiHeader>
   <text>
      <body>
         <pb n="162"/>
         <fw type="pageNum">162</fw>
         <table xml:id="p162" cols="6">
            <head>
               <date when="1840-11-03">November 3 1840</date></head>
            <row xml:id="p162_01">
               <cell/>
               <cell/>
               <cell/>
               <cell/>
               <cell/>
               <cell/>
            </row>
            <row xml:id="p162_02">
               <cell>397</cell>
               <cell><name type="person" ref="v">Anna Wrigley</name>
                  <choice rend="align(right)">
                     <abbr>Dr</abbr>
                     <expan>debtor</expan>
                  </choice></cell>
               <cell/>
               <cell/>
               <cell/>
               <cell/>
            </row>
            <row xml:id="p162_03">
               <cell/>
               <cell>
                   To <name type="account" ref="LMWcash">goods</name>at Boston 8.77
               </cell>
               <cell>
                   <measure commodity="currency" quantity="8" unit="dollars">8</measure>
               </cell>
               <cell>
                   <measure commodity="currency" quantity="77" unit="cents">77</measure>
               </cell>
               <cell/>
               <cell/>
            </row>
            <row xml:id="p162_04">
               <cell/>
               <cell>
                   <name type="account" ref="LMWcash">Cash</name> towards Cap
               </cell>
               <cell/>
               <cell>
                   <measure commodity="currency" quantity="25" unit="cents">25</measure>
               </cell>
               <cell/>
               <cell/>
            </row>
            <row xml:id="p162_05">
               <cell/>
               <cell>
                   <name type="account" ref="LMWcash">Cash</name>pr Cloak 18x
               </cell>
               <cell/>
               <cell>
                   <measure commodity="currency" quantity="18" unit="cents">18</measure>
               </cell>
               <cell>
                   <measure commodity="currency" quantity="9" unit="dollars">9</measure>
               </cell>
               <cell>
                   <measure commodity="currency" quantity="20" unit="cents">20</measure>
               </cell>
            </row>
            <row xml:id="p162_06">
               <cell/>
               <cell>
                   <date when="1840-11-06">6</date>
               </cell>
               <cell/>
               <cell/>
               <cell/>
               <cell/>
            </row>
            <row xml:id="p162_07">
               <cell>settled</cell>
               <cell><name type="person" ref="v">Linus Howard</name>
                  <choice rend="align(right)">
                     <abbr>Dr</abbr>
                     <expan>debtor</expan>
                  </choice></cell>
               <cell/>
               <cell/>
               <cell/>
               <cell/>
            </row>
            <row xml:id="p162_08">
               <cell/>
               <cell>
                   To <measure commodity="Lard" quantity="29.75" unit="pounds">29 3/4 lb Lard </measure>9d
               </cell>
               <cell>
                   <measure commodity="currency" quantity="3" unit="dollars">3</measure>
               </cell>
               <cell>
                   <measure commodity="currency" quantity="71" unit="cents">71</measure>
               </cell>
               <cell/>
               <cell/>
            </row>
            <row xml:id="p162_09">
               <cell/>
               <cell>
                   To <measure commodity="Spareribs + Lean Pork" quantity="30.25" unit="pounds">30 1/4 " Spareribs + Lean Pork</measure> 4x
               </cell>
               <cell>
                   <measure commodity="currency" quantity="1" unit="dollars">1</measure>
               </cell>
               <cell>
                   <measure commodity="currency" quantity="30" unit="cents">30</measure>
               </cell>
               <cell>
                   <measure commodity="currency" quantity="5" unit="dollars">5</measure>
               </cell>
               <cell>
                   <measure commodity="currency" quantity="01" unit="cents">01</measure>
               </cell>
            </row>
            <row xml:id="p162_10">
               <cell/>
               <cell>
                   <date when="1840-11-10">10</date>
               </cell>
               <cell/>
               <cell/>
               <cell/>
               <cell/>
            </row>
            <row xml:id="p162_11">
               <cell>settled</cell>
               <cell><name type="person" ref="v">Anna Wrigley</name>
                  <choice rend="align(right)">
                     <abbr>Dr</abbr>
                     <expan>debtor</expan>
                  </choice></cell>
               <cell/>
               <cell/>
               <cell/>
               <cell/>
            </row>
            <row xml:id="p162_12">
               <cell/>
               <cell>
                   To <name type="account" ref="LMWcash">cash</name> 6/
               </cell>
               <cell>
                   <measure commodity="currency" quantity="1" unit="dollars">1</measure>
               </cell>
               <cell>
                   <measure commodity="currency" quantity="00" unit="cents">00</measure>
               </cell>
               <cell/>
               <cell/>
            </row>
            <row xml:id="p162_13">
               <cell/>
               <cell>
                   To <name type="account" ref="LMWcash">"</name> .75x
               </cell>
               <cell/>
               <cell>
                   <measure commodity="currency" quantity="75" unit="cents">75</measure>
               </cell>
               <cell/>
               <cell/>
            </row>
            <row xml:id="p162_14">
               <cell/>
               <cell>
                   To <measure commodity="Rye" quantity="1" unit="bushel">1 bushel Rye </measure>4/6
               </cell>
               <cell/>
               <cell>
                   <measure commodity="currency" quantity="75" unit="cents">75</measure>
               </cell>
               <cell/>
               <cell/>
            </row>
            <row xml:id="p162_15">
               <cell/>
               <cell>
                   To <measure commodity="Sausages" quantity="8.5" unit="pounds">8 1/2 lbs Sausages </measure>9d
               </cell>
               <cell>
                   <measure commodity="currency" quantity="1" unit="dollars">1</measure>
               </cell>
               <cell>
                   <measure commodity="currency" quantity="06" unit="cents">06</measure>
               </cell>
               <cell>
                   <measure commodity="currency" quantity="3" unit="dollars">3</measure>
               </cell>
               <cell>
                   <measure commodity="currency" quantity="56" unit="cents">56</measure>
               </cell>
            </row>
            <row xml:id="p162_16">
               <cell/>
               <cell>
                   <date when="1840-11-11">11</date>
               </cell>
               <cell/>
               <cell/>
               <cell/>
               <cell/>
            </row>
            <row xml:id="p162_17">
               <cell>settled</cell>
               <cell><name type="person" ref="v">Linus Howard</name>
                  <choice rend="align(right)">
                     <abbr>Dr</abbr>
                     <expan>debtor</expan>
                  </choice></cell>
               <cell/>
               <cell/>
               <cell/>
               <cell/>
            </row>
            <row xml:id="p162_18">
               <cell/>
               <cell>
                   To <measure commodity="Sausages" quantity="32.5" unit="pounds">32 1/2 lbs Sausages </measure> 9d
               </cell>
               <cell>
                   <measure commodity="currency" quantity="4" unit="dollars">4</measure>
               </cell>
               <cell>
                   <measure commodity="currency" quantity="06" unit="cents">06</measure>
               </cell>
               <cell/>
               <cell/>
            </row>
            <row xml:id="p162_19">
               <cell/>
               <cell/>
               <cell/>
               <cell/>
               <cell/>
               <cell/>
            </row>
            <row xml:id="p162_20">
               <cell>Settled</cell>
               <cell><name type="person" ref="v">Otis Blandin</name>
                  <choice rend="align(right)">
                     <abbr>D</abbr>
                     <expan>debtor</expan>
                  </choice></cell>
               <cell/>
               <cell/>
               <cell/>
               <cell/>
            </row>
            <row xml:id="p162_21">
               <cell/>
               <cell>
                   To <measure commodity="paturage" quantity="5" unit="weeks">use of Lot to pasture 5 wks; 1/6 <!--two usag--></measure>
                   
               </cell>
               <cell>
                   <measure commodity="currency" quantity="2" unit="dollars">2</measure>
               </cell>
               <cell>
                   <measure commodity="currency" quantity="50" unit="cents">50</measure>
               </cell>
               <cell/>
               <cell/>
            </row>
            <row xml:id="p162_22">
               <cell/>
               <cell/>
               <cell/>
               <cell/>
               <cell/>
               <cell/>
            </row>
            <row xml:id="p162_23">
               <cell>returned Pd nothing</cell>
               <cell><name type="person" ref="v">John Hunt</name>
                  <choice rend="align(right)">
                     <abbr>D</abbr>
                     <expan>debtor</expan>
                  </choice></cell>
               <cell/>
               <cell/>
               <cell/>
               <cell/>
            </row>
            <row xml:id="p162_24">
               <cell/>
               <cell>
                   To <measure commodity="cornsheller" quantity="1" unit="count">cornsheller $8.00</measure>
               </cell>
               <cell>
                   <measure commodity="currency" quantity="8" unit="dollars">8</measure>
               </cell>
               <cell>
                   <measure commodity="currency" quantity="00" unit="cents">00</measure>
               </cell>
               <cell/>
               <cell/>
            </row>
            <row xml:id="p162_25">
               <cell/>
               <cell/>
               <cell/>
               <cell/>
               <cell/>
               <cell/>
            </row>
            <row xml:id="p162_26">
               <cell>Settled </cell>
               <cell><name type="person" ref="v">Otis Blandin</name>
                  <choice rend="align(right)">
                     <abbr>D</abbr>
                     <expan>debtor</expan>
                  </choice></cell>
               <cell/>
               <cell/>
               <cell/>
               <cell/>
            </row>
            <row xml:id="p162_27">
               <cell/>
               <cell>
                   To <measure commodity="B. Hair" quantity="1.5" unit="count">1 1/2 B. Hair</measure> 3/
               </cell>
               <cell/>
               <cell>
                   <measure commodity="currency" quantity="75" unit="cents">75</measure>
               </cell>
               <cell/>
               <cell/>
            </row>
            <row xml:id="p162_28">
               <cell/>
               <cell>
                   <date when="1840-12-10">Dec. 10</date></cell>
               <cell/>
               <cell/>
               <cell/>
               <cell/>
            </row>
            <row xml:id="p162_29">
               <cell>516</cell>
               <cell><name type="person" ref="v">Mary Wrigley</name>
                  <choice rend="align(right)">
                     <abbr>D</abbr>
                     <expan>debtor</expan>
                  </choice></cell>
               <cell/>
               <cell/>
               <cell/>
               <cell/>
            </row>
            <row xml:id="p162_30">
               <cell/>
               <cell>
                   To <name type="account" ref="LMWcash">cash</name>four Dollars
               </cell>
               <cell>
                   <measure commodity="currency" quantity="4" unit="dollars">4</measure>
               </cell>
               <cell>
                   <measure commodity="currency" quantity="00" unit="cents">00</measure>
               </cell>
               <cell/>
               <cell/>
            </row>
            <row xml:id="p162_31">
               <cell/>
               <cell/>
               <cell/>
               <cell/>
               <cell/>
               <cell/>
            </row>
            <row xml:id="p162_32">
               <cell>Settled</cell>
               <cell><name type="person" ref="v">Daniel Carpender</name>
                  <choice rend="align(right)">
                     <abbr>D</abbr>
                     <expan>debtor</expan>
                  </choice></cell>
               <cell/>
               <cell/>
               <cell/>
               <cell/>
            </row>
            <row xml:id="p162_33">
               <cell/>
               <cell>
                   To <measure commodity="dry wood" quantity="1" unit="cord">one cord dry wood </measure>d by Z Makepeace
               </cell>
               <cell>
                   <measure commodity="currency" quantity="4" unit="dollars">4</measure>
               </cell>
               <cell>
                   <measure commodity="currency" quantity="25" unit="cents">25</measure>
               </cell>
               <cell/>
               <cell/>
            </row>
            <row xml:id="p162_34">
               <cell/>
               <cell>
                   <date when="1841-01-01">January 1st 1841</date>
               </cell>
               <cell/>
               <cell/>
               <cell/>
               <cell/>
            </row>
            <row xml:id="p162_35">
               <cell>Settled</cell>
               <cell><name type="person" ref="v">Anna Wrigley</name>
                  <choice rend="align(right)">
                     <abbr>Cr</abbr>
                     <expan>credit</expan>
                  </choice></cell>
               <cell/>
               <cell/>
               <cell/>
               <cell/>
            </row>
            <row xml:id="p162_36">
               <cell/>
               <cell>
                   By <measure commodity="labor" quantity="5" unit="hours">work fr. William in Woodhouse 5 hours</measure>
               </cell>
               <cell/>
               <cell/>
               <cell/>
               <cell/>
            </row>
            <row xml:id="p162_37">
               <cell/>
               <cell/>
               <cell/>
               <cell/>
               <cell/>
               <cell/>
            </row>
            <row xml:id="p162_38">
               <cell>Settled </cell>
               <cell><name type="person" ref="v">Andrew B. Randal</name>
                  <choice rend="align(right)">
                     <abbr>D</abbr>
                     <expan>debtor</expan>
                  </choice></cell>
               <cell/>
               <cell/>
               <cell/>
               <cell/>
            </row>
            <row xml:id="p162_39">
               <cell/>
               <cell>
                   To <name type="account" ref="LMWcash">highway tax for 1840.</name> 
                   <measure commodity="currency" quantity="86" unit="cents">86</measure>
               </cell>
               <cell/>
               <cell/>
               <cell/>
               <cell/>
            </row>
            <row xml:id="p162_40">
               <cell/>
               <cell>
                   " <name type="account" ref="LMWcash">Shop do. </name>
                   <measure commodity="currency" quantity="36" unit="cents">36</measure>
               </cell>
               <cell/>
               <cell/>
               <cell/>
               <cell/>
            </row>
            <row xml:id="p162_41">
               <cell/>
               <cell>
                   " <name type="account" ref="LMWcash">Hertons do. </name>
                   <measure commodity="currency" quantity="50" unit="cents">50</measure>
                   <measure commodity="currency" quantity="1" unit="dollar">1</measure>
                   <measure commodity="currency" quantity="72" unit="cents">72</measure>
               </cell>
               <cell/>
               <cell/>
               <cell/>
               <cell/>
            </row>
            <row xml:id="p162_42">
               <cell/>
               <cell>
                   <date when="1841-01-12">12</date>
               </cell>
               <cell/>
               <cell/>
               <cell/>
               <cell/>
            </row>
            <row xml:id="p162_43">
               <cell>settled</cell>
               <cell><name type="person" ref="v">Anna Wrigley</name>
                  <choice rend="align(right)">
                     <abbr>Cr</abbr>
                     <expan>credit</expan>
                  </choice></cell>
               <cell/>
               <cell/>
               <cell/>
               <cell/>
            </row>
            <row xml:id="p162_44">
               <cell/>
               <cell>
                   By <measure commodity="work" quantity="2" unit="day">Work fr. William 2 days</measure>
               </cell>
               <cell/>
               <cell/>
               <cell/>
               <cell/>
            </row>
            <row xml:id="p162_45">
               <cell/>
               <cell>14</cell>
               <cell/>
               <cell/>
               <cell/>
               <cell/>
            </row>
            <row xml:id="p162_46">
               <cell>516</cell>
               <cell><name type="person" ref="v">Mary A. Wrigley</name>
                  <choice rend="align(right)">
                     <abbr>Dr</abbr>
                     <expan>debtor</expan>
                  </choice></cell>
               <cell/>
               <cell/>
               <cell/>
               <cell/>
            </row>
            <row xml:id="p162_47">
               <cell/>
               <cell>
                   To <name type="account" ref="LMWcash">cash</name>18/
               </cell>
               <cell>
                   <measure commodity="currency" quantity="3" unit="dollar">3</measure>
               </cell>
               <cell>
                   <measure commodity="currency" quantity="00" unit="cents">00</measure>
               </cell>
               <cell/>
               <cell/>
            </row>
            <row xml:id="p162_48">
               <cell/>
               <cell>
                   To <measure commodity="Apples" quantity="1.5" unit="bushels">1 1/2 bushels Apples</measure> 33x
               </cell>
               <cell/>
               <cell>
                   <measure commodity="currency" quantity="33" unit="cents">33</measure>
               </cell>
               <cell>
                   <measure commodity="currency" quantity="3" unit="dollars">3</measure>
               </cell>
               <cell>
                   <measure commodity="currency" quantity="33" unit="cents">33</measure>
               </cell>
            </row>
            <row xml:id="p162_49">
               <cell/>
               <cell/>
               <cell/>
               <cell/>
               <cell/>
               <cell/>
            </row>
            <row xml:id="p162_50">
               <cell>Paid</cell>
               <cell><name type="person" ref="v">Zino Kelley</name>
                  <choice rend="align(right)">
                     <abbr>D</abbr>
                     <expan>debtor</expan>
                  </choice></cell>
               <cell/>
               <cell/>
               <cell/>
               <cell/>
            </row>
            <row xml:id="p162_51">
               <cell/>
               <cell>
                   To <measure commodity="string bells" quantity="1" unit="count">string bells </measure>9/
               </cell>
               <cell>
                   <measure commodity="currency" quantity="1" unit="dollars">1</measure>
               </cell>
               <cell>
                   <measure commodity="currency" quantity="50" unit="cents">50</measure>
               </cell>
               <cell/>
               <cell/>
            </row>
            <row xml:id="p162_52">
               <cell/>
               <cell>
                   <date when="1841-01-27">27</date>
               </cell>
               <cell/>
               <cell/>
               <cell/>
               <cell/>
            </row>
            <row xml:id="p162_53">
               <cell>516</cell>
               <cell><name type="person" ref="v">Mary A Wrigley</name>
                  <choice rend="align(right)">
                     <abbr>D</abbr>
                     <expan>debtor</expan>
                  </choice></cell>
               <cell/>
               <cell/>
               <cell/>
               <cell/>
            </row>
            <row xml:id="p162_54">
               <cell/>
               <cell>
                   To <name type="account" ref="LMWcash">cash</name> 6/
               </cell>
               <cell>
                   <measure commodity="currency" quantity="1" unit="dollars">1</measure>
               </cell>
               <cell>
                   <measure commodity="currency" quantity="00" unit="cents">00</measure>
               </cell>
               <cell/>
               <cell/>
            </row>
            <row xml:id="p162_55">
               <cell></cell>
               <cell>
                   <date when="1841-01-29">29</date>
               </cell> 
               <cell></cell> 
               <cell></cell> 
               <cell></cell> 
               <cell></cell> 
            </row>
            <row xml:id="p162_56">
               <cell/>
               <cell>
                   " <measure commodity="drip" quantity="1" unit="count">"18/ pr drip pr Mother</measure>
               </cell>
               <cell>
                   <measure commodity="currency" quantity="3" unit="dollars">3</measure>
               </cell>
               <cell>
                   <measure commodity="currency" quantity="00" unit="cents">00</measure>
               </cell>
               <cell>
                   <measure commodity="currency" quantity="4" unit="dollars">4</measure>
               </cell>
               <cell>
                   <measure commodity="currency" quantity="00" unit="cents">00</measure>
               </cell>
            </row>
            <row xml:id="p162_57">
               <cell/>
               <cell>
                  <date when="1841-02-03">Feb. (3d)</date>
               </cell>
               <cell/>
               <cell/>
               <cell/>
               <cell/>
            </row>
            <row xml:id="p162_58">
               <cell>settled</cell>
               <cell><name type="person" ref="v">Joseph Bordin</name>
                  <choice rend="align(right)">
                     <abbr>D</abbr>
                     <expan>debtor</expan>
                  </choice></cell>
               <cell/>
               <cell/>
               <cell/>
               <cell/>
            </row>
            <row xml:id="p162_59">
               <cell/>
               <cell>
                   " <measure commodity="dry Maplewood" quantity="5" unit="feet">5 ft. dry Maplewood </measure> at 4.25
               </cell>
               <cell>
                   <measure commodity="currency" quantity="2" unit="dollars">2</measure>
               </cell>
               <cell>
                   <measure commodity="currency" quantity="67" unit="dollars">67</measure>
               </cell>
               <cell/>
               <cell/>
            </row>
            <row xml:id="p162_60">
               <cell/>
               <cell>
                   " <measure commodity="oxen + slye" quantity="2" unit="count">oxen + slye</measure> to draw same
               </cell>
               <cell/>
               <cell/>
               <cell/>
               <cell/>
            </row>
            <row xml:id="p162_61">
               <cell/>
               <cell>
                   from G. Burtts
               </cell>
               <cell/>
               <cell/>
               <cell/>
               <cell/>
            </row>
            <row xml:id="p162_62">
               <cell/>
               <cell>
                   <measure commodity="Oxen + Waggon" quantity="2" unit="count">Oxen + Waggon</measure> to move
               </cell>
               <cell/>
               <cell/>
               <cell/>
               <cell/>
            </row>
            <row xml:id="p162_63">
               <cell/>
               <cell/>
               <cell/>
               <cell/>
               <cell/>
               <cell/>
            </row>
         </table>
         <pb n="163"/>
         <fw type="pageNum">163</fw>
         <table xml:id="p163" cols="6">
            <head>
               <date when="1841-02-05">February 5 1841</date></head>
            <row xml:id="p163_01">
               <cell/>
               <cell/>
               <cell>$</cell>
               <cell>cts.</cell>
               <cell>$</cell>
               <cell>cts.</cell>
            </row>
            <row xml:id="p163_02">
               <cell>516</cell>
               <cell><name type="person" ref="v">Mary A Wrigley</name>
                  <choice rend="align(right)">
                     <abbr>Dr</abbr>
                     <expan>debtor</expan>
                  </choice></cell>
               <cell/>
               <cell/>
               <cell/>
               <cell/>
            </row>
            <row xml:id="p163_03">
               <cell/>
               <cell>
                   To <name type="account" ref="LMWcash">cash</name>6/ at Providence
               </cell>
               <cell>
                   <measure commodity="currency" quantity="1" unit="dollars">1</measure>
               </cell>
               <cell>
                   <measure commodity="currency" quantity="00" unit="dollars">00</measure>
               </cell>
               <cell/>
               <cell/>
            </row>
            <row xml:id="p163_04">
               <cell/>
               <cell>
                  " <name type="account" ref="lMWcash">Do.</name>to purchase flower $6 00
               </cell>
               <cell>
                  <measure commodity="currency" quantity="6" unit="dollars">6</measure>
               </cell>
               <cell>
                  <measure commodity="currency" quantity="00" unit="cents">00</measure>
               </cell>
               <cell>
                  <measure commodity="currency" quantity="7" unit="dollars">7</measure>
               </cell>
               <cell>
                  <measure commodity="currency" quantity="00" unit="cents">00</measure>
               </cell>
            </row>
            <row xml:id="p163_05">
               <cell/>
               <cell>
                  <date when="1841-02-13">13.</date>
               </cell>
               <cell/>
               <cell/>
               <cell/>
               <cell/>
            </row>
            <row xml:id="p163_06">
               <cell>Settled</cell>
               <cell><name type="person" ref="v">Joseph Bordin</name>
                  <choice rend="align(right)">
                     <abbr>D</abbr>
                     <expan>debtor</expan>
                  </choice></cell>
               <cell/>
               <cell/>
               <cell/>
               <cell/>
            </row>
            <row xml:id="p163_07">
               <cell/>
               <cell>
                  To absence half day
               </cell>
               <cell/>
               <cell/>
               <cell/>
               <cell/>
            </row>
            <row xml:id="p163_08">
               <cell/>
               <cell>
                  <date when="1841-02-15">15</date>
               </cell>
               <cell/>
               <cell/>
               <cell/>
               <cell/>
            </row>
            <row xml:id="p163_09">
               <cell/>
               <cell>
                  " absence one day
               </cell>
               <cell/>
               <cell/>
               <cell/>
               <cell/>
            </row>
            <row xml:id="p163_10">
               <cell/>
               <cell/>
               <cell/>
               <cell/>
               <cell/>
               <cell/>
            </row>
            <row xml:id="p163_11">
               <cell>516</cell>
               <cell><name type="person" ref="v">Mary A Wrigley</name>
                  <choice rend="align(right)">
                     <abbr>D</abbr>
                     <expan>debtor</expan>
                  </choice></cell>
               <cell/>
               <cell/>
               <cell/>
               <cell/>
            </row>
            <row xml:id="p163_12">
               <cell/>
               <cell>
                  To <name type="account" ref="LMWcash">cash</name>to pay for cheese 6/
               </cell>
               <cell>
                  <measure commodity="currency" quantity="1" unit="dollars">1</measure>
               </cell>
               <cell>
                  <measure commodity="currency" quantity="00" unit="cents">00</measure>
               </cell>
               <cell/>
               <cell/>
            </row>
            <row xml:id="p163_13">
               <cell/>
               <cell>
                  " <name type="account" ref="LMWcash">paid</name>for 
                  <measure commodity="Butter" quantity="10.75" unit="pounds">Butter 10lbs 3/4 </measure>at 18x
               </cell>
               <cell>
                  <measure commodity="currency" quantity="1" unit="dollars">1</measure>
               </cell>
               <cell>
                  <measure commodity="currency" quantity="94" unit="cents">94</measure>
               </cell>
               <cell>
                  <measure commodity="currency" quantity="2" unit="dollars">2</measure>
               </cell>
               <cell>
                  <measure commodity="currency" quantity="94" unit="cents">94</measure>
               </cell>
            </row>
            <row xml:id="p163_14">
               <cell/>
               <cell>
                  <date when="1841-02-23">23</date>
               </cell>
               <cell/>
               <cell/>
               <cell/>
               <cell/>
            </row>
            <row xml:id="p163_15">
               <cell>Settled</cell>
               <cell><name type="person" ref="v">Joseph Bordin</name>
                  <choice rend="align(right)">
                     <abbr>D</abbr>
                     <expan>debtor</expan>
                  </choice></cell>
               <cell/>
               <cell/>
               <cell/>
               <cell/>
            </row>
            <row xml:id="p163_16">
               <cell/>
               <cell>
                  To absence Sunday all day
               </cell>
               <cell/>
               <cell/>
               <cell/>
               <cell/>
            </row>
            <row xml:id="p163_17">
               <cell/>
               <cell>
                  &amp; today 1/2 day
               </cell>
               <cell/>
               <cell/>
               <cell/>
               <cell/>
            </row>
            <row xml:id="p163_18">
               <cell/>
               <cell>
                  <date when="1841-02-27">27</date>
               </cell>
               <cell/>
               <cell/>
               <cell/>
               <cell/>
            </row>
            <row xml:id="p163_19">
               <cell>Settled</cell>
               <cell><name type="person" ref="v">Joseph Bordin</name>
                  <choice rend="align(right)">
                     <abbr>Dr</abbr>
                     <expan>debtor</expan>
                  </choice></cell>
               <cell/>
               <cell/>
               <cell/>
               <cell/>
            </row>
            <row xml:id="p163_20">
               <cell/>
               <cell>
                  To <measure commodity="Salt Beef" quantity="6" unit="pounds"> 6 lbs Salt Beef </measure>8x
               </cell>
               <cell/>
               <cell>
                  <measure commodity="currency" quantity="48" unit="cents">48</measure>
               </cell>
               <cell/>
               <cell/>
            </row>
            <row xml:id="p163_21">
               <cell/>
               <cell>
                  " Absence 1/2 Day
               </cell>
               <cell/>
               <cell/>
               <cell/>
               <cell/>
            </row>
            <row xml:id="p163_22">
               <cell/>
               <cell>
                  <date when="1841-03-04">March 4</date>
               </cell>
               <cell/>
               <cell/>
               <cell/>
               <cell/>
            </row>
            <row xml:id="p163_23">
               <cell/>
               <cell>
                  Absent all day
               </cell>
               <cell/>
               <cell/>
               <cell/>
               <cell/>
            </row>
            <row xml:id="p163_24">
               <cell/>
               <cell/>
               <cell/>
               <cell/>
               <cell/>
               <cell/>
            </row>
            <row xml:id="p163_25">
               <cell>Bill</cell>
               <cell><name type="person" ref="v">Maltilda Cone</name>
                  <choice rend="align(right)">
                     <abbr>D</abbr>
                     <expan>debtor</expan>
                  </choice></cell>
               <cell/>
               <cell/>
               <cell/>
               <cell/>
            </row>
            <row xml:id="p163_26">
               <cell/>
               <cell>
                  To <name type="account" ref="LMWcash">paying G. Burt</name> for
               </cell>
               <cell/>
               <cell/>
               <cell/>
               <cell/>
            </row>
            <row xml:id="p163_27">
               <cell/>
               <cell>
                  <measure commodity="dry Maplewood" quantity="2" unit="cords">two cords dry Maplewood </measure>$4.25
               </cell>
               <cell>
                  <measure commodity="currency" quantity="8" unit="dollars">8</measure>
               </cell>
               <cell>
                  <measure commodity="currency" quantity="50" unit="cents">50</measure>
               </cell>
               <cell/>
               <cell/>
            </row>
            <row xml:id="p163_28">
               <cell/>
               <cell>
                  <date when="1841-03-08">8</date>
               </cell>
               <cell/>
               <cell/>
               <cell/>
               <cell/>
            </row>
            <row xml:id="p163_29">
               <cell>Settled</cell>
               <cell><name type="person" ref="v">Joseph Bordin</name>
                  <choice rend="align(right)">
                     <abbr>D</abbr>
                     <expan>debtor</expan>
                  </choice></cell>
               <cell/>
               <cell/>
               <cell/>
               <cell/>
            </row>
            <row xml:id="p163_30">
               <cell/>
               <cell>
                  To absence half day
               </cell>
               <cell/>
               <cell/>
               <cell/>
               <cell/>
            </row>
            <row xml:id="p163_31">
               <cell/>
               <cell>
                  do. 12.13 &amp;<!--14[crossed out]--> absent
               </cell>
               <cell/>
               <cell/>
               <cell/>
               <cell/>
            </row>
            <row xml:id="p163_32">
               <cell/>
               <cell>
                  <date when="1841-03-17">17</date>
               </cell>
               <cell/>
               <cell/>
               <cell/>
               <cell/>
            </row>
            <row xml:id="p163_33">
               <cell>Settled</cell>
               <cell><name type="person" ref="v">Zeno Kelley</name>
                  <choice rend="align(right)">
                     <abbr>D</abbr>
                     <expan>debtor</expan>
                  </choice></cell>
               <cell/>
               <cell/>
               <cell/>
               <cell/>
            </row>
            <row xml:id="p163_34">
               <cell/>
               <cell>
                  To <name type="account" ref="LMWcash">tax on Store for 1840</name> 
               </cell>
               <cell>
                  <measure commodity="currency" quantity="2" unit="dollars">2</measure>
               </cell>
               <cell>
                  <measure commodity="currency" quantity="40" unit="cents">40</measure>
               </cell>
               <cell/>
               <cell/>
            </row>
            <row xml:id="p163_35">
               <cell/>
               <cell>
                  <name type="account" ref="LMWcash">do. on House </name>1.50 
                  <name type="account" ref="LMWcash">School </name>d9d
               </cell>
               <cell>
                  <measure commodity="currency" quantity="1" unit="dollars">1</measure>
               </cell>
               <cell>
                  <measure commodity="currency" quantity="63" unit="cents">63</measure>
               </cell>
               <cell/>
               <cell/>
            </row>
            <row xml:id="p163_36">
               <cell/>
               <cell/>
               <cell/>
               <cell/>
               <cell/>
               <cell/>
            </row>
            <row xml:id="p163_37">
               <cell>Settled</cell>
               <cell><name type="person" ref="v">Geo. M. Sweet</name>
                  <choice rend="align(right)">
                     <abbr>D</abbr>
                     <expan>debtor</expan>
                  </choice></cell>
               <cell/>
               <cell/>
               <cell/>
               <cell/>
            </row>
            <row xml:id="p163_38">
               <cell/>
               <cell>
                  To <name type="account" ref="LMWcash">tax on House</name> 9/
               </cell>
               <cell>
                  <measure commodity="currency" quantity="1" unit="dollars">1</measure>
               </cell>
               <cell>
                  <measure commodity="currency" quantity="50" unit="cents">50</measure>
               </cell>
               <cell/>
               <cell/>
            </row>
            <row xml:id="p163_39">
               <cell/>
               <cell/>
               <cell/>
               <cell/>
               <cell/>
               <cell/>
            </row>
            <row xml:id="p163_40">
               <cell>settld</cell>
               <cell><name type="person" ref="v">A.B. Randal</name>
                  <choice rend="align(right)">
                     <abbr>D</abbr>
                     <expan>debtor</expan>
                  </choice></cell>
               <cell/>
               <cell/>
               <cell/>
               <cell/>
            </row>
            <row xml:id="p163_41">
               <cell/>
               <cell>
                  To <name type="account" ref="LMWcash">tax on Shop</name>
               </cell>
               <cell/>
               <cell>
                  <measure commodity="currency" quantity="90" unit="cents">90</measure>
               </cell>
               <cell/>
               <cell/>
            </row>
            <row xml:id="p163_42">
               <cell/>
               <cell/>
               <cell/>
               <cell/>
               <cell/>
               <cell/>
            </row>
            <row xml:id="p163_43">
               <cell>115</cell>
               <cell><name type="person" ref="v">William A. West</name>
                  <choice rend="align(right)">
                     <abbr>D</abbr>
                     <expan>debtor</expan>
                  </choice></cell>
               <cell/>
               <cell/>
               <cell/>
               <cell/>
            </row>
            <row xml:id="p163_44">
               <cell/>
               <cell>
                  To <name type="account" ref="LMWcash">Tax</name>
               </cell>
               <cell>
                  <measure commodity="currency" quantity="3" unit="dollars">3</measure>
               </cell>
               <cell>
                  <measure commodity="currency" quantity="00" unit="centss">00</measure>
               </cell>
               <cell/>
               <cell/>
            </row>
            <row xml:id="p163_45">
               <cell/>
               <cell>
                  <date when="1841-03-25">25</date>
               </cell>
               <cell/>
               <cell/>
               <cell/>
               <cell/>
            </row>
            <row xml:id="p163_46">
               <cell>Settled</cell>
               <cell><name type="person" ref="v">Jas Wrigley</name>
                  <choice rend="align(right)">
                     <abbr>D</abbr>
                     <expan>debtor</expan>
                  </choice></cell>
               <cell/>
               <cell/>
               <cell/>
               <cell/>
            </row>
            <row xml:id="p163_47">
               <cell/>
               <cell>
                  By work from date at $800 p Mo. for
               </cell>
               <cell/>
               <cell/>
               <cell/>
               <cell/>
            </row>
            <row xml:id="p163_48">
               <cell/>
               <cell>
                  <measure commodity="labor" quantity="8" unit="months"> eight moths.</measure>
                  <measure commodity="labor" quantity="4" unit="months">$600 for 4 mo.</measure>
               </cell>
               <cell/>
               <cell/>
               <cell/>
               <cell/>
            </row>
            <row xml:id="p163_49">
               <cell/>
               <cell>
                  <date when="1841-03-27">27</date>
               </cell>
               <cell/>
               <cell/>
               <cell/>
               <cell/>
            </row>
            <row xml:id="p163_50">
               <cell>Settled</cell>
               <cell><name type="person" ref="v">Joseph Bordin</name>
                  <choice rend="align(right)">
                     <abbr>D</abbr>
                     <expan>debtor</expan>
                  </choice></cell>
               <cell/>
               <cell/>
               <cell/>
               <cell/>
            </row>
            <row xml:id="p163_51">
               <cell/>
               <cell>
                  To absence this day
               </cell>
               <cell/>
               <cell/>
               <cell/>
               <cell/>
            </row>
            <row xml:id="p163_52">
               <cell/>
               <cell/>
               <cell/>
               <cell/>
               <cell/>
               <cell/>
            </row>
            <row xml:id="p163_53">
               <cell>Paid</cell>
               <cell><name type="person" ref="v">Don P. Makepeace</name>
                  <choice rend="align(right)">
                     <abbr>D</abbr>
                     <expan>debtor</expan>
                  </choice></cell>
               <cell/>
               <cell/>
               <cell/>
               <cell/>
            </row>
            <row xml:id="p163_54">
               <cell/>
               <cell>
                  To <name type="account" ref="LMWcash">short pay on note</name>
               </cell>
               <cell/>
               <cell>
                  <measure commodity="currency" quantity="70" unit="cents">70</measure>
               </cell>
               <cell/>
               <cell/>
            </row>
            <row xml:id="p163_55">
               <cell/>
               <cell/>
               <cell/>
               <cell/>
               <cell/>
               <cell/>
            </row>
            <row xml:id="p163_56">
               <cell>Settled </cell>
               <cell><name type="person" ref="v">Joseph Bordin</name>
                  <choice rend="align(right)">
                     <abbr>Dr</abbr>
                     <expan>debtor</expan>
                  </choice></cell>
               <cell/>
               <cell/>
               <cell/>
               <cell/>
            </row>
            <row xml:id="p163_57">
               <cell/>
               <cell>
                  To<measure commodity="goods" quantity="1" unit="count">goods at Store</measure> 
               </cell>
               <cell/>
               <cell/>
               <cell/>
               <cell/>
            </row>
            <row xml:id="p163_58">
               <cell/>
               <cell>
                  <date when="1841-04-07">April 7</date>
               </cell>
               <cell/>
               <cell/>
               <cell/>
               <cell/>
            </row>
            <row xml:id="p163_59">
               <cell/>
               <cell><name type="person" ref="v">Joseph Bordin</name>
                  <choice rend="align(right)">
                     <abbr>D</abbr>
                     <expan>debtor</expan>
                  </choice></cell>
               <cell/>
               <cell/>
               <cell/>
               <cell/>
            </row>
            <row xml:id="p163_60">
               <cell/>
               <cell>
                  To <name type="account" ref="LMWcash">cash </name>fifteen dollars
               </cell>
               <cell>
                  <measure commodity="currency" quantity="15" unit="dollars">15</measure>
               </cell>
               <cell>
                  <measure commodity="currency" quantity="00" unit="cents">00</measure>
               </cell>
               <cell/>
               <cell/>
            </row>
            <row xml:id="p163_61">
               <cell/>
               <cell>
                  <date when="1841-04-09">9</date>
               </cell>
               <cell/>
               <cell/>
               <cell/>
               <cell/>
            </row>
            <row xml:id="p163_62">
               <cell/>
               <cell>
                  absent half day 10th absent all
               </cell>
               <cell/>
               <cell/>
               <cell/>
               <cell/>
            </row>
            <row xml:id="p163_63">
               <cell/>
               <cell>
                  day
               </cell>
               <cell>
                  <measure commodity="currency" quantity="1" unit="dollars">1</measure>
               </cell>
               <cell>
                  <measure commodity="currency" quantity="12.5" unit="cents">12.5</measure>
               </cell>
               <cell/>
               <cell/>
            </row>
            <row xml:id="p163_64">
               <cell/>
               <cell/>
               <cell/>
               <cell/>
               <cell/>
               <cell/>
            </row>
         </table>
      </body>
   </text>
</TEI>
