<?xml version="1.0" encoding="UTF-8"?>
<?xml-model href="http://www.tei-c.org/release/xml/tei/custom/schema/relaxng/tei_all.rng" type="application/xml" schematypens="http://relaxng.org/ns/structure/1.0"?>
<?xml-model href="http://www.tei-c.org/release/xml/tei/custom/schema/relaxng/tei_all.rng" type="application/xml"
	schematypens="http://purl.oclc.org/dsdl/schematron"?>
<TEI xmlns="http://www.tei-c.org/ns/1.0">
   <teiHeader>
      <fileDesc>
         <titleStmt>
            <title>LMW Day Book, pp. 168-169</title>
            <author>L.M. Wheaton</author>
         </titleStmt>
         <publicationStmt>
            <p>Indication of work done and date, Wheaton College</p>
         </publicationStmt>
         <sourceDesc>
            <biblFull>
               <titleStmt>
                  <title>Account Books, pp.168-169</title>
                  <author>L.M. Wheaton</author>
                  <respStmt>
                     <resp> TEI-compatible XML markup by <name type="person">Tyana Craig</name> with
                        corrections by <name type="person">Name</name>, <name type="person"
                           >Name</name>, and <name type="person">Name</name>.</resp>
                     <name type="person">Name</name>
                  </respStmt>
               </titleStmt>
               <publicationStmt>
                  <p>Indication of work done and date 06/03/16, Wheaton College</p>
               </publicationStmt>
               <sourceDesc>
                  <p> From the Marion B. Gebbie Archives and Special Collections at the Madeleine
                     Clark Wallace Library, Wheaton College </p>
               </sourceDesc>
            </biblFull>
         </sourceDesc>
      </fileDesc>
   </teiHeader>
   <text>
      <body>
         <pb n="168"/>
         <fw type="pageNum">168</fw>
         <table xml:id="p168" cols="6">
            <head>Monday <date when="1841-10-25">October 25th 1841</date></head>
            <row xml:id="p168_01">
               <cell/>
               <cell/>
               <cell/>
               <cell/>
               <cell/>
               <cell/>
            </row>
            <row xml:id="p168_02">
               <cell>519</cell>
               <cell><name type="person" ref="v">Oliver Titus</name>
                  <choice rend="align(right)">
                     <abbr>D</abbr>
                     <expan>debtor</expan>
                  </choice></cell>
               <cell/>
               <cell/>
               <cell/>
               <cell/>
            </row>
            <row xml:id="p168_03">
               <cell/>
               <cell>
                   To discount on on highway work, over paid
               </cell>
               <cell>
                   <measure commodity="currency" quantity="7" unit="dollars">7</measure>
               </cell>
               <cell>
                   <measure commodity="currency" quantity="25" unit="cents">25</measure>
               </cell>
               <cell/>
               <cell/>
            </row>
            <row xml:id="p168_04">
               <cell/>
               <cell/>
               <cell/>
               <cell/>
               <cell/>
               <cell/>
            </row>
            <row xml:id="p168_05">
               <cell>Settled</cell>
               <cell><name type="person" ref="v">Anna Wrigley</name>
                  <choice rend="align(right)">
                     <abbr>D</abbr>
                     <expan>debtor</expan>
                  </choice></cell>
               <cell/>
               <cell/>
               <cell/>
               <cell/>
            </row>
            <row xml:id="p168_06">
               <cell/>
               <cell>
                   To <measure commodity="Potatoes" quantity="10" unit="bushels">10 Bush. Potatoes </measure> 2/
               </cell>
                <cell>
                    <measure commodity="currency" quantity="3" unit="dollars">3</measure>
                </cell>
                <cell>
                    <measure commodity="currency" quantity="33" unit="cents">33</measure>
                </cell>
               <cell/>
               <cell/>
            </row>
            <row xml:id="p168_07">
               <cell/>
               <cell>
                   <date when="1841-11-13">Nov. 13. </date>
                   To <measure commodity="Rye" quantity="1" unit="bushels"> 1 Bush. Rye </measure>+ 
                   <measure commodity="Corn" quantity="1" unit="bushels">1 bush of Corn </measure>.95/
               </cell>
               <cell>
                   <measure commodity="currency" quantity="1" unit="dollars">1</measure>
               </cell>
               <cell>
                   <measure commodity="currency" quantity="90" unit="cents">90</measure>
               </cell>
               <cell>
                   <measure commodity="currency" quantity="4" unit="dollars">4</measure>
               </cell>
               <cell>
                   <measure commodity="currency" quantity="23" unit="cents">23</measure>
               </cell>
            </row>
            <row xml:id="p168_08">
               <cell/>
               <cell>
                   <date when="1841-11-28">28</date>
               </cell>
               <cell/>
               <cell/>
               <cell></cell>
               <cell></cell>
            </row>
            <row xml:id="p168_09">
               <cell>384</cell>
               <cell><name type="person" ref="v">Sumner Blandin</name>
                  <choice rend="align(right)">
                     <abbr>D</abbr>
                     <expan>debtor</expan>
                  </choice></cell>
               <cell/>
               <cell/>
               <cell/>
               <cell/>
            </row>
            <row xml:id="p168_10">
               <cell/>
               <cell>
                   To <name type="account" ref="LMWcash">cash lent </name>30/ dld Otis
               </cell>
               <cell>
                   <measure commodity="currency" quantity="5" unit="dollars">5</measure>
               </cell>
               <cell>
                   <measure commodity="currency" quantity="00" unit="cents">00</measure>
               </cell>
               <cell/>
               <cell/>
            </row>
            <row xml:id="p168_11">
               <cell/>
               <cell/>
               <cell/>
               <cell/>
               <cell/>
               <cell/>
            </row>
            <row xml:id="p168_12">
               <cell>Settled</cell>
               <cell><name type="person" ref="v">Linus Howard</name>
                  <choice rend="align(right)">
                     <abbr>D</abbr>
                     <expan>debtor</expan>
                  </choice></cell>
               <cell/>
               <cell/>
               <cell/>
               <cell/>
            </row>
            <row xml:id="p168_13">
               <cell/>
               <cell>
                   To <measure commodity="Corn" quantity="4" unit="bushels">four Bush. Corn </measure>96x
               </cell>
               <cell>
                   <measure commodity="currency" quantity="3" unit="dollars">3</measure>
               </cell>
               <cell>
                   <measure commodity="currency" quantity="84" unit="cents">84</measure>
               </cell>
               <cell/>
               <cell/>
            </row>
            <row xml:id="p168_14">
               <cell/>
               <cell>
                   " <measure commodity="Rye" quantity="2" unit="bushels">two " Rye </measure>96x
               </cell>
               <cell>
                   <measure commodity="currency" quantity="1" unit="dollars">1</measure>
               </cell>
               <cell>
                   <measure commodity="currency" quantity="92" unit="cents">92</measure>
               </cell>
               <cell/>
               <cell/>
            </row>
            <row xml:id="p168_15">
               <cell/>
               <cell>
                   To <measure commodity="Apples" quantity="5" unit="barrels"> apples in five Barrels </measure>pr. br. 1.50
               </cell>
               <cell>
                   <measure commodity="currency" quantity="7" unit="dollars">7</measure>
               </cell>
               <cell>
                   <measure commodity="currency" quantity="50" unit="cents">50</measure>
               </cell>
               <cell>
                   <measure commodity="currency" quantity="13" unit="dollars">13</measure>
               </cell>
               <cell>
                   <measure commodity="currency" quantity="26" unit="cents">26</measure>
               </cell>
            </row>
            <row xml:id="p168_16">
               <cell/>
               <cell>
                   <date when="1841-11-01">Nov. 1</date>
               </cell>
               <cell/>
               <cell/>
               <cell/>
               <cell/>
            </row>
            <row xml:id="p168_17">
               <cell>Paid</cell>
               <cell>
                   To <measure commodity="Cranburys" quantity="1.5" unit="bushels">1 1/2 Bush. Cranburys </measure>7/6
               </cell>
               <cell>
                   <measure commodity="currency" quantity="1" unit="dollars">1</measure>
               </cell>
               <cell>
                   <measure commodity="currency" quantity="78" unit="cents">78</measure>
               </cell>
               <cell/>
               <cell/>
            </row>
            <row xml:id="p168_18">
               <cell/>
               <cell/>
               <cell/>
               <cell/>
               <cell/>
               <cell/>
            </row>
            <row xml:id="p168_19">
               <cell>Settled</cell>
               <cell><name type="person" ref="v">Andrew Randel</name>
                  <choice rend="align(right)">
                     <abbr>Dr</abbr>
                     <expan>debtor</expan>
                  </choice></cell>
               <cell/>
               <cell/>
               <cell/>
               <cell/>
            </row>
            <row xml:id="p168_20">
               <cell/>
               <cell>
                   To <measure commodity="Vinegar" quantity="1" unit="Gallons">1 Gall. Vinegar</measure> 
               </cell>
               <cell/>
               <cell>
                   <measure commodity="currency" quantity="20" unit="cents">20</measure>
               </cell>
               <cell/>
               <cell/>
            </row>
            <row xml:id="p168_21">
               <cell/>
               <cell>
                   <date when="1841-11-06">6</date>
               </cell>
               <cell/>
               <cell/>
               <cell/>
               <cell/>
            </row>
            <row xml:id="p168_22">
               <cell>384</cell>
               <cell><name type="person" ref="v">Sumner Blandin</name>
                  <choice rend="align(right)">
                     <abbr>D</abbr>
                     <expan>debtor</expan>
                  </choice></cell>
               <cell/>
               <cell/>
               <cell/>
               <cell/>
            </row>
            <row xml:id="p168_23">
               <cell/>
               <cell>
                   To <name type="account" ref="LMWcash">cash four Dollars</name>
               </cell>
               <cell>
                   <measure commodity="currency" quantity="4" unit="dollars">4</measure>
               </cell>
               <cell>
                   <measure commodity="currency" quantity="00" unit="cents">00</measure>
               </cell>
               <cell/>
               <cell/>
            </row>
            <row xml:id="p168_24">
               <cell/>
               <cell>
                   <date when="1841-11-09">9</date>
               </cell>
               <cell/>
               <cell/>
               <cell/>
               <cell/>
            </row>
            <row xml:id="p168_25">
               <cell>516</cell>
               <cell><name type="person" ref="v">May A. Wrigley</name>
                  <choice rend="align(right)">
                     <abbr>D</abbr>
                     <expan>debtor</expan>
                  </choice></cell>
               <cell/>
               <cell/>
               <cell/>
               <cell/>
            </row>
            <row xml:id="p168_26">
               <cell/>
               <cell>
                   To <name type="account" ref="LMWcash">cash</name> 12/
               </cell>
               <cell>
                   <measure commodity="currency" quantity="2" unit="dollars">2</measure>
               </cell>
               <cell>
                   <measure commodity="currency" quantity="00" unit="cents">00</measure>
               </cell>
               <cell/>
               <cell/>
            </row>
            <row xml:id="p168_27">
               <cell/>
               <cell>
                   <date when="1841-11-11">11</date>
               </cell>
               <cell/>
               <cell/>
               <cell/>
               <cell/>
            </row>
            <row xml:id="p168_28">
               <cell>384</cell>
               <cell><name type="person" ref="v">Sumner Blandin</name>
                  <choice rend="align(right)">
                     <abbr>Dr</abbr>
                     <expan>debtor</expan>
                  </choice></cell>
               <cell/>
               <cell/>
               <cell/>
               <cell/>
            </row>
            <row xml:id="p168_29">
               <cell/>
               <cell>
                   To <name type="account" ref="LMWcash">cash </name>$3.50
               </cell>
               <cell>
                   <measure commodity="currency" quantity="3" unit="dollars">3</measure>
               </cell>
               <cell>
                   <measure commodity="currency" quantity="50" unit="cents">50</measure>
               </cell>
               <cell/>
               <cell/>
            </row>
            <row xml:id="p168_30">
               <cell/>
               <cell>
                   <date when="1841-11-12">12</date>
               </cell>
               <cell/>
               <cell/>
               <cell/>
               <cell/>
            </row>
            <row xml:id="p168_31">
               <cell>settled</cell>
               <cell><name type="person" ref="v">Joseph Borden</name>
                  <choice rend="align(right)">
                     <abbr>D</abbr>
                     <expan>debtor</expan>
                  </choice></cell>
               <cell/>
               <cell/>
               <cell/>
               <cell/>
            </row>
            <row xml:id="p168_32">
               <cell/>
               <cell>
                   To <measure commodity="Apples" quantity="1" unit="barrels">1 Barrel of Apples</measure> 10/6
               </cell>
               <cell>
                   <measure commodity="currency" quantity="1" unit="dollars">1</measure>
               </cell>
               <cell>
                   <measure commodity="currency" quantity="75" unit="cents">75</measure>
               </cell>
               <cell/>
               <cell/>
            </row>
            <row xml:id="p168_33">
               <cell/>
               <cell/>
               <cell/>
               <cell/>
               <cell/>
               <cell/>
            </row>
            <row xml:id="p168_34">
               <cell>516</cell>
               <cell><name type="person" ref="v">Mary A. Wrigley</name>
                  <choice rend="align(right)">
                     <abbr>Dr</abbr>
                     <expan>debtor</expan>
                  </choice></cell>
               <cell/>
               <cell/>
               <cell/>
               <cell/>
            </row>
            <row xml:id="p168_35">
               <cell/>
               <cell>
                   To <name type="account" ref="LMWcash">cash pr. Silk</name> 6/
               </cell>
               <cell>
                   <measure commodity="currency" quantity="1" unit="dollars">1</measure>
               </cell>
               <cell>
                   <measure commodity="currency" quantity="00" unit="cents">00</measure>
               </cell>
               <cell/>
               <cell/>
            </row>
            <row xml:id="p168_36">
               <cell/>
               <cell>
                   <date when="1841-11-17">17</date>
               </cell>
               <cell/>
               <cell/>
               <cell/>
               <cell/>
            </row>
            <row xml:id="p168_37">
               <cell>Settled</cell>
               <cell><name type="person" ref="v">Linus Howard</name>
                  <choice rend="align(right)">
                     <abbr>Cr</abbr>
                     <expan>Credit</expan>
                  </choice></cell>
               <cell/>
               <cell/>
               <cell/>
               <cell/>
            </row>
            <row xml:id="p168_38">
               <cell/>
               <cell>
                   By <measure commodity="Lime" quantity="1" unit="cork"> one cork lime</measure>
               </cell>
               <cell>
                   <measure commodity="currency" quantity="1" unit="dollars">1</measure>
               </cell>
               <cell>
                   <measure commodity="currency" quantity="50" unit="cents">50</measure>
               </cell>
               <cell/>
               <cell/>
            </row>
            <row xml:id="p168_39">
               <cell/>
               <cell>
                   " <measure commodity="Lime" quantity="12" unit="barrels">twelve Blls </measure>9d
               </cell>
               <cell>
                   <measure commodity="currency" quantity="1" unit="dollars">1</measure>
               </cell>
               <cell>
                   <measure commodity="currency" quantity="50" unit="cents">50</measure>
               </cell>
               <cell>
                   <measure commodity="currency" quantity="3" unit="dollars">3</measure>
               </cell>
               <cell>
                   <measure commodity="currency" quantity="00" unit="cents">00</measure>
               </cell>
            </row>
            <row xml:id="p168_40">
               <cell/>
               <cell>
                   <date when="1841-11-19">19</date>
               </cell>
               <cell/>
               <cell/>
               <cell/>
               <cell/>
            </row>
            <row xml:id="p168_41">
               <cell>Settled</cell>
               <cell><name type="person" ref="v">Joseph Borden</name>
                  <choice rend="align(right)">
                     <abbr>D</abbr>
                     <expan>debtor</expan>
                  </choice></cell>
               <cell/>
               <cell/>
               <cell/>
               <cell/>
            </row>
            <row xml:id="p168_42">
               <cell/>
               <cell>
                   To <name type="account" ref="LMWcash">cash </name>30/ to pay for wood +c.
               </cell>
               <cell>
                   <measure commodity="currency" quantity="5" unit="dollars">5</measure>
               </cell>
               <cell>
                   <measure commodity="currency" quantity="00" unit="cents">00</measure>
               </cell>
               <cell/>
               <cell/>
            </row>
            <row xml:id="p168_43">
               <cell/>
               <cell/>
               <cell/>
               <cell/>
               <cell/>
               <cell/>
            </row>
            <row xml:id="p168_44">
               <cell>Settled</cell>
               <cell><name type="person" ref="v">Oliver Deane</name>
                  <choice rend="align(right)">
                     <abbr>D</abbr>
                     <expan>debtor</expan>
                  </choice></cell>
               <cell/>
               <cell/>
               <cell/>
               <cell/>
            </row>
            <row xml:id="p168_45">
               <cell/>
               <cell>
                   To <measure commodity="Spruce Plank" quantity="315" unit="feet">315 ft. Spruce Plank </measure>15
               </cell>
               <cell>
                   <measure commodity="currency" quantity="4" unit="dollars">4</measure>
               </cell>
               <cell>
                   <measure commodity="currency" quantity="73" unit="cents">73</measure>
               </cell>
               <cell/>
               <cell/>
            </row>
            <row xml:id="p168_46">
               <cell/>
               <cell>
                   " <measure commodity="Joist" quantity="134" unit="hectometer">134 Hm. Joist </measure> $12
               </cell>
               <cell>
                   <measure commodity="currency" quantity="1" unit="dollars">1</measure>
               </cell>
               <cell>
                   <measure commodity="currency" quantity="61" unit="cents">61</measure>
               </cell>
               <cell>
                   <measure commodity="currency" quantity="6" unit="dollars">6</measure>
               </cell>
               <cell>
                   <measure commodity="currency" quantity="34" unit="cents">34</measure>
               </cell>
            </row>
            <row xml:id="p168_47">
               <cell/>
               <cell>
                   <date when="1841-11-20">20</date>
               </cell>
               <cell/>
               <cell/>
               <cell/>
               <cell/>
            </row>
            <row xml:id="p168_48">
               <cell>384</cell>
               <cell><name type="person" ref="v">Sumner Blandin</name>
                  <choice rend="align(right)">
                     <abbr>Cr</abbr>
                     <expan>credit</expan>
                  </choice></cell>
               <cell/>
               <cell/>
               <cell/>
               <cell/>
            </row>
            <row xml:id="p168_49">
               <cell/>
               <cell>
                   By work +c. to date
               </cell>
               <cell>
                   <measure commodity="currency" quantity="49" unit="dollars">49</measure>
               </cell>
               <cell>
                   <measure commodity="currency" quantity="12" unit="cents">12</measure>
               </cell>
               <cell/>
               <cell/>
            </row>
            <row xml:id="p168_50">
               <cell/>
               <cell>"</cell>
               <cell/>
               <cell/>
               <cell/>
               <cell/>
            </row>
            <row xml:id="p168_51">
               <cell>mistakn record before</cell>
               <cell><name type="person" ref="v">Sumner Blandin</name>
                  <choice rend="align(right)">
                     <abbr>Cr</abbr>
                     <expan>credit</expan>
                  </choice></cell>
               <cell/>
               <cell/>
               <cell/>
               <cell/>
            </row>
            <row xml:id="p168_52">
               <cell/>
               <cell>By cash over cPd. as he says</cell>
               <cell>
                   <measure commodity="currency" quantity="5" unit="dollars">5</measure>
               </cell>
               <cell>
                   <measure commodity="currency" quantity="00" unit="cents">00</measure>
               </cell>
               <cell/>
               <cell/>
            </row>
            <row xml:id="p168_53">
               <cell/>
               <cell>"</cell>
               <cell/>
               <cell/>
               <cell/>
               <cell/>
            </row>
            <row xml:id="p168_54">
               <cell>384</cell>
               <cell><name type="person" ref="v">Sumner Blandin</name>
                  <choice rend="align(right)">
                     <abbr>Dr</abbr>
                     <expan>debtor</expan>
                  </choice></cell>
               <cell/>
               <cell/>
               <cell/>
               <cell/>
            </row>
            <row xml:id="p168_55">
               <cell/>
               <cell>
                   To <name type="account" ref="LMWcash">cash</name> 
               </cell>
               <cell>
                   <measure commodity="currency" quantity="10" unit="dollars">10</measure>
               </cell>
               <cell>
                   <measure commodity="currency" quantity="16" unit="cents">16</measure>
               </cell>
               <cell/>
               <cell/>
            </row>
            <row xml:id="p168_56">
               <cell/>
               <cell>
                   <date when="1841-12-04">Dec. 4</date>
               </cell>
               <cell/>
               <cell/>
               <cell/>
               <cell/>
            </row>
            <row xml:id="p168_57">
               <cell>384</cell>
               <cell><name type="person" ref="v">Sumner Blandin</name>
                  <choice rend="align(right)">
                     <abbr>D</abbr>
                     <expan>debtor</expan>
                  </choice></cell>
               <cell/>
               <cell/>
               <cell/>
               <cell/>
            </row>
            <row xml:id="p168_58">
               <cell/>
               <cell>
                   To <name type="account" ref="LMWcash">cash towards wall</name> 30/
               </cell>
               <cell>
                   <measure commodity="currency" quantity="5" unit="dollars">5</measure>
               </cell>
               <cell>
                   <measure commodity="currency" quantity="00" unit="cents">00</measure>
               </cell>
               <cell/>
               <cell/>
            </row>
            <row xml:id="p168_59">
               <cell/>
               <cell/>
               <cell/>
               <cell/>
               <cell/>
               <cell/>
            </row>
            <row xml:id="p168_60">
               <cell>Settled</cell>
               <cell><name type="person" ref="v">Joseph Borden</name>
                  <choice rend="align(right)">
                     <abbr>D</abbr>
                     <expan>debtor</expan>
                  </choice></cell>
               <cell/>
               <cell/>
               <cell/>
               <cell/>
            </row>
            <row xml:id="p168_61">
               <cell/>
               <cell>
                   To absence from work
               </cell>
               <cell/>
               <cell/>
               <cell/>
               <cell/>
            </row>
            <row xml:id="p168_62">
               <cell/>
               <cell>
                   from the 20th Nov.
               </cell>
               <cell/>
               <cell/>
               <cell/>
               <cell/>
            </row>
            <row xml:id="p168_63">
               <cell/>
               <cell/>
               <cell/>
               <cell/>
               <cell/>
               <cell/>
            </row>
            <row xml:id="p168_64">
               <cell>Settled</cell>
               <cell><name type="person" ref="v">James Wrigley</name>
                  <choice rend="align(right)">
                     <abbr>Cr</abbr>
                     <expan>credit</expan>
                  </choice></cell>
               <cell/>
               <cell/>
               <cell/>
               <cell/>
            </row>
            <row>
               <cell/>
               <cell>
                   By work from Dec 1st at
               </cell>
               <cell/>
               <cell/>
               <cell/>
               <cell/>
            </row>
            <row>
               <cell/>
               <cell>
                   $200 pr week, bound himself
               </cell>
               <cell/>
               <cell/>
               <cell/>
               <cell/>
            </row>
         </table>
         <pb n="169"/>
         <fw type="pageNum">169</fw>
         <table xml:id="p169" cols="6">
            <head>Saturday <date when="1841-12-18">Dec. 18th 1841</date></head>
            <row xml:id="p169_01">
               <cell/>
               <cell/>
               <cell>$</cell>
               <cell>cts.</cell>
               <cell>$</cell>
               <cell>cts.</cell>
            </row>
            <row xml:id="p169_02">
               <cell>Settled</cell>
               <cell><name type="person" ref="v">Oliver Deane</name>
                  <choice rend="align(right)">
                     <abbr>D</abbr>
                     <expan>debtor</expan>
                  </choice></cell>
               <cell/>
               <cell/>
               <cell/>
               <cell/>
            </row>
            <row xml:id="p169_03">
               <cell/>
               <cell>
                   To <measure commodity="Pine Boards" quantity="77" unit="feet">seventy seven ft. Pine Boards </measure>$15
               </cell>
               <cell>
                   <measure commodity="currency" quantity="1" unit="dollars">1</measure>
               </cell>
               <cell>
                   <measure commodity="currency" quantity="16" unit="cents">16</measure>
               </cell>
               <cell/>
               <cell/>
            </row>
            <row xml:id="p169_04">
               <cell/>
               <cell/>
               <cell/>
               <cell/>
               <cell/>
               <cell/>
            </row>
            <row xml:id="p169_05">
               <cell>384</cell>
               <cell><name type="person" ref="v">Sumner Blandin</name>
                  <choice rend="align(right)">
                     <abbr>D</abbr>
                     <expan>debtor</expan>
                  </choice></cell>
               <cell/>
               <cell/>
               <cell/>
               <cell/>
            </row>
            <row xml:id="p169_06">
               <cell/>
               <cell>
                   To <name type="account" ref="LMWcash"> cash five Dollars</name> 30/
               </cell>
               <cell>
                   <measure commodity="currency" quantity="5" unit="dollars">5</measure>
               </cell>
               <cell>
                   <measure commodity="currency" quantity="00" unit="cents">00</measure>
               </cell>
               <cell/>
               <cell/>
            </row>
            <row xml:id="p169_07">
               <cell/>
               <cell/>
               <cell/>
               <cell/>
               <cell/>
               <cell/>
            </row>
            <row xml:id="p169_08">
               <cell>362</cell>
               <cell><name type="person" ref="v">Geo. Clapp</name>
                  <choice rend="align(right)">
                     <abbr>D</abbr>
                     <expan>debtor</expan>
                  </choice></cell>
               <cell/>
               <cell/>
               <cell/>
               <cell/>
            </row>
            <row xml:id="p169_09">
               <cell/>
               <cell>
                   To <measure commodity="Pine Boards" quantity="561" unit="feet">561 ft. Pine Boards </measure> + 14.00 Thos.
               </cell>
               <cell>
                   <measure commodity="currency" quantity="8" unit="dollars">8</measure>
               </cell>
               <cell>
                   <measure commodity="currency" quantity="41" unit="cents">41</measure>
               </cell>
               <cell/>
               <cell/>
            </row>
            <row xml:id="p169_10">
               <cell/>
               <cell/>
               <cell/>
               <cell/>
               <cell/>
               <cell/>
            </row>
            <row xml:id="p169_11">
               <cell>384</cell>
               <cell><name type="person" ref="v">Sumner Blandin</name>
                  <choice rend="align(right)">
                     <abbr>Cr</abbr>
                     <expan>credit</expan>
                  </choice></cell>
               <cell/>
               <cell/>
               <cell/>
               <cell/>
            </row>
            <row xml:id="p169_12">
               <cell/>
               <cell>
                   By <measure commodity="Wall" quantity="32" unit="Rods">32 Rods Wall</measure> when finished
               </cell>
               <cell>
                   <measure commodity="currency" quantity="16" unit="dollars">16</measure>
               </cell>
               <cell>
                   <measure commodity="currency" quantity="00" unit="cents">00</measure>
               </cell>
               <cell/>
               <cell/>
            </row>
            <row xml:id="p169_13">
               <cell/>
               <cell>
                   <date when="1841-12-31">31</date>
               </cell>
               <cell/>
               <cell/>
               <cell/>
               <cell/>
            </row>
            <row xml:id="p169_14">
               <cell>384</cell>
               <cell><name type="person" ref="v">Sumner Blandin</name>
                  <choice rend="align(right)">
                     <abbr>D</abbr>
                     <expan>debtor</expan>
                  </choice></cell>
               <cell/>
               <cell/>
               <cell/>
               <cell/>
            </row>
            <row xml:id="p169_15">
               <cell/>
               <cell>
                   To <measure commodity="Beef" quantity="108" unit="pounds"> 108 lbs. Beef</measure> dld by D. S. M. $4 00
               </cell>
               <cell>
                   <measure commodity="currency" quantity="4" unit="dollars">4</measure>
               </cell>
               <cell>
                   <measure commodity="currency" quantity="32" unit="cents">32</measure>
               </cell>
               <cell>
                   <measure commodity="currency" quantity="4" unit="dollars">4</measure>
               </cell>
               <cell>
                   <measure commodity="currency" quantity="32" unit="cents">32</measure>
               </cell>
            </row>
            <row xml:id="p169_16">
               <cell/>
               <cell/>
               <cell/>
               <cell/>
               <cell/>
               <cell/>
            </row>
            <row xml:id="p169_17">
               <cell/>
               <cell><name type="person" ref="v">L. Wheaton</name>
                  <choice rend="align(right)">
                     <abbr>D</abbr>
                     <expan>debtor</expan>
                  </choice></cell>
               <cell/>
               <cell/>
               <cell/>
               <cell/>
            </row>
            <row xml:id="p169_18">
               <cell/>
               <cell>
                   To <measure commodity="Beef" quantity="98" unit="pounds">98 lbs. Beef</measure>
               </cell>
               <cell/>
               <cell/>
               <cell/>
               <cell/>
            </row>
            <row xml:id="p169_19">
               <cell/>
               <cell>
                   <date when="1842-01-01">Jany 1st 1842</date>
               </cell>
               <cell/>
               <cell/>
               <cell/>
               <cell/>
            </row>
            <row xml:id="p169_20">
               <cell>Settled</cell>
               <cell><name type="person" ref="v">Jas Wrigley</name>
                  <choice rend="align(right)">
                     <abbr>D</abbr>
                     <expan>debtor</expan>
                  </choice></cell>
               <cell/>
               <cell/>
               <cell/>
               <cell/>
            </row>
            <row xml:id="p169_21">
               <cell/>
               <cell>
                   To <measure commodity="Corn" quantity="1" unit="bushels">1 Bush. Corn </measure>6/
               </cell>
               <cell>
                   <measure commodity="currency" quantity="1" unit="dollars">1</measure>
               </cell>
               <cell>
                   <measure commodity="currency" quantity="00" unit="cents">00</measure>
               </cell>
               <cell/>
               <cell/>
            </row>
            <row xml:id="p169_22">
               <cell/>
               <cell>
                   <date when="1842-01-07">7</date>
               </cell>
               <cell/>
               <cell/>
               <cell/>
               <cell/>
            </row>
            <row xml:id="p169_23">
               <cell>360</cell>
               <cell><name type="person" ref="v">Geo. White</name>
                  <choice rend="align(right)">
                     <abbr>D</abbr>
                     <expan>debtor</expan>
                  </choice></cell>
               <cell/>
               <cell/>
               <cell/>
               <cell/>
            </row>
            <row xml:id="p169_24">
               <cell/>
               <cell>
                   To <measure commodity="4 by 5 join" quantity="30" unit="feet">30 ft. of 4 by 5 join</measure>
               </cell>
               <cell/>
               <cell/>
               <cell/>
               <cell/>
            </row>
            <row xml:id="p169_25">
               <cell/>
               <cell>
                   <date when="1842-01-12">12</date>
               </cell>
               <cell/>
               <cell/>
               <cell/>
               <cell/>
            </row>
            <row xml:id="p169_26">
               <cell>Paid</cell>
               <cell><name type="person" ref="v">Daniel Blandin</name>
                  <choice rend="align(right)">
                     <abbr>D</abbr>
                     <expan>debtor</expan>
                  </choice></cell>
               <cell/>
               <cell/>
               <cell/>
               <cell/>
            </row>
            <row xml:id="p169_27">
               <cell/>
               <cell>
                   To <measure commodity="Potatoes" quantity="5" unit="bushels">five Bush. Potatoes</measure> 30x
               </cell>
               <cell>
                   <measure commodity="currency" quantity="1" unit="dollars">1</measure>
               </cell>
               <cell>
                   <measure commodity="currency" quantity="50" unit="cents">50</measure>
               </cell>
               <cell/>
               <cell/>
            </row>
            <row xml:id="p169_28">
               <cell/>
               <cell>
                   <date when="1842-01-13">13</date>
               </cell>
               <cell/>
               <cell/>
               <cell/>
               <cell/>
            </row>
            <row xml:id="p169_29">
               <cell>Settled</cell>
               <cell><name type="person" ref="v">Jas Wrigley</name>
                  <choice rend="align(right)">
                     <abbr>D</abbr>
                     <expan>debtor</expan>
                  </choice></cell>
               <cell/>
               <cell/>
               <cell/>
               <cell/>
            </row>
            <row xml:id="p169_30">
               <cell/>
               <cell>
                   To <measure commodity="Potatoes" quantity="1" unit="bushels">1 Bush. Potatoes </measure>30x pr B.
               </cell>
               <cell/>
               <cell>
                   <measure commodity="currency" quantity="30" unit="cents">30</measure>
               </cell>
               <cell/>
               <cell/>
            </row>
            <row xml:id="p169_31">
               <cell/>
               <cell/>
               <cell/>
               <cell/>
               <cell/>
               <cell/>
            </row>
            <row xml:id="p169_32">
               <cell>Settled</cell>
               <cell><name type="person" ref="v">Zeno Kelley</name>
                  <choice rend="align(right)">
                     <abbr>D</abbr>
                     <expan>debtor</expan>
                  </choice></cell>
               <cell/>
               <cell/>
               <cell/>
               <cell/>
            </row>
            <row xml:id="p169_33">
               <cell/>
               <cell>
                   To half Tax on House
               </cell>
               <cell>
                   <measure commodity="currency" quantity="1" unit="dollars">1</measure>
               </cell>
               <cell>
                   <measure commodity="currency" quantity="50" unit="cents">50</measure>
               </cell>
               <cell/>
               <cell/>
            </row>
            <row xml:id="p169_34">
               <cell/>
               <cell/>
               <cell/>
               <cell/>
               <cell/>
               <cell/>
            </row>
            <row xml:id="p169_35">
               <cell>384</cell>
               <cell><name type="person" ref="v">Geo. M Sweet</name>
                  <choice rend="align(right)">
                     <abbr>D</abbr>
                     <expan>debtor</expan>
                  </choice></cell>
               <cell/>
               <cell/>
               <cell/>
               <cell/>
            </row>
            <row xml:id="p169_36">
               <cell/>
               <cell>To half Tax on house</cell>
               <cell>1</cell>
               <cell>50</cell>
               <cell/>
               <cell/>
            </row>
            <row xml:id="p169_37">
               <cell/>
               <cell>
                   <date when="1842-01-24">24</date>
               </cell>
               <cell/>
               <cell/>
               <cell/>
               <cell/>
            </row>
            <row xml:id="p169_38">
               <cell>Settled</cell>
               <cell><name type="person" ref="v">Jas Wrigley</name>
                  <choice rend="align(right)">
                     <abbr>D</abbr>
                     <expan>debtor</expan>
                  </choice></cell>
               <cell/>
               <cell/>
               <cell/>
               <cell/>
            </row>
            <row xml:id="p169_39">
               <cell/>
               <cell>left work this day</cell>
               <cell/>
               <cell/>
               <cell/>
               <cell/>
            </row>
            <row xml:id="p169_40">
               <cell/>
               <cell>
                   <date when="1842-02-03">Feb. 3d</date>
               </cell>
               <cell/>
               <cell/>
               <cell/>
               <cell/>
            </row>
            <row xml:id="p169_41">
               <cell>514</cell>
               <cell><name type="person" ref="v">Henry M Pain</name>
                  <choice rend="align(right)">
                     <abbr>D</abbr>
                     <expan>debtor</expan>
                  </choice></cell>
               <cell/>
               <cell/>
               <cell/>
               <cell/>
            </row>
            <row xml:id="p169_42">
               <cell/>
               <cell>
                   To <measure commodity="Coal" quantity="1" unit="count">coal</measure> dld by Titus some time since
               </cell>
               <cell>
                   <measure commodity="currency" quantity="31" unit="dollars">31</measure>
               </cell>
               <cell>
                   <measure commodity="currency" quantity="20" unit="cents">20</measure>
               </cell>
               <cell/>
               <cell/>
            </row>
            <row xml:id="p169_43">
               <cell/>
               <cell>
                   <date when="1842-02-07">7</date>
               </cell>
               <cell/>
               <cell/>
               <cell/>
               <cell/>
            </row>
            <row xml:id="p169_44">
               <cell>Settled</cell>
               <cell><name type="person" ref="v">Anna Wrigley</name>
                  <choice rend="align(right)">
                     <abbr>D</abbr>
                     <expan>debtor</expan>
                  </choice></cell>
               <cell/>
               <cell/>
               <cell/>
               <cell/>
            </row>
            <row xml:id="p169_45">
               <cell/>
               <cell>
                   To <measure commodity="Potatoes" quantity="0.5" unit="bushels"> 1/2 Bush. Potatoes</measure> 35
               </cell>
               <cell/>
               <cell>
                   <measure commodity="currency" quantity="17" unit="cents">17</measure>
               </cell>
               <cell/>
               <cell/>
            </row>
            <row xml:id="p169_46">
               <cell/>
               <cell/>
               <cell/>
               <cell/>
               <cell/>
               <cell/>
            </row>
            <row xml:id="p169_47">
               <cell>385</cell>
               <cell><name type="person" ref="v">Mitilda Cone</name>
                  <choice rend="align(right)">
                     <abbr>D</abbr>
                     <expan>debtor</expan>
                  </choice></cell>
               <cell/>
               <cell/>
               <cell/>
               <cell/>
            </row>
            <row xml:id="p169_48">
               <cell/>
               <cell>
                   To Tenement to H l.1st
               </cell>
               <cell/>
               <cell/>
               <cell/>
               <cell/>
            </row>
            <row xml:id="p169_49">
               <cell/>
               <cell/>
               <cell/>
               <cell/>
               <cell/>
               <cell/>
            </row>
            <row xml:id="p169_50">
               <cell>388</cell>
               <cell><name type="person" ref="v">Jason Reed</name>
                  <choice rend="align(right)">
                     <abbr>D</abbr>
                     <expan>debtor</expan>
                  </choice></cell>
               <cell/>
               <cell/>
               <cell/>
               <cell/>
            </row>
            <row xml:id="p169_51">
               <cell/>
               <cell>
                   To Tenement + Shop without tax
               </cell>
               <cell>
                   <measure commodity="currency" quantity="50" unit="dollars">50</measure>
               </cell>
               <cell>
                   <measure commodity="currency" quantity="00" unit="cents">00</measure>
               </cell>
               <cell/>
               <cell/>
            </row>
            <row xml:id="p169_52">
               <cell/>
               <cell>
                   at the rate of fifty Dollars pr year
               </cell>
               <cell>
                   <measure commodity="currency" quantity="8" unit="dollars">8</measure>
               </cell>
               <cell>
                   <measure commodity="currency" quantity="33" unit="cents">33</measure>
               </cell>
               <cell>
                   <measure commodity="currency" quantity="58" unit="dollars">58</measure>
               </cell>
               <cell>
                   <measure commodity="currency" quantity="33" unit="cents">33</measure>
               </cell>
            </row>
            <row xml:id="p169_53">
               <cell/>
               <cell>To April 1st 1843</cell>
               <cell/>
               <cell/>
               <cell/>
               <cell/>
            </row>
            <row xml:id="p169_54">
               <cell>Settled</cell>
               <cell><name type="person" ref="v">Zeno Kelley</name>
                  <choice rend="align(right)">
                     <abbr>Cr</abbr>
                     <expan>credit</expan>
                  </choice></cell>
               <cell/>
               <cell/>
               <cell/>
               <cell/>
            </row>
            <row xml:id="p169_55">
               <cell/>
               <cell>By order upon Joseph Borden</cell>
               <cell>
                   <measure commodity="currency" quantity="26" unit="dollars">26</measure>
               </cell>
               <cell>
                   <measure commodity="currency" quantity="95" unit="cents">95</measure>
               </cell>
               <cell/>
               <cell/>
            </row>
            <row xml:id="p169_56">
               <cell/>
               <cell>
                   <date when="1842-02-24">24</date>
               </cell>
               <cell/>
               <cell/>
               <cell/>
               <cell/>
            </row>
            <row xml:id="p169_57">
               <cell>384</cell>
               <cell><name type="person" ref="v">Sumner Blandin</name>
                  <choice rend="align(right)">
                     <abbr>D</abbr>
                     <expan>debtor</expan>
                  </choice></cell>
               <cell/>
               <cell/>
               <cell/>
               <cell/>
            </row>
            <row xml:id="p169_58">
               <cell/>
               <cell>
                   To <name type="account" ref="LMWcash">cash lent</name> 12/
               </cell>
               <cell>
                   <measure commodity="currency" quantity="2" unit="dollars">2</measure>
               </cell>
               <cell>
                   <measure commodity="currency" quantity="00" unit="cents">00</measure>
               </cell>
               <cell/>
               <cell/>
            </row>
            <row xml:id="p169_59">
               <cell/>
               <cell>
                   <date when="1842-03-02">March 2d</date>
               </cell>
               <cell/>
               <cell/>
               <cell/>
               <cell/>
            </row>
            <row xml:id="p169_60">
               <cell>516</cell>
               <cell><name type="person" ref="v">Mary A Wrigley</name>
                  <choice rend="align(right)">
                     <abbr>D</abbr>
                     <expan>debtor</expan>
                  </choice></cell>
               <cell/>
               <cell/>
               <cell/>
               <cell/>
            </row>
            <row xml:id="p169_61">
               <cell/>
               <cell>
                   To <name type="account" ref="LMWcash">cash </name>30/
               </cell>
               <cell>
                   <measure commodity="currency" quantity="5" unit="dollars">5</measure>
               </cell>
               <cell>
                   <measure commodity="currency" quantity="00" unit="cents">00</measure>
               </cell>
               <cell/>
               <cell/>
            </row>
            <row xml:id="p169_62">
               <cell/>
               <cell>"</cell>
               <cell/>
               <cell/>
               <cell/>
               <cell/>
            </row>
            <row xml:id="p169_63">
               <cell>360</cell>
               <cell><name type="person" ref="v">Geo. White Jr</name>
                  <choice rend="align(right)">
                     <abbr>D</abbr>
                     <expan>debtor</expan>
                  </choice></cell>
               <cell/>
               <cell/>
               <cell/>
               <cell/>
            </row>
            <row xml:id="p169_64">
               <cell/>
               <cell>
                   To <measure commodity="Beef" quantity="111.5" unit="pounds">111 1/2 lbs. Beef </measure>$6 00
               </cell>
               <cell>
                   <measure commodity="currency" quantity="6" unit="dollars">6</measure>
               </cell>
               <cell>
                   <measure commodity="currency" quantity="69" unit="cents">69</measure>
               </cell>
               <cell>
                   <measure commodity="currency" quantity="6" unit="dollars">6</measure>
               </cell>
               <cell>
                   <measure commodity="currency" quantity="69" unit="cents">69</measure>
               </cell>
            </row>
         </table>
      </body>
   </text>
</TEI>
