<?xml version="1.0" encoding="UTF-8"?>
<?xml-model href="http://www.tei-c.org/release/xml/tei/custom/schema/relaxng/tei_all.rng" type="application/xml" schematypens="http://relaxng.org/ns/structure/1.0"?>
<?xml-model href="http://www.tei-c.org/release/xml/tei/custom/schema/relaxng/tei_all.rng" type="application/xml"
	schematypens="http://purl.oclc.org/dsdl/schematron"?>
<TEI xmlns="http://www.tei-c.org/ns/1.0">
   <teiHeader>
      <fileDesc>
         <titleStmt>
            <title>LMW Day Book, pp. 175-176</title>
            <author>L.M. Wheaton</author>
         </titleStmt>
         <publicationStmt>
            <p>Indication of work done and date, Wheaton College</p>
         </publicationStmt>
         <sourceDesc>
            <biblFull>
               <titleStmt>
                  <title>Account Books, pp.175-176</title>
                  <author>L.M. Wheaton</author>
                  <respStmt>
                     <resp> TEI-compatible XML markup by <name type="person">Tyana Craig</name> with
                        corrections by <name type="person">Name</name>, <name type="person"
                           >Name</name>, and <name type="person">Name</name>.</resp>
                     <name type="person">Name</name>
                  </respStmt>
               </titleStmt>
               <publicationStmt>
                  <p>Indication of work done and date 06/06/16, Wheaton College</p>
               </publicationStmt>
               <sourceDesc>
                  <p> From the Marion B. Gebbie Archives and Special Collections at the Madeleine
                     Clark Wallace Library, Wheaton College </p>
               </sourceDesc>
            </biblFull>
         </sourceDesc>
      </fileDesc>
   </teiHeader>
   <text>
      <body>
         <pb n="175"/>
         <fw type="pageNum">175</fw>
         <table xml:id="p175" cols="6">
            <head>Saturday <date when="1842-10-29">Oct. 29th 1842</date></head>
            <row xml:id="p175_01">
               <cell/>
               <cell/>
               <cell/>
               <cell/>
               <cell/>
               <cell/>
            </row>
            <row xml:id="p175_02">
               <cell>Settled</cell>
               <cell><name type="person" ref="v">Alexander Antony</name>
                  <choice rend="align(right)">
                     <abbr>D</abbr>
                     <expan>debtor</expan>
                  </choice></cell>
               <cell/>
               <cell/>
               <cell/>
               <cell/>
            </row>
            <row xml:id="p175_03">
               <cell/>
               <cell>
                  To <name type="account" ref="LMWcash">cash paid John Hill</name>
               </cell>
               <cell>
                  <measure commodity="currency" quantity="5" unit="dollars">5</measure>
               </cell>
               <cell>
                  <measure commodity="currency" quantity="00" unit="cents">00</measure>
               </cell>
               <cell/>
               <cell/>
            </row>
            <row xml:id="p175_04">
               <cell/>
               <cell>
                  <date when="1842-11-01">No. 1st</date>
               </cell>
               <cell/>
               <cell/>
               <cell/>
               <cell/>
            </row>
            <row xml:id="p175_05">
               <cell>522</cell>
               <cell><name type="person" ref="v">Stephen Bailey</name>
                  <choice rend="align(right)">
                     <abbr>D</abbr>
                     <expan>debtor</expan>
                  </choice></cell>
               <cell/>
               <cell/>
               <cell/>
               <cell/>
            </row>
            <row xml:id="p175_06">
               <cell/>
               <cell>
                  To <name type="account" ref="LMWcash">paying M. Shepherd</name>
               </cell>
               <cell>
                  <measure commodity="currency" quantity="5" unit="dollars">5</measure>
               </cell>
               <cell>
                  <measure commodity="currency" quantity="70" unit="cents">70</measure>
               </cell>
               <cell/>
               <cell/>
            </row>
            <row xml:id="p175_07">
               <cell/>
               <cell/>
               <cell/>
               <cell/>
               <cell/>
               <cell/>
            </row>
            <row xml:id="p175_08">
               <cell>516</cell>
               <cell><name type="person" ref="v">Mary A Wrigley</name>
                  <choice rend="align(right)">
                     <abbr>Dr</abbr>
                     <expan>debtor</expan>
                  </choice></cell>
               <cell/>
               <cell/>
               <cell/>
               <cell/>
            </row>
            <row xml:id="p175_09">
               <cell/>
               <cell>
                  To <measure commodity="Funnel" quantity="1" unit="count">Funnel</measure> + 
                  <measure commodity="Iron Door" quantity="1" unit="count">Iron Door</measure>8/3
               </cell>
               <cell>
                  <measure commodity="currency" quantity="1" unit="dollars">1</measure>
               </cell>
               <cell>
                  <measure commodity="currency" quantity="37" unit="cents">37</measure>
               </cell>
               <cell/>
               <cell/>
            </row>
            <row xml:id="p175_10">
               <cell/>
               <cell/>
               <cell/>
               <cell/>
               <cell/>
               <cell/>
            </row>
            <row xml:id="p175_11">
               <cell>522</cell>
               <cell><name type="person" ref="v">Stephen Bailey</name>
                  <choice rend="align(right)">
                     <abbr>D</abbr>
                     <expan>debtor</expan>
                  </choice></cell>
               <cell/>
               <cell/>
               <cell/>
               <cell/>
            </row>
            <row xml:id="p175_12">
               <cell/>
               <cell>
                  To rent of cottage from date at $
               </cell>
               <cell/>
               <cell/>
               <cell/>
               <cell/>
            </row>
            <row xml:id="p175_13">
               <cell/>
               <cell>
                  at 50 Dollars pr year
               </cell>
               <cell/>
               <cell/>
               <cell/>
               <cell/>
            </row>
            <row xml:id="p175_14">
               <cell/>
               <cell>
                  <date when="1842-11-05">5</date>
               </cell>
               <cell/>
               <cell/>
               <cell/>
               <cell/>
            </row>
            <row xml:id="p175_15">
               <cell>516</cell>
               <cell><name type="person" ref="v">Mary A. Wrigley</name>
                  <choice rend="align(right)">
                     <abbr>Dr</abbr>
                     <expan>debtor</expan>
                  </choice></cell>
               <cell/>
               <cell/>
               <cell/>
               <cell/>
            </row>
            <row xml:id="p175_16">
               <cell/>
               <cell>
                  To <name type="account" ref="LMWcash"> cash</name> 6/
               </cell>
               <cell>
                  <measure commodity="currency" quantity="1" unit="dollars">1</measure>
               </cell>
               <cell>
                  <measure commodity="currency" quantity="00" unit="cents">00</measure>
               </cell>
               <cell/>
               <cell/>
            </row>
            <row xml:id="p175_17">
               <cell/>
               <cell>
                  To <measure commodity="Corn" quantity="0.5" unit="bushels">1/2 bushel Corn </measure>.85x .43x
               </cell>
               <cell/>
               <cell/>
               <cell/>
               <cell/>
            </row>
            <row xml:id="p175_18">
               <cell/>
               <cell>
                  " <measure commodity="Rye" quantity="0.5" unit="bushels">1/2 " Rye </measure> 40 for her Mother
               </cell>
               <cell/>
               <cell>
                  <measure commodity="currency" quantity="83" unit="cents">83</measure>
               </cell>
               <cell/>
               <cell/>
            </row>
            <row xml:id="p175_19">
               <cell/>
               <cell>
                  <date when="1842-11-14">14</date>
               </cell>
               <cell/>
               <cell/>
               <cell/>
               <cell/>
            </row>
            <row xml:id="p175_20">
               <cell>522</cell>
               <cell><name type="person" ref="v">Stephen Bailey</name>
                  <choice rend="align(right)">
                     <abbr>D</abbr>
                     <expan>debtor</expan>
                  </choice></cell>
               <cell/>
               <cell/>
               <cell/>
               <cell/>
            </row>
            <row xml:id="p175_21">
               <cell/>
               <cell>
                  To <name type="account" ref="LMWcash">cash to pay rent</name> 
               </cell>
               <cell>
                  <measure commodity="currency" quantity="5" unit="dollars">5</measure>
               </cell>
               <cell>
                  <measure commodity="currency" quantity="00" unit="cents">00</measure>
               </cell>
               <cell/>
               <cell/>
            </row>
            <row xml:id="p175_22">
               <cell/>
               <cell>
                  <date when="1842-11-12">12</date>
               </cell>
               <cell/>
               <cell/>
               <cell/>
               <cell/>
            </row>
            <row xml:id="p175_23">
               <cell>516</cell>
               <cell><name type="person" ref="v">Mary A. Wrigley</name>
                  <choice rend="align(right)">
                     <abbr>Dr</abbr>
                     <expan>debtor</expan>
                  </choice></cell>
               <cell/>
               <cell/>
               <cell/>
               <cell/>
            </row>
            <row xml:id="p175_24">
               <cell/>
               <cell>
                  To <name type="account" ref="LMWcash">cash for Mending Pin</name> 
               </cell>
               <cell/>
               <cell>
                  <measure commodity="currency" quantity="20" unit="cents">20</measure>
               </cell>
               <cell/>
               <cell/>
            </row>
            <row xml:id="p175_25">
               <cell/>
               <cell>
                  <date when="1842-11-19">19</date>
               </cell>
               <cell/>
               <cell/>
               <cell/>
               <cell/>
            </row>
            <row xml:id="p175_26">
               <cell>516</cell>
               <cell><name type="person" ref="v">M. A. Wrigley</name>
                  <choice rend="align(right)">
                     <abbr>Dr</abbr>
                     <expan>debtor</expan>
                  </choice></cell>
               <cell/>
               <cell/>
               <cell/>
               <cell/>
            </row>
            <row xml:id="p175_27">
               <cell/>
               <cell>
                  To <name type="account" ref="LMWcash">Cash fr. Wool Hose</name>  3/9
               </cell>
               <cell/>
               <cell>
                  <measure commodity="currency" quantity="62.5" unit="dollars">62 1/2</measure>
               </cell>
               <cell/>
               <cell/>
            </row>
            <row xml:id="p175_28">
               <cell/>
               <cell/>
               <cell/>
               <cell/>
               <cell/>
               <cell/>
            </row>
            <row xml:id="p175_29">
               <cell>522</cell>
               <cell><name type="person" ref="v">Stephen Bailey</name>
                  <choice rend="align(right)">
                     <abbr>D</abbr>
                     <expan>debtor</expan>
                  </choice></cell>
               <cell/>
               <cell/>
               <cell/>
               <cell/>
            </row>
            <row xml:id="p175_30">
               <cell/>
               <cell>
                  To <measure commodity="Meat Tubs" quantity="2" unit="counts">the Loan of 2 Meat Tubs</measure>
               </cell>
               <cell>
                  <measure commodity="currency" quantity="00" unit="dollars">00</measure>
               </cell>
               <cell>
                  <measure commodity="currency" quantity="00" unit="cents">00</measure>
               </cell>
               <cell/>
               <cell/>
            </row>
            <row xml:id="p175_31">
               <cell/>
               <cell>
                  <date when="1842-11-25">25</date>
               </cell>
               <cell/>
               <cell/>
               <cell/>
               <cell/>
            </row>
            <row xml:id="p175_32">
               <cell>Settled</cell>
               <cell><name type="person" ref="v">Hiram Hodges</name>
                  <choice rend="align(right)">
                     <abbr>D</abbr>
                     <expan>debtor</expan>
                  </choice></cell>
               <cell/>
               <cell/>
               <cell/>
               <cell/>
            </row>
            <row xml:id="p175_33">
               <cell/>
               <cell>
                  To <name type="account" ref="LMWcash">ten Dollars dld Senior</name>
               </cell>
               <cell>
                  <measure commodity="currency" quantity="10" unit="dollars">10</measure>
               </cell>
               <cell>
                  <measure commodity="currency" quantity="00" unit="cents">00</measure>
               </cell>
               <cell/>
               <cell/>
            </row>
            <row xml:id="p175_34">
               <cell/>
               <cell>
                  " <name type="account" ref="LMWcash">paper do.</name> 6/
               </cell>
               <cell>
                  <measure commodity="currency" quantity="1" unit="dollars">1</measure>
               </cell>
               <cell>
                  <measure commodity="currency" quantity="00" unit="cents">00</measure>
               </cell>
               <cell/>
               <cell/>
            </row>
            <row xml:id="p175_35">
               <cell/>
               <cell>
                  <date when="1842-12-02">Dec. 2</date>
               </cell>
               <cell/>
               <cell/>
               <cell/>
               <cell/>
            </row>
            <row xml:id="p175_36">
               <cell>Settled</cell>
               <cell><name type="person" ref="v">Mason Freeman</name>
                  <choice rend="align(right)">
                     <abbr>Cr</abbr>
                     <expan>credit</expan>
                  </choice></cell>
               <cell/>
               <cell/>
               <cell/>
               <cell/>
            </row>
            <row xml:id="p175_37">
               <cell/>
               <cell>
                  By <measure commodity="Heiffer" quantity="1" unit="count">keeping Heiffer to date</measure>
               </cell>
               <cell/>
               <cell/>
               <cell/>
               <cell/>
            </row>
            <row xml:id="p175_38">
               <cell/>
               <cell/>
               <cell/>
               <cell/>
               <cell/>
               <cell/>
            </row>
            <row xml:id="p175_39">
               <cell>Settled</cell>
               <cell><name type="person" ref="v">Alexander Antoney</name>
                  <choice rend="align(right)">
                     <abbr>D</abbr>
                     <expan>debtor</expan>
                  </choice></cell>
               <cell/>
               <cell/>
               <cell/>
               <cell/>
            </row>
            <row xml:id="p175_40">
               <cell/>
               <cell>
                  To <name type="account" ref="LMWcash">cash thirteen dollars</name> $13 03
               </cell>
               <cell>
                  <measure commodity="currency" quantity="13" unit="dollars">13</measure>
               </cell>
               <cell>
                  <measure commodity="currency" quantity="03" unit="cents">03</measure>
               </cell>
               <cell/>
               <cell/>
            </row>
            <row xml:id="p175_41">
               <cell/>
               <cell/>
               <cell/>
               <cell/>
               <cell/>
               <cell/>
            </row>
            <row xml:id="p175_42">
               <cell>388</cell>
               <cell><name type="person" ref="v">Jason Reed</name>
                  <choice rend="align(right)">
                     <abbr>D</abbr>
                     <expan>debtor</expan>
                  </choice></cell>
               <cell/>
               <cell/>
               <cell/>
               <cell/>
            </row>
            <row xml:id="p175_43">
               <cell/>
               <cell>
                  To <measure commodity="Apples" quantity="1" unit="lot">lot of Apples</measure> 4/6
               </cell>
               <cell/>
               <cell>
                  <measure commodity="currency" quantity="75" unit="cents">75</measure>
               </cell>
               <cell/>
               <cell/>
            </row>
            <row xml:id="p175_44">
               <cell/>
               <cell/>
               <cell/>
               <cell/>
               <cell/>
               <cell/>
            </row>
            <row xml:id="p175_45">
               <cell>Settled</cell>
               <cell><name type="person" ref="v">Wheaton Wheelor</name>
                  <choice rend="align(right)">
                     <abbr>D</abbr>
                     <expan>debtor</expan>
                  </choice></cell>
               <cell/>
               <cell/>
               <cell/>
               <cell/>
            </row>
            <row xml:id="p175_46">
               <cell/>
               <cell>
                  To <measure commodity="Beef" quantity="196" unit="pounds">196lb. Beef</measure> 4.00
               </cell>
               <cell>
                  <measure commodity="currency" quantity="7" unit="dollars">7</measure>
               </cell>
               <cell>
                  <measure commodity="currency" quantity="84" unit="cents">84</measure>
               </cell>
               <cell/>
               <cell/>
            </row>
            <row xml:id="p175_47">
               <cell/>
               <cell/>
               <cell/>
               <cell/>
               <cell/>
               <cell/>
            </row>
            <row xml:id="p175_48">
               <cell>Settled</cell>
               <cell><name type="person" ref="v">Nancy Wrigley</name>
                  <choice rend="align(right)">
                     <abbr>D</abbr>
                     <expan>debtor</expan>
                  </choice></cell>
               <cell/>
               <cell/>
               <cell/>
               <cell/>
            </row>
            <row xml:id="p175_49">
               <cell/>
               <cell>
                  To <measure commodity="Beef" quantity="86" unit="pounds">86 lbs. Beef</measure> 4x
               </cell>
               <cell>
                  <measure commodity="currency" quantity="3" unit="dollars">3</measure>
               </cell>
               <cell>
                  <measure commodity="currency" quantity="44" unit="cents">44</measure>
               </cell>
               <cell/>
               <cell/>
            </row>
            <row xml:id="p175_50">
               <cell/>
               <cell/>
               <cell/>
               <cell/>
               <cell/>
               <cell/>
            </row>
            <row xml:id="p175_51">
               <cell>Settled</cell>
               <cell><name type="person" ref="v">Willimam Knowles</name>
                  <choice rend="align(right)">
                     <abbr>D</abbr>
                     <expan>debtor</expan>
                  </choice></cell>
               <cell/>
               <cell/>
               <cell/>
               <cell/>
            </row>
            <row xml:id="p175_52">
               <cell/>
               <cell>
                  To <measure commodity="Beef" quantity="79" unit="pounds"> 79 lbs. Beef</measure>
               </cell>
               <cell>
                  <measure commodity="currency" quantity="3" unit="dollars">3</measure>
               </cell>
               <cell>
                  <measure commodity="currency" quantity="16" unit="cents">16</measure>
               </cell>
               <cell/>
               <cell/>
            </row>
            <row xml:id="p175_53">
               <cell/>
               <cell/>
               <cell/>
               <cell/>
               <cell/>
               <cell/>
            </row>
            <row xml:id="p175_54">
               <cell>522</cell>
               <cell><name type="person" ref="v">Stephen Bailey</name>
                  <choice rend="align(right)">
                     <abbr>D</abbr>
                     <expan>debtor</expan>
                  </choice></cell>
               <cell/>
               <cell/>
               <cell/>
               <cell/>
            </row>
            <row xml:id="p175_55">
               <cell/>
               <cell>
                  To <measure commodity="Beef" quantity="204" unit="pounds">204 lb. Beef </measure> $4
               </cell>
               <cell>
                  <measure commodity="currency" quantity="8" unit="dollars">8</measure>
               </cell>
               <cell>
                  <measure commodity="currency" quantity="16" unit="cents">16</measure>
               </cell>
               <cell/>
               <cell/>
            </row>
            <row xml:id="p175_56">
               <cell/>
               <cell/>
               <cell/>
               <cell/>
               <cell/>
               <cell/>
            </row>
            <row xml:id="p175_57">
               <cell/>
               <cell>
                  Weight of Hide. 103 do. 84lb.
               </cell>
               <cell/>
               <cell/>
               <cell/>
               <cell/>
            </row>
            <row xml:id="p175_58">
               <cell/>
               <cell/>
               <cell/>
               <cell/>
               <cell/>
               <cell/>
            </row>
            <row xml:id="p175_59">
               <cell>522</cell>
               <cell><name type="person" ref="v">Stephen Bailey</name>
                  <choice rend="align(right)">
                     <abbr>D</abbr>
                     <expan>debtor</expan>
                  </choice></cell>
               <cell/>
               <cell/>
               <cell/>
               <cell/>
            </row>
            <row xml:id="p175_60">
               <cell/>
               <cell>
                  To <name type="account" ref="LMWcash">cash to pay Daughters tuition</name> 
               </cell>
               <cell/>
               <cell/>
               <cell/>
               <cell/>
            </row>
            <row xml:id="p175_61">
               <cell/>
               <cell>
                  <date when="1842-12-06">Dec. 6</date>
               </cell>
               <cell/>
               <cell/>
               <cell/>
               <cell/>
            </row>
            <row xml:id="p175_62">
               <cell>Settled</cell>
               <cell><name type="person" ref="v">Anna Wrigley</name>
                  <choice rend="align(right)">
                     <abbr>Dr</abbr>
                     <expan>debtor</expan>
                  </choice></cell>
               <cell/>
               <cell/>
               <cell/>
               <cell/>
            </row>
            <row xml:id="p175_63">
               <cell/>
               <cell>
                  To <measure commodity="Vinegar" quantity="2" type="quarts">2qts Vinegar </measure>10cts
               </cell>
               <cell/>
               <cell>
                  <measure commodity="currency" quantity="10" unit="cents">10</measure>
               </cell>
               <cell/>
               <cell/>
            </row>
            <row xml:id="p175_64">
               <cell/>
               <cell/>
               <cell/>
               <cell/>
               <cell/>
               <cell/>
            </row>
         </table>
         <pb n="176"/>
         <fw type="pageNum">176</fw>
         <table xml:id="p176" cols="6">
            <head>
               <date when="1842-12-07">December 7. 1842</date></head>
            <row xml:id="p176_01">
               <cell/>
               <cell/>
               <cell>$</cell>
               <cell>cts.</cell>
               <cell>$</cell>
               <cell>cts.</cell>
            </row>
            <row xml:id="p176_02">
               <cell>388</cell>
               <cell><name type="person" ref="v">Jason Reed</name>
                  <choice rend="align(right)">
                     <abbr>Dr</abbr>
                     <expan>debtor</expan>
                  </choice></cell>
               <cell/>
               <cell/>
               <cell/>
               <cell/>
            </row>
            <row xml:id="p176_03">
               <cell/>
               <cell>
                  To <measure commodity="Milk" quantity="1" unit="count">Milk </measure> dld. last Summer
               </cell>
               <cell/>
               <cell>
                  <measure commodity="currency" quantity="96" unit="cents">96</measure>
               </cell>
               <cell/>
               <cell/>
            </row>
            <row xml:id="p176_04">
               <cell/>
               <cell/>
               <cell/>
               <cell/>
               <cell/>
               <cell/>
            </row>
            <row xml:id="p176_05">
               <cell>Settled</cell>
               <cell><name type="person" ref="v">Linus Howard</name>
                  <choice rend="align(right)">
                     <abbr>Cr</abbr>
                     <expan>credit</expan>
                  </choice></cell>
               <cell/>
               <cell/>
               <cell/>
               <cell/>
            </row>
            <row xml:id="p176_06">
               <cell/>
               <cell>
                  By <measure commodity="Cranberries" quantity="6" unit="quarts"> 6 qts Cranberries</measure>
               </cell>
               <cell/>
               <cell/>
               <cell/>
               <cell/>
            </row>
            <row xml:id="p176_07">
               <cell/>
               <cell>
                  <date when="1842-12-17">17</date>
               </cell>
               <cell/>
               <cell/>
               <cell/>
               <cell/>
            </row>
            <row xml:id="p176_08">
               <cell>516</cell>
               <cell><name type="person" ref="v">Mary A. Wrigley</name>
                  <choice rend="align(right)">
                     <abbr>Dr</abbr>
                     <expan>debtor</expan>
                  </choice></cell>
               <cell/>
               <cell/>
               <cell/>
               <cell/>
            </row>
            <row xml:id="p176_09">
               <cell/>
               <cell>
                  To <name type="account" ref="LMWcash">cash fr. question Book </name> .10x
               </cell>
               <cell/>
               <cell>
                  <measure commodity="currency" quantity="10" unit="cents">10</measure>
               </cell>
               <cell/>
               <cell/>
            </row>
            <row xml:id="p176_10">
               <cell/>
               <cell>
                  " " " <measure commodity="Cotton Flannel" quantity="6" unit="yards">6 Yds C. Flannel</measure> 
               </cell>
               <cell/>
               <cell>
                  <measure commodity="currency" quantity="60" unit="cents">60</measure>
               </cell>
               <cell/>
               <cell/>
            </row>
            <row xml:id="p176_11">
               <cell/>
               <cell/>
               <cell/>
               <cell/>
               <cell/>
               <cell/>
            </row>
            <row xml:id="p176_12">
               <cell>522</cell>
               <cell><name type="person" ref="v">Stephen Bailey</name>
                  <choice rend="align(right)">
                     <abbr>D</abbr>
                     <expan>debtor</expan>
                  </choice></cell>
               <cell/>
               <cell/>
               <cell/>
               <cell/>
            </row>
            <row xml:id="p176_13">
               <cell/>
               <cell>
                  To <name type="account" ref="LMWcash"> cash twelve Dollars</name>
               </cell>
               <cell>
                  <measure commodity="currency" quantity="12" unit="dollars">12</measure>
               </cell>
               <cell>
                  <measure commodity="currency" quantity="00" unit="cents">00</measure>
               </cell>
               <cell/>
               <cell/>
            </row>
            <row xml:id="p176_14">
               <cell/>
               <cell>
                  <date when="1842-12-20">20</date>
               </cell>
               <cell/>
               <cell/>
               <cell/>
               <cell/>
            </row>
            <row xml:id="p176_15">
               <cell>516</cell>
               <cell><name type="person" ref="v">Mary A. Wrigley</name>
                  <choice rend="align(right)">
                     <abbr>D</abbr>
                     <expan>debtor</expan>
                  </choice></cell>
               <cell/>
               <cell/>
               <cell/>
               <cell/>
            </row>
            <row xml:id="p176_16">
               <cell/>
               <cell>
                  To <name type="account" ref="LMWcash">Cash for Muff </name>24/
               </cell>
               <cell/>
               <cell/>
               <cell/>
               <cell/>
            </row>
            <row xml:id="p176_17">
               <cell/>
               <cell>
                  " " <measure commodity="Umbrella" quantity="1" unit="count">Umbrella</measure> 9/ 
                  <measure commodity="Muslin" quantity="1" unit="count">Muslin </measure> .20x
               </cell>
               <cell>
                  <measure commodity="currency" quantity="5" unit="dollars">5</measure>
               </cell>
               <cell>
                  <measure commodity="currency" quantity="70" unit="cents">70</measure>
               </cell>
               <cell/>
               <cell/>
            </row>
            <row xml:id="p176_18">
               <cell/>
               <cell>
                  <date when="1843-01-01">Monday Jany 1st 1843</date>
               </cell>
               <cell/>
               <cell/>
               <cell/>
               <cell/>
            </row>
            <row xml:id="p176_19">
               <cell>Settled</cell>
               <cell><name type="person" ref="v">Wheaton Wheeler</name>
                  <choice rend="align(right)">
                     <abbr>Cr</abbr>
                     <expan>Credit</expan>
                  </choice></cell>
               <cell/>
               <cell/>
               <cell/>
               <cell/>
            </row>
            <row xml:id="p176_20">
               <cell/>
               <cell>
                  By <name type="account" ref="LMWcash">cash </name>18/
               </cell>
               <cell>
                  <measure commodity="currency" quantity="3" unit="dollars">3</measure>
               </cell>
               <cell>
                  <measure commodity="currency" quantity="00" unit="cents">00</measure>
               </cell>
               <cell/>
               <cell/>
            </row>
            <row xml:id="p176_21">
               <cell/>
               <cell/>
               <cell/>
               <cell/>
               <cell/>
               <cell/>
            </row>
            <row xml:id="p176_22">
               <cell>Settled</cell>
               <cell><name type="person" ref="v">Anna Wrigley</name>
                  <choice rend="align(right)">
                     <abbr>Cr</abbr>
                     <expan>credit</expan>
                  </choice></cell>
               <cell/>
               <cell/>
               <cell/>
               <cell/>
            </row>
            <row xml:id="p176_23">
               <cell/>
               <cell>
                  By <name type="account" ref="LMWcash">paid </name> 12/ 6 wks since
               </cell>
               <cell>
                  <measure commodity="currency" quantity="2" unit="dollars">2</measure>
               </cell>
               <cell>
                  <measure commodity="currency" quantity="00" unit="cents">00</measure>
               </cell>
               <cell/>
               <cell/>
            </row>
            <row xml:id="p176_24">
               <cell/>
               <cell>
                  <date when="1843-01-02">2</date>
               </cell>
               <cell/>
               <cell/>
               <cell/>
               <cell/>
            </row>
            <row xml:id="p176_25">
               <cell>516</cell>
               <cell><name type="person" ref="v">Mary A. Wrigley</name>
                  <choice rend="align(right)">
                     <abbr>Dr</abbr>
                     <expan>debtor</expan>
                  </choice></cell>
               <cell/>
               <cell/>
               <cell/>
               <cell/>
            </row>
            <row xml:id="p176_26">
               <cell/>
               <cell><!--[crossed out]To ballance on Act. for 1842 3.28--></cell>
               <cell><!--3--></cell>
               <cell><!--.28--></cell>
               <cell/>
               <cell/>
            </row>
            <row xml:id="p176_27">
               <cell/>
               <cell>
                  " due on her Mother's Act.
               </cell>
               <cell>
                  <measure commodity="currency" quantity="7" unit="dollars">7</measure>
               </cell>
               <cell>
                  <measure commodity="currency" quantity="98" unit="cents">98</measure>
               </cell>
               <cell/>
               <cell/>
            </row>
            <row xml:id="p176_28">
               <cell/>
               <cell>" <measure commodity="Kid Slippers" quantity="2" unit="count"> pr. Kid Slippers</measure></cell>
               <cell>
                  <measure commodity="currency" quantity="1" unit="dollars">1</measure>
               </cell>
               <cell>
                  <measure commodity="currency" quantity="12" unit="cents">12</measure>
               </cell>
               <cell>
                  <measure commodity="currency" quantity="9" unit="dollars">9</measure>
               </cell>
               <cell>
                  <measure commodity="currency" quantity="10" unit="cents">10</measure>
               </cell>
            </row>
            <row xml:id="p176_29">
               <cell/>
               <cell>
                  <date when="1843-01-07">7</date>
               </cell>
               <cell/>
               <cell/>
               <cell/>
               <cell/>
            </row>
            <row xml:id="p176_30">
               <cell>522</cell>
               <cell><name type="person" ref="v">Stephen Bailey</name>
                  <choice rend="align(right)">
                     <abbr>D</abbr>
                     <expan>debtor</expan>
                  </choice></cell>
               <cell/>
               <cell/>
               <cell/>
               <cell/>
            </row>
            <row xml:id="p176_31">
               <cell/>
               <cell>
                  To <name type="account" ref="LMWcash">cash paid Slibbins for batter</name> 
               </cell>
               <cell>
                  <measure commodity="currency" quantity="1" unit="dollars">1</measure>
               </cell>
               <cell>
                  <measure commodity="currency" quantity="32" unit="cents">32</measure>
               </cell>
               <cell/>
               <cell/>
            </row>
            <row xml:id="p176_32">
               <cell/>
               <cell/>
               <cell/>
               <cell/>
               <cell/>
               <cell/>
            </row>
            <row xml:id="p176_33">
               <cell>Settled </cell>
               <cell><name type="person" ref="v">Mason Freeman</name>
                  <choice rend="align(right)">
                     <abbr>D</abbr>
                     <expan>debtor</expan>
                  </choice></cell>
               <cell/>
               <cell/>
               <cell/>
               <cell/>
            </row>
            <row xml:id="p176_34">
               <cell/>
               <cell>
                  To writ vs E. Lane as pr unit Book
               </cell>
               <cell>
                  <measure commodity="currency" quantity="1" unit="dollars">1</measure>
               </cell>
               <cell>
                  <measure commodity="currency" quantity="07" unit="cents">07</measure>
               </cell>
               <cell/>
               <cell/>
            </row>
            <row xml:id="p176_35">
               <cell/>
               <cell>
                  <date when="1843-01-12">12</date>
               </cell>
               <cell/>
               <cell/>
               <cell/>
               <cell/>
            </row>
            <row xml:id="p176_36">
               <cell>516</cell>
               <cell><name type="person" ref="v">Mary A. Wrigley</name>
                  <choice rend="align(right)">
                     <abbr>Dr</abbr>
                     <expan>debtor</expan>
                  </choice></cell>
               <cell/>
               <cell/>
               <cell/>
               <cell/>
            </row>
            <row xml:id="p176_37">
               <cell/>
               <cell>
                  To <measure commodity="Callico" quantity="9" unit="yards">9 Yds. Callico </measure>20x
               </cell>
               <cell>
                  <measure commodity="currency" quantity="1" unit="dollars">1</measure>
               </cell>
               <cell>
                  <measure commodity="currency" quantity="80" unit="cents">80</measure>
               </cell>
               <cell/>
               <cell/>
            </row>
            <row xml:id="p176_38">
               <cell/>
               <cell>
                  <date when="1843-01-13">13</date>
               </cell>
               <cell/>
               <cell/>
               <cell/>
               <cell/>
            </row>
            <row xml:id="p176_39">
               <cell>522</cell>
               <cell><name type="person" ref="v">Stephen Bailey</name>
                  <choice rend="align(right)">
                     <abbr>Cr</abbr>
                     <expan>credit</expan>
                  </choice></cell>
               <cell/>
               <cell/>
               <cell/>
               <cell/>
            </row>
            <row xml:id="p176_40">
               <cell/>
               <cell>
                  By <measure commodity="Milk" quantity="18" unit="quarts"> 18 qts. Milk</measure>
               </cell>
               <cell>
                  <measure commodity="currency" quantity="0" unit="dollars">0</measure>
               </cell>
               <cell>
                  <measure commodity="currency" quantity="00" unit="cents">00</measure>
               </cell>
               <cell/>
               <cell/>
            </row>
            <row xml:id="p176_41">
               <cell/>
               <cell/>
               <cell/>
               <cell/>
               <cell/>
               <cell/>
            </row>
            <row xml:id="p176_42">
               <cell>See Bill</cell>
               <cell><name type="person" ref="v">Lysander O. Makpeace</name>
                  <choice rend="align(right)">
                     <abbr>D</abbr>
                     <expan>debtor</expan>
                  </choice></cell>
               <cell/>
               <cell/>
               <cell/>
               <cell/>
            </row>
            <row xml:id="p176_43">
               <cell/>
               <cell>
                  To <measure commodity="Green Paint" quantity="3" unit="pounds">3 lbs. Green Paint </measure> 35x pr lb
               </cell>
               <cell>
                  <measure commodity="currency" quantity="1" unit="dollars">1</measure>
               </cell>
               <cell>
                  <measure commodity="currency" quantity="05" unit="cents">05</measure>
               </cell>
               <cell/>
               <cell/>
            </row>
            <row xml:id="p176_44">
               <cell/>
               <cell/>
               <cell/>
               <cell/>
               <cell/>
               <cell/>
            </row>
            <row xml:id="p176_45">
               <cell>Bill</cell>
               <cell><name type="person" ref="v">Geo. M. Sweet</name>
                  <choice rend="align(right)">
                     <abbr>D</abbr>
                     <expan>debtor</expan>
                  </choice></cell>
               <cell/>
               <cell/>
               <cell/>
               <cell/>
            </row>
            <row xml:id="p176_46">
               <cell/>
               <cell>
                  To <name type="account" ref="LMWcash">e + T. Tax on House </name> 1/2  $3 00.
               </cell>
               <cell>
                  <measure commodity="currency" quantity="1" unit="dollars">1</measure>
               </cell>
               <cell>
                  <measure commodity="currency" quantity="50" unit="cents">50</measure>
               </cell>
               <cell/>
               <cell/>
            </row>
            <row xml:id="p176_47">
               <cell/>
               <cell/>
               <cell/>
               <cell/>
               <cell/>
               <cell/>
            </row>
            <row xml:id="p176_48">
               <cell>115</cell>
               <cell><name type="person" ref="v">Wm A. West</name>
                  <choice rend="align(right)">
                     <abbr>D</abbr>
                     <expan>debtor</expan>
                  </choice></cell>
               <cell/>
               <cell/>
               <cell/>
               <cell/>
            </row>
            <row xml:id="p176_49">
               <cell/>
               <cell>
                  To <name type="account" ref="LMWcash"> e + T. Tax on House</name>
               </cell>
               <cell>
                  <measure commodity="currency" quantity="3" unit="dollars">3</measure>
               </cell>
               <cell>
                  <measure commodity="currency" quantity="00" unit="cents">00</measure>
               </cell>
               <cell/>
               <cell/>
            </row>
            <row xml:id="p176_50">
               <cell/>
               <cell/>
               <cell/>
               <cell/>
               <cell/>
               <cell/>
            </row>
            <row xml:id="p176_51">
               <cell><!--See Bill[crossed out]--></cell>
               <cell><name type="person" ref="v">Jessee New</name>
                  <choice rend="align(right)">
                     <abbr>Dr</abbr>
                     <expan>debtor</expan>
                  </choice></cell>
               <cell/>
               <cell/>
               <cell/>
               <cell/>
            </row>
            <row xml:id="p176_52">
               <cell/>
               <cell>
                  To <measure commodity="Pork" quantity="15.5" unit="pounds"> 15 1/2 lbs of Pork</measure> .7x pr lb
               </cell>
               <cell>
                  <measure commodity="currency" quantity="1" unit="dollars">1</measure>
               </cell>
               <cell>
                  <measure commodity="currency" quantity="09" unit="cents">09</measure>
               </cell>
               <cell/>
               <cell/>
            </row>
            <row xml:id="p176_53">
               <cell/>
               <cell>
                  <date when="1843-01-20">20</date>
               </cell>
               <cell/>
               <cell/>
               <cell/>
               <cell/>
            </row>
            <row xml:id="p176_54">
               <cell>Settled</cell>
               <cell><name type="person" ref="v">Geo W. Braman</name>
                  <choice rend="align(right)">
                     <abbr>D</abbr>
                     <expan>debtor</expan>
                  </choice></cell>
               <cell/>
               <cell/>
               <cell/>
               <cell/>
            </row>
            <row xml:id="p176_55">
               <cell/>
               <cell>
                  To  <measure commodity="Blk. Potatoes" quantity="3" unit="bushels">3 Buss. Blk.</measure> &amp; 
                  <measure commodity="Red Potatoes" quantity="2" unit="bushels">2 Buss. Red Potatoes </measure> 25x
               </cell>
               <cell>
                  <measure commodity="currency" quantity="1" unit="dollars">1</measure>
               </cell>
               <cell>
                  <measure commodity="currency" quantity="25" unit="cents">25</measure>
               </cell>
               <cell/>
               <cell/>
            </row>
            <row xml:id="p176_56">
               <cell/>
               <cell>
                  <date when="1843-01-27">27</date>
               </cell>
               <cell/>
               <cell/>
               <cell/>
               <cell/>
            </row>
            <row xml:id="p176_57">
               <cell>522</cell>
               <cell><name type="person" ref="v">Stephen Bailey</name>
                  <choice rend="align(right)">
                     <abbr>D</abbr>
                     <expan>debtor</expan>
                  </choice></cell>
               <cell/>
               <cell/>
               <cell/>
               <cell/>
            </row>
            <row xml:id="p176_58">
               <cell/>
               <cell>
                  To <name type="account" ref="LMWcash">cash five Dollars</name>30/
               </cell>
               <cell>
                  <measure commodity="currency" quantity="5" unit="dollars">5</measure>
               </cell>
               <cell>
                  <measure commodity="currency" quantity="00" unit="dollars">00</measure>
               </cell>
               <cell/>
               <cell/>
            </row>
            <row xml:id="p176_59">
               <cell/>
               <cell/>
               <cell/>
               <cell/>
               <cell/>
               <cell/>
            </row>
            <row xml:id="p176_60">
               <cell>516</cell>
               <cell><name type="person" ref="v">Mary A. Wrigley</name>
                  <choice rend="align(right)">
                     <abbr>D</abbr>
                     <expan>debtor</expan>
                  </choice></cell>
               <cell/>
               <cell/>
               <cell/>
               <cell/>
            </row>
            <row xml:id="p176_61">
               <cell/>
               <cell>
                  To <name type="account" ref="LMWcash"> cash</name> 3/ on the 25x unit
               </cell>
               <cell/>
               <cell>
                  <measure commodity="currency" quantity="50" unit="cents">50</measure>
               </cell>
               <cell/>
               <cell/>
            </row>
            <row xml:id="p176_62">
               <cell/>
               <cell/>
               <cell/>
               <cell/>
               <cell/>
               <cell/>
            </row>
         </table>
      </body>
   </text>
</TEI>
